<?xml version="1.0" encoding="utf-8"?>
<TEI xmlns="http://www.tei-c.org/ns/1.0" xmlns:xi="http://www.w3.org/2001/XInclude">
 <teiHeader>
  <fileDesc>
   <titleStmt>
    <title>
     Произведения, написанные для «Азбуки» и не включенные в нее
    </title>
    <author>
     Толстой Л.Н.
    </author>
    <respStmt>
     <resp>
      подготовка TEI/XML
     </resp>
     <name>
      Мария Картышева, Евгений Можаев, Даниил Скоринкин, Елена Сидорова, Вероника Файнберг, Кирилл Милинцевич
     </name>
    </respStmt>
    <respStmt>
     <name>
      Анастасия Бонч-Осмоловская, Фёкла Толстая, Борис Орехов
     </name>
     <resp>
      Идея, постановка задач, руководство
     </resp>
    </respStmt>
   </titleStmt>
   <publicationStmt>
    <idno>
     Азбука  | Произведения, написанные для «Азбуки» и не включенные в нее
    </idno>
    <publisher>
     <orgName>
      Школа лингвистики НИУ ВШЭ
     </orgName>
    </publisher>
    <availability>
     <p>
      Тексты и метатекстовая разметка доступны для свободного использования и распространения по лицензии Creative Commons Attribution Share-Alike (cc by-sa)
     </p>
    </availability>
   </publicationStmt>
   <sourceDesc>
    <biblStruct>
     <analytic>
      <author>
       Толстой Л.Н.
      </author>
      <title level="a">
       Произведения, написанные для «Азбуки» и не включенные в нее
      </title>
     </analytic>
     <monogr>
      <title level="m">
       Полное собрание сочинений. Том 21
      </title>
      <imprint>
       <pubPlace>
        Москва
       </pubPlace>
       <publisher>
        Государственное издательство "Художественная литература"
       </publisher>
       <date when="1871-1872"/>
      </imprint>
     </monogr>
     <series>
      <title level="s">
       Л.Н. Толстой. Полное собрание сочинений
      </title>
      <biblScope unit="vol">
       21
      </biblScope>
     </series>
    </biblStruct>
   </sourceDesc>
  </fileDesc>
  <encodingDesc>
   <classDecl>
    <xi:include href="taxonomy.xml"/>
   </classDecl>
  </encodingDesc>
  <profileDesc>
   <creation>
    <date notAfter="1872" notBefore="1871">
     1871-1872
    </date>
    <rs/>
   </creation>
   <textClass>
    <catRef target="#fiction" type="sphere"/>
    <catRef target="#произведения для детей" type="type"/>
    <catRef target="#works" type="works_letters_diaries"/>
    <catRef target="#сборник" type="ninetyDef"/>
    <catRef target="#Неопубликованное, неотделанное, неоконченное" type="main_var"/>
    <catRef target="#сборник" type="type_short"/>
    <catRef target="None" type="translation"/>
    <catRef target="None" type="translation_origin"/>
    <catRef target="#да" type="tolstoy_or_not"/>
    <catRef target="None" type="name_status"/>
   </textClass>
   <preparedness>
    finished
   </preparedness>
   <settingDesc>
    <time>
     XIX век
    </time>
   </settingDesc>
  </profileDesc>
  <xenoData>
   <cyclusName/>
   <p>
    Проект
    <title>
     Толстой.Digital
    </title>
    разрабатывается сотрудниками и студентами
    <orgName>
     Высшей школы экономики
    </orgName>
    в сотрудничестве с
    <orgName>
     Государственным музеем Л.Н. Толстого
    </orgName>
    . Источник текстов –
    <bibl>
     90-томное собрание сочинений Л.Н.Толстого
    </bibl>
    . Разметка основана на стандарте
    <ref target="http://www.tei-c.org">
     TEI (Text Encoding Initiative)
    </ref>
    .
   </p>
   <versionNumber/>
   <isFinished/>
   <isEdited/>
   <fullBibliographicDescription/>
  </xenoData>
 </teiHeader>
 <p rend="left emptyline">
  <pb n="207"/>
 </p>
 <div type="section" xml:id="h000013008">
  <head rend="center">
   ЗАЙЦЫ
  </head>
  <p rend="center" uuid="c4d4ea15-ff7b-4a71-8d56-9ad911140b47">
   <hi rend="italic">
    (Описание)
   </hi>
  </p>
  <p rend="left" uuid="9dd98463-7be9-442c-9428-9ce2a8e95b9f">
   Зайцы по ночам кормятся. Зимой зайцы лесные кормятся корою деревьев, зайцы полевые — озимями и травой, гуменники — хлебными зернами на гумнах. За ночь зайцы прокладывают по снегу глубокий, видный след. До зайцев охотники — и люди, и собаки, и волки, и лисицы, и вороны, и орлы. Если бы заяц ходил просто и прямо, то поутру его сейчас бы нашли по следу и поймали; но бог дал зайцу трусость, и трусость спасает его.
  </p>
  <p rend="left" uuid="ea7a130c-894a-433d-a668-4495e19f1a8c">
   Заяц ходит ночью по полям и лесам без страха и прокладывает прямые следы; но как только приходит утро, враги его просыпаются: заяц начинает слышать то лай собак, то визг саней, то голоса мужиков, то треск волка по лесу, и начинает от страха метаться из стороны в сторону. Проскачет вперед, испугается чего-нибудь и побежит назад по своему следу. Еще услышит что-нибудь — и со всего размаха прыгнет в сторону и поскачет прочь от прежнего следа. Опять стукнет что-нибудь — опять заяц повернется назад и опять поскачет, в сторону. Когда светло станет, он ляжет.
  </p>
  <p rend="left" uuid="a72092e3-efe0-4d24-9f94-4211450e0d89">
   <pb n="208"/>
   На утро охотники начинают разбирать заячий след, путаются по двойным следам и далеким прыжкам и удивляются хитрости зайца. А заяц и не думал хитрить. Он только всего боится.
  </p>
 </div>
</TEI>