<?xml version="1.0" encoding="utf-8"?>
<TEI xmlns="http://www.tei-c.org/ns/1.0" xmlns:xi="http://www.w3.org/2001/XInclude">
 <teiHeader>
  <fileDesc>
   <titleStmt>
    <title>
     Произведения, написанные для «Азбуки» и не включенные в нее
    </title>
    <author>
     Толстой Л.Н.
    </author>
    <respStmt>
     <resp>
      подготовка TEI/XML
     </resp>
     <name>
      Мария Картышева, Евгений Можаев, Даниил Скоринкин, Елена Сидорова, Вероника Файнберг, Кирилл Милинцевич
     </name>
    </respStmt>
    <respStmt>
     <name>
      Анастасия Бонч-Осмоловская, Фёкла Толстая, Борис Орехов
     </name>
     <resp>
      Идея, постановка задач, руководство
     </resp>
    </respStmt>
   </titleStmt>
   <publicationStmt>
    <idno>
     Азбука  | Произведения, написанные для «Азбуки» и не включенные в нее
    </idno>
    <publisher>
     <orgName>
      Школа лингвистики НИУ ВШЭ
     </orgName>
    </publisher>
    <availability>
     <p>
      Тексты и метатекстовая разметка доступны для свободного использования и распространения по лицензии Creative Commons Attribution Share-Alike (cc by-sa)
     </p>
    </availability>
   </publicationStmt>
   <sourceDesc>
    <biblStruct>
     <analytic>
      <author>
       Толстой Л.Н.
      </author>
      <title level="a">
       Произведения, написанные для «Азбуки» и не включенные в нее
      </title>
     </analytic>
     <monogr>
      <title level="m">
       Полное собрание сочинений. Том 21
      </title>
      <imprint>
       <pubPlace>
        Москва
       </pubPlace>
       <publisher>
        Государственное издательство "Художественная литература"
       </publisher>
       <date when="1871-1872"/>
      </imprint>
     </monogr>
     <series>
      <title level="s">
       Л.Н. Толстой. Полное собрание сочинений
      </title>
      <biblScope unit="vol">
       21
      </biblScope>
     </series>
    </biblStruct>
   </sourceDesc>
  </fileDesc>
  <encodingDesc>
   <classDecl>
    <xi:include href="taxonomy.xml"/>
   </classDecl>
  </encodingDesc>
  <profileDesc>
   <creation>
    <date notAfter="1872" notBefore="1871">
     1871-1872
    </date>
    <rs/>
   </creation>
   <textClass>
    <catRef target="#fiction" type="sphere"/>
    <catRef target="#произведения для детей" type="type"/>
    <catRef target="#works" type="works_letters_diaries"/>
    <catRef target="#сборник" type="ninetyDef"/>
    <catRef target="#Неопубликованное, неотделанное, неоконченное" type="main_var"/>
    <catRef target="#сборник" type="type_short"/>
    <catRef target="None" type="translation"/>
    <catRef target="None" type="translation_origin"/>
    <catRef target="#да" type="tolstoy_or_not"/>
    <catRef target="None" type="name_status"/>
   </textClass>
   <preparedness>
    finished
   </preparedness>
   <settingDesc>
    <time>
     XIX век
    </time>
   </settingDesc>
  </profileDesc>
  <xenoData>
   <cyclusName/>
   <p>
    Проект
    <title>
     Толстой.Digital
    </title>
    разрабатывается сотрудниками и студентами
    <orgName>
     Высшей школы экономики
    </orgName>
    в сотрудничестве с
    <orgName>
     Государственным музеем Л.Н. Толстого
    </orgName>
    . Источник текстов –
    <bibl>
     90-томное собрание сочинений Л.Н.Толстого
    </bibl>
    . Разметка основана на стандарте
    <ref target="http://www.tei-c.org">
     TEI (Text Encoding Initiative)
    </ref>
    .
   </p>
   <versionNumber/>
   <isFinished/>
   <isEdited/>
   <fullBibliographicDescription/>
  </xenoData>
 </teiHeader>
 <p rend="left emptyline">
  <pb n="347"/>
 </p>
 <div type="section" xml:id="h000017001001008">
  <head rend="center">
   ** МЕЛЬНИК
  </head>
  <p id="42cc8dee-aae5-4e56-a3df-22f4cf0bd1f2" rend="left">
   Был один мельник. У него ничего не было, кроме мельницы. Мельник был скуп, и какие деньги он получал с мельницы, он прятал. Но ему хотелось больше денег. Раз он услыхал, что сосед его нашел бочонок с деньгами в земле и что он видел об этом сон три ночи сряду. Мельнику стало завидно, что соседу его без труда достались деньги, а он всю жизнь работает и трудится и всё остается таким же бедным. С тех пор мельник только и думал о том, как бы ему найти клад, и каждую ночь, ложась спать, желал увидеть такой сон, как его сосед. Один раз он увидал во сне, что под мельницей зарыт огромный бочонок с золотом, а сверх бочонка лежит белый камень. Мельник обрадовался, встал рано утром и пошел с лопатой к тому месту, где он видел клад. Мельник стал копать, вдруг лопата его стукнулась об железо. Он стал искать и нашел сломанное кольцо. Он стал копать дальше и нашел еще черепицу. Он всё копал, и копал, и думал, что клад близко. Перед вечером мельник дорылся до белого камня. Но камень был так велик, что мельник не мог один поднять его. Мельник бросил лопату и побежал к жене, чтобы она помогла ему. Жена побежала с мужем к камню. Они вместе стали копать, и камень уже стал подниматься, как вдруг они услыхали, что мельница их падает.
  </p>
  <p id="34169a9a-53a0-4997-9269-2bac1e6f8b0e" rend="left">
   <pb n="348"/>
   И действительно, они выкопали подле мельницы такую глубокую яму, что мельница их завалилась.
  </p>
  <p id="d39daf09-4945-4a1e-a46b-6810843052da" rend="left">
   Клада они так и не нашли. Мельница их завалилась, так что им жить больше нечем было. И они ради были уже тому, что их самих не задавило до смерти.
  </p>
 </div>
</TEI>