<?xml version="1.0" encoding="utf-8"?>
<TEI xmlns="http://www.tei-c.org/ns/1.0" xmlns:xi="http://www.w3.org/2001/XInclude">
 <teiHeader>
  <fileDesc>
   <titleStmt>
    <title>
     Произведения, написанные для «Азбуки» и не включенные в нее
    </title>
    <author>
     Толстой Л.Н.
    </author>
    <respStmt>
     <resp>
      подготовка TEI/XML
     </resp>
     <name>
      Мария Картышева, Евгений Можаев, Даниил Скоринкин, Елена Сидорова, Вероника Файнберг, Кирилл Милинцевич
     </name>
    </respStmt>
    <respStmt>
     <name>
      Анастасия Бонч-Осмоловская, Фёкла Толстая, Борис Орехов
     </name>
     <resp>
      Идея, постановка задач, руководство
     </resp>
    </respStmt>
   </titleStmt>
   <publicationStmt>
    <idno>
     Азбука  | Произведения, написанные для «Азбуки» и не включенные в нее
    </idno>
    <publisher>
     <orgName>
      Школа лингвистики НИУ ВШЭ
     </orgName>
    </publisher>
    <availability>
     <p>
      Тексты и метатекстовая разметка доступны для свободного использования и распространения по лицензии Creative Commons Attribution Share-Alike (cc by-sa)
     </p>
    </availability>
   </publicationStmt>
   <sourceDesc>
    <biblStruct>
     <analytic>
      <author>
       Толстой Л.Н.
      </author>
      <title level="a">
       Произведения, написанные для «Азбуки» и не включенные в нее
      </title>
     </analytic>
     <monogr>
      <title level="m">
       Полное собрание сочинений. Том 21
      </title>
      <imprint>
       <pubPlace>
        Москва
       </pubPlace>
       <publisher>
        Государственное издательство "Художественная литература"
       </publisher>
       <date when="1871-1872"/>
      </imprint>
     </monogr>
     <series>
      <title level="s">
       Л.Н. Толстой. Полное собрание сочинений
      </title>
      <biblScope unit="vol">
       21
      </biblScope>
     </series>
    </biblStruct>
   </sourceDesc>
  </fileDesc>
  <encodingDesc>
   <classDecl>
    <xi:include href="taxonomy.xml"/>
   </classDecl>
  </encodingDesc>
  <profileDesc>
   <creation>
    <date notAfter="1872" notBefore="1871">
     1871-1872
    </date>
    <rs/>
   </creation>
   <textClass>
    <catRef target="#fiction" type="sphere"/>
    <catRef target="#произведения для детей" type="type"/>
    <catRef target="#works" type="works_letters_diaries"/>
    <catRef target="#сборник" type="ninetyDef"/>
    <catRef target="#Неопубликованное, неотделанное, неоконченное" type="main_var"/>
    <catRef target="#сборник" type="type_short"/>
    <catRef target="None" type="translation"/>
    <catRef target="None" type="translation_origin"/>
    <catRef target="#да" type="tolstoy_or_not"/>
    <catRef target="None" type="name_status"/>
   </textClass>
   <preparedness>
    finished
   </preparedness>
   <settingDesc>
    <time>
     XIX век
    </time>
   </settingDesc>
  </profileDesc>
  <xenoData>
   <cyclusName/>
   <p>
    Проект
    <title>
     Толстой.Digital
    </title>
    разрабатывается сотрудниками и студентами
    <orgName>
     Высшей школы экономики
    </orgName>
    в сотрудничестве с
    <orgName>
     Государственным музеем Л.Н. Толстого
    </orgName>
    . Источник текстов –
    <bibl>
     90-томное собрание сочинений Л.Н.Толстого
    </bibl>
    . Разметка основана на стандарте
    <ref target="http://www.tei-c.org">
     TEI (Text Encoding Initiative)
    </ref>
    .
   </p>
   <versionNumber/>
   <isFinished/>
   <isEdited/>
   <fullBibliographicDescription/>
  </xenoData>
 </teiHeader>
 <p rend="left emptyline">
  <pb n="171"/>
 </p>
 <div type="section" xml:id="h000012047">
  <head rend="center">
   ЗОЛОТОВОЛОСАЯ ЦАРЕВНА
  </head>
  <p id="54fd33ed-2b65-482c-b8d9-a33c10e2c776" rend="center">
   <hi rend="italic">
    (Сказка)
   </hi>
  </p>
  <p id="b704ba16-80b5-4f2b-b646-35f3abad3708" rend="left">
   В Индии была одна царевна с золотыми волосами; у нее была злая мачеха. Мачеха возненавидела золотоволосую падчерицу и уговорила царя сослать ее в пустыню. Золотоволосую свели далеко в пустыню и бросили. На пятый день золотоволосая царевна вернулась верхом на льве назад к своему отцу.
  </p>
  <p id="aba45e6b-3477-4d34-b8e2-4fe3dd64062f" rend="left">
   Тогда мачеха уговорила царя сослать золотоволосую падчерицу в дикие горы, где жили только коршуны. Коршуны на четвертый день принесли ее назад.
  </p>
  <p id="5999bda6-777a-4c45-9585-224c17baa302" rend="left">
   <pb n="172"/>
   Тогда мачеха сослала царевну на остров среди моря. Рыбаки увидали золотоволосую царевну и на шестой день привезли ее назад к царю.
  </p>
  <p id="ccfe0f25-5ef5-4438-93fd-015bc5ed1d33" rend="left">
   Тогда мачеха велела на дворе вырыть глубокий колодезь, опустила туда золотоволосую царевну и засыпала землей.
  </p>
  <p id="66959c8e-d15c-4e37-ad8e-21da722128c4" rend="left">
   Через шесть дней из того места, куда зарыли царевну, засветился свет, и когда царь велел раскопать землю, там нашли золотоволосую царевну.
  </p>
  <p id="0889f5ee-2c83-42db-8247-ea555c705b9a" rend="left">
   Тогда мачеха велела выдолбить колоду тутового
   <note n="n63">
    <div type="section" xml:id="n63">
     <head rend="left">
      <ref target="#backn63">
       63
      </ref>
     </head>
     <p id="adde9705-4712-4fa0-bcb1-047c7479eeae" rend="left">
      На тутовом дереве растут ягоды — похожи на малину, а лист похож на березовый; этим листом кормят шелковичных червей.
     </p>
    </div>
   </note>
   дерева, заделала туда царевну и пустила ее по морю.
  </p>
  <p id="3139a54e-e921-4cd8-89bb-7646c29091e5" rend="left">
   На девятый день море принесло золотоволосую царевну в Японскую землю, и там ее японцы вынули из колоды. Она была жива.
  </p>
  <p id="bdddb4bb-f0fd-4ee5-8cea-e46f74823610" rend="left">
   Но как только она вышла на берег, она умерла, и из нее сделался шелковичный червь.
  </p>
  <p id="ae0a890f-86fa-446a-a30d-dea9b4d54029" rend="left">
   Шелковичный червь всполз на тутовое дерево и стал есть тутовый лист. Когда он повырос, он вдруг сделался мертвый: не ел и не шевелился.
  </p>
  <p id="2733abcf-5262-4045-8709-0572c6ae1447" rend="left">
   На пятый день, в тот самый срок, как царевну принес лев из пустыни, — червь ожил и опять стал есть лист.
  </p>
  <p id="cc09c3a9-f29f-4118-840e-47fc43fca275" rend="left">
   Когда червь опять повырос, он опять умер, и на четвертый день, в тот самый срок, как коршуны принесли царевну, червь ожил и опять стал есть.
  </p>
  <p id="6a2c3165-bad8-41a2-87d2-917dc3195498" rend="left">
   И опять умер, и в тот самый срок, как царевна вернулась на лодке, опять ожил.
  </p>
  <p id="c3bd6a3b-fde7-4100-bb2c-545887711d05" rend="left">
   И опять умер в четвертый раз и ожил на шестой день, когда царевну выкопали из колодца.
  </p>
  <p id="1e63cd94-0b5e-4137-8e05-2ea66a88482a" rend="left">
   И опять в последний раз умер, и на девятый день, в тот самый срок, как царевна приплыла в Японию, ожил в золотой, шелковой куколке. Из куколки вылетела бабочка и положила яички, а из яичек вывелись черви и повелись в Японии. Черви пять раз засыпают и пять раз оживают.
  </p>
  <p id="065a92da-5609-4bce-aa75-f2fbc79216bc" rend="left">
   Японцы разводят много червей, делают много шелка; и первый сон червя называется
   <hi rend="italic">
    сном льва,
   </hi>
   второй —
   <hi rend="italic">
    сном коршуна
   </hi>
   , третий —
   <hi rend="italic">
    сном лодки,
   </hi>
   четвертый —
   <hi rend="italic">
    сном двора,
   </hi>
   и пятый —
   <hi rend="italic">
    сном колоды
   </hi>
   .
  </p>
  <p id="86fbd6d5-caaa-4dee-accf-a43f1db57507" rend="left emptyline">
   <pb n="173"/>
  </p>
 </div>
</TEI>