<?xml version="1.0" encoding="utf-8"?>
<TEI xmlns="http://www.tei-c.org/ns/1.0" xmlns:xi="http://www.w3.org/2001/XInclude">
 <teiHeader>
  <fileDesc>
   <titleStmt>
    <title>
     Произведения, написанные для «Азбуки» и не включенные в нее
    </title>
    <author>
     Толстой Л.Н.
    </author>
    <respStmt>
     <resp>
      подготовка TEI/XML
     </resp>
     <name>
      Мария Картышева, Евгений Можаев, Даниил Скоринкин, Елена Сидорова, Вероника Файнберг, Кирилл Милинцевич
     </name>
    </respStmt>
    <respStmt>
     <name>
      Анастасия Бонч-Осмоловская, Фёкла Толстая, Борис Орехов
     </name>
     <resp>
      Идея, постановка задач, руководство
     </resp>
    </respStmt>
   </titleStmt>
   <publicationStmt>
    <idno>
     Азбука  | Произведения, написанные для «Азбуки» и не включенные в нее
    </idno>
    <publisher>
     <orgName>
      Школа лингвистики НИУ ВШЭ
     </orgName>
    </publisher>
    <availability>
     <p>
      Тексты и метатекстовая разметка доступны для свободного использования и распространения по лицензии Creative Commons Attribution Share-Alike (cc by-sa)
     </p>
    </availability>
   </publicationStmt>
   <sourceDesc>
    <biblStruct>
     <analytic>
      <author>
       Толстой Л.Н.
      </author>
      <title level="a">
       Произведения, написанные для «Азбуки» и не включенные в нее
      </title>
     </analytic>
     <monogr>
      <title level="m">
       Полное собрание сочинений. Том 21
      </title>
      <imprint>
       <pubPlace>
        Москва
       </pubPlace>
       <publisher>
        Государственное издательство "Художественная литература"
       </publisher>
       <date when="1871-1872"/>
      </imprint>
     </monogr>
     <series>
      <title level="s">
       Л.Н. Толстой. Полное собрание сочинений
      </title>
      <biblScope unit="vol">
       21
      </biblScope>
     </series>
    </biblStruct>
   </sourceDesc>
  </fileDesc>
  <encodingDesc>
   <classDecl>
    <xi:include href="taxonomy.xml"/>
   </classDecl>
  </encodingDesc>
  <profileDesc>
   <creation>
    <date notAfter="1872" notBefore="1871">
     1871-1872
    </date>
    <rs/>
   </creation>
   <textClass>
    <catRef target="#fiction" type="sphere"/>
    <catRef target="#произведения для детей" type="type"/>
    <catRef target="#works" type="works_letters_diaries"/>
    <catRef target="#сборник" type="ninetyDef"/>
    <catRef target="#Неопубликованное, неотделанное, неоконченное" type="main_var"/>
    <catRef target="#сборник" type="type_short"/>
    <catRef target="None" type="translation"/>
    <catRef target="None" type="translation_origin"/>
    <catRef target="#да" type="tolstoy_or_not"/>
    <catRef target="None" type="name_status"/>
   </textClass>
   <preparedness>
    finished
   </preparedness>
   <settingDesc>
    <time>
     XIX век
    </time>
   </settingDesc>
  </profileDesc>
  <xenoData>
   <cyclusName/>
   <p>
    Проект
    <title>
     Толстой.Digital
    </title>
    разрабатывается сотрудниками и студентами
    <orgName>
     Высшей школы экономики
    </orgName>
    в сотрудничестве с
    <orgName>
     Государственным музеем Л.Н. Толстого
    </orgName>
    . Источник текстов –
    <bibl>
     90-томное собрание сочинений Л.Н.Толстого
    </bibl>
    . Разметка основана на стандарте
    <ref target="http://www.tei-c.org">
     TEI (Text Encoding Initiative)
    </ref>
    .
   </p>
   <versionNumber/>
   <isFinished/>
   <isEdited/>
   <fullBibliographicDescription/>
  </xenoData>
 </teiHeader>
 <p rend="left emptyline">
  <pb n="77"/>
 </p>
 <p rend="centerline Azbuka1" uuid="013c542b-71de-49c4-9fcd-db9c40ccb857">
  <hi rend="Razradka">
   Нош
  </hi>
  а. (Басня.)
 </p>
 <p rend="left Azbuka1" uuid="c1595b7e-8a4a-45c5-84ca-4ec0ded0f89a">
     <choice>
      <reg>
       В
      </reg>
      <orig>
       Въ
      </orig>
     </choice>
     Москву
     <choice>
      <reg>
       после
      </reg>
      <orig>
       послѣ
      </orig>
     </choice>
     Француза пришли два мужика — искать богатства.
     <choice>
      <reg>
       Один
      </reg>
      <orig>
       Одинъ
      </orig>
     </choice>
     <choice>
      <reg>
       был
      </reg>
      <orig>
       былъ
      </orig>
     </choice>
     умный, другой глупый. Они
     <choice>
      <reg>
       вместе
      </reg>
      <orig>
       вмѣстѣ
      </orig>
     </choice>
     пришли на пожарище и нашли
     <choice>
      <reg>
       обгорелую
      </reg>
      <orig>
       обгорѣлую
      </orig>
     </choice>
     шерсть. Они сказали: пригодится для дома. Связали сколько могли унесть и понесли домой. На
     <choice>
      <reg>
       дороге
      </reg>
      <orig>
       дорогѣ
      </orig>
     </choice>
     , на
     <choice>
      <reg>
       улице
      </reg>
      <orig>
       улицѣ
      </orig>
     </choice>
     , они увидали,
     <choice>
      <reg>
       лежит
      </reg>
      <orig>
       лежитъ
      </orig>
     </choice>
     <choice>
      <reg>
       под
      </reg>
      <orig>
       подъ
      </orig>
     </choice>
     рогожами сукно. Умный
     <choice>
      <reg>
       мужик
      </reg>
      <orig>
       мужикъ
      </orig>
     </choice>
     <choice>
      <reg>
       сбросил
      </reg>
      <orig>
       сбросилъ
      </orig>
     </choice>
     шерсть,
     <choice>
      <reg>
       связал
      </reg>
      <orig>
       связалъ
      </orig>
     </choice>
     сукна, сколько
     <pb n="78"/>
     <choice>
      <reg>
       мог
      </reg>
      <orig>
       могъ
      </orig>
     </choice>
     донести, и
     <choice>
      <reg>
       взвалил
      </reg>
      <orig>
       взвалилъ
      </orig>
     </choice>
     на плечи. Глупый
     <choice>
      <reg>
       сказал
      </reg>
      <orig>
       сказалъ
      </orig>
     </choice>
     : за
     <choice>
      <reg>
       чем
      </reg>
      <orig>
       чѣмъ
      </orig>
     </choice>
     бросать шерсть. Она увязана хорошо и на
     <choice>
      <reg>
       плечах
      </reg>
      <orig>
       плечахъ
      </orig>
     </choice>
     хорошо держится и не
     <choice>
      <reg>
       взял
      </reg>
      <orig>
       взялъ
      </orig>
     </choice>
     сукна. Они пошли дальше и увидали: на
     <choice>
      <reg>
       дороге
      </reg>
      <orig>
       дорогѣ
      </orig>
     </choice>
     лежать
     <choice>
      <reg>
       выброшенные
      </reg>
      <orig>
       выброшенныя
      </orig>
     </choice>
     платья. Умный
     <choice>
      <reg>
       мужик
      </reg>
      <orig>
       мужикъ
      </orig>
     </choice>
     <choice>
      <reg>
       свалил
      </reg>
      <orig>
       свалилъ
      </orig>
     </choice>
     сукно,
     <choice>
      <reg>
       завязал
      </reg>
      <orig>
       завязалъ
      </orig>
     </choice>
     платья и
     <choice>
      <reg>
       взвалил
      </reg>
      <orig>
       взвалилъ
      </orig>
     </choice>
     на плечи. Глупый
     <choice>
      <reg>
       сказал
      </reg>
      <orig>
       сказалъ
      </orig>
     </choice>
     :
     <choice>
      <reg>
       зачем
      </reg>
      <orig>
       зачѣмъ
      </orig>
     </choice>
     бросать шерсть, она хорошо увязана и
     <choice>
      <reg>
       крепко
      </reg>
      <orig>
       крѣпко
      </orig>
     </choice>
     держится на
     <choice>
      <reg>
       плечах
      </reg>
      <orig>
       плечахъ
      </orig>
     </choice>
     . Они пошли дальше и увидали
     <choice>
      <reg>
       лежит
      </reg>
      <orig>
       лежитъ
      </orig>
     </choice>
     посуда серебряная. Умный
     <choice>
      <reg>
       бросил
      </reg>
      <orig>
       бросилъ
      </orig>
     </choice>
     платья и
     <choice>
      <reg>
       собрал
      </reg>
      <orig>
       собралъ
      </orig>
     </choice>
     сколько
     <choice>
      <reg>
       мог
      </reg>
      <orig>
       могъ
      </orig>
     </choice>
     серебра и
     <choice>
      <reg>
       понес
      </reg>
      <orig>
       понесъ
      </orig>
     </choice>
     ; а глупый не
     <choice>
      <reg>
       снял
      </reg>
      <orig>
       снялъ
      </orig>
     </choice>
     шерсти, потому что она хорошо увязана и
     <choice>
      <reg>
       крепко
      </reg>
      <orig>
       крѣпко
      </orig>
     </choice>
     держится. Еще дальше на
     <choice>
      <reg>
       дороге
      </reg>
      <orig>
       дорогѣ
      </orig>
     </choice>
     увидали они,
     <choice>
      <reg>
       лежит
      </reg>
      <orig>
       лежитъ
      </orig>
     </choice>
     золото. Умный
     <choice>
      <reg>
       бросил
      </reg>
      <orig>
       бросилъ
      </orig>
     </choice>
     серебро и
     <choice>
      <reg>
       поднял
      </reg>
      <orig>
       поднялъ
      </orig>
     </choice>
     золото, а глупый
     <choice>
      <reg>
       сказал
      </reg>
      <orig>
       сказалъ
      </orig>
     </choice>
     :
     <choice>
      <reg>
       к
      </reg>
      <orig>
       къ
      </orig>
     </choice>
     чему снимать шерсть. Она хорошо увязана и
     <choice>
      <reg>
       крепко
      </reg>
      <orig>
       крѣпко
      </orig>
     </choice>
     на
     <choice>
      <reg>
       плечах
      </reg>
      <orig>
       плечахъ
      </orig>
     </choice>
     держится. И они пошли домой. На
     <choice>
      <reg>
       дороге
      </reg>
      <orig>
       дорогѣ
      </orig>
     </choice>
     <choice>
      <reg>
       их
      </reg>
      <orig>
       ихъ
      </orig>
     </choice>
     <choice>
      <reg>
       застал
      </reg>
      <orig>
       засталъ
      </orig>
     </choice>
     дождь и
     <choice>
      <reg>
       так
      </reg>
      <orig>
       такъ
      </orig>
     </choice>
     <choice>
      <reg>
       намочил
      </reg>
      <orig>
       намочилъ
      </orig>
     </choice>
     шерсть, что глупый
     <choice>
      <reg>
       бросил
      </reg>
      <orig>
       бросилъ
      </orig>
     </choice>
     и
     <choice>
      <reg>
       пришел
      </reg>
      <orig>
       пришелъ
      </orig>
     </choice>
     домой ни
     <choice>
      <reg>
       с
      </reg>
      <orig>
       съ
      </orig>
     </choice>
     <choice>
      <reg>
       чем
      </reg>
      <orig>
       чѣмъ
      </orig>
     </choice>
     , а умный
     <choice>
      <reg>
       принес
      </reg>
      <orig>
       принесъ
      </orig>
     </choice>
     золото и
     <choice>
      <reg>
       стал
      </reg>
      <orig>
       сталъ
      </orig>
     </choice>
     <choice>
      <reg>
       богат
      </reg>
      <orig>
       богатъ
      </orig>
     </choice>
     .
    </p>
</TEI>