<?xml version="1.0" encoding="utf-8"?>
<TEI xmlns="http://www.tei-c.org/ns/1.0" xmlns:xi="http://www.w3.org/2001/XInclude">
 <teiHeader>
  <fileDesc>
   <titleStmt>
    <title>
     Произведения, написанные для «Азбуки» и не включенные в нее
    </title>
    <author>
     Толстой Л.Н.
    </author>
    <respStmt>
     <resp>
      подготовка TEI/XML
     </resp>
     <name>
      Мария Картышева, Евгений Можаев, Даниил Скоринкин, Елена Сидорова, Вероника Файнберг, Кирилл Милинцевич
     </name>
    </respStmt>
    <respStmt>
     <name>
      Анастасия Бонч-Осмоловская, Фёкла Толстая, Борис Орехов
     </name>
     <resp>
      Идея, постановка задач, руководство
     </resp>
    </respStmt>
   </titleStmt>
   <publicationStmt>
    <idno>
     Азбука  | Произведения, написанные для «Азбуки» и не включенные в нее
    </idno>
    <publisher>
     <orgName>
      Школа лингвистики НИУ ВШЭ
     </orgName>
    </publisher>
    <availability>
     <p>
      Тексты и метатекстовая разметка доступны для свободного использования и распространения по лицензии Creative Commons Attribution Share-Alike (cc by-sa)
     </p>
    </availability>
   </publicationStmt>
   <sourceDesc>
    <biblStruct>
     <analytic>
      <author>
       Толстой Л.Н.
      </author>
      <title level="a">
       Произведения, написанные для «Азбуки» и не включенные в нее
      </title>
     </analytic>
     <monogr>
      <title level="m">
       Полное собрание сочинений. Том 21
      </title>
      <imprint>
       <pubPlace>
        Москва
       </pubPlace>
       <publisher>
        Государственное издательство "Художественная литература"
       </publisher>
       <date when="1871-1872"/>
      </imprint>
     </monogr>
     <series>
      <title level="s">
       Л.Н. Толстой. Полное собрание сочинений
      </title>
      <biblScope unit="vol">
       21
      </biblScope>
     </series>
    </biblStruct>
   </sourceDesc>
  </fileDesc>
  <encodingDesc>
   <classDecl>
    <xi:include href="taxonomy.xml"/>
   </classDecl>
  </encodingDesc>
  <profileDesc>
   <creation>
    <date notAfter="1872" notBefore="1871">
     1871-1872
    </date>
    <rs/>
   </creation>
   <textClass>
    <catRef target="#fiction" type="sphere"/>
    <catRef target="#произведения для детей" type="type"/>
    <catRef target="#works" type="works_letters_diaries"/>
    <catRef target="#сборник" type="ninetyDef"/>
    <catRef target="#Неопубликованное, неотделанное, неоконченное" type="main_var"/>
    <catRef target="#сборник" type="type_short"/>
    <catRef target="None" type="translation"/>
    <catRef target="None" type="translation_origin"/>
    <catRef target="#да" type="tolstoy_or_not"/>
    <catRef target="None" type="name_status"/>
   </textClass>
   <preparedness>
    finished
   </preparedness>
   <settingDesc>
    <time>
     XIX век
    </time>
   </settingDesc>
  </profileDesc>
  <xenoData>
   <cyclusName/>
   <p>
    Проект
    <title>
     Толстой.Digital
    </title>
    разрабатывается сотрудниками и студентами
    <orgName>
     Высшей школы экономики
    </orgName>
    в сотрудничестве с
    <orgName>
     Государственным музеем Л.Н. Толстого
    </orgName>
    . Источник текстов –
    <bibl>
     90-томное собрание сочинений Л.Н.Толстого
    </bibl>
    . Разметка основана на стандарте
    <ref target="http://www.tei-c.org">
     TEI (Text Encoding Initiative)
    </ref>
    .
   </p>
   <versionNumber/>
   <isFinished/>
   <isEdited/>
   <fullBibliographicDescription/>
  </xenoData>
 </teiHeader>
 <p rend="left emptyline">
  <pb n="300"/>
 </p>
 <div type="section" xml:id="h000014031">
  <head rend="center">
   ОТЧЕГО ЗЛО НА СВЕТЕ
  </head>
  <p rend="center" uuid="b2f06394-920f-4eaa-aa61-c7ab64717b07">
   <hi rend="italic">
    (Басня)
   </hi>
  </p>
  <p rend="left" uuid="40b0fe14-632d-48fb-b3d2-f1a8f5b3b1f4">
   Пустынник жил в лесу, и звери не боялись его. Он и звери говорили между собою и понимали друг друга.
  </p>
  <p rend="left" uuid="443d6717-9942-4bbf-8060-63d59a6d5ef2">
   Один раз пустынник лег под дерево, а ворон, голубь, олень и змея собрались ночевать к тому же месту. Звери стали рассуждать, отчего зло бывает на свете.
  </p>
  <p rend="left" uuid="d36a276d-967d-467c-8d2e-ab500944303b">
   Ворон сказал: «Зло на свете всё от голода. Когда поешь вволю, сядешь себе на сук, покаркаешь — всё весело, хорошо, на всё радуешься; а вот только поголодай день-другой, и всё так противно станет, что и не смотрел бы на свет божий. И всё тебя тянет куда-то, перелетаешь с места на место, и нет тебе покоя. А завидишь мясо, так еще тошнее сделается, так и бросишься без разбора. Другой раз и палками-то, и камнями в тебя кидают, и волки и собаки хватают, а ты всё не отстаешь. И сколько так из-за голода пропадает нашего брата. Всё зло от голода».
  </p>
  <p rend="left" uuid="41f45791-da75-4b3d-a9a4-470a9c2fa2ac">
   Голубь сказал: «А по мне не от голода зло, а всё зло от любви. Кабы мы жили по одному, нам бы горя мало. Одна голова не бедна, а и бедна, так одна. А то мы живем всегда парочками. И так полюбишь свою дружку, что нет тебе покоя — всё о ней думаешь: сыта ли, тепла ли она? А как улетит куда-нибудь от тебя дружка, тут уж совсем пропадешь, — всё думаешь: как бы ястреб не унес или люди не поймали бы; и сам полетишь ее искать, да и залетишь в беду, — либо под ястреба, или в силок. А если пропадет дружка, так самому уже ничто не мило. Не ешь, не пьешь и только ищешь, да плачешь. Сколько нас от этого пропадает! Всё зло не от голода, а от любви».
  </p>
  <p rend="left" uuid="4928ed82-6e48-4cec-8abc-2df91c7d850c">
   Змея сказала: «Нет, зло не от голода и не от любви, а зло от злости. Кабы жили мы смирно, не злились бы, — нам бы всё хорошо было. А то как сделается что-нибудь не по тебе, разозлишься, — тогда уж ничто не мило. Только и думаешь, как зло свое на ком выместить. Тут уж сама себя не помнишь, только шипишь да ползаешь, ищешь, кого бы укусить. Уже никого не жалеешь — до тех пор злишься, пока сама себя погубишь. Всё зло на свете от злости».
  </p>
  <p rend="left" uuid="f9886936-7d6c-4b9c-8db1-f68155d538de">
   Олень сказал: «Нет, не от злости и не от любви и не от голода всё зло на свете, а зло от страха. Кабы можно было не бояться, всё бы хорошо было. Ноги у нас резвые, силы много. От маленького
   <pb n="301"/>
   зверя рогами отобьешься, от большого уйдешь. Да нельзя не бояться. Только хрустни в лесу ветка, зашурши листья, так весь и затрясешься от страха, забьется сердце, точно выскочить хочет, и летишь, что есть духу. Другой раз заяц пробежит, птица трепещется или сухая ветка обломится, а ты думаешь — зверь, да и набежишь на зверя. А то бежишь от собаки, — набежишь на человека. Часто испугаешься и бежишь, сам не знаешь куда, и с размаху оборвешься под кручь и убьешься. И спишь-то одним глазом, слушаешь и боишься. Нет покоя. Всё зло от страха».
  </p>
  <p rend="left" uuid="48cee731-e0fc-47a5-9133-058da4d0f27f">
   Тогда пустынник сказал:
  </p>
  <p rend="left" uuid="9239b666-96ba-43f9-b832-2c97fd80ebbe">
   — Не от голода, не от любви, не от злобы, не от страха все наши мученья, а от нашего тела всё зло на свете. От него и голод, и любовь, и злоба, и страх!
  </p>
 </div>
</TEI>