<?xml version="1.0" encoding="utf-8"?>
<TEI xmlns="http://www.tei-c.org/ns/1.0" xmlns:xi="http://www.w3.org/2001/XInclude">
 <teiHeader>
  <fileDesc>
   <titleStmt>
    <title>
     Произведения, написанные для «Азбуки» и не включенные в нее
    </title>
    <author>
     Толстой Л.Н.
    </author>
    <respStmt>
     <resp>
      подготовка TEI/XML
     </resp>
     <name>
      Мария Картышева, Евгений Можаев, Даниил Скоринкин, Елена Сидорова, Вероника Файнберг, Кирилл Милинцевич
     </name>
    </respStmt>
    <respStmt>
     <name>
      Анастасия Бонч-Осмоловская, Фёкла Толстая, Борис Орехов
     </name>
     <resp>
      Идея, постановка задач, руководство
     </resp>
    </respStmt>
   </titleStmt>
   <publicationStmt>
    <idno>
     Азбука  | Произведения, написанные для «Азбуки» и не включенные в нее
    </idno>
    <publisher>
     <orgName>
      Школа лингвистики НИУ ВШЭ
     </orgName>
    </publisher>
    <availability>
     <p>
      Тексты и метатекстовая разметка доступны для свободного использования и распространения по лицензии Creative Commons Attribution Share-Alike (cc by-sa)
     </p>
    </availability>
   </publicationStmt>
   <sourceDesc>
    <biblStruct>
     <analytic>
      <author>
       Толстой Л.Н.
      </author>
      <title level="a">
       Произведения, написанные для «Азбуки» и не включенные в нее
      </title>
     </analytic>
     <monogr>
      <title level="m">
       Полное собрание сочинений. Том 21
      </title>
      <imprint>
       <pubPlace>
        Москва
       </pubPlace>
       <publisher>
        Государственное издательство "Художественная литература"
       </publisher>
       <date when="1871-1872"/>
      </imprint>
     </monogr>
     <series>
      <title level="s">
       Л.Н. Толстой. Полное собрание сочинений
      </title>
      <biblScope unit="vol">
       21
      </biblScope>
     </series>
    </biblStruct>
   </sourceDesc>
  </fileDesc>
  <encodingDesc>
   <classDecl>
    <xi:include href="taxonomy.xml"/>
   </classDecl>
  </encodingDesc>
  <profileDesc>
   <creation>
    <date notAfter="1872" notBefore="1871">
     1871-1872
    </date>
    <rs/>
   </creation>
   <textClass>
    <catRef target="#fiction" type="sphere"/>
    <catRef target="#произведения для детей" type="type"/>
    <catRef target="#works" type="works_letters_diaries"/>
    <catRef target="#сборник" type="ninetyDef"/>
    <catRef target="#Неопубликованное, неотделанное, неоконченное" type="main_var"/>
    <catRef target="#сборник" type="type_short"/>
    <catRef target="None" type="translation"/>
    <catRef target="None" type="translation_origin"/>
    <catRef target="#да" type="tolstoy_or_not"/>
    <catRef target="None" type="name_status"/>
   </textClass>
   <preparedness>
    finished
   </preparedness>
   <settingDesc>
    <time>
     XIX век
    </time>
   </settingDesc>
  </profileDesc>
  <xenoData>
   <cyclusName/>
   <p>
    Проект
    <title>
     Толстой.Digital
    </title>
    разрабатывается сотрудниками и студентами
    <orgName>
     Высшей школы экономики
    </orgName>
    в сотрудничестве с
    <orgName>
     Государственным музеем Л.Н. Толстого
    </orgName>
    . Источник текстов –
    <bibl>
     90-томное собрание сочинений Л.Н.Толстого
    </bibl>
    . Разметка основана на стандарте
    <ref target="http://www.tei-c.org">
     TEI (Text Encoding Initiative)
    </ref>
    .
   </p>
   <versionNumber/>
   <isFinished/>
   <isEdited/>
   <fullBibliographicDescription/>
  </xenoData>
 </teiHeader>
 <p rend="left emptyline">
  <pb n="134"/>
 </p>
 <div type="section" xml:id="h000011058">
  <head rend="center">
   ДУРЕНЬ
  </head>
  <p rend="center" uuid="73fc0de5-dda0-487f-a502-95043a8fc107">
   <hi rend="italic">
    (Сmuxu-сказка)
   </hi>
  </p>
  <div rend="stih1" type="poem">
   <div type="stanza">
    <p rend="v" uuid="95b0956b-58ac-4a20-a0f9-c8b348e0be67">
     Задумал дурень
    </p>
    <p rend="v" uuid="86e49b08-43c0-4afe-a84a-4d37656a56ed">
     На Русь гуляти,
    </p>
    <p rend="v" uuid="4870166a-5799-4489-8501-2f00d78faee1">
     Людей видати,
    </p>
    <p rend="v" uuid="5cd3d92a-eb39-490b-b5fe-5df217e9e9e0">
     Себя казати.
    </p>
    <p rend="v" uuid="f60d7233-7a02-4157-ab71-dcfa3e34bcb6">
     Увидел дурень
    </p>
    <p rend="v" uuid="f3d0b9ed-7d90-4c7f-99e9-51fb65914711">
     Две избы пусты;
    </p>
    <p rend="v" uuid="e257052d-a2f8-4138-b38f-92ec31e84e67">
     Глянул в подполье:
    </p>
    <p rend="v" uuid="b42c9c3f-20b1-4ab8-95b3-6eda906c7348">
     В подполье черти,
    </p>
    <p rend="v" uuid="b4cfa23e-23fa-4751-8002-49051aab51c0">
     Востроголовы,
    </p>
    <p rend="v" uuid="10f440e8-cf03-4400-adf3-53318383b928">
     Глаза, что ложки,
    </p>
    <p rend="v" uuid="b2819d10-c7f9-47f3-95b9-f76d88ae962d">
     Усы, что вилы,
    </p>
    <p rend="v" uuid="4d4d333b-9d9d-4f1a-a42a-8eeac8b77ef1">
     Руки, что грабли,
    </p>
    <p rend="v" uuid="940a9d83-04a4-4718-84c8-392af0bd7e9e">
     В карты играют,
    </p>
    <p rend="v" uuid="bf5f74fb-f8d4-4957-876e-24a834f040c1">
     Костью бросают,
    </p>
    <p rend="v" uuid="0d618811-0932-4dcd-9e72-0417dbc3c002">
     Деньги считают.
    </p>
    <p rend="v" uuid="83008d7a-b6cf-46ea-a968-15a1ac655558">
     Дурень, им молвил:
    </p>
    <p rend="v" uuid="7ff870ce-e300-41a4-a6a8-3484814e8704">
     «Бог да на помочь
    </p>
   </div>
  </div>
  <p rend="left poembtw" uuid="0f8dccfd-dc48-4ace-bf8f-a2349cb6d0e6">
   <pb n="135"/>
  </p>
  <div type="poem">
   <div type="stanza">
    <p rend="v" uuid="bd979bea-709f-4aed-8130-e384525736ce">
     «Вам, добрым людям».
    </p>
    <p rend="v" uuid="bc39c380-a77c-428a-a59a-6c5a68868f7b">
     Черти не любят, —
    </p>
    <p rend="v" uuid="0cd884aa-abda-4b21-b829-3a673879c090">
     Схватили дурня,
    </p>
    <p rend="v" uuid="042e2df0-f76a-45b2-bbe0-dbd1782d0973">
     Зачали бити,
    </p>
    <p rend="v" uuid="5a7f256c-c162-42cc-942d-7282168188a4">
     Стали давити,
    </p>
    <p rend="v" uuid="0d9bced9-c11f-40e0-962b-2231bd27451f">
     Еле живого
    </p>
    <p rend="v" uuid="f335737d-0bc6-4856-b2e3-b786a1790e90">
     Дурня пустили.
    </p>
    <p rend="v" uuid="14f26d5e-7e94-4e9a-bfbd-abcb0cdd52ae">
     Приходит дурень
    </p>
    <p rend="v" uuid="8a600d5b-8241-4d57-bbb9-e67bb9b0d770">
     Домой, сам плачет,
    </p>
    <p rend="v" uuid="4e85c355-37df-4247-8607-5eb03f995d3f">
     На голос воет.
    </p>
    <p rend="v" uuid="9b889b73-a001-4f8e-82d3-e09669fb9d99">
     А мать бранити,
    </p>
    <p rend="v" uuid="ab0a1d9a-bc1b-4637-a474-972745fc4fd2">
     Жена пеняти,
    </p>
    <p rend="v" uuid="4d80962a-d1f0-4891-b32b-32e37078d3ba">
     Сестра-то тоже:
    </p>
    <p rend="v" uuid="71d587c5-e9b5-48ac-871d-8a8b899a89f6">
     «Дурень, ты, дурень,
    </p>
    <p rend="v" uuid="ea87b384-3207-4f59-9d9a-92947e537722">
     «Глупый ты Бабин,
    </p>
    <p rend="v" uuid="cb3e3f3b-2ff3-4b7d-8a85-d65ad62299b4">
     «То же ты слово
    </p>
    <p rend="v" uuid="8c9a589e-3212-4218-98e4-ffb3602b3f87">
     «Не так бы молвил;
    </p>
    <p rend="v" uuid="91729f07-31ca-4767-a496-63a08cfa78c7">
     «А ты бы молвил:
    </p>
    <p rend="v" uuid="6b2b1e28-8235-4133-926c-3fd5c32f33eb">
     «Будь ты, враг, проклят
    </p>
    <p rend="v" uuid="eeb35c7c-7a43-422e-a5a8-0bf9876ff463">
     «Имем господним!
    </p>
    <p rend="v" uuid="79692035-b4fd-438b-842d-94f59fefc837">
     «Черти ушли бы,
    </p>
    <p rend="v" uuid="1adee5ac-c88b-4260-989b-061b7f4fb001">
     «Тебе бы, дурню,
    </p>
    <p rend="v" uuid="8b27d034-0a2a-4709-83f8-37378fc775a9">
     «Деньги достались
    </p>
    <p rend="v" uuid="ea53541b-1c62-49e7-b85a-1ba376f4c7d7">
     «Заместо клада». —
    </p>
    <p rend="v" uuid="f5683baa-649e-4a34-a92d-37dedb4fd97e">
     «Добро же, баба,
    </p>
    <p rend="v" uuid="29a5fbf5-7057-4df5-a22a-5d7285581936">
     «Ты, бабариха,
    </p>
    <p rend="v" uuid="fe66405a-b51a-4a8d-964c-8a41a39d7585">
     «Матерь Лукерья,
    </p>
    <p rend="v" uuid="c135d434-a041-41a6-8d10-0172495be510">
     «Сестра Чернава,
    </p>
    <p rend="v" uuid="51b0c71b-98f4-489e-bad2-e8e1973022d2">
     «Вперед я, дурень,
    </p>
    <p rend="v" uuid="bf11726e-1fee-4c7c-bc76-e61cd60e8e9f">
     «Таков не буду».
    </p>
    <p rend="v" uuid="6ad2706a-f562-46f9-8420-101b4f1e7c5f">
     Пошел он, дурень,
    </p>
    <p rend="v" uuid="bfb1680d-0a7c-4a2b-aaf3-fdd39e051ef0">
     На Русь гуляти,
    </p>
    <p rend="v" uuid="1741ba8d-8e5c-43e0-abe2-a3c55050b266">
     Людей видати,
    </p>
    <p rend="v" uuid="40819917-152b-400e-99a8-b2fef4e385d2">
     Себя казати.
    </p>
    <p rend="v" uuid="3624bb85-7e9b-4d5d-a8b1-254cb3ef9c8c">
     Увидел дурень
    </p>
    <p rend="v" uuid="daadcc44-cfb5-43c7-b6ff-0213ed0c27a4">
     Четырех братов, —
    </p>
    <p rend="v" uuid="ae67910b-82f3-4c2c-956d-b560d5708a75">
     Ячмень молотят.
    </p>
    <p rend="v" uuid="26eb5248-ae21-4c2c-9430-30261ef62908">
     Он братьям молвил:
    </p>
    <p rend="v" uuid="c34b23e8-6899-4d86-bd31-2ed099b34012">
     «Будь ты, враг, проклят
    </p>
    <p rend="v" uuid="aa010cb7-c490-4619-a590-af6e97d3d4c5">
     «Имем господним!»
    </p>
   </div>
  </div>
  <p rend="left poembtw" uuid="a4a736c6-8cc7-41fa-aa79-19f2cacd623e">
   <pb n="136"/>
  </p>
  <div rend="stih2" type="poem">
   <div type="stanza">
    <p rend="v" uuid="5dc32939-9d1d-4bc1-9a1a-9bb2db80dc78">
     Как сграбят дурня
    </p>
    <p rend="v" uuid="b6b44743-59f4-456a-92a2-f4caa70b0aac">
     Четыре брата,
    </p>
    <p rend="v" uuid="9a54b0ec-24d6-40f0-a64b-d5d183972fa3">
     Зачали бити,
    </p>
    <p rend="v" uuid="38d32422-3393-493b-92d9-eba586be16c3">
     Еле живого
    </p>
    <p rend="v" uuid="6ba8c088-0573-4559-ad6d-c402102d3d3e">
     Дурня пустили.
    </p>
    <p rend="v" uuid="08a089a5-2172-4ddf-895f-a2a154854acc">
     Приходит дурень
    </p>
    <p rend="v" uuid="3f2b04b2-872c-4edc-bc6f-df9c63958d41">
     Домой, сам плачет,
    </p>
    <p rend="v" uuid="829557cc-8839-4da3-ade8-0e09768c4586">
     На голос воет.
    </p>
    <p rend="v" uuid="03cb81e4-1af9-414b-898f-9acb5e0be98d">
     А мать бранити,
    </p>
    <p rend="v" uuid="f6ab6252-9892-4b3d-937d-5f6f1e1b0d8f">
     Жена пеняти,
    </p>
    <p rend="v" uuid="f02f14e4-fb85-41cd-924b-2480e4e93fad">
     Сестра-то также:
    </p>
    <p rend="v" uuid="bc8004a5-2443-43b9-98f4-47c4132898ff">
     «Дурень, ты, дурень,
    </p>
    <p rend="v" uuid="e78eaa2a-432a-4e77-adf4-a566e5b6f00a">
     «Глупый ты Бабин,
    </p>
    <p rend="v" uuid="7cd24501-a0d1-4266-8215-20b9b0fe5318">
     «То же ты слово
    </p>
    <p rend="v" uuid="3360c17c-f7ce-4d42-a3bf-b902cff9010e">
     «Не так бы молвил.
    </p>
    <p rend="v" uuid="6a61ea67-84b1-4382-a3e3-409e5163f616">
     «Ты бы им молвил:
    </p>
    <p rend="v" uuid="de7f92e3-139a-46b5-9d8a-e227432f46f3">
     «Бог вам на помочь,
    </p>
    <p rend="v" uuid="119d9275-1243-439b-b15c-ebde864ac021">
     «Чтоб по сту на день
    </p>
    <p rend="v" uuid="47634250-9929-4af9-ba69-b7ad4d0439cf">
     «Чтоб не сносити». —
    </p>
    <p rend="v" uuid="70ddf8de-0d84-4c6a-8d6c-5077186f11b9">
     «Добро же, баба,
    </p>
    <p rend="v" uuid="deac7d9b-f341-4713-8cd5-e2be4c2aed77">
     «Ты, бабариха,
    </p>
    <p rend="v" uuid="f2f12746-805e-448e-bdbe-9b890b80fd60">
     «Матерь Лукерья,
    </p>
    <p rend="v" uuid="ba887728-cff3-4645-8264-9033f0b1870a">
     «Сестра Чернава,
    </p>
    <p rend="v" uuid="983b9941-cb9b-47af-ad83-645d7afd8fc2">
     «Вперед я дурень
    </p>
    <p rend="v" uuid="6db83f13-8fd1-4e42-9c96-0ff6e65e5a1f">
     «Таков не буду».
    </p>
    <p rend="v" uuid="9dca9c2c-7c08-4400-a921-e841ed3fb59c">
     Пошел он, дурень,
    </p>
    <p rend="v" uuid="b4f58e04-d0d3-49ac-af1d-504b048f4c6c">
     На Русь гуляти,
    </p>
    <p rend="v" uuid="e418e46d-786f-42cc-9b7f-ce6aab761a0f">
     Людей видати,
    </p>
    <p rend="v" uuid="397b2042-5ad6-43fd-9eb7-41fca88493e1">
     Себя казати.
    </p>
    <p rend="v" uuid="0a765278-c8dd-489d-bb36-14baba091f03">
     Увидел дурень, —
    </p>
    <p rend="v" uuid="420a12ef-f35a-4616-9b06-16ee4e062279">
     Семеро братьев
    </p>
    <p rend="v" uuid="70cf41a5-61d9-4cf0-8030-ea47a89f1148">
     Матерь хоронят;
    </p>
    <p rend="v" uuid="ac3909fb-8470-4bc0-a972-1b796b02bab4">
     Все они плачут,
    </p>
    <p rend="v" uuid="e72487da-7154-48c5-9aa7-2e20377921fe">
     Голосом воют.
    </p>
    <p rend="v" uuid="c7a2b3ae-d7d5-4ca2-b8a5-567985a894c7">
     Он им и молвил:
    </p>
    <p rend="v" uuid="0c5e1ab8-e3b1-48bc-9bd4-40a205e1b0ff">
     «Бог вам на помочь,
    </p>
    <p rend="v" uuid="0d53200b-a7b4-4c90-9fd6-954be32aef06">
     «Семеро братьев,
    </p>
    <p rend="v" uuid="8bf0e774-a6e1-4feb-b966-ace3fdc32a98">
     «Мать хоронити,
    </p>
    <p rend="v" uuid="a4b675c4-c096-4094-a59e-38faa232e08b">
     «Чтоб по сту на день
    </p>
    <p rend="v" uuid="507cec36-842a-457e-a42d-507ed338f43e">
     «Чтоб не сносити».
    </p>
   </div>
  </div>
  <p rend="left poembtw" uuid="1b129668-8161-4d6e-a1b3-3b06333fb705">
   <pb n="137"/>
  </p>
  <div type="poem">
   <div type="stanza">
    <p rend="v" uuid="e4ef3dcd-f182-4403-91ef-13319f8a9783">
     Сграбили дурня
    </p>
    <p rend="v" uuid="c5ebe28f-9966-4608-bbb4-47c97f2920f4">
     Семеро братьев,
    </p>
    <p rend="v" uuid="bd29ef51-ae4f-416d-99f7-ca4be1b827bd">
     Зачали бити,
    </p>
    <p rend="v" uuid="7f6f37de-16e7-4bdb-9e02-7997e2a2b05e">
     Стали таскати,
    </p>
    <p rend="v" uuid="bdcfe16e-09b0-4cbd-8a63-2690e2ed1205">
     В грязи валяти,
    </p>
    <p rend="v" uuid="12a11555-a1c4-4808-be4e-c8afc55aba44">
     Еле живого
    </p>
    <p rend="v" uuid="6004bfc3-a3ae-4f39-8455-234f8accf080">
     Дурня пустили.
    </p>
    <p rend="v" uuid="ab1738d2-6bfc-412d-bccf-43c02d48a819">
     Идет он, дурень,
    </p>
    <p rend="v" uuid="9408d8f0-bfa9-4d7a-8135-020a92f084fc">
     Домой да плачет,
    </p>
    <p rend="v" uuid="4829ae39-756e-4592-acfa-b0508ffc65f1">
     На голос воет.
    </p>
    <p rend="v" uuid="a333c382-adf5-4c77-87bb-8fba196af02b">
     А мать бранити,
    </p>
    <p rend="v" uuid="bf6d5348-df24-4f17-bee7-782a545fa576">
     Жена пеняти,
    </p>
    <p rend="v" uuid="72da8ff6-d95f-475a-81be-b04bd47670fc">
     Сестра-то также:
    </p>
    <p rend="v" uuid="f65110d1-f5a0-4761-b49e-c0999f8fe277">
     «Дурень, ты, дурень,
    </p>
    <p rend="v" uuid="ccf8110a-f7f7-4ec7-8751-1cf2107c1881">
     «То же ты слово
    </p>
    <p rend="v" uuid="0a684fdf-dc97-426b-9bef-3b46546f71dd">
     «Не так бы молвил,
    </p>
    <p rend="v" uuid="dc4ae61d-f751-4477-af88-aa64cdf02a75">
     «А ты бы молвил:
    </p>
    <p rend="v" uuid="1dedaf01-a388-40c5-a1e0-6632f5155180">
     «Канун да ладан,
    </p>
    <p rend="v" uuid="ee7ba13d-e762-416e-886e-17c273a4597f">
     «Дай же господь бог
    </p>
    <p rend="v" uuid="867ca774-5750-4b7a-96e5-d8bf229bf35e">
     «Царство небесно,
    </p>
    <p rend="v" uuid="79c36eb3-11b2-4187-8dbc-1ac6e0233615">
     «Пресветлый рай ей.
    </p>
    <p rend="v" uuid="9267dcfb-194c-4a61-a6ce-fbf8f1fca9c4">
     «Тебя бы дурня
    </p>
    <p rend="v" uuid="df3a80fe-fc33-4de6-b5d7-04fadb272770">
     «Там накормили
    </p>
    <p rend="v" uuid="9ca46749-2d33-488d-8bea-3e1e9a0d328a">
     «Кутьей с блинами». —
    </p>
    <p rend="v" uuid="40c454b4-5247-44e3-9406-14c610f530bb">
     «Добро же баба,
    </p>
    <p rend="v" uuid="35014d31-8c49-416c-8859-e1ee294a029c">
     «Ты, бабариха,
    </p>
    <p rend="v" uuid="5b5241fd-c3a6-4390-addc-cea1a1ddf755">
     «Матерь Лукерья,
    </p>
    <p rend="v" uuid="fc3558e7-a656-4e23-9249-6634eae85f74">
     «Вперед я, дурень,
    </p>
    <p rend="v" uuid="68b357c5-68eb-4166-b6d7-fc3dfc75135d">
     «Таков не буду».
    </p>
    <p rend="v" uuid="fda47e55-b7af-4cf0-9b34-c10f8aa1c4ad">
     Пошел он, дурень,
    </p>
    <p rend="v" uuid="3a9d7663-44eb-4c19-87b2-b21af1dc7a0e">
     На Русь гул яти,
    </p>
    <p rend="v" uuid="c1a0dc90-7dbc-4ca9-992a-11484168b390">
     Людей видати,
    </p>
    <p rend="v" uuid="cf3bf36e-a730-4d13-a49f-d520251cd160">
     Себя казати;
    </p>
    <p rend="v" uuid="dbc4c165-6940-487d-8b69-fca4275b4dd1">
     Навстречу свадьба, —
    </p>
    <p rend="v" uuid="cec8aa4f-c253-4ef2-ae16-e16e3b6c12bf">
     Он им и молвил:
    </p>
    <p rend="v" uuid="08219c46-c59c-4884-af5a-86a6d17bc1f9">
     «Канун да ладан,
    </p>
    <p rend="v" uuid="a2e202c8-699d-44bf-b7f7-d4f8b11894b9">
     «Дай господь бог вам
    </p>
    <p rend="v" uuid="3e3fcaa5-50b2-458b-8efc-6164c35a7c8e">
     «Царство небесно,
    </p>
    <p rend="v" uuid="efae89ca-e0d2-438e-b8be-e035b76f1b13">
     «Пресветлый рай всем». Скочили дружки,
    </p>
   </div>
  </div>
  <p rend="left poembtw" uuid="197ea63e-8b35-43b6-9e66-cd366d4be3ce">
   <pb n="138"/>
  </p>
  <div rend="stih2" type="poem">
   <div type="stanza">
    <p rend="v" uuid="db069bb1-2247-440b-ab6b-e630d74ee6de">
     Схватили дурня,
    </p>
    <p rend="v" uuid="c74c020c-f162-40fa-9e13-a6aa42cc0a72">
     Зачали бити,
    </p>
    <p rend="v" uuid="e4550f72-66aa-4543-a6c0-341814e9e7f0">
     Плетьми стегати,
    </p>
    <p rend="v" uuid="85c1c8ec-8c78-40b5-b254-d71000d1937c">
     В лицо хлестати.
    </p>
    <p rend="v" uuid="61aa2f2f-fda5-4615-8f26-b6cccbc4116a">
     Пошел, заплакал,
    </p>
    <p rend="v" uuid="d7c00641-64b6-42f3-833a-3f35518830ea">
     Идет да воет.
    </p>
    <p rend="v" uuid="1d5ed435-5c69-487f-bb10-d823f435dfc9">
     А мать бранити,
    </p>
    <p rend="v" uuid="c10c9670-db3a-4d06-a4d3-8bb8156b9ccf">
     Жена пеняти,
    </p>
    <p rend="v" uuid="67e09f39-5caf-4529-8c9b-599838cf0771">
     Сестра-то также:
    </p>
    <p rend="v" uuid="87707bfa-ed12-4636-980b-7dc552ce26d2">
     «Дурень, ты, дурень,
    </p>
    <p rend="v" uuid="9ebf1e42-3b9a-4c4f-be78-f4cb555b17e7">
     «Ты глупый Бабин;
    </p>
    <p rend="v" uuid="cc4f8e18-1b99-439a-9e24-34d160220175">
     «Ты то же слово
    </p>
    <p rend="v" uuid="ace42c3c-7257-4467-a32d-23ea98127cd4">
     «Не так бы молвил;
    </p>
    <p rend="v" uuid="2814821f-f4a5-450a-8beb-e994da8c2286">
     «А ты бы молвил:
    </p>
    <p rend="v" uuid="fcbbd9f7-2240-4ea3-b9ba-bbe2ad775f8c">
     «Дай господь бог вам
    </p>
    <p rend="v" uuid="84cbfcf1-5ff6-4a0d-a523-226287a72363">
     «Князю с княгиней,
    </p>
    <p rend="v" uuid="3f3d4264-e400-49fb-b847-bd1a2d8d5c70">
     «Закон приняти,
    </p>
    <p rend="v" uuid="86333fa9-9ba4-42b0-bedb-0182385f30be">
     «Любовно жити,
    </p>
    <p rend="v" uuid="0002fd67-0aa2-45bc-a70f-1dd58f137841">
     «Детей сводити». —
    </p>
    <p rend="v" uuid="66d7e4ea-25d8-4aa5-aee1-1bf624bc109e">
     «Вперед я, дурень,
    </p>
    <p rend="v" uuid="100aaf5d-8b46-4524-9724-e1db38bb6304">
     «Таков не буду».
    </p>
    <p rend="v" uuid="c869e003-60a1-4391-aee5-32d97fcb7952">
     Пошел он, дурень,
    </p>
    <p rend="v" uuid="9500e7a7-0f35-4bd4-81a2-43c99d37699f">
     На Русь гуляти,
    </p>
    <p rend="v" uuid="7c4422ef-5eeb-4577-8c7b-62626629aa56">
     Людей видати,
    </p>
    <p rend="v" uuid="1aaf62a4-4624-47ed-9e89-661a4bfccf6a">
     Себя казати.
    </p>
    <p rend="v" uuid="1730938a-0ec5-4188-abda-894bda07205b">
     Попался дурню
    </p>
    <p rend="v" uuid="83f4222c-88e6-46eb-a96a-728495e300b3">
     Навстречу старец.
    </p>
    <p rend="v" uuid="3289106a-87a5-42f7-a8ed-9b9b01933f50">
     Он ему молвил:
    </p>
    <p rend="v" uuid="19757556-c905-4a30-91ac-054329cafd90">
     «Дай бог те, старцу,
    </p>
    <p rend="v" uuid="024f2ffc-7916-4b5b-adce-7c565ec477a9">
     «Закон приняти,
    </p>
    <p rend="v" uuid="0c5c4f62-1761-4103-8cdc-a7752db4696d">
     «Любовно жити,
    </p>
    <p rend="v" uuid="5e5315bf-df2d-4c5d-ba69-682957bea80b">
     «Детей сводити».
    </p>
    <p rend="v" uuid="1e44ae75-3c9e-419f-b1b2-ed002815eba7">
     Как схватит старец
    </p>
    <p rend="v" uuid="799ef501-92d7-4528-89f2-fa6c67dc7a25">
     За ворот дурня,
    </p>
    <p rend="v" uuid="4f8241d9-7033-4b05-a937-7fe5f976dfdc">
     Стал его бити,
    </p>
    <p rend="v" uuid="cc367cf8-3e40-46eb-9b53-522a56a50474">
     Стал колотити,
    </p>
    <p rend="v" uuid="673a2ebf-6e6d-4ed0-8886-1b1f2b6e80ff">
     Сломал костыль весь.
    </p>
    <p rend="v" uuid="420ce2fc-67c4-4203-b3f1-59092090816c">
     Пошел он, дурень,
    </p>
    <p rend="v" uuid="492be2ab-da43-4a7f-97d1-60d6e54184dc">
     Домой, сам плачет,
    </p>
    <p rend="v" uuid="99616002-afcd-421c-a67e-8c9930a5cc7b">
     А мать бранити,
    </p>
   </div>
  </div>
  <p rend="left poembtw" uuid="d04cf373-871e-4609-b8e8-74ad03178ee3">
   <pb n="139"/>
  </p>
  <div type="poem">
   <div type="stanza">
    <p rend="v" uuid="ca61c283-e858-4a16-b63b-68708f7f828d">
     Жена журити,
    </p>
    <p rend="v" uuid="29dd6414-70c1-4c34-80d5-a9ff00b6ee92">
     Сестра-то также:
    </p>
    <p rend="v" uuid="0406d6a7-13e6-4430-b5b3-49f0021a2bd1">
     «Ты дурень, дурень,
    </p>
    <p rend="v" uuid="327e39b4-851b-4bcb-9f6c-b2d4834a247b">
     «Ты глупый Бабин;
    </p>
    <p rend="v" uuid="d46d1f1f-78c4-44f5-8782-2cbe6b1d7127">
     «Ты то же слово
    </p>
    <p rend="v" uuid="75f43ca5-56d0-45f3-9818-4e77f592b9f7">
     «Не так бы молвил;
    </p>
    <p rend="v" uuid="a83f89b4-2e1d-4aa7-baa7-b8e44ff17a9c">
     «А ты бы молвил:
    </p>
    <p rend="v" uuid="0f00d930-1ca5-4591-a81a-959d7b76b0c9">
     «Благослови мя,
    </p>
    <p rend="v" uuid="8ef5e9d9-426b-4cb5-99a7-2a43688961ea">
     «Святой игумен». —
    </p>
    <p rend="v" uuid="c7d2b0cb-be77-43f5-a5a2-5c3009f9f304">
     «Добро же, баба,
    </p>
    <p rend="v" uuid="0afd6250-eb27-4010-83d6-7a4492b4bd3a">
     «Ты, бабариха,
    </p>
    <p rend="v" uuid="30b705bc-e239-47b7-b4e5-851d98091e2d">
     «Матерь Лукерья,
    </p>
    <p rend="v" uuid="f7effdad-a95b-4c61-9f0e-473f3aeaf852">
     «Вперед я, дурень,
    </p>
    <p rend="v" uuid="ef06891c-aad7-4431-b91e-a8d2e52c9ad5">
     «Таков не буду».
    </p>
    <p rend="v" uuid="2d49d430-7b51-443e-9484-2135a01a417b">
     Пошел он, дурень,
    </p>
    <p rend="v" uuid="54acb2ca-f8e4-4e77-92c3-099d83d21878">
     На Русь гуляти,
    </p>
    <p rend="v" uuid="78e50a41-d132-4bdb-8787-bf28cf5df4e3">
     В лесу ходити.
    </p>
    <p rend="v" uuid="3009a63c-cac9-44df-872a-a5cefcac661b">
     Увидел дурень
    </p>
    <p rend="v" uuid="a88eab18-3bfc-41fb-9213-42f8d7ca9c26">
     В бору медведя, —
    </p>
    <p rend="v" uuid="49d0cf0a-f506-4f67-a23e-6f46cc750d84">
     Медведь за елью
    </p>
    <p rend="v" uuid="a8acb3d6-8990-4669-a01f-94e3a0e53862">
     Дерет корову.
    </p>
    <p rend="v" uuid="9eaa4868-29c2-456a-8420-7b9b535bec39">
     Он ему молвит:
    </p>
    <p rend="v" uuid="8db37044-7c24-4762-a9d8-0accd5396d7d">
     «Благослови мя,
    </p>
    <p rend="v" uuid="1bc08663-5631-496f-a906-44324974af95">
     «Святой игумен».
    </p>
    <p rend="v" uuid="5cfa90a8-ed0e-49c2-9d3d-52b0ce386f5e">
     Медведь на дурня
    </p>
    <p rend="v" uuid="2ffffabc-8c80-40b2-bd03-54c413fa204f">
     Кинулся, сграбил,
    </p>
    <p rend="v" uuid="1fbce536-a84d-42c1-a40c-d974adceef72">
     Зачал коверкать.
    </p>
    <p rend="v" uuid="330bacb7-469d-4610-8844-453ef371937e">
     Зачал ломати:
    </p>
    <p rend="v" uuid="0f88d62b-ed82-48c0-b04d-f1c5923e584a">
     Едва живого
    </p>
    <p rend="v" uuid="468ad226-0820-4a67-8e55-73e0f525b1d7">
     Дурня оставил.
    </p>
    <p rend="v" uuid="0b39e888-d64f-4136-8b3d-8974d2f362f8">
     Приходит дурень
    </p>
    <p rend="v" uuid="8ec8cfc3-5ec9-439f-b97b-cf888124a21a">
     Домой, сам плачет,
    </p>
    <p rend="v" uuid="859b06b7-6156-45a6-8965-df1d1f6fb2f4">
     На голос воет,
    </p>
    <p rend="v" uuid="e0dbf74c-2d55-419c-8bc6-4e3bf86df4b0">
     Матери скажет.
    </p>
    <p rend="v" uuid="22cffca3-7bdc-4059-a18d-f06550a292f1">
     А мать бранити,
    </p>
    <p rend="v" uuid="389ed1ec-c6ae-4517-9014-61b06e94d389">
     Жена пеняти,
    </p>
    <p rend="v" uuid="a502f066-0f01-408a-83ba-8dc65be93ff0">
     Сестра-то также:
    </p>
    <p rend="v" uuid="04df0db5-c00c-4507-abc2-e8fb0661bfaf">
     «Ты дурень, дурень,
    </p>
    <p rend="v" uuid="ee82f5ae-d9a1-4597-892e-2d7700c50eee">
     «Ты глупый Бабин;
    </p>
    <p rend="v" uuid="0008340f-6267-4380-a408-bed8300ef19d">
     «Ты то же слово.
    </p>
   </div>
  </div>
  <p rend="left poembtw" uuid="0e201db3-2b85-421b-91d1-91296f803936">
   <pb n="140"/>
  </p>
  <div rend="stih2" type="poem">
   <div type="stanza">
    <p rend="v" uuid="12d8e142-2784-45a1-bb0e-55891037877b">
     «Не так бы молвил,
    </p>
    <p rend="v" uuid="4fa3917c-7dd9-4dd7-9bb0-d28f2f83e221">
     «Ты бы зауськал,
    </p>
    <p rend="v" uuid="60ea7572-b64b-441b-992e-726c55b99d49">
     «Ты бы загайкал,
    </p>
    <p rend="v" uuid="784f6757-9bdc-494a-8da4-7482e201408f">
     «Заулюлюкал». —
    </p>
    <p rend="v" uuid="10ecb042-e5a2-4626-86db-0ed1f781bca2">
     «Добро же баба,
    </p>
    <p rend="v" uuid="d07c62db-e7a6-4f70-88e4-07919be25055">
     «Ты, бабариха,
    </p>
    <p rend="v" uuid="cdcf4813-7f68-4d35-86df-bc319a4be890">
     «Матерь Лукерья,
    </p>
    <p rend="v" uuid="b9debdb6-b04b-4ecc-bb68-a58288787c5b">
     «Сестра Чернава,
    </p>
    <p rend="v" uuid="f4a137a3-d3f0-4ff8-9430-757fa17c0d46">
     «Вперед я, дурень,
    </p>
    <p rend="v" uuid="37ffe0e3-7546-4220-803b-c7dfe985dabc">
     «Таков не буду».
    </p>
    <p rend="v" uuid="4652fc1a-3ca3-492d-a48e-e4462cbc9df7">
     Пошел он, дурень,
    </p>
    <p rend="v" uuid="25dcdfb6-fcf2-48eb-8c4f-4c101b8d9d01">
     На Русь гуляти,
    </p>
    <p rend="v" uuid="89a92b59-8948-465a-bb77-c2cf2f144dd6">
     Людей видати,
    </p>
    <p rend="v" uuid="35a34218-1d1d-486a-9013-18b5f71043eb">
     Себя казати.
    </p>
    <p rend="v" uuid="f7f71cab-0c05-4a29-835c-c6ca5c269308">
     Идет он, дурень,
    </p>
    <p rend="v" uuid="58870a31-a9ba-46e9-8217-3c00c333f1a1">
     Во чистом поле, —
    </p>
    <p rend="v" uuid="28f038a0-9933-48be-92e3-7e16b286f337">
     Навстречу дурню
    </p>
    <p rend="v" uuid="b2deabf7-2a1b-4ec0-a9bf-4e9e4c1b856e">
     Идет полковник.
    </p>
    <p rend="v" uuid="7e939e62-76e8-455f-95bc-1045d4a8ec51">
     Зауськал дурень,
    </p>
    <p rend="v" uuid="216da81e-e693-41af-a39f-958182fbc6af">
     Загайкал дурень,
    </p>
    <p rend="v" uuid="6d06ca2b-90c9-4d60-a232-cb89567d54e3">
     Заулюлюкал.
    </p>
    <p rend="v" uuid="45e02f2d-8e64-4dfe-be19-27d2b37e6218">
     Сказал полковник
    </p>
    <p rend="v" uuid="4ce9551e-df89-4a78-bc5d-ba1e9eb18122">
     Своим солдатам.
    </p>
    <p rend="v" uuid="9f73ad99-4cd1-46fb-90e6-331f0bebfb5c">
     Схватили дурня, —
    </p>
    <p rend="v" uuid="a070de72-22ef-4518-8018-4eb5b40b7690">
     Зачали бити;
    </p>
    <p rend="v" uuid="c99423fb-0f16-4fad-a279-b0eadc9ba729">
     До смерти дурня.
    </p>
    <p rend="v" uuid="ff799e8b-5f54-4d50-a242-4a607b34317c">
     Тут и убили.
    </p>
   </div>
  </div>
 </div>
</TEI>