<?xml version="1.0" encoding="utf-8"?>
<TEI xmlns="http://www.tei-c.org/ns/1.0" xmlns:xi="http://www.w3.org/2001/XInclude">
 <teiHeader>
  <fileDesc>
   <titleStmt>
    <title>
     Произведения, написанные для «Азбуки» и не включенные в нее
    </title>
    <author>
     Толстой Л.Н.
    </author>
    <respStmt>
     <resp>
      подготовка TEI/XML
     </resp>
     <name>
      Мария Картышева, Евгений Можаев, Даниил Скоринкин, Елена Сидорова, Вероника Файнберг, Кирилл Милинцевич
     </name>
    </respStmt>
    <respStmt>
     <name>
      Анастасия Бонч-Осмоловская, Фёкла Толстая, Борис Орехов
     </name>
     <resp>
      Идея, постановка задач, руководство
     </resp>
    </respStmt>
   </titleStmt>
   <publicationStmt>
    <idno>
     Азбука  | Произведения, написанные для «Азбуки» и не включенные в нее
    </idno>
    <publisher>
     <orgName>
      Школа лингвистики НИУ ВШЭ
     </orgName>
    </publisher>
    <availability>
     <p>
      Тексты и метатекстовая разметка доступны для свободного использования и распространения по лицензии Creative Commons Attribution Share-Alike (cc by-sa)
     </p>
    </availability>
   </publicationStmt>
   <sourceDesc>
    <biblStruct>
     <analytic>
      <author>
       Толстой Л.Н.
      </author>
      <title level="a">
       Произведения, написанные для «Азбуки» и не включенные в нее
      </title>
     </analytic>
     <monogr>
      <title level="m">
       Полное собрание сочинений. Том 21
      </title>
      <imprint>
       <pubPlace>
        Москва
       </pubPlace>
       <publisher>
        Государственное издательство "Художественная литература"
       </publisher>
       <date when="1871-1872"/>
      </imprint>
     </monogr>
     <series>
      <title level="s">
       Л.Н. Толстой. Полное собрание сочинений
      </title>
      <biblScope unit="vol">
       21
      </biblScope>
     </series>
    </biblStruct>
   </sourceDesc>
  </fileDesc>
  <encodingDesc>
   <classDecl>
    <xi:include href="taxonomy.xml"/>
   </classDecl>
  </encodingDesc>
  <profileDesc>
   <creation>
    <date notAfter="1872" notBefore="1871">
     1871-1872
    </date>
    <rs/>
   </creation>
   <textClass>
    <catRef target="#fiction" type="sphere"/>
    <catRef target="#произведения для детей" type="type"/>
    <catRef target="#works" type="works_letters_diaries"/>
    <catRef target="#сборник" type="ninetyDef"/>
    <catRef target="#Неопубликованное, неотделанное, неоконченное" type="main_var"/>
    <catRef target="#сборник" type="type_short"/>
    <catRef target="None" type="translation"/>
    <catRef target="None" type="translation_origin"/>
    <catRef target="#да" type="tolstoy_or_not"/>
    <catRef target="None" type="name_status"/>
   </textClass>
   <preparedness>
    finished
   </preparedness>
   <settingDesc>
    <time>
     XIX век
    </time>
   </settingDesc>
  </profileDesc>
  <xenoData>
   <cyclusName/>
   <p>
    Проект
    <title>
     Толстой.Digital
    </title>
    разрабатывается сотрудниками и студентами
    <orgName>
     Высшей школы экономики
    </orgName>
    в сотрудничестве с
    <orgName>
     Государственным музеем Л.Н. Толстого
    </orgName>
    . Источник текстов –
    <bibl>
     90-томное собрание сочинений Л.Н.Толстого
    </bibl>
    . Разметка основана на стандарте
    <ref target="http://www.tei-c.org">
     TEI (Text Encoding Initiative)
    </ref>
    .
   </p>
   <versionNumber/>
   <isFinished/>
   <isEdited/>
   <fullBibliographicDescription/>
  </xenoData>
 </teiHeader>
 <p rend="left emptyline">
  <pb n="26"/>
 </p>
 <p rend="left Azbuka1" uuid="7d255144-89fe-4364-8c52-179ca61fdbe3">
  Была свинья и у ней было пятнадцать
  <choice>
   <reg>
    беленьких
   </reg>
  </choice>
  <choice>
   <reg>
    поросеночков
   </reg>
  </choice>
  .
  <choice>
   <reg>
    Все
   </reg>
  </choice>
  были послушны,
  <choice>
   <reg>
    один
   </reg>
  </choice>
  только пестрый
  <choice>
   <reg>
    поросеночек
   </reg>
  </choice>
  ослушивался матери. Мать не приказывала ему отходить
  <choice>
   <reg>
    от
   </reg>
  </choice>
  себя, а
  <choice>
   <reg>
    он
   </reg>
  </choice>
  все отбивался.
  <choice>
   <reg>
    Раз
   </reg>
  </choice>
  непослушный
  <choice>
   <reg>
    поросеночек
   </reg>
  </choice>
  <choice>
   <reg>
    забежал
   </reg>
  </choice>
  далеко. Свинья
  <choice>
   <reg>
    рассердилась
   </reg>
  </choice>
  на него и
  <choice>
   <reg>
    говорит
   </reg>
  </choice>
  : уйду я подальше,
  <choice>
   <reg>
    он
   </reg>
  </choice>
  испугается и
  <choice>
   <reg>
    вперед
   </reg>
  </choice>
  не
  <choice>
   <reg>
    будет
   </reg>
  </choice>
  ослушиваться. Только она отошла,
  <choice>
   <reg>
    слышит
   </reg>
  </choice>
  сзади
  <choice>
   <reg>
    поросеночек
   </reg>
  </choice>
  <choice>
   <reg>
    повизгивает
   </reg>
  </choice>
  , ее
  <choice>
   <reg>
    отыскивает
   </reg>
  </choice>
  . Ей стало жаль поросеночка, она повернулась
  <choice>
   <reg>
    назад
   </reg>
  </choice>
  ,
  <choice>
   <reg>
    хотела
   </reg>
  </choice>
  его взять
  <choice>
   <reg>
    с
   </reg>
  </choice>
  собой.
  <choice>
   <reg>
    Вдруг
   </reg>
  </choice>
  услыхала —
  <choice>
   <reg>
    он
   </reg>
  </choice>
  <choice>
   <reg>
    визжит
   </reg>
  </choice>
  .
  <choice>
   <reg>
    Прибежала
   </reg>
  </choice>
  свинья
  <choice>
   <reg>
    к
   </reg>
  </choice>
  тому
  <choice>
   <reg>
    месту
   </reg>
  </choice>
  ,
  <choice>
   <reg>
    где
   </reg>
  </choice>
  <choice>
   <reg>
    был
   </reg>
  </choice>
  <choice>
   <reg>
    поросеночек
   </reg>
  </choice>
  , а его уже
  <choice>
   <reg>
    нет
   </reg>
  </choice>
  , только забрызгана земля кровью и волчьи
  <choice>
   <reg>
    следы
   </reg>
  </choice>
  до пыли
  <choice>
   <reg>
    виднеются
   </reg>
  </choice>
  .
 </p>
</TEI>