<?xml version="1.0" encoding="utf-8"?>
<TEI xmlns="http://www.tei-c.org/ns/1.0" xmlns:xi="http://www.w3.org/2001/XInclude">
 <teiHeader>
  <fileDesc>
   <titleStmt>
    <title>
     Произведения, написанные для «Азбуки» и не включенные в нее
    </title>
    <author>
     Толстой Л.Н.
    </author>
    <respStmt>
     <resp>
      подготовка TEI/XML
     </resp>
     <name>
      Мария Картышева, Евгений Можаев, Даниил Скоринкин, Елена Сидорова, Вероника Файнберг, Кирилл Милинцевич
     </name>
    </respStmt>
    <respStmt>
     <name>
      Анастасия Бонч-Осмоловская, Фёкла Толстая, Борис Орехов
     </name>
     <resp>
      Идея, постановка задач, руководство
     </resp>
    </respStmt>
   </titleStmt>
   <publicationStmt>
    <idno>
     Азбука  | Произведения, написанные для «Азбуки» и не включенные в нее
    </idno>
    <publisher>
     <orgName>
      Школа лингвистики НИУ ВШЭ
     </orgName>
    </publisher>
    <availability>
     <p>
      Тексты и метатекстовая разметка доступны для свободного использования и распространения по лицензии Creative Commons Attribution Share-Alike (cc by-sa)
     </p>
    </availability>
   </publicationStmt>
   <sourceDesc>
    <biblStruct>
     <analytic>
      <author>
       Толстой Л.Н.
      </author>
      <title level="a">
       Произведения, написанные для «Азбуки» и не включенные в нее
      </title>
     </analytic>
     <monogr>
      <title level="m">
       Полное собрание сочинений. Том 21
      </title>
      <imprint>
       <pubPlace>
        Москва
       </pubPlace>
       <publisher>
        Государственное издательство "Художественная литература"
       </publisher>
       <date when="1871-1872"/>
      </imprint>
     </monogr>
     <series>
      <title level="s">
       Л.Н. Толстой. Полное собрание сочинений
      </title>
      <biblScope unit="vol">
       21
      </biblScope>
     </series>
    </biblStruct>
   </sourceDesc>
  </fileDesc>
  <encodingDesc>
   <classDecl>
    <xi:include href="taxonomy.xml"/>
   </classDecl>
  </encodingDesc>
  <profileDesc>
   <creation>
    <date notAfter="1872" notBefore="1871">
     1871-1872
    </date>
    <rs/>
   </creation>
   <textClass>
    <catRef target="#fiction" type="sphere"/>
    <catRef target="#произведения для детей" type="type"/>
    <catRef target="#works" type="works_letters_diaries"/>
    <catRef target="#сборник" type="ninetyDef"/>
    <catRef target="#Неопубликованное, неотделанное, неоконченное" type="main_var"/>
    <catRef target="#сборник" type="type_short"/>
    <catRef target="None" type="translation"/>
    <catRef target="None" type="translation_origin"/>
    <catRef target="#да" type="tolstoy_or_not"/>
    <catRef target="None" type="name_status"/>
   </textClass>
   <preparedness>
    finished
   </preparedness>
   <settingDesc>
    <time>
     XIX век
    </time>
   </settingDesc>
  </profileDesc>
  <xenoData>
   <cyclusName/>
   <p>
    Проект
    <title>
     Толстой.Digital
    </title>
    разрабатывается сотрудниками и студентами
    <orgName>
     Высшей школы экономики
    </orgName>
    в сотрудничестве с
    <orgName>
     Государственным музеем Л.Н. Толстого
    </orgName>
    . Источник текстов –
    <bibl>
     90-томное собрание сочинений Л.Н.Толстого
    </bibl>
    . Разметка основана на стандарте
    <ref target="http://www.tei-c.org">
     TEI (Text Encoding Initiative)
    </ref>
    .
   </p>
   <versionNumber/>
   <isFinished/>
   <isEdited/>
   <fullBibliographicDescription/>
  </xenoData>
 </teiHeader>
 <p rend="left emptyline">
  <pb n="162"/>
 </p>
 <div type="section" xml:id="h000012035">
  <head rend="center">
   ПЕТР I И МУЖИК
  </head>
  <p id="d402cd0b-af4a-4895-813d-17429c57455c" rend="center">
   <hi rend="italic">
    (Быль)
   </hi>
  </p>
  <p id="4e69d477-c3f4-4919-be73-039c3883cb9f" rend="left">
   Наехал царь Петр на мужика в лесу. Мужик дрова рубит.
  </p>
  <p id="770bb64d-05e5-4ff5-9c72-134c038ddade" rend="left">
   Царь и говорит: «Божья помощь, мужик!»
  </p>
  <p id="bf46bd1f-5d5c-41a3-a34b-c2c0ef97a94a" rend="left">
   Мужик и говорит: «И то мне нужна божья помощь».
  </p>
  <p id="6d3e5164-6cec-473e-845d-3a59e2f086bf" rend="left">
   Царь спрашивает: «А велика ли у тебя семья?»
  </p>
  <p id="9bc391cd-0bd1-47c7-9cb2-1edb6f7e01f4" rend="left">
   <pb n="163"/>
   — У меня семьи два сына да две дочери.
  </p>
  <p id="3c7a7b38-41ef-4997-9851-0fce44509855" rend="left">
   — Ну не велико твое семейство. Куда ж ты деньги кладешь?
  </p>
  <p id="775149c6-cbfa-4973-a3f8-5b4cc777d48a" rend="left">
   — А я деньги на три части кладу: во-первых, — долг плачу, в-других, — в долг даю, в-третьих, — в воду мечу.
  </p>
  <p id="dd248cbf-5d44-4ec5-8168-36b5d4ff0f0b" rend="left">
   Царь подумал и не знает, что это значит, что старик и долг платит, и в долг дает, и в воду мечет.
  </p>
  <p id="a63bd812-2a4a-4dbc-a42e-560c99f649fd" rend="left">
   А старик говорит: «Долг плачу — отца-мать кормлю; в долг даю — сыновей кормлю; а в воду мечу — дочерей рощу»
  </p>
  <p id="f293c32a-9b73-40e6-8011-6a981e76f833" rend="left">
   Царь и говорит: «Умная твоя голова, старичок. Теперь выведи меня из лесу в поле, я дороги не найду».
  </p>
  <p id="23f187cc-962e-443c-8fd5-e4aa78946250" rend="left">
   Мужик говорит: «Найдешь и сам дорогу: иди прямо, потом сверни вправо, а потом влево, потом опять вправо».
  </p>
  <p id="9c467e84-ee7e-4a93-a43b-689ac7ab3f8c" rend="left">
   Царь и говорит: «Я этой грамоты не понимаю, ты сведи меня».
  </p>
  <p id="4589fc4d-c0ff-4b14-a151-7bbb7b368f53" rend="left">
   — Мне, сударь, водить некогда; нам в крестьянстве день дорого стоит.
  </p>
  <p id="8bdcdb02-4e3c-41d7-8089-7a99a48918bf" rend="left">
   — Ну, дорого стоит, так я заплачу.
  </p>
  <p id="bbb62697-4e6d-43d0-bbb6-59295a9e6ee0" rend="left">
   — А заплатишь, — пойдем.
  </p>
  <p id="951af889-56a0-4c78-b3f6-05a9905bfe7c" rend="left">
   Сели они на одноколку, поехали.
  </p>
  <p id="3a918aae-8e96-48cf-a0c1-2e515e5bb16d" rend="left">
   Стал доро̀гой царь мужика спрашивать: «Далече ли ты, мужичок, бывал?»
  </p>
  <p id="c76a0b86-6383-48eb-9a24-857f7eb2a3e0" rend="left">
   — Кое-где бывал.
  </p>
  <p id="0153d6d2-cf73-4039-9b79-8f28db0732d8" rend="left">
   — А видал ли царя?
  </p>
  <p id="6b922991-3eb8-4e63-adf5-c75bdc55834f" rend="left">
   — Царя не видал, а надо бы посмотреть.
  </p>
  <p id="c241fc99-5ee4-4476-86df-cd45da46b20e" rend="left">
   — Так вот, как выедем в поле, — и увидишь царя.
  </p>
  <p id="ee8b4816-94c8-4adf-8589-c0dde2fa4832" rend="left">
   — А как я его узнаю?
  </p>
  <p id="a4dc4a21-9e1a-4d95-bae5-413e4239070a" rend="left">
   — Все без шапок будут, один царь в шапке.
  </p>
  <p id="1f1f3d54-a872-472d-81a9-632ad731fe13" rend="left">
   Вот приехали они в поле. Увидал народ царя — все поснимали шапки. Мужик пялит глаза, а не видит царя.
  </p>
  <p id="7bbd2d63-01c4-4577-802e-4571fd2b3e22" rend="left">
   Вот он и спрашивает: «А где же царь?»
  </p>
  <p id="d50b49c9-40c5-4a87-9215-ba84b33049d6" rend="left">
   Говорит ему Петр Алексеевич: «Видишь, только мы двое в шапках — кто-нибудь из нас да царь».
  </p>
 </div>
</TEI>