<?xml version="1.0" encoding="utf-8"?>
<TEI xmlns="http://www.tei-c.org/ns/1.0" xmlns:xi="http://www.w3.org/2001/XInclude">
 <teiHeader>
  <fileDesc>
   <titleStmt>
    <title>
     Произведения, написанные для «Азбуки» и не включенные в нее
    </title>
    <author>
     Толстой Л.Н.
    </author>
    <respStmt>
     <resp>
      подготовка TEI/XML
     </resp>
     <name>
      Мария Картышева, Евгений Можаев, Даниил Скоринкин, Елена Сидорова, Вероника Файнберг, Кирилл Милинцевич
     </name>
    </respStmt>
    <respStmt>
     <name>
      Анастасия Бонч-Осмоловская, Фёкла Толстая, Борис Орехов
     </name>
     <resp>
      Идея, постановка задач, руководство
     </resp>
    </respStmt>
   </titleStmt>
   <publicationStmt>
    <idno>
     Азбука  | Произведения, написанные для «Азбуки» и не включенные в нее
    </idno>
    <publisher>
     <orgName>
      Школа лингвистики НИУ ВШЭ
     </orgName>
    </publisher>
    <availability>
     <p>
      Тексты и метатекстовая разметка доступны для свободного использования и распространения по лицензии Creative Commons Attribution Share-Alike (cc by-sa)
     </p>
    </availability>
   </publicationStmt>
   <sourceDesc>
    <biblStruct>
     <analytic>
      <author>
       Толстой Л.Н.
      </author>
      <title level="a">
       Произведения, написанные для «Азбуки» и не включенные в нее
      </title>
     </analytic>
     <monogr>
      <title level="m">
       Полное собрание сочинений. Том 21
      </title>
      <imprint>
       <pubPlace>
        Москва
       </pubPlace>
       <publisher>
        Государственное издательство "Художественная литература"
       </publisher>
       <date when="1871-1872"/>
      </imprint>
     </monogr>
     <series>
      <title level="s">
       Л.Н. Толстой. Полное собрание сочинений
      </title>
      <biblScope unit="vol">
       21
      </biblScope>
     </series>
    </biblStruct>
   </sourceDesc>
  </fileDesc>
  <encodingDesc>
   <classDecl>
    <xi:include href="taxonomy.xml"/>
   </classDecl>
  </encodingDesc>
  <profileDesc>
   <creation>
    <date notAfter="1872" notBefore="1871">
     1871-1872
    </date>
    <rs/>
   </creation>
   <textClass>
    <catRef target="#fiction" type="sphere"/>
    <catRef target="#произведения для детей" type="type"/>
    <catRef target="#works" type="works_letters_diaries"/>
    <catRef target="#сборник" type="ninetyDef"/>
    <catRef target="#Неопубликованное, неотделанное, неоконченное" type="main_var"/>
    <catRef target="#сборник" type="type_short"/>
    <catRef target="None" type="translation"/>
    <catRef target="None" type="translation_origin"/>
    <catRef target="#да" type="tolstoy_or_not"/>
    <catRef target="None" type="name_status"/>
   </textClass>
   <preparedness>
    finished
   </preparedness>
   <settingDesc>
    <time>
     XIX век
    </time>
   </settingDesc>
  </profileDesc>
  <xenoData>
   <cyclusName/>
   <p>
    Проект
    <title>
     Толстой.Digital
    </title>
    разрабатывается сотрудниками и студентами
    <orgName>
     Высшей школы экономики
    </orgName>
    в сотрудничестве с
    <orgName>
     Государственным музеем Л.Н. Толстого
    </orgName>
    . Источник текстов –
    <bibl>
     90-томное собрание сочинений Л.Н.Толстого
    </bibl>
    . Разметка основана на стандарте
    <ref target="http://www.tei-c.org">
     TEI (Text Encoding Initiative)
    </ref>
    .
   </p>
   <versionNumber/>
   <isFinished/>
   <isEdited/>
   <fullBibliographicDescription/>
  </xenoData>
 </teiHeader>
 <p rend="left emptyline">
  <pb n="214"/>
 </p>
 <div type="section" xml:id="h000013020">
  <head rend="center">
   КАК ГУСИ РИМ СПАСЛИ
  </head>
  <p rend="center" uuid="bf6f8142-3d88-40dc-8f3e-3d6eef5bb58b">
   <hi rend="italic">
    (История)
   </hi>
  </p>
  <p rend="left" uuid="5493153a-3681-43e4-b2e2-d36fc49618bc">
   В 390-м году до P. X. дикие народы галлы напали на римлян. Римляне не могли с ними справиться, и которые убежали совсем вон из города, а которые заперлись в кремле. Кремль этот назывался Капитолий. Остались только в городе одни сенаторы. Галлы вошли в город, перебили всех сенаторов и сожгли Рим. В середине Рима оставался только кремль — Капитолий, куда не могли добраться галлы. Галлам хотелось разграбить Капитолий, потому что они знали, что там много богатств. Но Капитолий стоял на крутой горе: с одной стороны были стены и ворота, а с другой был крутой обрыв. Ночью галлы украдкою полезли из-под обрыва на Капитолий: они поддерживали друг друга снизу и передавали друг другу копья и мечи.
  </p>
  <p rend="left" uuid="e78dbd8a-6f4f-4464-a2bb-03f5e1a2bd3a">
   Так они потихоньку взобрались на обрыв, — ни одна собака не услыхала их.
  </p>
  <p rend="left" uuid="586b41b0-d1b9-48b8-8cae-0056a1b5cf94">
   Они уже полезли через стену, как вдруг гуси почуяли народ, загоготали и захлопали крыльями. Один римлянин проснулся, бросился к стене и сбил под обрыв одного галла. Галл упал и свалил за собою других. Тогда сбежались римляне и стали кидать бревна и каменья под обрыв и перебили много галлов. Потом пришла помощь к Риму, и галлов прогнали.
  </p>
  <p rend="left" uuid="4a1b5472-b56f-4b9f-ab0c-450c0fb8902b">
   С тех пор римляне в память этого дня завели у себя праздник. Жрецы идут наряженные по городу; один из них несет гуся, а за ним на веревке тащат собаку. И народ подходит к гусю и кланяется ему и жрецу: для гусей дают дары, а собаку бьют палками до тех пор, пока она не издохнет.
  </p>
  <p rend="left emptyline" uuid="ba9ec189-e1b2-475b-bdad-f4e8acdeba3d">
   <pb n="215"/>
  </p>
 </div>
</TEI>