<?xml version="1.0" encoding="utf-8"?>
<TEI xmlns="http://www.tei-c.org/ns/1.0" xmlns:xi="http://www.w3.org/2001/XInclude">
 <teiHeader>
  <fileDesc>
   <titleStmt>
    <title>
     Произведения, написанные для «Азбуки» и не включенные в нее
    </title>
    <author>
     Толстой Л.Н.
    </author>
    <respStmt>
     <resp>
      подготовка TEI/XML
     </resp>
     <name>
      Мария Картышева, Евгений Можаев, Даниил Скоринкин, Елена Сидорова, Вероника Файнберг, Кирилл Милинцевич
     </name>
    </respStmt>
    <respStmt>
     <name>
      Анастасия Бонч-Осмоловская, Фёкла Толстая, Борис Орехов
     </name>
     <resp>
      Идея, постановка задач, руководство
     </resp>
    </respStmt>
   </titleStmt>
   <publicationStmt>
    <idno>
     Азбука  | Произведения, написанные для «Азбуки» и не включенные в нее
    </idno>
    <publisher>
     <orgName>
      Школа лингвистики НИУ ВШЭ
     </orgName>
    </publisher>
    <availability>
     <p>
      Тексты и метатекстовая разметка доступны для свободного использования и распространения по лицензии Creative Commons Attribution Share-Alike (cc by-sa)
     </p>
    </availability>
   </publicationStmt>
   <sourceDesc>
    <biblStruct>
     <analytic>
      <author>
       Толстой Л.Н.
      </author>
      <title level="a">
       Произведения, написанные для «Азбуки» и не включенные в нее
      </title>
     </analytic>
     <monogr>
      <title level="m">
       Полное собрание сочинений. Том 21
      </title>
      <imprint>
       <pubPlace>
        Москва
       </pubPlace>
       <publisher>
        Государственное издательство "Художественная литература"
       </publisher>
       <date when="1871-1872"/>
      </imprint>
     </monogr>
     <series>
      <title level="s">
       Л.Н. Толстой. Полное собрание сочинений
      </title>
      <biblScope unit="vol">
       21
      </biblScope>
     </series>
    </biblStruct>
   </sourceDesc>
  </fileDesc>
  <encodingDesc>
   <classDecl>
    <xi:include href="taxonomy.xml"/>
   </classDecl>
  </encodingDesc>
  <profileDesc>
   <creation>
    <date notAfter="1872" notBefore="1871">
     1871-1872
    </date>
    <rs/>
   </creation>
   <textClass>
    <catRef target="#fiction" type="sphere"/>
    <catRef target="#произведения для детей" type="type"/>
    <catRef target="#works" type="works_letters_diaries"/>
    <catRef target="#сборник" type="ninetyDef"/>
    <catRef target="#Неопубликованное, неотделанное, неоконченное" type="main_var"/>
    <catRef target="#сборник" type="type_short"/>
    <catRef target="None" type="translation"/>
    <catRef target="None" type="translation_origin"/>
    <catRef target="#да" type="tolstoy_or_not"/>
    <catRef target="None" type="name_status"/>
   </textClass>
   <preparedness>
    finished
   </preparedness>
   <settingDesc>
    <time>
     XIX век
    </time>
   </settingDesc>
  </profileDesc>
  <xenoData>
   <cyclusName/>
   <p>
    Проект
    <title>
     Толстой.Digital
    </title>
    разрабатывается сотрудниками и студентами
    <orgName>
     Высшей школы экономики
    </orgName>
    в сотрудничестве с
    <orgName>
     Государственным музеем Л.Н. Толстого
    </orgName>
    . Источник текстов –
    <bibl>
     90-томное собрание сочинений Л.Н.Толстого
    </bibl>
    . Разметка основана на стандарте
    <ref target="http://www.tei-c.org">
     TEI (Text Encoding Initiative)
    </ref>
    .
   </p>
   <versionNumber/>
   <isFinished/>
   <isEdited/>
   <fullBibliographicDescription/>
  </xenoData>
 </teiHeader>
 <p rend="left emptyline">
  <pb n="168"/>
 </p>
 <div type="section" xml:id="h000012043">
  <head rend="center">
   ДЛЯ ЧЕГО ВЕТЕР?
  </head>
  <p id="1cfb9058-8b72-4d11-ac1c-67922a2c191e" rend="center">
   <hi rend="italic">
    (Рассуждение)
   </hi>
  </p>
  <p id="84d685a5-09f1-4d31-bf8c-44db4d4b251f" rend="left">
   Свяжут крест из двух лучин и кругом креста обвяжут еще четыре лучины. На всё наклеят бумаги. К одному концу привяжут мочальный хвост, а к другому привяжут длинную бечевку, и выйдет змей. Потом возьмут змей, разбегутся на ветер и пустят. Ветер подхватит змей, занесет его высоко в небо. И змей подрагивает, и гудит, и рвется, и поворачивается, и развевается мочальным хвостом.
  </p>
  <p id="445a8310-7ebc-49f9-8ecd-c423713e28e8" rend="left">
   Если бы не было ветра, нельзя бы было пускать змея.
  </p>
  <p id="c7acbbf2-7a8a-4b5e-8597-0267bb030dde" rend="left">
   Сделают из теса четыре крыла, утвердят их крестом в вал и приделают к валу шестерни и колеса с кулачьями, так чтобы, когда вал вертится, он бы цеплял за шестерни и колеса, а колеса
   <pb n="169"/>
   бы вертели жернов. Потом крылья поставят против ветра: крылья начнут вертеться, станут шестерни и колеса цеплять друг за друга, и жернов станет вертеться на другом жернове И тогда сыплют зерно промежду двух жерновов; зерно растирается, и высыпается в ковш мука.
  </p>
  <p id="6a09dbc5-7449-4741-885d-8c99ac5e2148" rend="left">
   Если бы ветра не было, нельзя бы было молоть зерно на ветряных мельницах.
  </p>
  <p id="13ebfc92-ece5-4d1b-afd4-178bf563e7ce" rend="left">
   Когда плывут на лодке и хотят плыть скорее, то возьмут, на середине лодки, вставят в дыру большой шест, к шесту этому приделана поперек перекладина. К этой перекладине прикрепят холстинный парус, к низу паруса привяжут веревку и держат ее в руках. Потом поставят паруса против ветра. И тогда ветер надует парус так крепко, что лодка нагибается набок, веревка рвется из рук, и лодка поплывет по ветру так скоро, что под носом лодки забурчит вода, и берега точно бегут назад мимо лодки.
  </p>
  <p id="83527803-d814-48b5-bc45-e913fbfdb7d3" rend="left">
   Если бы не было ветра, нельзя бы было плавать с парусом.
  </p>
  <p id="f2c11945-b9e7-44d4-999c-16dc77c37653" rend="left">
   Там, где люди живут, бывает дурной дух; если бы не было ветра, дух этот так и оставался бы. А придет ветер, разгонит дурной дух и принесет из лесов и с полей хороший, чистый воздух. Если бы не было ветра, люди бы надышали и испортили воздух. Воздух всё бы стоял на месте, и людям надо бы уходить из того места, где они надышали.
  </p>
  <p id="190bf6c6-cc83-426c-ac6d-3232e25b00ba" rend="left">
   Когда дикие звери ходят по лесам и полям, то они всегда ходят на ветер, и слышат ушами, и чуют носом то, что впереди их. Если бы не было ветра, они бы не знали, куда им идти.
  </p>
  <p id="06d67f76-76bd-4d04-a022-7f8410aa44ae" rend="left">
   Почти все травы, кусты и деревья такие, что для того, чтобы на траве, кусте или дереве завязалось семя, нужно, чтоб с одного цветка пыль перелетала на другой цветок. Цветки бывают далеко друг от друга, и им нельзя пересылать свою пыль с одного на другой.
  </p>
  <p id="2743e965-8177-4827-8e37-39e22d2ddd8f" rend="left">
   Когда огурцы растут в парниках, где ветра нет, тогда люди сами срывают один цветок и накладывают на другой, чтобы цветовая пыль попала на плодовой цветок и была бы
   <hi rend="italic">
    завязь
   </hi>
   . Пчелы и другие насекомые иногда переносят на лапках пыль с цветка на цветок, но больше всего пыль эту переносит ветер. Если бы не было ветра, половина растений была бы без семени.
  </p>
  <p id="be363e64-c073-40f5-bce1-667b742ee276" rend="left">
   В теплое время над водой поднимается пар. Пар этот поднимается выше, и когда остынет наверху, то падает вниз каплями дождя.
  </p>
  <p id="c79a1012-4ce0-404e-baa6-c2fe44c7a64c" rend="left">
   <pb n="170"/>
   Над землей поднимается пар только там, где есть вода, — над ручьями, над болотами, над прудами и реками, больше всего над морем. Если бы ветру не было, пары не ходили бы, а собирались бы в тучи над водой и падали бы опять там, где поднялись. Над ручьем, над болотом, над рекой, над морем был бы дождь, а на земле, на полях и лесах дождя бы не было. Ветер разносит тучи и поливает землю. Если бы ветра не было, то где вода, там бы было больше воды, а земля вся бы пересохла.
  </p>
 </div>
</TEI>