<?xml version="1.0" encoding="utf-8"?>
<TEI xmlns="http://www.tei-c.org/ns/1.0" xmlns:xi="http://www.w3.org/2001/XInclude">
 <teiHeader>
  <fileDesc>
   <titleStmt>
    <title>
     Произведения, написанные для «Азбуки» и не включенные в нее
    </title>
    <author>
     Толстой Л.Н.
    </author>
    <respStmt>
     <resp>
      подготовка TEI/XML
     </resp>
     <name>
      Мария Картышева, Евгений Можаев, Даниил Скоринкин, Елена Сидорова, Вероника Файнберг, Кирилл Милинцевич
     </name>
    </respStmt>
    <respStmt>
     <name>
      Анастасия Бонч-Осмоловская, Фёкла Толстая, Борис Орехов
     </name>
     <resp>
      Идея, постановка задач, руководство
     </resp>
    </respStmt>
   </titleStmt>
   <publicationStmt>
    <idno>
     Азбука  | Произведения, написанные для «Азбуки» и не включенные в нее
    </idno>
    <publisher>
     <orgName>
      Школа лингвистики НИУ ВШЭ
     </orgName>
    </publisher>
    <availability>
     <p>
      Тексты и метатекстовая разметка доступны для свободного использования и распространения по лицензии Creative Commons Attribution Share-Alike (cc by-sa)
     </p>
    </availability>
   </publicationStmt>
   <sourceDesc>
    <biblStruct>
     <analytic>
      <author>
       Толстой Л.Н.
      </author>
      <title level="a">
       Произведения, написанные для «Азбуки» и не включенные в нее
      </title>
     </analytic>
     <monogr>
      <title level="m">
       Полное собрание сочинений. Том 21
      </title>
      <imprint>
       <pubPlace>
        Москва
       </pubPlace>
       <publisher>
        Государственное издательство "Художественная литература"
       </publisher>
       <date when="1871-1872"/>
      </imprint>
     </monogr>
     <series>
      <title level="s">
       Л.Н. Толстой. Полное собрание сочинений
      </title>
      <biblScope unit="vol">
       21
      </biblScope>
     </series>
    </biblStruct>
   </sourceDesc>
  </fileDesc>
  <encodingDesc>
   <classDecl>
    <xi:include href="taxonomy.xml"/>
   </classDecl>
  </encodingDesc>
  <profileDesc>
   <creation>
    <date notAfter="1872" notBefore="1871">
     1871-1872
    </date>
    <rs/>
   </creation>
   <textClass>
    <catRef target="#fiction" type="sphere"/>
    <catRef target="#произведения для детей" type="type"/>
    <catRef target="#works" type="works_letters_diaries"/>
    <catRef target="#сборник" type="ninetyDef"/>
    <catRef target="#Неопубликованное, неотделанное, неоконченное" type="main_var"/>
    <catRef target="#сборник" type="type_short"/>
    <catRef target="None" type="translation"/>
    <catRef target="None" type="translation_origin"/>
    <catRef target="#да" type="tolstoy_or_not"/>
    <catRef target="None" type="name_status"/>
   </textClass>
   <preparedness>
    finished
   </preparedness>
   <settingDesc>
    <time>
     XIX век
    </time>
   </settingDesc>
  </profileDesc>
  <xenoData>
   <cyclusName/>
   <p>
    Проект
    <title>
     Толстой.Digital
    </title>
    разрабатывается сотрудниками и студентами
    <orgName>
     Высшей школы экономики
    </orgName>
    в сотрудничестве с
    <orgName>
     Государственным музеем Л.Н. Толстого
    </orgName>
    . Источник текстов –
    <bibl>
     90-томное собрание сочинений Л.Н.Толстого
    </bibl>
    . Разметка основана на стандарте
    <ref target="http://www.tei-c.org">
     TEI (Text Encoding Initiative)
    </ref>
    .
   </p>
   <versionNumber/>
   <isFinished/>
   <isEdited/>
   <fullBibliographicDescription/>
  </xenoData>
 </teiHeader>
 <p rend="left emptyline">
  <pb n="210"/>
 </p>
 <div type="section" xml:id="h000012058">
  <head rend="center">
   ВОДЯНОЙ И ЖЕМЧУЖИНА
  </head>
  <p id="91769608-2274-44f3-a4a6-ae3ee6323de3" rend="center">
   <hi rend="italic">
    (Басня)
   </hi>
  </p>
  <p id="04b43b4f-f6b7-4aaa-9e3d-b87529fd3e56" rend="left">
   Один человек ехал на лодке и уронил драгоценный жемчуг в море. Человек вернулся к берегу, взял ведро и стал черпать воду и выливать на землю. Он черпал и выливал три дня без устали.
  </p>
  <p id="cec09bf4-bfff-47ea-aa72-e88db584a677" rend="left">
   На четвертый день вышел из моря водяной и спросил:
  </p>
  <p id="8ef279d5-3a71-4f3a-989e-c0c16a932935" rend="left">
   «Зачем ты черпаешь?»
  </p>
  <p id="5b9183fe-2052-424f-9f1c-8be00f7cdb76" rend="left">
   Человек говорит:
  </p>
  <p id="c73651f2-0aac-4b18-8ee1-0691594b1b98" rend="left">
   «Я черпаю затем, что уронил жемчуг».
  </p>
  <p id="c01c6a32-3067-4431-8dc2-ffc14348e297" rend="left">
   Водяной спросил:
  </p>
  <p id="8d900276-2343-4caf-a8e7-d02e3265aaaf" rend="left">
   «А скоро ли ты перестанешь?»
  </p>
  <p id="1ad65484-e73d-4491-991d-6a81b84f2897" rend="left">
   Человек говорит:
  </p>
  <p id="5d080d06-eac2-4673-94e5-ef399388966a" rend="left">
   «Когда высушу море, тогда перестану».
  </p>
  <p id="1ae3cdb6-ef8a-430b-8295-173119ababf8" rend="left">
   Тогда водяной вернулся в море, принес тот самый жемчуг и отдал человеку.
  </p>
 </div>
</TEI>