<?xml version="1.0" encoding="utf-8"?>
<TEI xmlns="http://www.tei-c.org/ns/1.0" xmlns:xi="http://www.w3.org/2001/XInclude">
 <teiHeader>
  <fileDesc>
   <titleStmt>
    <title>
     Произведения, написанные для «Азбуки» и не включенные в нее
    </title>
    <author>
     Толстой Л.Н.
    </author>
    <respStmt>
     <resp>
      подготовка TEI/XML
     </resp>
     <name>
      Мария Картышева, Евгений Можаев, Даниил Скоринкин, Елена Сидорова, Вероника Файнберг, Кирилл Милинцевич
     </name>
    </respStmt>
    <respStmt>
     <name>
      Анастасия Бонч-Осмоловская, Фёкла Толстая, Борис Орехов
     </name>
     <resp>
      Идея, постановка задач, руководство
     </resp>
    </respStmt>
   </titleStmt>
   <publicationStmt>
    <idno>
     Азбука  | Произведения, написанные для «Азбуки» и не включенные в нее
    </idno>
    <publisher>
     <orgName>
      Школа лингвистики НИУ ВШЭ
     </orgName>
    </publisher>
    <availability>
     <p>
      Тексты и метатекстовая разметка доступны для свободного использования и распространения по лицензии Creative Commons Attribution Share-Alike (cc by-sa)
     </p>
    </availability>
   </publicationStmt>
   <sourceDesc>
    <biblStruct>
     <analytic>
      <author>
       Толстой Л.Н.
      </author>
      <title level="a">
       Произведения, написанные для «Азбуки» и не включенные в нее
      </title>
     </analytic>
     <monogr>
      <title level="m">
       Полное собрание сочинений. Том 21
      </title>
      <imprint>
       <pubPlace>
        Москва
       </pubPlace>
       <publisher>
        Государственное издательство "Художественная литература"
       </publisher>
       <date when="1871-1872"/>
      </imprint>
     </monogr>
     <series>
      <title level="s">
       Л.Н. Толстой. Полное собрание сочинений
      </title>
      <biblScope unit="vol">
       21
      </biblScope>
     </series>
    </biblStruct>
   </sourceDesc>
  </fileDesc>
  <encodingDesc>
   <classDecl>
    <xi:include href="taxonomy.xml"/>
   </classDecl>
  </encodingDesc>
  <profileDesc>
   <creation>
    <date notAfter="1872" notBefore="1871">
     1871-1872
    </date>
    <rs/>
   </creation>
   <textClass>
    <catRef target="#fiction" type="sphere"/>
    <catRef target="#произведения для детей" type="type"/>
    <catRef target="#works" type="works_letters_diaries"/>
    <catRef target="#сборник" type="ninetyDef"/>
    <catRef target="#Неопубликованное, неотделанное, неоконченное" type="main_var"/>
    <catRef target="#сборник" type="type_short"/>
    <catRef target="None" type="translation"/>
    <catRef target="None" type="translation_origin"/>
    <catRef target="#да" type="tolstoy_or_not"/>
    <catRef target="None" type="name_status"/>
   </textClass>
   <preparedness>
    finished
   </preparedness>
   <settingDesc>
    <time>
     XIX век
    </time>
   </settingDesc>
  </profileDesc>
  <xenoData>
   <cyclusName/>
   <p>
    Проект
    <title>
     Толстой.Digital
    </title>
    разрабатывается сотрудниками и студентами
    <orgName>
     Высшей школы экономики
    </orgName>
    в сотрудничестве с
    <orgName>
     Государственным музеем Л.Н. Толстого
    </orgName>
    . Источник текстов –
    <bibl>
     90-томное собрание сочинений Л.Н.Толстого
    </bibl>
    . Разметка основана на стандарте
    <ref target="http://www.tei-c.org">
     TEI (Text Encoding Initiative)
    </ref>
    .
   </p>
   <versionNumber/>
   <isFinished/>
   <isEdited/>
   <fullBibliographicDescription/>
  </xenoData>
 </teiHeader>
 <p rend="left emptyline">
  <pb n="76"/>
 </p>
 <p rend="left Azbuka1" uuid="ec3040d8-92b1-4cb8-828c-1be729997dae">
  <choice>
   <reg>
    Пропал
   </reg>
  </choice>
  у богатого купца
  <choice>
   <reg>
    кошелек
   </reg>
  </choice>
  <choice>
   <reg>
    с
   </reg>
  </choice>
  деньгами и
  <choice>
   <reg>
    объявил
   </reg>
  </choice>
  <choice>
   <reg>
    купец
   </reg>
  </choice>
  , что было
  <choice>
   <reg>
    в
   </reg>
  </choice>
  <choice>
   <reg>
    кошельке
   </reg>
  </choice>
  <choice>
   <reg>
    две
   </reg>
  </choice>
  тысячи рублей и
  <choice>
   <reg>
    обещал
   </reg>
  </choice>
  половину отдать тому, кто
  <choice>
   <reg>
    найдет
   </reg>
  </choice>
  деньги.
  <choice>
   <reg>
    Работник
   </reg>
  </choice>
  <choice>
   <reg>
    нашел
   </reg>
  </choice>
  <choice>
   <reg>
    кошелек
   </reg>
  </choice>
  и
  <choice>
   <reg>
    принес
   </reg>
  </choice>
  <choice>
   <reg>
    к
   </reg>
  </choice>
  купцу. Купцу жаль было отдать
  <choice>
   <reg>
    обещанную
   </reg>
  </choice>
  половину.
  <choice>
   <reg>
    Он
   </reg>
  </choice>
  <choice>
   <reg>
    придумал
   </reg>
  </choice>
  , что будто у него
  <choice>
   <reg>
    кроме
   </reg>
  </choice>
  <choice>
   <reg>
    денег
   </reg>
  </choice>
  ,
  <choice>
   <reg>
    в
   </reg>
  </choice>
  <choice>
   <reg>
    кошельке
   </reg>
  </choice>
  еще дорогой камень
  <choice>
   <reg>
    был
   </reg>
  </choice>
  , и
  <choice>
   <reg>
    говорит
   </reg>
  </choice>
  : я не
  <choice>
   <reg>
    отдам
   </reg>
  </choice>
  <choice>
   <reg>
    денег
   </reg>
  </choice>
  .
  <choice>
   <reg>
    В
   </reg>
  </choice>
  <choice>
   <reg>
    кошельке
   </reg>
  </choice>
  <choice>
   <reg>
    был
   </reg>
  </choice>
  дорогой камень. Отдай
  <choice>
   <reg>
    мне
   </reg>
  </choice>
  камень, тогда
  <choice>
   <reg>
    отдам
   </reg>
  </choice>
  тысячу рублей.
  <choice>
   <reg>
    Работник
   </reg>
  </choice>
  <choice>
   <reg>
    пошел
   </reg>
  </choice>
  <choice>
   <reg>
    к
   </reg>
  </choice>
  <choice>
   <reg>
    судье
   </reg>
  </choice>
  . Судья
  <choice>
   <reg>
    рассудил
   </reg>
  </choice>
  <choice>
   <reg>
    так
   </reg>
  </choice>
  :
  <choice>
   <reg>
    он
   </reg>
  </choice>
  <choice>
   <reg>
    сказал
   </reg>
  </choice>
  купцу: ты
  <choice>
   <reg>
    говорил
   </reg>
  </choice>
  , что
  <choice>
   <reg>
    в
   </reg>
  </choice>
  <choice>
   <reg>
    кошельке
   </reg>
  </choice>
  было
  <choice>
   <reg>
    две
   </reg>
  </choice>
  тысячи рублей и еще камень дорогой. А
  <choice>
   <reg>
    в
   </reg>
  </choice>
  <choice>
   <reg>
    этом
   </reg>
  </choice>
  <choice>
   <reg>
    кошельке
   </reg>
  </choice>
  <choice>
   <reg>
    нет
   </reg>
  </choice>
  камня,
  <choice>
   <reg>
    значит
   </reg>
  </choice>
  <choice>
   <reg>
    кошелек
   </reg>
  </choice>
  <choice>
   <reg>
    этот
   </reg>
  </choice>
  не твой. Пускайже
  <choice>
   <reg>
    этот
   </reg>
  </choice>
  <choice>
   <reg>
    кошелек
   </reg>
  </choice>
  <choice>
   <reg>
    с
   </reg>
  </choice>
  деньгами останется у работника, пока
  <choice>
   <reg>
    их
   </reg>
  </choice>
  <choice>
   <reg>
    хозяин
   </reg>
  </choice>
  найдется, а ты объяви
  <choice>
   <reg>
    об
   </reg>
  </choice>
  своей
  <choice>
   <reg>
    пропаже
   </reg>
  </choice>
  ,
  <choice>
   <reg>
    может
   </reg>
  </choice>
  она и найдется.
  <choice>
   <reg>
    Купец
   </reg>
  </choice>
  не
  <choice>
   <reg>
    стал
   </reg>
  </choice>
  спорить и
  <choice>
   <reg>
    отдал
   </reg>
  </choice>
  работнику тысячу рублей.
 </p>
</TEI>