<?xml version="1.0" encoding="utf-8"?>
<TEI xmlns="http://www.tei-c.org/ns/1.0" xmlns:xi="http://www.w3.org/2001/XInclude">
 <teiHeader>
  <fileDesc>
   <titleStmt>
    <title>
     Произведения, написанные для «Азбуки» и не включенные в нее
    </title>
    <author>
     Толстой Л.Н.
    </author>
    <respStmt>
     <resp>
      подготовка TEI/XML
     </resp>
     <name>
      Мария Картышева, Евгений Можаев, Даниил Скоринкин, Елена Сидорова, Вероника Файнберг, Кирилл Милинцевич
     </name>
    </respStmt>
    <respStmt>
     <name>
      Анастасия Бонч-Осмоловская, Фёкла Толстая, Борис Орехов
     </name>
     <resp>
      Идея, постановка задач, руководство
     </resp>
    </respStmt>
   </titleStmt>
   <publicationStmt>
    <idno>
     Азбука  | Произведения, написанные для «Азбуки» и не включенные в нее
    </idno>
    <publisher>
     <orgName>
      Школа лингвистики НИУ ВШЭ
     </orgName>
    </publisher>
    <availability>
     <p>
      Тексты и метатекстовая разметка доступны для свободного использования и распространения по лицензии Creative Commons Attribution Share-Alike (cc by-sa)
     </p>
    </availability>
   </publicationStmt>
   <sourceDesc>
    <biblStruct>
     <analytic>
      <author>
       Толстой Л.Н.
      </author>
      <title level="a">
       Произведения, написанные для «Азбуки» и не включенные в нее
      </title>
     </analytic>
     <monogr>
      <title level="m">
       Полное собрание сочинений. Том 21
      </title>
      <imprint>
       <pubPlace>
        Москва
       </pubPlace>
       <publisher>
        Государственное издательство "Художественная литература"
       </publisher>
       <date when="1871-1872"/>
      </imprint>
     </monogr>
     <series>
      <title level="s">
       Л.Н. Толстой. Полное собрание сочинений
      </title>
      <biblScope unit="vol">
       21
      </biblScope>
     </series>
    </biblStruct>
   </sourceDesc>
  </fileDesc>
  <encodingDesc>
   <classDecl>
    <xi:include href="taxonomy.xml"/>
   </classDecl>
  </encodingDesc>
  <profileDesc>
   <creation>
    <date notAfter="1872" notBefore="1871">
     1871-1872
    </date>
    <rs/>
   </creation>
   <textClass>
    <catRef target="#fiction" type="sphere"/>
    <catRef target="#произведения для детей" type="type"/>
    <catRef target="#works" type="works_letters_diaries"/>
    <catRef target="#сборник" type="ninetyDef"/>
    <catRef target="#Неопубликованное, неотделанное, неоконченное" type="main_var"/>
    <catRef target="#сборник" type="type_short"/>
    <catRef target="None" type="translation"/>
    <catRef target="None" type="translation_origin"/>
    <catRef target="#да" type="tolstoy_or_not"/>
    <catRef target="None" type="name_status"/>
   </textClass>
   <preparedness>
    finished
   </preparedness>
   <settingDesc>
    <time>
     XIX век
    </time>
   </settingDesc>
  </profileDesc>
  <xenoData>
   <cyclusName/>
   <p>
    Проект
    <title>
     Толстой.Digital
    </title>
    разрабатывается сотрудниками и студентами
    <orgName>
     Высшей школы экономики
    </orgName>
    в сотрудничестве с
    <orgName>
     Государственным музеем Л.Н. Толстого
    </orgName>
    . Источник текстов –
    <bibl>
     90-томное собрание сочинений Л.Н.Толстого
    </bibl>
    . Разметка основана на стандарте
    <ref target="http://www.tei-c.org">
     TEI (Text Encoding Initiative)
    </ref>
    .
   </p>
   <versionNumber/>
   <isFinished/>
   <isEdited/>
   <fullBibliographicDescription/>
  </xenoData>
 </teiHeader>
 <p rend="left emptyline">
  <pb n="79"/>
 </p>
 <p rend="centerline Azbuka1" uuid="d3a05c8a-d221-4047-974d-2b23a3a84540">
  <hi rend="Razradka">
   Находк
  </hi>
  а. (Быль.)
 </p>
 <p rend="left Azbuka1" uuid="d64be0cf-7181-4962-bc4f-0f4a21b5aaa2">
  Въ одной деревнѣ жила старушка съ внучкой. Онѣ были очень бѣдны и ѣсть имъ было нечего. Пришло Свѣтло Христово Воскресенье. Народъ радуется. Всѣ купили себѣ разговѣться, только старушкѣ съ внучкой нечѣмъ разговѣться. Поплакали онѣ, и стали Бога просить, чтобы Онъ имъ помогъ. И вспомнила старушка, что встарину, во время француза, мужики деньги въ землю зарывали. Старушка и говорить внучкѣ: «возьми ты, внучка, лопатку и иди на старое селище; помолись Богу, да порой въ землѣ, можеть Богъ намъ и пошлетъ что нибудь. Внучка и думаетъ: какъ можно кладъ найдти. Ну да сдѣлаю, какъ бабушка велитъ. Взяла лопату и пошла. Вырыла она яму и думаетъ: будетъ, порылась, пойду домой. Хотѣла подымать лопату, слышитъ — обо что-то лопата стукнула. Она нагнулась, видитъ кубышка большая. Потрясла ее, что-то звенитъ. Она бросила лопату, побѣжала къ бабушкѣ, кричитъ: бабушка, кладъ нашла! Открыли кубышку, въ ней полно серебряныхъ, рубленыхъ копѣечекъ. И бабушка съ внучкой купили себѣ къ празднику, чѣмъ разговѣться и корову купили и благодарили Бога, что онъ услышалъ ихъ молитву.
 </p>
</TEI>