<?xml version="1.0" encoding="utf-8"?>
<TEI xmlns="http://www.tei-c.org/ns/1.0" xmlns:xi="http://www.w3.org/2001/XInclude">
 <teiHeader>
  <fileDesc>
   <titleStmt>
    <title>
     Произведения, написанные для «Азбуки» и не включенные в нее
    </title>
    <author>
     Толстой Л.Н.
    </author>
    <respStmt>
     <resp>
      подготовка TEI/XML
     </resp>
     <name>
      Мария Картышева, Евгений Можаев, Даниил Скоринкин, Елена Сидорова, Вероника Файнберг, Кирилл Милинцевич
     </name>
    </respStmt>
    <respStmt>
     <name>
      Анастасия Бонч-Осмоловская, Фёкла Толстая, Борис Орехов
     </name>
     <resp>
      Идея, постановка задач, руководство
     </resp>
    </respStmt>
   </titleStmt>
   <publicationStmt>
    <idno>
     Азбука  | Произведения, написанные для «Азбуки» и не включенные в нее
    </idno>
    <publisher>
     <orgName>
      Школа лингвистики НИУ ВШЭ
     </orgName>
    </publisher>
    <availability>
     <p>
      Тексты и метатекстовая разметка доступны для свободного использования и распространения по лицензии Creative Commons Attribution Share-Alike (cc by-sa)
     </p>
    </availability>
   </publicationStmt>
   <sourceDesc>
    <biblStruct>
     <analytic>
      <author>
       Толстой Л.Н.
      </author>
      <title level="a">
       Произведения, написанные для «Азбуки» и не включенные в нее
      </title>
     </analytic>
     <monogr>
      <title level="m">
       Полное собрание сочинений. Том 21
      </title>
      <imprint>
       <pubPlace>
        Москва
       </pubPlace>
       <publisher>
        Государственное издательство "Художественная литература"
       </publisher>
       <date when="1871-1872"/>
      </imprint>
     </monogr>
     <series>
      <title level="s">
       Л.Н. Толстой. Полное собрание сочинений
      </title>
      <biblScope unit="vol">
       21
      </biblScope>
     </series>
    </biblStruct>
   </sourceDesc>
  </fileDesc>
  <encodingDesc>
   <classDecl>
    <xi:include href="taxonomy.xml"/>
   </classDecl>
  </encodingDesc>
  <profileDesc>
   <creation>
    <date notAfter="1872" notBefore="1871">
     1871-1872
    </date>
    <rs/>
   </creation>
   <textClass>
    <catRef target="#fiction" type="sphere"/>
    <catRef target="#произведения для детей" type="type"/>
    <catRef target="#works" type="works_letters_diaries"/>
    <catRef target="#сборник" type="ninetyDef"/>
    <catRef target="#Неопубликованное, неотделанное, неоконченное" type="main_var"/>
    <catRef target="#сборник" type="type_short"/>
    <catRef target="None" type="translation"/>
    <catRef target="None" type="translation_origin"/>
    <catRef target="#да" type="tolstoy_or_not"/>
    <catRef target="None" type="name_status"/>
   </textClass>
   <preparedness>
    finished
   </preparedness>
   <settingDesc>
    <time>
     XIX век
    </time>
   </settingDesc>
  </profileDesc>
  <xenoData>
   <cyclusName/>
   <p>
    Проект
    <title>
     Толстой.Digital
    </title>
    разрабатывается сотрудниками и студентами
    <orgName>
     Высшей школы экономики
    </orgName>
    в сотрудничестве с
    <orgName>
     Государственным музеем Л.Н. Толстого
    </orgName>
    . Источник текстов –
    <bibl>
     90-томное собрание сочинений Л.Н.Толстого
    </bibl>
    . Разметка основана на стандарте
    <ref target="http://www.tei-c.org">
     TEI (Text Encoding Initiative)
    </ref>
    .
   </p>
   <versionNumber/>
   <isFinished/>
   <isEdited/>
   <fullBibliographicDescription/>
  </xenoData>
 </teiHeader>
 <p rend="left emptyline">
  <pb n="223"/>
 </p>
 <div type="section" xml:id="h000013030">
  <head rend="center">
   КАК Я ВЫУЧИЛСЯ ЕЗДИТЬ ВЕРХОМ
  </head>
  <p rend="center" uuid="2ab9685e-2fae-423b-a8f8-82e9747d81db">
   <hi rend="italic">
    (Рассказ барина)
   </hi>
  </p>
  <p rend="left" uuid="fe748493-3b21-4fd8-9f5c-17424510556e">
   Когда жили в городе, мы каждый день учились, только по воскресеньям и по праздникам ходили гулять и играли с братьями. Один раз батюшка сказал: «Надо старшим детям учиться ездить верхом. Послать их в манеж». Я был меньше всех братьев и спросил: «А мне можно учиться?» Батюшка сказал: «Ты упадешь». Я стал просить его, чтоб меня тоже учили, и чуть не заплакал. Батюшка сказал: «Ну, хорошо, и тебя тоже. Только смотри: не плачь, когда упадешь. Кто ни разу не упадет с лошади, не выучится верхом ездить».
  </p>
  <p rend="left" uuid="26a2fdb6-59c5-4a0c-a0f9-88e979eec175">
   Когда пришла середа, нас троих повезли в манеж. Мы вошли на большое крыльцо, а с большого крыльца прошли на маленькое
   <pb n="224"/>
   крылечко. А под крылечком была очень большая комната. В комнате вместо пола был песок. И по этой комнате ездили верхом господа и барыни и такие же мальчики, как мы. Это и был манеж. В манеже было не совсем светло и пахло лошадьми, и слышно было, как хлопают бичами, кричат на лошадей, и лошади стучат копытами о деревянные стены. Я сначала испугался и не мог ничего рассмотреть. Потом наш дядька позвал берейтора и сказал: «Вот этим мальчикам дайте лошадей, они будут учиться ездить верхом». Берейтор сказал: «Хорошо».
  </p>
  <p rend="left" uuid="8e062ab7-9e8b-4749-9988-75b3a7f6b3e8">
   Потом он посмотрел на меня и сказал: «Этот мал очень». А дядька сказал: «Он обещает не плакать, когда упадет». Берейтор засмеялся и ушел.
  </p>
  <p rend="left" uuid="b2de67d8-4159-4e17-8011-34d9a5c21ca9">
   Потом привели трех оседланных лошадей; мы сняли шинели и сошли по лестнице вниз в манеж, берейтор держал лошадь за корду
   <note n="n66">
    <div type="section" xml:id="n66">
     <head rend="left">
      <ref target="#backn66">
       66
      </ref>
     </head>
     <p rend="left Razradka" uuid="3d713730-f51f-4441-af65-708b93a13d1b">
      Корда — веревка, для того, чтобы по кругу гонять лошадей.
     </p>
    </div>
   </note>
   а братья ездили кругом него.
  </p>
  <p rend="left" uuid="f5a5102c-e3a2-419a-90cd-e2b59f81693a">
   Сначала они ездили шагом, потом рысью. Потом привели маленькую лошадку. Она была рыжая, и хвост у нее был обрезан. Ее звали Червончик. Берейтор засмеялся и сказал мне: «Ну, кавалер, садитесь». Я и радовался, и боялся, и старался так сделать, чтоб никто этого не заметил. Я долго старался попасть ногою в стремя, но никак не мог, потому что я был слишком мал. Тогда берейтор поднял меня на руки и посадил. Он сказал: «Не тяжел барин, — фунта два, больше не будет».
  </p>
  <p rend="left" uuid="cf8aa4b9-fe11-4899-b85a-6d3dd5265cf3">
   Он сначала держал меня за руку; но я видел, что братьев не держали, и просил, чтобы меня пустили. Он сказал: «А не боитесь?» Я очень боялся, но сказал, что не боюсь. Боялся я больше оттого, что Червончик всё поджимал уши. Я думал, что он на меня сердится. Берейтор сказал: «Ну, смотрите ж, не падайте!» и пустил меня. Сначала Червончик ходил шагом, и я держался прямо. Но седло было скользкое, и я боялся свернуться. Берейтор меня спросил: «Ну, что, утвердились?» Я ему сказал: «Утвердился». — «Ну, теперь рысцой!» — и берейтор защелкал языком.
  </p>
  <p rend="left" uuid="1d6cf216-1529-4065-be02-a478b43ecd85">
   Червончик побежал маленькой рысью, и меня стало подкидывать. Но я всё молчал и старался не свернуться на бок. Берейтор меня похвалил: «Ай да кавалер, хорошо!» Я был очень этому рад.
  </p>
  <p rend="left" uuid="467a58c0-654f-4b34-9de5-e755ce559e51">
   <pb n="225"/>
   В это время к берейтору подошел его товарищ и стал с ним разговаривать, и берейтор перестал смотреть на меня.
  </p>
  <p rend="left" uuid="f19eebe1-57d6-4dd2-b715-a917f9ed8c73">
   Только вдруг я почувствовал, что я свернулся немножко на бок седла. Я хотел поправиться, но никак не мог. Я хотел закричать берейтору, чтоб он остановил, но думал, что будет стыдно, если я это сделаю, и молчал. Берейтор не смотрел на меня. Червончик всё бежал рысью, и я еще больше сбился на бок. Я посмотрел на берейтора и думал, что он поможет мне; а он всё разговаривал с своим товарищем и, не глядя на меня, приговаривал: «Молодец, кавалер!» Я уже совсем был на боку и очень испугался. Я думал, что я пропал. Но кричать мне стыдно было. Червончик тряхнул меня еще раз, я совсем соскользнул и упал на землю. Тогда Червончик остановился, берейтор оглянулся и увидал, что на Червончике меня нет. Он сказал: «Вот-те на! свалился кавалер мой», и подошел ко мне. Когда я ему сказал, что не ушибся, он засмеялся и сказал: «Детское тело мягкое». А мне хотелось плакать. Я попросил, чтобы меня опять посадили, и меня посадили. И я уж больше не падал.
  </p>
  <p rend="left" uuid="9e053a47-fb48-46b3-84aa-12bcb3973e33">
   Так мы ездили в манеже два раза в неделю, и я скоро выучился ездить хорошо и ничего не боялся.
  </p>
 </div>
</TEI>