<?xml version="1.0" encoding="utf-8"?>
<TEI xmlns="http://www.tei-c.org/ns/1.0" xmlns:xi="http://www.w3.org/2001/XInclude">
 <teiHeader>
  <fileDesc>
   <titleStmt>
    <title>
     Произведения, написанные для «Азбуки» и не включенные в нее
    </title>
    <author>
     Толстой Л.Н.
    </author>
    <respStmt>
     <resp>
      подготовка TEI/XML
     </resp>
     <name>
      Мария Картышева, Евгений Можаев, Даниил Скоринкин, Елена Сидорова, Вероника Файнберг, Кирилл Милинцевич
     </name>
    </respStmt>
    <respStmt>
     <name>
      Анастасия Бонч-Осмоловская, Фёкла Толстая, Борис Орехов
     </name>
     <resp>
      Идея, постановка задач, руководство
     </resp>
    </respStmt>
   </titleStmt>
   <publicationStmt>
    <idno>
     Азбука  | Произведения, написанные для «Азбуки» и не включенные в нее
    </idno>
    <publisher>
     <orgName>
      Школа лингвистики НИУ ВШЭ
     </orgName>
    </publisher>
    <availability>
     <p>
      Тексты и метатекстовая разметка доступны для свободного использования и распространения по лицензии Creative Commons Attribution Share-Alike (cc by-sa)
     </p>
    </availability>
   </publicationStmt>
   <sourceDesc>
    <biblStruct>
     <analytic>
      <author>
       Толстой Л.Н.
      </author>
      <title level="a">
       Произведения, написанные для «Азбуки» и не включенные в нее
      </title>
     </analytic>
     <monogr>
      <title level="m">
       Полное собрание сочинений. Том 21
      </title>
      <imprint>
       <pubPlace>
        Москва
       </pubPlace>
       <publisher>
        Государственное издательство "Художественная литература"
       </publisher>
       <date when="1871-1872"/>
      </imprint>
     </monogr>
     <series>
      <title level="s">
       Л.Н. Толстой. Полное собрание сочинений
      </title>
      <biblScope unit="vol">
       21
      </biblScope>
     </series>
    </biblStruct>
   </sourceDesc>
  </fileDesc>
  <encodingDesc>
   <classDecl>
    <xi:include href="taxonomy.xml"/>
   </classDecl>
  </encodingDesc>
  <profileDesc>
   <creation>
    <date notAfter="1872" notBefore="1871">
     1871-1872
    </date>
    <rs/>
   </creation>
   <textClass>
    <catRef target="#fiction" type="sphere"/>
    <catRef target="#произведения для детей" type="type"/>
    <catRef target="#works" type="works_letters_diaries"/>
    <catRef target="#сборник" type="ninetyDef"/>
    <catRef target="#Неопубликованное, неотделанное, неоконченное" type="main_var"/>
    <catRef target="#сборник" type="type_short"/>
    <catRef target="None" type="translation"/>
    <catRef target="None" type="translation_origin"/>
    <catRef target="#да" type="tolstoy_or_not"/>
    <catRef target="None" type="name_status"/>
   </textClass>
   <preparedness>
    finished
   </preparedness>
   <settingDesc>
    <time>
     XIX век
    </time>
   </settingDesc>
  </profileDesc>
  <xenoData>
   <cyclusName/>
   <p>
    Проект
    <title>
     Толстой.Digital
    </title>
    разрабатывается сотрудниками и студентами
    <orgName>
     Высшей школы экономики
    </orgName>
    в сотрудничестве с
    <orgName>
     Государственным музеем Л.Н. Толстого
    </orgName>
    . Источник текстов –
    <bibl>
     90-томное собрание сочинений Л.Н.Толстого
    </bibl>
    . Разметка основана на стандарте
    <ref target="http://www.tei-c.org">
     TEI (Text Encoding Initiative)
    </ref>
    .
   </p>
   <versionNumber/>
   <isFinished/>
   <isEdited/>
   <fullBibliographicDescription/>
  </xenoData>
 </teiHeader>
 <p rend="left emptyline">
  <pb n="163"/>
 </p>
 <div type="section" xml:id="h000012036">
  <head rend="center">
   БЕШЕНАЯ СОБАКА
  </head>
  <p id="3eb4a354-e397-4231-87a1-4436cc939f30" rend="center">
   <hi rend="italic">
    (Быль)
   </hi>
  </p>
  <p id="320873d3-18b2-45f1-bfeb-0402437f2b50" rend="left">
   Барин купил лягавого щенка в городе и в рукаве шубы привез его в деревню. Барыня полюбила щенка и в горницах выхаживала его. Щенок вырос, и его назвали Дружком.
  </p>
  <p id="89ac24d2-9665-4594-b286-0d0df79472a0" rend="left">
   Он ходил на охоту с барином, караулил дом и играл с детьми.
  </p>
  <p id="c81212ff-5782-4a52-9853-072e1f276aee" rend="left">
   Один раз в сад забежала собака. Собака эта бежала прямо
   <pb n="164"/>
   по дорожке, хвост у ней был опущен, рот был открыт и изо рта текли слюни. Дети были в саду.
  </p>
  <p id="d211b5da-5a44-4187-87b6-d5f2a77ab665" rend="left">
   Барин увидал эту собаку и закричал:
  </p>
  <p id="316a9c9d-2e89-4d3b-86d8-09a441a23c59" rend="left">
   — Дети! Бегите скорее домой, — бешеная собака!
  </p>
  <p id="a01baa25-3038-4b29-a27e-b65caa3accde" rend="left">
   Дети услыхали, что кричал отец, но не видали собаки и бежали ей прямо навстречу. Бешеная собака хотела броситься на одного из детей, но в это время Дружок кинулся на собаку и стал с ней грызться.
  </p>
  <p id="bf25700e-f526-43e9-960e-c6321977e8c0" rend="left">
   Дети убежали, но когда Дружок вернулся в дом, он визжал и на шее у него была кровь.
  </p>
  <p id="33cbb8dd-3046-473c-91c6-58789e86e139" rend="left">
   Через десять дней Дружок стал скучен, не пил, не ел и бросился грызть щенка. Дружка заперли в пустую горницу.
  </p>
  <p id="02ad95bc-ef8a-45da-856f-14cdffe74389" rend="left">
   Дети не понимали, зачем заперли Дружка, и пошли потихоньку посмотреть собаку.
  </p>
  <p id="83255fd3-fe34-4146-a97d-a36c8d9e931b" rend="left">
   Они отперли дверь и стали кликать Дружка. Дружок чуть не сбил их с ног, выбежал на двор и лег в саду под кустом. Когда барыня увидала Дружка, она кликнула его, но Дружок не послушался, не замахал хвостом и не взглянул на нее. Глаза у него были мутные, изо рта текла слюня. Тогда барыня позвала мужа и сказала:
  </p>
  <p id="04256e74-df63-433b-afe3-0cbb59cece13" rend="left">
   — Иди скорей! Кто-то выпустил Дружка, он совсем бешеный. Ради бога, сделай с ним что-нибудь.
  </p>
  <p id="9df2985b-d0b2-4698-a42d-1bc256c68a3f" rend="left">
   Барин вынес ружье и подошел к Дружку. Он прицелился в него, но рука тряслась у него, когда он целился. Он выстрелил и не попал в голову, а в зад.
  </p>
  <p id="194b0a06-8fa4-4010-a98a-95ffcb7f03e5" rend="left">
   Собака завизжала и забилась.
  </p>
  <p id="f8813a52-d6dc-4181-a1d7-b241c712cce5" rend="left">
   Барин подошел ближе, чтобы рассмотреть, что с ним.
  </p>
  <p id="b3f1383e-4f8c-4634-a69c-8e8e4dd93d8c" rend="left">
   Весь зад у Дружка был в крови и обе задние ноги перебиты. Дружок подполз к барину и стал лизать ему ногу. Барин затрясся, заплакал и убежал в дом.
  </p>
  <p id="deb6f608-de17-4862-9177-2dc477796b26" rend="left">
   Тогда кликнули охотника, и охотник из другого ружья до смерти убил собаку и унес ее.
  </p>
 </div>
</TEI>