<?xml version="1.0" encoding="utf-8"?>
<TEI xmlns="http://www.tei-c.org/ns/1.0" xmlns:xi="http://www.w3.org/2001/XInclude">
 <teiHeader>
  <fileDesc>
   <titleStmt>
    <title>
     Произведения, написанные для «Азбуки» и не включенные в нее
    </title>
    <author>
     Толстой Л.Н.
    </author>
    <respStmt>
     <resp>
      подготовка TEI/XML
     </resp>
     <name>
      Мария Картышева, Евгений Можаев, Даниил Скоринкин, Елена Сидорова, Вероника Файнберг, Кирилл Милинцевич
     </name>
    </respStmt>
    <respStmt>
     <name>
      Анастасия Бонч-Осмоловская, Фёкла Толстая, Борис Орехов
     </name>
     <resp>
      Идея, постановка задач, руководство
     </resp>
    </respStmt>
   </titleStmt>
   <publicationStmt>
    <idno>
     Азбука  | Произведения, написанные для «Азбуки» и не включенные в нее
    </idno>
    <publisher>
     <orgName>
      Школа лингвистики НИУ ВШЭ
     </orgName>
    </publisher>
    <availability>
     <p>
      Тексты и метатекстовая разметка доступны для свободного использования и распространения по лицензии Creative Commons Attribution Share-Alike (cc by-sa)
     </p>
    </availability>
   </publicationStmt>
   <sourceDesc>
    <biblStruct>
     <analytic>
      <author>
       Толстой Л.Н.
      </author>
      <title level="a">
       Произведения, написанные для «Азбуки» и не включенные в нее
      </title>
     </analytic>
     <monogr>
      <title level="m">
       Полное собрание сочинений. Том 21
      </title>
      <imprint>
       <pubPlace>
        Москва
       </pubPlace>
       <publisher>
        Государственное издательство "Художественная литература"
       </publisher>
       <date when="1871-1872"/>
      </imprint>
     </monogr>
     <series>
      <title level="s">
       Л.Н. Толстой. Полное собрание сочинений
      </title>
      <biblScope unit="vol">
       21
      </biblScope>
     </series>
    </biblStruct>
   </sourceDesc>
  </fileDesc>
  <encodingDesc>
   <classDecl>
    <xi:include href="taxonomy.xml"/>
   </classDecl>
  </encodingDesc>
  <profileDesc>
   <creation>
    <date notAfter="1872" notBefore="1871">
     1871-1872
    </date>
    <rs/>
   </creation>
   <textClass>
    <catRef target="#fiction" type="sphere"/>
    <catRef target="#произведения для детей" type="type"/>
    <catRef target="#works" type="works_letters_diaries"/>
    <catRef target="#сборник" type="ninetyDef"/>
    <catRef target="#Неопубликованное, неотделанное, неоконченное" type="main_var"/>
    <catRef target="#сборник" type="type_short"/>
    <catRef target="None" type="translation"/>
    <catRef target="None" type="translation_origin"/>
    <catRef target="#да" type="tolstoy_or_not"/>
    <catRef target="None" type="name_status"/>
   </textClass>
   <preparedness>
    finished
   </preparedness>
   <settingDesc>
    <time>
     XIX век
    </time>
   </settingDesc>
  </profileDesc>
  <xenoData>
   <cyclusName/>
   <p>
    Проект
    <title>
     Толстой.Digital
    </title>
    разрабатывается сотрудниками и студентами
    <orgName>
     Высшей школы экономики
    </orgName>
    в сотрудничестве с
    <orgName>
     Государственным музеем Л.Н. Толстого
    </orgName>
    . Источник текстов –
    <bibl>
     90-томное собрание сочинений Л.Н.Толстого
    </bibl>
    . Разметка основана на стандарте
    <ref target="http://www.tei-c.org">
     TEI (Text Encoding Initiative)
    </ref>
    .
   </p>
   <versionNumber/>
   <isFinished/>
   <isEdited/>
   <fullBibliographicDescription/>
  </xenoData>
 </teiHeader>
 <p rend="left emptyline">
  <pb n="245"/>
 </p>
 <div type="section" xml:id="h000013047">
  <head rend="center">
   ОСНОВАНИЕ РИМА
  </head>
  <p rend="center" uuid="57ddfdf0-8019-4eac-9c69-8064327865bd">
   <hi rend="italic">
    (История)
   </hi>
  </p>
  <p rend="left" uuid="d8a41082-94fd-4ba4-b303-774b7fb22db3">
   Был один царь, и у него было два сына: Нумитор и Амулий. Когда он умирал, он сказал сыновьям: «Как вы хотите разделиться между собою? Кто возьмет себе царство, а кто все мои богатства?» Нумитор взял царство, а Амулий взял богатства. Когда Амулий взял богатства, ему стало завидно, что брат его царем, и он стал дарить солдат и уговаривать, чтобы они прогнали Нумитора, а его бы поставили царем. Солдаты так и сделали, и Амулий стал царем. У Нумитора была дочь. У дочери этой родилась двойня — два мальчика. Оба были велики и красивы.
  </p>
  <p rend="left" uuid="c1aaeb4e-d35d-4f49-91ea-fdddc7bb8375">
   Амулий боялся, чтобы народ не полюбил этих близнецов, когда они вырастут, и не выбрал бы их царями. Он позвал своего слугу, Фаустина, и сказал ему: «Возьми этих двух мальчиков и брось их в реку».
  </p>
  <p rend="left" uuid="aca7f6fe-c033-4100-966a-b4ecacfdadb5">
   Река называлась Тибр.
  </p>
  <p rend="left" uuid="264ad33d-3857-475a-bf99-4ccbb1546298">
   Фаустин положил детей в зыбку, отнес на берег и положил там. Фаустин думал, что они помрут сами. Но Тибр разлился до берега, поднял колыбелку, понес ее и поставил у высокого дерева. Ночью пришла волчица и стала своим молоком кормить близнецов.
  </p>
  <p rend="left" uuid="145132ae-61d4-452b-bd0b-b34a00769f4e">
   Мальчики выросли большие и стали красивые и сильные. Они жили в лесу недалеко от того города, где жил Амулий, научились бить зверей и тем кормились. Народ узнал их и полюбил за их красоту. Большого прозвали Ромулом, а меньшого — Ремом.
  </p>
  <p rend="left" uuid="7bc6e54f-0104-4328-82eb-3d61977bbd68">
   Один раз пастухи Нумитора и Амулия стерегли скотину не далеко от леса и поссорились; Амулиевы пастухи угнали стада Нумитора. Близнецы увидали это и добежали за пастухами, догнали их и отняли скотину.
  </p>
  <p rend="left" uuid="ee635179-44bf-4c88-ad90-750dbff82756">
   Пастухи Нумитора были сердиты за это на близнецов, выбрали время, когда Ромула не было, схватили Рема и привели в город
   <pb n="246"/>
   к Нумитору и говорят: «Проявились в лесу два брата, отбивают скотину и разбойничают. Вот мы одного поймали и привели». Нумитор велел отвести Рема к царю Амулию. Амулий сказал: «Они обидели братниных пастухов, пускай брат их и судит». Рема опять привели к Нумитору. Нумитор позвал его к себе и спросил: «Откуда ты и кто ты такой?»
  </p>
  <p rend="left" uuid="cd2f2a90-70b3-4933-ae51-7a346e7aebb1">
   Рем сказал: «Нас два брата; когда мы были маленькие, нас принесло в колыбелке к дереву на берегу Тибра, и там нас кормили дикие звери и птицы. И там мы выросли. А чтобы узнать, кто мы такие, — у нас осталась наша зыбка. На ней медные полоски и на полосках что-то написано».
  </p>
  <p rend="left" uuid="72fb866f-d37c-4757-9077-aca5eb1ee587">
   Нумитор удивился и подумал: не его ли это внуки? Он оставил у себя Рема и послал за Фаустином, чтобы спросить его.
  </p>
  <p rend="left" uuid="018b1ff7-a432-47ec-986e-9ceade19ea38">
   Между тем Ромул искал брата и нигде не мог найти его. Когда ему сказали пастухи, что брата повели в город, — он взял с собою зыбку и пошел за ним. Фаустин сейчас узнал зыбку и сказал народу, что это внуки Нумитора, что Амулий хотел утопить их. Тогда народ озлобился на Амулия и убил его, а Ромула и Рема выбрал царями. Но Ромул и Рем не захотели жить в этом городе и оставили тут царствовать своего деда Нумитора. А сами пошли назад к тому месту под деревом, где их выкормила волчица подле реки Тибра, и построили там новый город — Рим.
  </p>
 </div>
</TEI>