<?xml version="1.0" encoding="utf-8"?>
<TEI xmlns="http://www.tei-c.org/ns/1.0" xmlns:xi="http://www.w3.org/2001/XInclude">
 <teiHeader>
  <fileDesc>
   <titleStmt>
    <title>
     Произведения, написанные для «Азбуки» и не включенные в нее
    </title>
    <author>
     Толстой Л.Н.
    </author>
    <respStmt>
     <resp>
      подготовка TEI/XML
     </resp>
     <name>
      Мария Картышева, Евгений Можаев, Даниил Скоринкин, Елена Сидорова, Вероника Файнберг, Кирилл Милинцевич
     </name>
    </respStmt>
    <respStmt>
     <name>
      Анастасия Бонч-Осмоловская, Фёкла Толстая, Борис Орехов
     </name>
     <resp>
      Идея, постановка задач, руководство
     </resp>
    </respStmt>
   </titleStmt>
   <publicationStmt>
    <idno>
     Азбука  | Произведения, написанные для «Азбуки» и не включенные в нее
    </idno>
    <publisher>
     <orgName>
      Школа лингвистики НИУ ВШЭ
     </orgName>
    </publisher>
    <availability>
     <p>
      Тексты и метатекстовая разметка доступны для свободного использования и распространения по лицензии Creative Commons Attribution Share-Alike (cc by-sa)
     </p>
    </availability>
   </publicationStmt>
   <sourceDesc>
    <biblStruct>
     <analytic>
      <author>
       Толстой Л.Н.
      </author>
      <title level="a">
       Произведения, написанные для «Азбуки» и не включенные в нее
      </title>
     </analytic>
     <monogr>
      <title level="m">
       Полное собрание сочинений. Том 21
      </title>
      <imprint>
       <pubPlace>
        Москва
       </pubPlace>
       <publisher>
        Государственное издательство "Художественная литература"
       </publisher>
       <date when="1871-1872"/>
      </imprint>
     </monogr>
     <series>
      <title level="s">
       Л.Н. Толстой. Полное собрание сочинений
      </title>
      <biblScope unit="vol">
       21
      </biblScope>
     </series>
    </biblStruct>
   </sourceDesc>
  </fileDesc>
  <encodingDesc>
   <classDecl>
    <xi:include href="taxonomy.xml"/>
   </classDecl>
  </encodingDesc>
  <profileDesc>
   <creation>
    <date notAfter="1872" notBefore="1871">
     1871-1872
    </date>
    <rs/>
   </creation>
   <textClass>
    <catRef target="#fiction" type="sphere"/>
    <catRef target="#произведения для детей" type="type"/>
    <catRef target="#works" type="works_letters_diaries"/>
    <catRef target="#сборник" type="ninetyDef"/>
    <catRef target="#Неопубликованное, неотделанное, неоконченное" type="main_var"/>
    <catRef target="#сборник" type="type_short"/>
    <catRef target="None" type="translation"/>
    <catRef target="None" type="translation_origin"/>
    <catRef target="#да" type="tolstoy_or_not"/>
    <catRef target="None" type="name_status"/>
   </textClass>
   <preparedness>
    finished
   </preparedness>
   <settingDesc>
    <time>
     XIX век
    </time>
   </settingDesc>
  </profileDesc>
  <xenoData>
   <cyclusName/>
   <p>
    Проект
    <title>
     Толстой.Digital
    </title>
    разрабатывается сотрудниками и студентами
    <orgName>
     Высшей школы экономики
    </orgName>
    в сотрудничестве с
    <orgName>
     Государственным музеем Л.Н. Толстого
    </orgName>
    . Источник текстов –
    <bibl>
     90-томное собрание сочинений Л.Н.Толстого
    </bibl>
    . Разметка основана на стандарте
    <ref target="http://www.tei-c.org">
     TEI (Text Encoding Initiative)
    </ref>
    .
   </p>
   <versionNumber/>
   <isFinished/>
   <isEdited/>
   <fullBibliographicDescription/>
  </xenoData>
 </teiHeader>
 <p rend="left emptyline">
  <pb n="115"/>
 </p>
 <div type="section" xml:id="h000011028">
  <head rend="center">
   КАК МАЛЬЧИК РАССКАЗЫВАЛ О ТОМ, КАК ОН ДЕДУШКЕ НАШЕЛ ПЧЕЛИНЫХ МАТОК
  </head>
  <p rend="center" uuid="85379028-9a14-4a26-b62d-960591c98a41">
   <hi rend="italic">
    (Рассказ)
   </hi>
  </p>
  <p rend="left" uuid="8173f6b7-b8c6-474f-927e-491318f51a3d">
   Мой дедушка летом жил на пчельнике. Когда я прихаживал к нему, он давал мне меду.
  </p>
  <p rend="left" uuid="41f439ed-3737-461f-93f8-d580240772e9">
   Один раз я пришел на пчельник и стал ходить промеж ульев. Я не боялся пчел, потому что дед научил меня тихо ходить по осеку
   <note n="n60">
    <div type="section" xml:id="n60">
     <head rend="left">
      <ref target="#backn60">
       60
      </ref>
     </head>
     <p rend="left" uuid="7ef778f8-6792-4c47-aa4f-5286867a410f">
      Место, где ставят пчел.
     </p>
    </div>
   </note>
  </p>
  <p rend="left" uuid="5835950e-0f4d-41e7-83c3-fe758d7129b9">
   И пчелы привыкли ко мне и не кусали. В одном улье я услыхал, что-то квохчет. Я пришел к деду в избушку и рассказал ему.
  </p>
  <p rend="left" uuid="247b5c01-93d6-440d-8dbc-d4300ea23bc7">
   Он пошел со мною, сам послушал и сказал: «Из этого улья уже вылетел один рой, первак, с старой маткой; а теперь молодые матки вывелись. Это они кричат. Они завтра с другим роем вылетать будут». Я спросил у дедушки, какие такие бывают матки? Он сказал:
  </p>
  <p rend="left" uuid="4988cad3-9902-4073-a5d7-8c9df5353346">
   «А матка всё равно, что царь в народе; без нее нельзя быть пчелам».
  </p>
  <p rend="left" uuid="f5d69d2b-df6b-4269-bd8f-3a3c279af5e0">
   Я спрашивал: «А из себя они какие?»
  </p>
  <p rend="left" uuid="d534706e-2186-4908-9a91-5e023da1637c">
   Он сказал: «Приходи завтра; бог даст, отроится, — я тебе покажу и меду дам».
  </p>
  <p rend="left" uuid="12e13815-6240-4457-ba4b-62e65f68beb0">
   Когда я на другой день пришел к дедушке, у него в сенях висели две закрытые роевни с пчелами. Дед велел мне надеть сетку и обвязал мне ее платком по шее; потом взял одну закрытую роевню с пчелами и понес ее на пчельник. Пчелы гудели в ней. Я боялся их и запрятал руки в портки; но мне хотелось посмотреть матку, и я пошел за дедом.
  </p>
  <p rend="left" uuid="b5bb6e06-3e09-4db3-b09f-8bf558814eff">
   На осеке дед подошел к пустой колоде, приладил корытце, открыл роевню и вытряхнул из нее пчел на корыто. Пчелы поползли по корыту в колоду и всё трубели, а дед веничком пошевеливал их.
  </p>
  <p rend="left" uuid="77a5066f-b831-490f-8508-f6c834aed103">
   «А вот и матка!» — Дед указал мне веничком, и я увидал длинную пчелу с короткими крылышками. Она проползла с другими и скрылась. Потом дед снял с меня сетку и пошел в избушку. Там он дал мне большой кусок меду, я съел его и обмазал себе щеки и руки. Когда я пришел домой, мать сказала:
  </p>
  <p rend="left" uuid="1b73f5db-7ee5-413a-8787-18484122052d">
   <pb n="116"/>
   «Опять тебя баловник дед медом кормил». А я сказал: «Он за то мне дал меду, что я ему вчера нашел улей с молодыми матками, а нынче мы с ним рой сажали».
  </p>
 </div>
</TEI>