<?xml version="1.0" encoding="utf-8"?>
<TEI xmlns="http://www.tei-c.org/ns/1.0" xmlns:xi="http://www.w3.org/2001/XInclude">
 <teiHeader>
  <fileDesc>
   <titleStmt>
    <title>
     Произведения, написанные для «Азбуки» и не включенные в нее
    </title>
    <author>
     Толстой Л.Н.
    </author>
    <respStmt>
     <resp>
      подготовка TEI/XML
     </resp>
     <name>
      Мария Картышева, Евгений Можаев, Даниил Скоринкин, Елена Сидорова, Вероника Файнберг, Кирилл Милинцевич
     </name>
    </respStmt>
    <respStmt>
     <name>
      Анастасия Бонч-Осмоловская, Фёкла Толстая, Борис Орехов
     </name>
     <resp>
      Идея, постановка задач, руководство
     </resp>
    </respStmt>
   </titleStmt>
   <publicationStmt>
    <idno>
     Азбука  | Произведения, написанные для «Азбуки» и не включенные в нее
    </idno>
    <publisher>
     <orgName>
      Школа лингвистики НИУ ВШЭ
     </orgName>
    </publisher>
    <availability>
     <p>
      Тексты и метатекстовая разметка доступны для свободного использования и распространения по лицензии Creative Commons Attribution Share-Alike (cc by-sa)
     </p>
    </availability>
   </publicationStmt>
   <sourceDesc>
    <biblStruct>
     <analytic>
      <author>
       Толстой Л.Н.
      </author>
      <title level="a">
       Произведения, написанные для «Азбуки» и не включенные в нее
      </title>
     </analytic>
     <monogr>
      <title level="m">
       Полное собрание сочинений. Том 21
      </title>
      <imprint>
       <pubPlace>
        Москва
       </pubPlace>
       <publisher>
        Государственное издательство "Художественная литература"
       </publisher>
       <date when="1871-1872"/>
      </imprint>
     </monogr>
     <series>
      <title level="s">
       Л.Н. Толстой. Полное собрание сочинений
      </title>
      <biblScope unit="vol">
       21
      </biblScope>
     </series>
    </biblStruct>
   </sourceDesc>
  </fileDesc>
  <encodingDesc>
   <classDecl>
    <xi:include href="taxonomy.xml"/>
   </classDecl>
  </encodingDesc>
  <profileDesc>
   <creation>
    <date notAfter="1872" notBefore="1871">
     1871-1872
    </date>
    <rs/>
   </creation>
   <textClass>
    <catRef target="#fiction" type="sphere"/>
    <catRef target="#произведения для детей" type="type"/>
    <catRef target="#works" type="works_letters_diaries"/>
    <catRef target="#сборник" type="ninetyDef"/>
    <catRef target="#Неопубликованное, неотделанное, неоконченное" type="main_var"/>
    <catRef target="#сборник" type="type_short"/>
    <catRef target="None" type="translation"/>
    <catRef target="None" type="translation_origin"/>
    <catRef target="#да" type="tolstoy_or_not"/>
    <catRef target="None" type="name_status"/>
   </textClass>
   <preparedness>
    finished
   </preparedness>
   <settingDesc>
    <time>
     XIX век
    </time>
   </settingDesc>
  </profileDesc>
  <xenoData>
   <cyclusName/>
   <p>
    Проект
    <title>
     Толстой.Digital
    </title>
    разрабатывается сотрудниками и студентами
    <orgName>
     Высшей школы экономики
    </orgName>
    в сотрудничестве с
    <orgName>
     Государственным музеем Л.Н. Толстого
    </orgName>
    . Источник текстов –
    <bibl>
     90-томное собрание сочинений Л.Н.Толстого
    </bibl>
    . Разметка основана на стандарте
    <ref target="http://www.tei-c.org">
     TEI (Text Encoding Initiative)
    </ref>
    .
   </p>
   <versionNumber/>
   <isFinished/>
   <isEdited/>
   <fullBibliographicDescription/>
  </xenoData>
 </teiHeader>
 <p rend="left emptyline">
  <pb n="170"/>
 </p>
 <div type="section" xml:id="h000012045">
  <head rend="center">
   ВОЛГА И ВАЗУЗА
  </head>
  <p id="76ac937b-81fe-4c8c-a5ac-65f449fe344e" rend="center">
   <hi rend="italic">
    (Сказка)
   </hi>
  </p>
  <p id="eeba5b1f-8365-416a-a1da-bee7a2c540b3" rend="left">
   Были две сестры: Волга и Вазуза. Они стали спорить, кто из них умнее и кто лучше проживет.
  </p>
  <p id="4b4f0696-5994-493b-b241-15dacbd2ceb6" rend="left">
   Волга сказала: «Зачем нам спорить, — мы обе на возрасте. Давай выйдем завтра поутру из дому и пойдем каждая своей дорогой; тогда увидим, кто из двух лучше пройдет и скорее придет в Хвалынское царство».
  </p>
  <p id="6f74a036-5bd1-4c4a-ab37-2d4d3b98d686" rend="left">
   Вазуза согласилась, но обманула Волгу. Только что Волга заснула, Вазуза ночью побежала прямой дорогой в Хвалынское царство.
  </p>
  <p id="f3c09855-61b9-4f9c-8300-336e0a6459ac" rend="left">
   Когда Волга встала и увидала, что сестра ее ушла, она ни тихо, ни скоро пошла своей дорогой и догнала Вазузу.
  </p>
  <p id="c0aa1e2e-4e7b-40fc-9ff8-f69a6836d1b9" rend="left">
   Вазуза испугалась, чтоб Волга не наказала ее, назвалась меньшой сестрой и попросила Волгу довести ее до Хвалынского царства. Волга простила сестру и взяла с собой.
  </p>
  <p id="4ed93975-a1f1-48a5-857a-1d09dbb0d513" rend="left">
   <pb n="171"/>
   Река Волга начинается в Осташковском уезде из болот в деревне Волго. Там есть небольшой колодезь, из него течет Волга. А река Вазуза начинается в горах. Вазуза течет прямо, а Волга поворачивает.
  </p>
  <p id="d0179dc7-0f45-4fd3-9dcc-19393f6aaaf0" rend="left">
   Вазуза весной раньше ломает лед и проходит, а Волга позднее. Но когда обе реки сходятся, в Волге уже 30 саженей ширины, а Вазуза еще узкая и маленькая речка. Волга проходит через всю Россию на три тысячи сто шестьдесят верст и впадает в Хвалынское (Каспийское) море. И ширины в ней в полую воду бывает до двенадцати верст.
  </p>
 </div>
</TEI>