<?xml version="1.0" encoding="utf-8"?>
<TEI xmlns="http://www.tei-c.org/ns/1.0" xmlns:xi="http://www.w3.org/2001/XInclude">
 <teiHeader>
  <fileDesc>
   <titleStmt>
    <title>
     Произведения, написанные для «Азбуки» и не включенные в нее
    </title>
    <author>
     Толстой Л.Н.
    </author>
    <respStmt>
     <resp>
      подготовка TEI/XML
     </resp>
     <name>
      Мария Картышева, Евгений Можаев, Даниил Скоринкин, Елена Сидорова, Вероника Файнберг, Кирилл Милинцевич
     </name>
    </respStmt>
    <respStmt>
     <name>
      Анастасия Бонч-Осмоловская, Фёкла Толстая, Борис Орехов
     </name>
     <resp>
      Идея, постановка задач, руководство
     </resp>
    </respStmt>
   </titleStmt>
   <publicationStmt>
    <idno>
     Азбука  | Произведения, написанные для «Азбуки» и не включенные в нее
    </idno>
    <publisher>
     <orgName>
      Школа лингвистики НИУ ВШЭ
     </orgName>
    </publisher>
    <availability>
     <p>
      Тексты и метатекстовая разметка доступны для свободного использования и распространения по лицензии Creative Commons Attribution Share-Alike (cc by-sa)
     </p>
    </availability>
   </publicationStmt>
   <sourceDesc>
    <biblStruct>
     <analytic>
      <author>
       Толстой Л.Н.
      </author>
      <title level="a">
       Произведения, написанные для «Азбуки» и не включенные в нее
      </title>
     </analytic>
     <monogr>
      <title level="m">
       Полное собрание сочинений. Том 21
      </title>
      <imprint>
       <pubPlace>
        Москва
       </pubPlace>
       <publisher>
        Государственное издательство "Художественная литература"
       </publisher>
       <date when="1871-1872"/>
      </imprint>
     </monogr>
     <series>
      <title level="s">
       Л.Н. Толстой. Полное собрание сочинений
      </title>
      <biblScope unit="vol">
       21
      </biblScope>
     </series>
    </biblStruct>
   </sourceDesc>
  </fileDesc>
  <encodingDesc>
   <classDecl>
    <xi:include href="taxonomy.xml"/>
   </classDecl>
  </encodingDesc>
  <profileDesc>
   <creation>
    <date notAfter="1872" notBefore="1871">
     1871-1872
    </date>
    <rs/>
   </creation>
   <textClass>
    <catRef target="#fiction" type="sphere"/>
    <catRef target="#произведения для детей" type="type"/>
    <catRef target="#works" type="works_letters_diaries"/>
    <catRef target="#сборник" type="ninetyDef"/>
    <catRef target="#Неопубликованное, неотделанное, неоконченное" type="main_var"/>
    <catRef target="#сборник" type="type_short"/>
    <catRef target="None" type="translation"/>
    <catRef target="None" type="translation_origin"/>
    <catRef target="#да" type="tolstoy_or_not"/>
    <catRef target="None" type="name_status"/>
   </textClass>
   <preparedness>
    finished
   </preparedness>
   <settingDesc>
    <time>
     XIX век
    </time>
   </settingDesc>
  </profileDesc>
  <xenoData>
   <cyclusName/>
   <p>
    Проект
    <title>
     Толстой.Digital
    </title>
    разрабатывается сотрудниками и студентами
    <orgName>
     Высшей школы экономики
    </orgName>
    в сотрудничестве с
    <orgName>
     Государственным музеем Л.Н. Толстого
    </orgName>
    . Источник текстов –
    <bibl>
     90-томное собрание сочинений Л.Н.Толстого
    </bibl>
    . Разметка основана на стандарте
    <ref target="http://www.tei-c.org">
     TEI (Text Encoding Initiative)
    </ref>
    .
   </p>
   <versionNumber/>
   <isFinished/>
   <isEdited/>
   <fullBibliographicDescription/>
  </xenoData>
 </teiHeader>
 <p rend="left emptyline">
  <pb n="190"/>
 </p>
 <div type="section" xml:id="h000012065">
  <head rend="center">
   ЕРМАК
  </head>
  <p id="0f1ea52f-838f-47da-a3ca-d6715aadc4c5" rend="center">
   <hi rend="italic">
    (История)
   </hi>
  </p>
  <p id="e0bdc68c-37bd-419b-98be-694714733ddc" rend="left">
   При царе Иване Васильевиче Грозном были богатые купцы Строгоновы, и жили они в Перми, на реке Каме. Прослышали они, что по реке Каме на 140 верст в кругу есть хороша земля: пашня не пахана от века, леса черные от века не рублены. В лесах зверя много, а по реке озера рыбные, и никто на той земле не живет, только захаживают татары.
  </p>
  <p id="a71034b7-5678-425a-b75a-d14a0b3f97cb" rend="left">
   Строгоновы написали царю письмо: «Отдай нам эту землю, а мы сами по ней городки построим и народ соберем, заселим и не будем давать через эту землю ходу татарам».
  </p>
  <p id="415905fd-fffa-41c7-9449-48018c48bca9" rend="left">
   Царь согласился и отдал им землю. Строгоновы послали приказчиков собирать народ. И сошлось к ним много гуляющего народа. Кто приходил, тем Строгоновы отводили землю, лес, давали скотину и никаких оброков не брали, только живи, и когда нужда, выходи с народом биться с татарами. Так и заселилась эта земля русским народом.
  </p>
  <p id="be900931-26ad-4d04-ba68-33e7c92683c7" rend="left">
   Прошло лет 20-ть. Строгоновы купцы еще сильнее разбогатели, и мало им стало той земли на 140 верст. Захотели они еще более земли. Верст за 100 от них были высокие горы Уральские, и за этими горами, прослышали они, есть прекраснейшая земля, и земле той конца нет. Владел этой землей сибирский князек Кучум. Кучум в прежнее время покорился царю русскому, а потом стал бунтовать и грозил разорить Строгоновские городки.
  </p>
  <p id="1b2d0327-295f-4631-8ded-97639a0d1e1a" rend="left">
   Вот Строгоновы и написали царю: «Отдал ты нам землю, мы ее под твою руку покорили; теперь воровской царек Кучум против тебя бунтует и хочет и эту землю отнять и нас разорить. Вели ты нам занять землю за Уральскими горами; мы Кучума завоюем и всю его землю под твою руку подведем». Царь согласился и отписал: «Если сила у вас есть, отберите у Кучума землю. Только из России много народу не сманивайте».
  </p>
  <p id="dadc941c-e7ff-4513-b15d-b94b08142a89" rend="left">
   Вот Строгоновы, как получили от царя письмо, послали приказчиков еще собирать народ к себе. И больше велели подговаривать казаков с Волги и с Дону. А в то время по Волге, по Дону казаков много ходило. Соберутся шайками по 200, 300, 600 человек, выберут атамана и плавают на стругах, перехватывают суда, грабят, а на зиму становятся городком на берегу.
  </p>
  <p id="ebd8a0a0-bbb9-45a8-903e-1a30f7643ee9" rend="left">
   <pb n="191"/>
   Приехали приказчики на Волгу и стали спрашивать: какие тут казаки слывут? Им и говорят: «Казаков много. Житья от них не стало. Есть Мишка Черкашенин; есть Сары-Азман... Но нет злее Ермака Тимофеича, атамана. У того человек 1000 народа, и его не только народ и купцы боятся, а царское войско к нему приступить не смеет».
  </p>
  <p id="0e74b5ed-8cd0-4f48-9d65-c5b2f2c5f520" rend="left">
   И поехали приказчики к Ермаку атаману и стали его уговаривать идти к Строгонову. Ермак принял приказчиков, отслушал их речи и обещал прийти с народом своим к Успенью.
  </p>
  <p id="23777c83-bdc7-4447-a0df-08383e69bb92" rend="left">
   К Успенью пришли к Строгонову казаки — человек 600 с атаманом Ермаком Тимофеевичем. Напустил их сначала Строгонов на ближних татар. Казаки их побили. Потом, когда нечего было делать, стали казаки по округу ходить и грабить.
  </p>
  <p id="c84f1d7e-851e-4c47-9d37-c0ed15472884" rend="left">
   Призывает Строгонов Ермака и говорит: «Я вас теперь больше держать не стану, если вы так шалить будете». А Ермак и говорит: «Я и сам не рад, да с народом моим не совладаешь — набаловались. Дай нам работу». Строгонов и говорит: «Идите за Урал воевать с Кучумом, завладейте его землею. Вас и царь наградит». И показал Ермаку царское письмо. Ермак обрадовался, собрал казаков и говорит:
  </p>
  <p id="0fbdcda9-3c8f-433e-990d-4f449f0f203d" rend="left">
   «Вы меня срамите перед хозяином — всё без толку грабите. Если не бросите, он вас прогонит, а куда пойдете? На Волге царского войска много, нас переловят и за прежние дела худо будет. А если скучно вам, то вот вам работа».
  </p>
  <p id="da2d4bc2-137a-4497-a523-04f8a44e855c" rend="left">
   И показал им царское письмо, что позволено Строгонову за Уралом землю завоевать. Поговорили казаки и согласились идти. Пошел Ермак к Строгонову, стал с ним думать, как им идти.
  </p>
  <p id="04278c31-bb05-4848-8095-e4a24384c69c" rend="left">
   Обсудили, сколько стругов надо, сколько хлеба, скотины, ружей, пороху, свинцу, сколько переводчиков — татар пленных, сколько немцев — мастеров ружейных.
  </p>
  <p id="da31ba7d-b733-41f6-9fcb-c7ee039cadfc" rend="left">
   Строгонов думает: «хоть и дорого мне станет, а надо дать ему всего, а то здесь останутся — разорят меня». Согласился Строгонов, собрал всего и снарядил Ермака с казаками.
  </p>
  <p id="ca6c7ce0-cfd8-463b-a3fa-668aa919e2db" rend="left">
   1-го сентября поплыли казаки с Ермаком вверх по реке Чусовой на 32-х стругах, на каждом струге было 20 человек. Плыли они четыре дня на веслах вверх по реке и выплыли в Серебряную реку. Оттуда уж плыть нельзя. Расспросили проводников и. узнали, что надо им тут перевалиться через горы и верст двести сухопутьем пройти, а потом пойдут опять реки. Остановились
   <pb n="192"/>
   тут казаки, построили город и выгрузили всю снасть; и струга побросали, а наладили телеги, уложили всё и пошли сухопутьем — через горы. Места всё были лесные, и народу не жило никакого. Прошли они 10 дней сухопутьем, попали на Жаровню, на реку. Тут опять постояли и стали ладить струги, Наладили и поплыли по реке вниз. Проплыли пять дней и пришли места еще веселее: луга, леса, озера. И рыбы, и зверя много; и зверь непуганый. Проплыли еще день, выплыли на Туру реку, Тут по Туре реке стал попадаться народ и городки татарские.
  </p>
  <p id="1683240b-101c-4d09-b504-3edc414df9a9" rend="left">
   Послал Ермак казаков посмотреть один городок, что загородок и много ли в нем силы. Пошли 20 казаков, распугали всех татар и забрали весь городок и скотину всю забрали. Каких татар перебили, а каких привели живьем.
  </p>
  <p id="8b087c63-67d1-42dc-9163-1427be69d9a0" rend="left">
   Стал Ермак через переводчиков спрашивать татар: какие они люди и под чьей рукой живут? Татары говорят, что они Сибирского царства, и царь их Кучум.
  </p>
  <p id="d792ff43-2d6f-417d-ab6d-4f689cb60b2a" rend="left">
   Ермак отпустил татар, а троих, поумнее, взял с собой, чтобы они ему дорогу показывали.
  </p>
  <p id="022616fb-4eb4-4e98-ad6d-5ed3e094a3a3" rend="left">
   Поплыли дальше. Что дальше плывут, то река всё больше становится; а места, что дальше, то лучше.
  </p>
  <p id="44f2234d-ae2c-4965-ab6e-8d7824836610" rend="left">
   И народа стало больше попадаться. Только народ не сильный. И все городки, какие были по реке, казаки повоевали.
  </p>
  <p id="9b4b0b50-cc62-4255-9cb7-fd44a2304f25" rend="left">
   Забрали они в одном городке много татар и одного почетного старика татарина. Стали спрашивать татарина, что он за человек? Он говорит: «Я Таузик, я своего царя Кучума слуга и от него начальником в этом городе».
  </p>
  <p id="aaef9c52-5ea9-4a32-a241-950e1c8cc4c6" rend="left">
   Ермак стал спрашивать Таузика про его царя. Далеко ли его город Сибирь? Много ли у Кучума силы, много ли у него богатства? Таузик всё рассказал. Говорит: «Кучум первейший царь на свете. Город его Сибирь — самый большой город на свете. В городе этом, говорит, людей и скотины столько, сколько звезд на небе. А силы у Кучума царя счету нет, его все цари вместе не завоюют».
  </p>
  <p id="cf054dc4-4206-4d8b-b6e7-ad66b37e2724" rend="left">
   А Ермак говорит: «Мы, русские, пришли сюда твоего царя завоевать и его город взять; русскому царю под руку подвести. Силы у нас много. Что со мной пришли — это только передние, а сзади плывут в стругах — счету им нет, и у всех ружья. А ружья наши насквозь дерево пробивают, не то что ваши луки, стрелы. Вот, смотри».
  </p>
  <p id="70e546ae-1536-49fc-b31d-42c4db936634" rend="left">
   <pb n="193"/>
   И Ермак выпалил в дерево, и дерево раскололось, и со всех сторон стали палить казаки. Таузик от страха на колени упал. Ермак и говорит ему: «Ступай же ты к своему царю Кучуму и скажи ему, что ты видел. Пускай он покоряется, а не покорится, так и его погубим». И отпустил Таузика.
  </p>
  <p id="2b1173c9-849a-4958-8a38-4cdc0728f7f0" rend="left">
   Поплыли казаки дальше. Выплыли в большую реку Тобол, и всё к Сибири городу приближаются. Подплыли они к речке Бабасан, смотрят — на берегу городок стоит, и кругом городка татар много.
  </p>
  <p id="5836e578-384b-488e-8b7c-5a0bff680e95" rend="left">
   Послали они переводчика к татарам узнать, что за люди. Приходит назад переводчик, говорит: «Это войско Кучумово собралось. А начальником над войском сам зять Кучумов — Маметкул. Он меня призывал и велел вам сказать, чтобы вы назад шли, а то он вас перебьет».
  </p>
  <p id="05fb173e-5b3c-491f-874f-75edef0789ad" rend="left">
   Ермак собрал казаков, вышел на берег и начал стрелять в татар. Как услыхали татары пальбу, так и побежали. Стали их казаки догонять и каких перебили, а каких забрали. Насилу сам Маметкул ушел.
  </p>
  <p id="9197e5f0-f9e2-48ae-b530-9f175c9d2a15" rend="left">
   Поплыли казаки дальше. Выплыли в широкую, быструю реку Иртыш. По Иртышу реке проплыли день, подплыли к городку хорошему и остановились. Пошли казаки в городок. Только стали подходить, начали в них татары стрелы пускать и поранили трех казаков. Послал Ермак переводчика сказать татарам, чтобы сдали город, а то всех перебьют. Переводчик пошел, вернулся и говорит: «Тут живет Кучумов слуга Атик Мурза Качара. У него силы много, и он говорит, что не сдаст городка».
  </p>
  <p id="8289dfc9-0496-4504-a69c-b9245870e3f9" rend="left">
   Ермак собрал казаков и говорит:
  </p>
  <p id="368f7097-f71f-4a0a-8bf3-68b1b5fbef5b" rend="left">
   «Ну, ребята, если не возьмем этого городка, татары запируют. И нам ходу не дадут. Что скорее страха зададим, то нам легче будет. Выходи все. Кидайся все разом». Так и сделали. Татар много тут было, и татары лихие.
  </p>
  <p id="b43484ea-4890-4c59-a5c4-d9ed3449e92a" rend="left">
   Как бросились казаки, стали татары стрелять из луков. Засыпали казаков стрелами. Которых до смерти перебили, которых переранили.
  </p>
  <p id="1f67b313-0277-45ed-bf76-eb90b1b89131" rend="left">
   Озлились и казаки, добрались до татар и, какие попались, всех перебили.
  </p>
  <p id="8f751612-641a-4994-aab8-71d27533e7d5" rend="left">
   В городке этом нашли казаки много добра, скотины, ковров, мехов и меду много, похоронили мертвых, отдохнули, забрали добро с собой и поплыли дальше. Недалеко проплыли, смотрят —
   <pb n="194"/>
   на берегу как город стоит, войска конца-края не видать, и всё войско окопано канавой, и канава лесом завалена. Остановились казаки. Стали думать; собрал Ермак круг. «Ну, что, ребята, как быть?»
  </p>
  <p id="846b7197-008c-4265-8513-12a3012f3b3b" rend="left">
   Казаки заробели. Одни говорят: надо мимо плыть, другие говорят: назад идти.
  </p>
  <p id="2454d1eb-d3aa-4811-a87f-1b3d222b32f6" rend="left">
   И стали они скучать, бранить Ермака. Говорят: «Зачем ты нас завел сюда? Вот перебили уже из нас сколько да переранили; и все мы тут пропадем». Стали плакать.
  </p>
  <p id="782414fc-a40c-4cc8-88b9-fbd7fcd96d70" rend="left">
   Ермак и говорит своему податаманью, Ивану Кольцо: «Ну, а ты, Ваня, как думаешь?» А Кольцо и говорит: «А я что думаю? Не нынче убьют, так завтра; а не завтра, так даром на печи помрем. По мне — выйти на берег, да и валить прямо лавой на татар — что бог даст».
  </p>
  <p id="6832dd20-df47-455b-97ac-d0009e46a9d2" rend="left">
   Ермак и говорит: «Ай, молодец, Ваня! Так и надо. Эх, вы, ребята! Не казаки вы, а бабы. Видно, белужину ловить да баб татарских пугать, только на то вас и взять. Разве не видите сами? Назад идти — перебьют; мимо плыть — перебьют; здесь стоять — перебьют. Куда же нам попясться? Раз потрудишься, после полегчает. Так-то, ребята, у батюшки кобыла здоровая была. Как под горку — везет, и по ровному везет, а как придется в гору — заноровится, назад воротит, думает — легче будет. Так взял батюшка кол, возил-возил ее колом-то. Уж она крутилась, билась, всю телегу разбила. Выпряг ее батюшка из воза и ободрал. А везла бы воз, никакой бы муки не видала. Так-то и нам, ребята. Одно только место осталось — прямо на татар ломить».
  </p>
  <p id="d4642ce7-959a-4e98-82ac-091303caac3d" rend="left">
   Засмеялись казаки, говорят: «Видно ты, Тимофеич, умнее нашего; нас, дураков, и спрашивать нечего. Веди, куда знаешь, Двух смертей не бывать, а одной не миновать».
  </p>
  <p id="e2eefee0-10d5-4fca-91a9-1fee82b24c5d" rend="left">
   Ермак и говорит: «Ну, слушай, ребята! Вот как делать. Они еще нас всех не видали. Разобьемтесь мы на три кучки. Одни в середину прямо на них пойдут, а другие две кучки в обход зайдут справа и слева. Вот как станут средние подходить, они подумают, что мы все тут, — выскочат. А тогда с боков и ударим. Так-то, ребята. А этих перебьем, уж бояться некого. Царями сами будем».
  </p>
  <p id="914f372c-df2c-4adb-b365-e0b5877ad6e0" rend="left">
   Так и сделали. Как пошли средние с Ермаком, татары завизжали, выскочили; тут ударили: справа — Иван Кольцо, слева — Мещеряк атаман. Испугались татары, побежали. Перебили
   <pb n="195"/>
   их казаки. Тут уж Ермаку никто противиться не смел. И так он вошел в самый город Сибирь. И насел туда Ермак всё равно как царем.
  </p>
  <p id="41089f17-8991-4b3f-95a7-430d954eacd0" rend="left">
   Стали приезжать к Ермаку царьки с поклонами. Стали татары приезжать селиться в Сибири; а Кучум с зятем Маметкулом боялись на Ермака прямо идти, а только кругом ходили, придумывали, как бы его погубить.
  </p>
  <p id="4a79b5fb-ecfb-4c73-8e79-fa82ce067bac" rend="left">
   Весною по водополью прибежали к Ермаку татары, говорят: «Маметкул опять на тебя идет, собрал войска много, стоит на Вагае реке».
  </p>
  <p id="26f26f99-106e-4eee-8869-c2fa5cc76a40" rend="left">
   Ермак собрался через реки, болота, ручьи, леса, подкрался с казаками, бросился на Маметкула и побил много татар и самого Маметкула забрал живьем и привез в Сибирь. Тут уж мало немирных татар осталось, а какие не покорялись, на тех Ермак ходил в это лето; и по Иртышу, и по Оби рекам завоевал Ермак столько земли, что в два месяца не обойдешь.
  </p>
  <p id="b2cc90ba-591c-4fff-b128-47a47a2be5a6" rend="left">
   Как забрал Ермак всю эту землю, послал Ермак посла к Строгоновым и письмо. «Я, говорит, Кучума город взял и Маметкула в плен забрал, и весь здешний народ под свою руку привел. Только казаков много истратилось. Присылайте народа, чтобы нам веселее было. А добра в здешней земле и конца нет». И послал он дорогих мехов: лисиц, куниц и соболей.
  </p>
  <p id="72ce3449-ce50-44af-9df7-356064d49d1e" rend="left">
   Прошло тому делу два года. Ермак всё держал Сибирь, а помощь из России всё не приходила, и стало у Ермака мало русского народа.
  </p>
  <p id="56194f10-c9b5-4ad4-940b-8e520f2bf1b3" rend="left">
   Прислал раз к Ермаку татарин Карача посла, говорит: «Мы тебе покорились, а нас ногайцы обижают, пришли к нам своих молодцов на помощь. Мы вместе ногайцев покорим. А что мы твоих молодцов не обидим, так мы тебе клятву дадим».
  </p>
  <p id="40d79c35-c5cc-4570-b157-9d41794245c8" rend="left">
   Ермак поверил их клятве и отпустил с Иваном Кольцом 40 человек. Как пришли эти сорок человек, татары бросились На них и побили; казаков еще меньше стало.
  </p>
  <p id="e277c6b0-cad9-456e-aeb3-97e2c1817a45" rend="left">
   Прислали другой раз бухарские купцы весть Ермаку, что они собрались к нему в Сибирь город товары везти, да что им на дороге Кучум с войском стоит и не пускает их пройти.
  </p>
  <p id="862106f9-d999-4e18-af0c-9b24649d1016" rend="left">
   Ермак взял с собой 50 человек и пошел очистить дорогу бухарцам. Пришел он к Иртышу реке, и не нашел бухарцев. Остановился ночевать. Ночь была темная и дождь. Только полегли спать казаки, откуда, ни взялись татары, бросились на сонных, начали их бить. Вскочил Ермак, стал биться.
  </p>
  <p id="e38a9995-8dd8-49ac-806d-18c5d2cb86bc" rend="left">
   <pb n="196"/>
   Ранили его ножом в руку. Бросился он бежать к реке. Татары за ним. Он в реку. Только его и видели. И тела его не нашли, и никто не узнал, как он умер.
  </p>
  <p id="3d84f262-ae7d-4286-813c-9176770802d4" rend="left">
   На другой год пришло царское войско, и татары замирились.
  </p>
 </div>
</TEI>