<?xml version="1.0" encoding="utf-8"?>
<TEI xmlns="http://www.tei-c.org/ns/1.0" xmlns:xi="http://www.w3.org/2001/XInclude">
 <teiHeader>
  <fileDesc>
   <titleStmt>
    <title>
     Произведения, написанные для «Азбуки» и не включенные в нее
    </title>
    <author>
     Толстой Л.Н.
    </author>
    <respStmt>
     <resp>
      подготовка TEI/XML
     </resp>
     <name>
      Мария Картышева, Евгений Можаев, Даниил Скоринкин, Елена Сидорова, Вероника Файнберг, Кирилл Милинцевич
     </name>
    </respStmt>
    <respStmt>
     <name>
      Анастасия Бонч-Осмоловская, Фёкла Толстая, Борис Орехов
     </name>
     <resp>
      Идея, постановка задач, руководство
     </resp>
    </respStmt>
   </titleStmt>
   <publicationStmt>
    <idno>
     Азбука  | Произведения, написанные для «Азбуки» и не включенные в нее
    </idno>
    <publisher>
     <orgName>
      Школа лингвистики НИУ ВШЭ
     </orgName>
    </publisher>
    <availability>
     <p>
      Тексты и метатекстовая разметка доступны для свободного использования и распространения по лицензии Creative Commons Attribution Share-Alike (cc by-sa)
     </p>
    </availability>
   </publicationStmt>
   <sourceDesc>
    <biblStruct>
     <analytic>
      <author>
       Толстой Л.Н.
      </author>
      <title level="a">
       Произведения, написанные для «Азбуки» и не включенные в нее
      </title>
     </analytic>
     <monogr>
      <title level="m">
       Полное собрание сочинений. Том 21
      </title>
      <imprint>
       <pubPlace>
        Москва
       </pubPlace>
       <publisher>
        Государственное издательство "Художественная литература"
       </publisher>
       <date when="1871-1872"/>
      </imprint>
     </monogr>
     <series>
      <title level="s">
       Л.Н. Толстой. Полное собрание сочинений
      </title>
      <biblScope unit="vol">
       21
      </biblScope>
     </series>
    </biblStruct>
   </sourceDesc>
  </fileDesc>
  <encodingDesc>
   <classDecl>
    <xi:include href="taxonomy.xml"/>
   </classDecl>
  </encodingDesc>
  <profileDesc>
   <creation>
    <date notAfter="1872" notBefore="1871">
     1871-1872
    </date>
    <rs/>
   </creation>
   <textClass>
    <catRef target="#fiction" type="sphere"/>
    <catRef target="#произведения для детей" type="type"/>
    <catRef target="#works" type="works_letters_diaries"/>
    <catRef target="#сборник" type="ninetyDef"/>
    <catRef target="#Неопубликованное, неотделанное, неоконченное" type="main_var"/>
    <catRef target="#сборник" type="type_short"/>
    <catRef target="None" type="translation"/>
    <catRef target="None" type="translation_origin"/>
    <catRef target="#да" type="tolstoy_or_not"/>
    <catRef target="None" type="name_status"/>
   </textClass>
   <preparedness>
    finished
   </preparedness>
   <settingDesc>
    <time>
     XIX век
    </time>
   </settingDesc>
  </profileDesc>
  <xenoData>
   <cyclusName/>
   <p>
    Проект
    <title>
     Толстой.Digital
    </title>
    разрабатывается сотрудниками и студентами
    <orgName>
     Высшей школы экономики
    </orgName>
    в сотрудничестве с
    <orgName>
     Государственным музеем Л.Н. Толстого
    </orgName>
    . Источник текстов –
    <bibl>
     90-томное собрание сочинений Л.Н.Толстого
    </bibl>
    . Разметка основана на стандарте
    <ref target="http://www.tei-c.org">
     TEI (Text Encoding Initiative)
    </ref>
    .
   </p>
   <versionNumber/>
   <isFinished/>
   <isEdited/>
   <fullBibliographicDescription/>
  </xenoData>
 </teiHeader>
 <p rend="left emptyline">
  <pb n="149"/>
 </p>
 <div type="section" xml:id="h000012008">
  <head rend="center">
   ЖИЛЕТКА
  </head>
  <p id="bf913d00-1e88-486e-8c11-9a2d4f762491" rend="center">
   <hi rend="italic">
    (Быль)
   </hi>
  </p>
  <p id="f0a89ebb-cb98-470c-8ebb-ec5b219941d1" rend="left">
   Один мужик занялся торговлей и так разбогател, что стал первым богачом. У него служили сотни приказчиков, и он их всех и по имени не знал.
  </p>
  <p id="8b5a0cca-c8bc-48e4-8731-9085599a5462" rend="left">
   Пропало раз у купца двадцать тысяч денег. Стали старшие приказчики разыскивать и разыскали того, кто украл деньги.
  </p>
  <p id="90701e06-6432-4e93-ade0-677a8e25b516" rend="left">
   Пришел старший приказчик к купцу и говорит: «Я вора нашел. Надо его в Сибирь сослать».
  </p>
  <p id="ac3b1e17-ddcb-4baa-8b34-fc3a4c605737" rend="left">
   Купец говорит: «А кто украл?» Старший приказчик говорит:
  </p>
  <p id="777c66b0-4a0d-4249-839f-a5a0c4fafc5a" rend="left">
   «Иван Петров, сам признался».
  </p>
  <p id="a0820c24-ed03-4630-bbe6-cdcc86155eca" rend="left">
   Купец подумал и говорит: «Ивана Петрова надо простить».
  </p>
  <p id="cbbf9752-7fee-46c9-a81a-02e132be3497" rend="left">
   Приказчик удивился и говорит: «Как же простить? Этак и те приказчики то же будут делать: всё добро растаскают». Купец говорит: «Ивана Петрова надо простить: когда я начинал торговать, мы с ним товарищами были. Когда я женился, мне под венец надеть нечего было. Он мне свою жилетку дал надеть. Ивана Петрова надо простить».
  </p>
  <p id="caa3438c-e69a-49dc-ab11-c8ebcd7ac52a" rend="left">
   Так и простили Ивана Петрова.
  </p>
  <p id="e7e59162-c5ff-4e37-ba24-c1627413fe71" rend="left emptyline">
   <pb n="150"/>
  </p>
 </div>
</TEI>