<?xml version="1.0" encoding="utf-8"?>
<TEI xmlns="http://www.tei-c.org/ns/1.0" xmlns:xi="http://www.w3.org/2001/XInclude">
 <teiHeader>
  <fileDesc>
   <titleStmt>
    <title>
     Произведения, написанные для «Азбуки» и не включенные в нее
    </title>
    <author>
     Толстой Л.Н.
    </author>
    <respStmt>
     <resp>
      подготовка TEI/XML
     </resp>
     <name>
      Мария Картышева, Евгений Можаев, Даниил Скоринкин, Елена Сидорова, Вероника Файнберг, Кирилл Милинцевич
     </name>
    </respStmt>
    <respStmt>
     <name>
      Анастасия Бонч-Осмоловская, Фёкла Толстая, Борис Орехов
     </name>
     <resp>
      Идея, постановка задач, руководство
     </resp>
    </respStmt>
   </titleStmt>
   <publicationStmt>
    <idno>
     Азбука  | Произведения, написанные для «Азбуки» и не включенные в нее
    </idno>
    <publisher>
     <orgName>
      Школа лингвистики НИУ ВШЭ
     </orgName>
    </publisher>
    <availability>
     <p>
      Тексты и метатекстовая разметка доступны для свободного использования и распространения по лицензии Creative Commons Attribution Share-Alike (cc by-sa)
     </p>
    </availability>
   </publicationStmt>
   <sourceDesc>
    <biblStruct>
     <analytic>
      <author>
       Толстой Л.Н.
      </author>
      <title level="a">
       Произведения, написанные для «Азбуки» и не включенные в нее
      </title>
     </analytic>
     <monogr>
      <title level="m">
       Полное собрание сочинений. Том 21
      </title>
      <imprint>
       <pubPlace>
        Москва
       </pubPlace>
       <publisher>
        Государственное издательство "Художественная литература"
       </publisher>
       <date when="1871-1872"/>
      </imprint>
     </monogr>
     <series>
      <title level="s">
       Л.Н. Толстой. Полное собрание сочинений
      </title>
      <biblScope unit="vol">
       21
      </biblScope>
     </series>
    </biblStruct>
   </sourceDesc>
  </fileDesc>
  <encodingDesc>
   <classDecl>
    <xi:include href="taxonomy.xml"/>
   </classDecl>
  </encodingDesc>
  <profileDesc>
   <creation>
    <date notAfter="1872" notBefore="1871">
     1871-1872
    </date>
    <rs/>
   </creation>
   <textClass>
    <catRef target="#fiction" type="sphere"/>
    <catRef target="#произведения для детей" type="type"/>
    <catRef target="#works" type="works_letters_diaries"/>
    <catRef target="#сборник" type="ninetyDef"/>
    <catRef target="#Неопубликованное, неотделанное, неоконченное" type="main_var"/>
    <catRef target="#сборник" type="type_short"/>
    <catRef target="None" type="translation"/>
    <catRef target="None" type="translation_origin"/>
    <catRef target="#да" type="tolstoy_or_not"/>
    <catRef target="None" type="name_status"/>
   </textClass>
   <preparedness>
    finished
   </preparedness>
   <settingDesc>
    <time>
     XIX век
    </time>
   </settingDesc>
  </profileDesc>
  <xenoData>
   <cyclusName/>
   <p>
    Проект
    <title>
     Толстой.Digital
    </title>
    разрабатывается сотрудниками и студентами
    <orgName>
     Высшей школы экономики
    </orgName>
    в сотрудничестве с
    <orgName>
     Государственным музеем Л.Н. Толстого
    </orgName>
    . Источник текстов –
    <bibl>
     90-томное собрание сочинений Л.Н.Толстого
    </bibl>
    . Разметка основана на стандарте
    <ref target="http://www.tei-c.org">
     TEI (Text Encoding Initiative)
    </ref>
    .
   </p>
   <versionNumber/>
   <isFinished/>
   <isEdited/>
   <fullBibliographicDescription/>
  </xenoData>
 </teiHeader>
 <p rend="left emptyline">
  <pb n="120"/>
 </p>
 <div type="section" xml:id="h000011042">
  <head rend="center">
   ЛИПУНЮШКА
  </head>
  <p rend="center" uuid="ca41ede9-e1d8-4015-87fe-9417a4ca8184">
   <hi rend="italic">
    (Сказка)
   </hi>
  </p>
  <p rend="left" uuid="5b7614e0-baae-4c09-b233-78b94eed14e6">
   Жил старик со старухою. У них не было детей. Старик поехал в поле пахать, а старуха осталась дома блины печь. Старуха напекла блинов и говорит:
  </p>
  <p rend="left" uuid="7df7574e-20e9-473d-aa25-4624762ce796">
   <pb n="121"/>
   «Если бы был у нас сын, он бы отцу блинов отнес; а теперь с кем я пошлю?»
  </p>
  <p rend="left" uuid="f135c07b-383e-494f-961a-de71f1a7b3d0">
   Вдруг из хлопка вылез маленький сыночек и говорит: «Здравствуй, матушка!..»
  </p>
  <p rend="left" uuid="52f78646-45b8-4d8b-be9f-93f5040a798e">
   А старуха и говорит: «Откуда ты, сыночек, взялся и как тебя звать?»
  </p>
  <p rend="left" uuid="55eb3c8b-1ef2-4139-a307-7800f7b66afc">
   А сыночек и говорит: «Ты, матушка, отпряла хлопочек и положила в столбочек, я там и вывелся. А звать меня Липунюшкой. Дай, матушка, я отнесу блинов батюшке».
  </p>
  <p rend="left" uuid="54e86715-c711-4218-8d50-93a15a5335f5">
   Старуха и говорит: «Ты донесешь ли, Липунюшка?»
  </p>
  <p rend="left" uuid="4d912e82-15c6-4744-9247-7f8b8c535bb2">
   — Донесу, матушка...
  </p>
  <p rend="left" uuid="d2f0004c-85df-4738-bd60-c6518ad77ab8">
   Старуха завязала блины в узелок и дала сыночку. Липунюшка взял узел и побежал в поле.
  </p>
  <p rend="left" uuid="1fe8b5a9-a9ab-43c7-851a-d3ff127eb19c">
   В поле попалась ему на дороге кочка; он и кричит: «Батюшка, батюшка, пересади меня через кочку! Я тебе блинов принес».
  </p>
  <p rend="left" uuid="74128858-7078-4940-b733-8c550c79e374">
   Старик услыхал с поля, кто-то его зовет, пошел к сыну навстречу, пересадил его через кочку и говорит: «Откуда ты, сынок?» А мальчик говорит: «Я, батюшка, в хлопочке вывелся», и подал отцу блинов. Старик сел завтракать, а мальчик говорит: «Дай, батюшка, я буду пахать».
  </p>
  <p rend="left" uuid="25349c6d-9c68-478d-998e-0fca7811aa98">
   А старик говорит: «У тебя силы недостанет пахать».
  </p>
  <p rend="left" uuid="e3d892d4-f4e4-4183-8729-658497cd3520">
   А Люпунюшка взялся за соху и стал пахать. Сам пашет и сам песни поет.
  </p>
  <p rend="left" uuid="d55315b3-3e4a-4f18-ba48-12bcdb1f234a">
   Ехал мимо этого поля барин и увидал, что старик сидит завтракает, а лошадь одна пашет. Барин вышел из кареты и говорит старику: «Как это у тебя, старик, лошадь одна пашет?»
  </p>
  <p rend="left" uuid="be071227-92a1-4ede-91ba-94f75cbf08b1">
   А старик говорит: «У меня там мальчик пашет, он и песни поет». Барин подошел ближе, услыхал песни и увидал Липунюшку.
  </p>
  <p rend="left" uuid="b496bc49-3352-48b7-9dba-22d9a5d21c1e">
   Барин и говорит: «Старик! продай мне мальчика». А старик говорит: «Нет, мне нельзя продать, у меня один только и есть».
  </p>
  <p rend="left" uuid="6a167b32-e23e-4d42-8e6b-2d6510a3189a">
   А Люпунюшка говорит старику: «Продай, батюшка, я убегу от него».
  </p>
  <p rend="left" uuid="b71c015d-7a44-4f67-9045-1d943e4da8b5">
   Мужик и продал мальчика за сто рублей. Барин отдал деньги, взял мальчика, завернул его в платочек и положил в карман. Барин приехал домой и говорит жене: «Я тебе радость привез». А жена говорит: «Покажи, что такое?» Барин достал платочек из кармана, развернул его, а в платочке ничего нету. Липунюшка уж давно к отцу убежал.
  </p>
  <p rend="left emptyline" uuid="e5bdf478-edd4-4710-ae3f-a0b529b97719">
   <pb n="122"/>
  </p>
 </div>
</TEI>