<?xml version="1.0" encoding="utf-8"?>
<TEI xmlns="http://www.tei-c.org/ns/1.0" xmlns:xi="http://www.w3.org/2001/XInclude">
 <teiHeader>
  <fileDesc>
   <titleStmt>
    <title>
     Произведения, написанные для «Азбуки» и не включенные в нее
    </title>
    <author>
     Толстой Л.Н.
    </author>
    <respStmt>
     <resp>
      подготовка TEI/XML
     </resp>
     <name>
      Мария Картышева, Евгений Можаев, Даниил Скоринкин, Елена Сидорова, Вероника Файнберг, Кирилл Милинцевич
     </name>
    </respStmt>
    <respStmt>
     <name>
      Анастасия Бонч-Осмоловская, Фёкла Толстая, Борис Орехов
     </name>
     <resp>
      Идея, постановка задач, руководство
     </resp>
    </respStmt>
   </titleStmt>
   <publicationStmt>
    <idno>
     Азбука  | Произведения, написанные для «Азбуки» и не включенные в нее
    </idno>
    <publisher>
     <orgName>
      Школа лингвистики НИУ ВШЭ
     </orgName>
    </publisher>
    <availability>
     <p>
      Тексты и метатекстовая разметка доступны для свободного использования и распространения по лицензии Creative Commons Attribution Share-Alike (cc by-sa)
     </p>
    </availability>
   </publicationStmt>
   <sourceDesc>
    <biblStruct>
     <analytic>
      <author>
       Толстой Л.Н.
      </author>
      <title level="a">
       Произведения, написанные для «Азбуки» и не включенные в нее
      </title>
     </analytic>
     <monogr>
      <title level="m">
       Полное собрание сочинений. Том 21
      </title>
      <imprint>
       <pubPlace>
        Москва
       </pubPlace>
       <publisher>
        Государственное издательство "Художественная литература"
       </publisher>
       <date when="1871-1872"/>
      </imprint>
     </monogr>
     <series>
      <title level="s">
       Л.Н. Толстой. Полное собрание сочинений
      </title>
      <biblScope unit="vol">
       21
      </biblScope>
     </series>
    </biblStruct>
   </sourceDesc>
  </fileDesc>
  <encodingDesc>
   <classDecl>
    <xi:include href="taxonomy.xml"/>
   </classDecl>
  </encodingDesc>
  <profileDesc>
   <creation>
    <date notAfter="1872" notBefore="1871">
     1871-1872
    </date>
    <rs/>
   </creation>
   <textClass>
    <catRef target="#fiction" type="sphere"/>
    <catRef target="#произведения для детей" type="type"/>
    <catRef target="#works" type="works_letters_diaries"/>
    <catRef target="#сборник" type="ninetyDef"/>
    <catRef target="#Неопубликованное, неотделанное, неоконченное" type="main_var"/>
    <catRef target="#сборник" type="type_short"/>
    <catRef target="None" type="translation"/>
    <catRef target="None" type="translation_origin"/>
    <catRef target="#да" type="tolstoy_or_not"/>
    <catRef target="None" type="name_status"/>
   </textClass>
   <preparedness>
    finished
   </preparedness>
   <settingDesc>
    <time>
     XIX век
    </time>
   </settingDesc>
  </profileDesc>
  <xenoData>
   <cyclusName/>
   <p>
    Проект
    <title>
     Толстой.Digital
    </title>
    разрабатывается сотрудниками и студентами
    <orgName>
     Высшей школы экономики
    </orgName>
    в сотрудничестве с
    <orgName>
     Государственным музеем Л.Н. Толстого
    </orgName>
    . Источник текстов –
    <bibl>
     90-томное собрание сочинений Л.Н.Толстого
    </bibl>
    . Разметка основана на стандарте
    <ref target="http://www.tei-c.org">
     TEI (Text Encoding Initiative)
    </ref>
    .
   </p>
   <versionNumber/>
   <isFinished/>
   <isEdited/>
   <fullBibliographicDescription/>
  </xenoData>
 </teiHeader>
 <p rend="left emptyline">
  <pb n="75"/>
 </p>
 <p rend="left Azbuka1" uuid="82b18f74-3663-4363-aee4-32035f16294d">
  <choice>
   <reg>
    Орел
   </reg>
  </choice>
  <choice>
   <reg>
    свил
   </reg>
  </choice>
  на
  <choice>
   <reg>
    дереве
   </reg>
  </choice>
  <choice>
   <reg>
    гнездо
   </reg>
  </choice>
  и
  <choice>
   <reg>
    вывел
   </reg>
  </choice>
  <choice>
   <reg>
    орлят
   </reg>
  </choice>
  . А
  <choice>
   <reg>
    под
   </reg>
  </choice>
  <choice>
   <reg>
    деревом
   </reg>
  </choice>
  дикая свинья вывела
  <choice>
   <reg>
    поросят
   </reg>
  </choice>
  .
  <choice>
   <reg>
    Орел
   </reg>
  </choice>
  <choice>
   <reg>
    летал
   </reg>
  </choice>
  на добычу и ворочался
  <choice>
   <reg>
    к
   </reg>
  </choice>
  <choice>
   <reg>
    своим
   </reg>
  </choice>
  <choice>
   <reg>
    орлятам
   </reg>
  </choice>
  , а свинья копала около дерева и ходила
  <choice>
   <reg>
    в
   </reg>
  </choice>
  <choice>
   <reg>
    лес
   </reg>
  </choice>
  , а
  <choice>
   <reg>
    к
   </reg>
  </choice>
  ночи приносила
  <choice>
   <reg>
    корм
   </reg>
  </choice>
  <choice>
   <reg>
    своим
   </reg>
  </choice>
  <choice>
   <reg>
    поросятам
   </reg>
  </choice>
  . И жили
  <choice>
   <reg>
    орел
   </reg>
  </choice>
  <choice>
   <reg>
    с
   </reg>
  </choice>
  свиньей
  <choice>
   <reg>
    в
   </reg>
  </choice>
  <choice>
   <reg>
    дружбе
   </reg>
  </choice>
  .
  <choice>
   <reg>
    Задумал
   </reg>
  </choice>
  <choice>
   <reg>
    кот
   </reg>
  </choice>
  погубить
  <choice>
   <reg>
    орлят
   </reg>
  </choice>
  и
  <choice>
   <reg>
    поросят
   </reg>
  </choice>
  .
  <choice>
   <reg>
    Пришел
   </reg>
  </choice>
  <choice>
   <reg>
    он
   </reg>
  </choice>
  <choice>
   <reg>
    к
   </reg>
  </choice>
  орлу и
  <choice>
   <reg>
    говорит
   </reg>
  </choice>
  : ты,
  <choice>
   <reg>
    орел
   </reg>
  </choice>
  , не летай далеко. Посматривай за свиньей. Она
  <choice>
   <reg>
    затеяла
   </reg>
  </choice>
  плохое
  <choice>
   <reg>
    дело
   </reg>
  </choice>
  :
  <choice>
   <reg>
    хочет
   </reg>
  </choice>
  дерево
  <choice>
   <reg>
    с
   </reg>
  </choice>
  кореньями подрыть. Видишь, она все
  <choice>
   <reg>
    копает
   </reg>
  </choice>
  .
  <choice>
   <reg>
    Потом
   </reg>
  </choice>
  <choice>
   <reg>
    пошел
   </reg>
  </choice>
  <choice>
   <reg>
    кот
   </reg>
  </choice>
  <choice>
   <reg>
    к
   </reg>
  </choice>
  <choice>
   <reg>
    свинье
   </reg>
  </choice>
  и говорить: не
  <choice>
   <reg>
    хорош
   </reg>
  </choice>
  у тебя, свинья,
  <choice>
   <reg>
    сосед
   </reg>
  </choice>
  . Вчера я
  <choice>
   <reg>
    слышал
   </reg>
  </choice>
  ,
  <choice>
   <reg>
    орел
   </reg>
  </choice>
  <choice>
   <reg>
    говорил
   </reg>
  </choice>
  <choice>
   <reg>
    своим
   </reg>
  </choice>
  <choice>
   <reg>
    орлятам
   </reg>
  </choice>
  : ну, орлятушки, угощу
  <choice>
   <reg>
    вас
   </reg>
  </choice>
  скоро поросятинкой.
  <choice>
   <reg>
    Вот
   </reg>
  </choice>
  дай только она
  <choice>
   <reg>
    уйдет
   </reg>
  </choice>
  , принесу
  <choice>
   <reg>
    вам
   </reg>
  </choice>
  <choice>
   <reg>
    молочного
   </reg>
  </choice>
  поросеночка покушать.
 </p>
</TEI>