<?xml version="1.0" encoding="utf-8"?>
<TEI xmlns="http://www.tei-c.org/ns/1.0" xmlns:xi="http://www.w3.org/2001/XInclude">
 <teiHeader>
  <fileDesc>
   <titleStmt>
    <title>
     Произведения, написанные для «Азбуки» и не включенные в нее
    </title>
    <author>
     Толстой Л.Н.
    </author>
    <respStmt>
     <resp>
      подготовка TEI/XML
     </resp>
     <name>
      Мария Картышева, Евгений Можаев, Даниил Скоринкин, Елена Сидорова, Вероника Файнберг, Кирилл Милинцевич
     </name>
    </respStmt>
    <respStmt>
     <name>
      Анастасия Бонч-Осмоловская, Фёкла Толстая, Борис Орехов
     </name>
     <resp>
      Идея, постановка задач, руководство
     </resp>
    </respStmt>
   </titleStmt>
   <publicationStmt>
    <idno>
     Азбука  | Произведения, написанные для «Азбуки» и не включенные в нее
    </idno>
    <publisher>
     <orgName>
      Школа лингвистики НИУ ВШЭ
     </orgName>
    </publisher>
    <availability>
     <p>
      Тексты и метатекстовая разметка доступны для свободного использования и распространения по лицензии Creative Commons Attribution Share-Alike (cc by-sa)
     </p>
    </availability>
   </publicationStmt>
   <sourceDesc>
    <biblStruct>
     <analytic>
      <author>
       Толстой Л.Н.
      </author>
      <title level="a">
       Произведения, написанные для «Азбуки» и не включенные в нее
      </title>
     </analytic>
     <monogr>
      <title level="m">
       Полное собрание сочинений. Том 21
      </title>
      <imprint>
       <pubPlace>
        Москва
       </pubPlace>
       <publisher>
        Государственное издательство "Художественная литература"
       </publisher>
       <date when="1871-1872"/>
      </imprint>
     </monogr>
     <series>
      <title level="s">
       Л.Н. Толстой. Полное собрание сочинений
      </title>
      <biblScope unit="vol">
       21
      </biblScope>
     </series>
    </biblStruct>
   </sourceDesc>
  </fileDesc>
  <encodingDesc>
   <classDecl>
    <xi:include href="taxonomy.xml"/>
   </classDecl>
  </encodingDesc>
  <profileDesc>
   <creation>
    <date notAfter="1872" notBefore="1871">
     1871-1872
    </date>
    <rs/>
   </creation>
   <textClass>
    <catRef target="#fiction" type="sphere"/>
    <catRef target="#произведения для детей" type="type"/>
    <catRef target="#works" type="works_letters_diaries"/>
    <catRef target="#сборник" type="ninetyDef"/>
    <catRef target="#Неопубликованное, неотделанное, неоконченное" type="main_var"/>
    <catRef target="#сборник" type="type_short"/>
    <catRef target="None" type="translation"/>
    <catRef target="None" type="translation_origin"/>
    <catRef target="#да" type="tolstoy_or_not"/>
    <catRef target="None" type="name_status"/>
   </textClass>
   <preparedness>
    finished
   </preparedness>
   <settingDesc>
    <time>
     XIX век
    </time>
   </settingDesc>
  </profileDesc>
  <xenoData>
   <cyclusName/>
   <p>
    Проект
    <title>
     Толстой.Digital
    </title>
    разрабатывается сотрудниками и студентами
    <orgName>
     Высшей школы экономики
    </orgName>
    в сотрудничестве с
    <orgName>
     Государственным музеем Л.Н. Толстого
    </orgName>
    . Источник текстов –
    <bibl>
     90-томное собрание сочинений Л.Н.Толстого
    </bibl>
    . Разметка основана на стандарте
    <ref target="http://www.tei-c.org">
     TEI (Text Encoding Initiative)
    </ref>
    .
   </p>
   <versionNumber/>
   <isFinished/>
   <isEdited/>
   <fullBibliographicDescription/>
  </xenoData>
 </teiHeader>
 <p rend="left emptyline">
  <pb n="348"/>
 </p>
 <div type="section" xml:id="h000017001001009">
  <head rend="center">
   ** &lt;ОБЕЗЬЯНА
  </head>
  <p id="7393fd9a-b258-43cd-baeb-a4897deab973" rend="left">
   Были два маленькие брата. Меньшой брат построил себе маленький дом и играл с ним. А старший брат побежал мимо дома и нечаянно зацепил его. Меньшой брат рассердился, заплакал, закричал и замахнулся бить старшего брата. Старший брат сказал: Я не нарочно. За что ты сердишься? Хочешь, я тебе сам построю такой же дом? Но младший брат так разозлился, что он ничего слышать не хотел, и плакал, кричал и махал руками, и нельзя было понять, что он говорил. Из носу у него текли сопли, и лицо стало гадкое и страшное. Старший брат ушел от него. На другой день пришел человек показывать обезьяну. Братья вышли смотреть. Когда обезьяна показала все штуки, младший брат стал палочкой дразнить ее. Обезьяна кричала, визжала, из носу у нее текли сопли, и замахивалась на него руками. Старший брат сказал: Вот точно такой ты был вчера, когда рассердился на меня. Младший брат замолчал и сейчас же ушел в дом.&gt;
  </p>
  <p id="f3da2328-077b-4eaf-bac5-765fb5699680" rend="centerline">
   ————
  </p>
  <p id="15e38fa4-59ed-470d-8bbe-4b31c8e8ab0a" rend="left">
   ** &lt;Один мальчик увидал нищего. Ему жалко стало его. Он принес ему свою лошадку и отдал. — Мне не нужно лошадки. Мне нужно хлеба. Другой крестьянский мальчик полюбил барченка и принес ему яиц. А барченок говорит: Мне не нужно яиц, я не ем их. Мальчик проиграл все бабки и плакал. А мясник отдал все бабки собакам. Ему не нужно было. Один бедный человек говорил: Если бы мне дали золотой, я был бы счастлив. А другой человек умирал с голода и нашел кошелек с деньгами и бросил его. Вещь хороша только тому, кому она нужна.&gt;
  </p>
 </div>
</TEI>