<?xml version="1.0" encoding="utf-8"?>
<TEI xmlns="http://www.tei-c.org/ns/1.0" xmlns:xi="http://www.w3.org/2001/XInclude">
 <teiHeader>
  <fileDesc>
   <titleStmt>
    <title>
     Произведения, написанные для «Азбуки» и не включенные в нее
    </title>
    <author>
     Толстой Л.Н.
    </author>
    <respStmt>
     <resp>
      подготовка TEI/XML
     </resp>
     <name>
      Мария Картышева, Евгений Можаев, Даниил Скоринкин, Елена Сидорова, Вероника Файнберг, Кирилл Милинцевич
     </name>
    </respStmt>
    <respStmt>
     <name>
      Анастасия Бонч-Осмоловская, Фёкла Толстая, Борис Орехов
     </name>
     <resp>
      Идея, постановка задач, руководство
     </resp>
    </respStmt>
   </titleStmt>
   <publicationStmt>
    <idno>
     Азбука  | Произведения, написанные для «Азбуки» и не включенные в нее
    </idno>
    <publisher>
     <orgName>
      Школа лингвистики НИУ ВШЭ
     </orgName>
    </publisher>
    <availability>
     <p>
      Тексты и метатекстовая разметка доступны для свободного использования и распространения по лицензии Creative Commons Attribution Share-Alike (cc by-sa)
     </p>
    </availability>
   </publicationStmt>
   <sourceDesc>
    <biblStruct>
     <analytic>
      <author>
       Толстой Л.Н.
      </author>
      <title level="a">
       Произведения, написанные для «Азбуки» и не включенные в нее
      </title>
     </analytic>
     <monogr>
      <title level="m">
       Полное собрание сочинений. Том 21
      </title>
      <imprint>
       <pubPlace>
        Москва
       </pubPlace>
       <publisher>
        Государственное издательство "Художественная литература"
       </publisher>
       <date when="1871-1872"/>
      </imprint>
     </monogr>
     <series>
      <title level="s">
       Л.Н. Толстой. Полное собрание сочинений
      </title>
      <biblScope unit="vol">
       21
      </biblScope>
     </series>
    </biblStruct>
   </sourceDesc>
  </fileDesc>
  <encodingDesc>
   <classDecl>
    <xi:include href="taxonomy.xml"/>
   </classDecl>
  </encodingDesc>
  <profileDesc>
   <creation>
    <date notAfter="1872" notBefore="1871">
     1871-1872
    </date>
    <rs/>
   </creation>
   <textClass>
    <catRef target="#fiction" type="sphere"/>
    <catRef target="#произведения для детей" type="type"/>
    <catRef target="#works" type="works_letters_diaries"/>
    <catRef target="#сборник" type="ninetyDef"/>
    <catRef target="#Неопубликованное, неотделанное, неоконченное" type="main_var"/>
    <catRef target="#сборник" type="type_short"/>
    <catRef target="None" type="translation"/>
    <catRef target="None" type="translation_origin"/>
    <catRef target="#да" type="tolstoy_or_not"/>
    <catRef target="None" type="name_status"/>
   </textClass>
   <preparedness>
    finished
   </preparedness>
   <settingDesc>
    <time>
     XIX век
    </time>
   </settingDesc>
  </profileDesc>
  <xenoData>
   <cyclusName/>
   <p>
    Проект
    <title>
     Толстой.Digital
    </title>
    разрабатывается сотрудниками и студентами
    <orgName>
     Высшей школы экономики
    </orgName>
    в сотрудничестве с
    <orgName>
     Государственным музеем Л.Н. Толстого
    </orgName>
    . Источник текстов –
    <bibl>
     90-томное собрание сочинений Л.Н.Толстого
    </bibl>
    . Разметка основана на стандарте
    <ref target="http://www.tei-c.org">
     TEI (Text Encoding Initiative)
    </ref>
    .
   </p>
   <versionNumber/>
   <isFinished/>
   <isEdited/>
   <fullBibliographicDescription/>
  </xenoData>
 </teiHeader>
 <p rend="left emptyline">
  <pb n="214"/>
 </p>
 <div type="section" xml:id="h000012030">
  <head rend="center">
   КАК ВОЛКИ УЧАТ СВОИХ ДЕТЕЙ
  </head>
  <p id="8062a0f1-f812-4b7c-8a81-f11d9b415911" rend="center">
   <hi rend="italic">
    (Рассказ)
   </hi>
  </p>
  <p id="339a3fea-6a14-43d6-bc92-d63f813833b1" rend="left">
   Я шел по дороге, и сзади себя услыхал крик. Кричал мальчик пастух. Он бежал полем и на кого-то показывал.
  </p>
  <p id="90ac3ff8-1a2f-4490-8183-09bb30f9d800" rend="left">
   Я поглядел и увидал — по полю бегут два волка: один матерой, другой молодой. Молодой нес на спине зарезанного ягненка, а зубами держал его за ногу. Матерой волк бежал позади.
  </p>
  <p id="43d01315-ff54-4993-9441-82277146ef58" rend="left">
   Когда я увидал волков, я вместе с пастухом побежал за ними, и мы стали кричать. На наш крик прибежали мужики с собаками.
  </p>
  <p id="28e18106-3866-4fc1-9ab6-de1a924edaa0" rend="left">
   Как только старый волк увидал собак и народ, он подбежал к молодому, выхватил у него ягненка, перекинул себе на спину, и оба волка побежали скорее и скрылись из глаз.
  </p>
  <p id="825c12ff-fb61-4173-b1fe-3c2d9a5ca8f9" rend="left">
   Тогда мальчик стал рассказывать, как было дело: из оврага выскочил большой волк, схватил ягненка, зарезал его и понес.
  </p>
  <p id="67c902c0-5be7-4f06-a96a-b8046ab3bd78" rend="left">
   Навстречу выбежал волчонок и бросился к ягненку. Старый отдал нести ягненка молодому волку, а сам налегке побежал возле.
  </p>
  <p id="ff3f7761-462d-4668-b92b-e21d3b653943" rend="left">
   Только когда пришла беда, старый оставил ученье и сам взял ягненка.
  </p>
 </div>
</TEI>