<?xml version="1.0" encoding="utf-8"?>
<TEI xmlns="http://www.tei-c.org/ns/1.0" xmlns:xi="http://www.w3.org/2001/XInclude">
 <teiHeader>
  <fileDesc>
   <titleStmt>
    <title>
     Произведения, написанные для «Азбуки» и не включенные в нее
    </title>
    <author>
     Толстой Л.Н.
    </author>
    <respStmt>
     <resp>
      подготовка TEI/XML
     </resp>
     <name>
      Мария Картышева, Евгений Можаев, Даниил Скоринкин, Елена Сидорова, Вероника Файнберг, Кирилл Милинцевич
     </name>
    </respStmt>
    <respStmt>
     <name>
      Анастасия Бонч-Осмоловская, Фёкла Толстая, Борис Орехов
     </name>
     <resp>
      Идея, постановка задач, руководство
     </resp>
    </respStmt>
   </titleStmt>
   <publicationStmt>
    <idno>
     Азбука  | Произведения, написанные для «Азбуки» и не включенные в нее
    </idno>
    <publisher>
     <orgName>
      Школа лингвистики НИУ ВШЭ
     </orgName>
    </publisher>
    <availability>
     <p>
      Тексты и метатекстовая разметка доступны для свободного использования и распространения по лицензии Creative Commons Attribution Share-Alike (cc by-sa)
     </p>
    </availability>
   </publicationStmt>
   <sourceDesc>
    <biblStruct>
     <analytic>
      <author>
       Толстой Л.Н.
      </author>
      <title level="a">
       Произведения, написанные для «Азбуки» и не включенные в нее
      </title>
     </analytic>
     <monogr>
      <title level="m">
       Полное собрание сочинений. Том 21
      </title>
      <imprint>
       <pubPlace>
        Москва
       </pubPlace>
       <publisher>
        Государственное издательство "Художественная литература"
       </publisher>
       <date when="1871-1872"/>
      </imprint>
     </monogr>
     <series>
      <title level="s">
       Л.Н. Толстой. Полное собрание сочинений
      </title>
      <biblScope unit="vol">
       21
      </biblScope>
     </series>
    </biblStruct>
   </sourceDesc>
  </fileDesc>
  <encodingDesc>
   <classDecl>
    <xi:include href="taxonomy.xml"/>
   </classDecl>
  </encodingDesc>
  <profileDesc>
   <creation>
    <date notAfter="1872" notBefore="1871">
     1871-1872
    </date>
    <rs/>
   </creation>
   <textClass>
    <catRef target="#fiction" type="sphere"/>
    <catRef target="#произведения для детей" type="type"/>
    <catRef target="#works" type="works_letters_diaries"/>
    <catRef target="#сборник" type="ninetyDef"/>
    <catRef target="#Неопубликованное, неотделанное, неоконченное" type="main_var"/>
    <catRef target="#сборник" type="type_short"/>
    <catRef target="None" type="translation"/>
    <catRef target="None" type="translation_origin"/>
    <catRef target="#да" type="tolstoy_or_not"/>
    <catRef target="None" type="name_status"/>
   </textClass>
   <preparedness>
    finished
   </preparedness>
   <settingDesc>
    <time>
     XIX век
    </time>
   </settingDesc>
  </profileDesc>
  <xenoData>
   <cyclusName/>
   <p>
    Проект
    <title>
     Толстой.Digital
    </title>
    разрабатывается сотрудниками и студентами
    <orgName>
     Высшей школы экономики
    </orgName>
    в сотрудничестве с
    <orgName>
     Государственным музеем Л.Н. Толстого
    </orgName>
    . Источник текстов –
    <bibl>
     90-томное собрание сочинений Л.Н.Толстого
    </bibl>
    . Разметка основана на стандарте
    <ref target="http://www.tei-c.org">
     TEI (Text Encoding Initiative)
    </ref>
    .
   </p>
   <versionNumber/>
   <isFinished/>
   <isEdited/>
   <fullBibliographicDescription/>
  </xenoData>
 </teiHeader>
 <p rend="left emptyline">
  <pb n="233"/>
 </p>
 <div type="section" xml:id="h000013037">
  <head rend="center">
   БУЛЬКА И КАБАН
  </head>
  <p rend="center" uuid="05f672cb-b6f5-42db-b1de-b4a3ec0ab6ab">
   <hi rend="italic">
    (Рассказ)
   </hi>
  </p>
  <p rend="left" uuid="0d723311-64ed-4db5-b379-708ce0548135">
   Один раз на Кавказе мы пошли на охоту за кабанами, и Булька прибежал со мной. Только что гончие погнали, Булька бросился на их голос и скрылся в лесу. Это было в ноябре месяце: кабаны и свиньи тогда бывают очень жирные.
  </p>
  <p rend="left" uuid="862cab1f-cad2-47a2-99a3-24244efc8717">
   <pb n="234"/>
   На Кавказе, в лесах, где живут кабаны, бывает много вкусных плодов: дикого винограду, шишек, яблок, груш, ежевики, жолудей, терновнику. И когда все эти плоды поспеют и тронутся морозом, — кабаны отъедаются и жиреют.
  </p>
  <p rend="left" uuid="7fae74e9-8b40-4f28-9a7a-ab084c3e106b">
   В то время кабан так бывает жирен, что не долго может бегать под собаками. Когда его погоняют часа два, он забивается в чащу и останавливается. Тогда охотники бегут к тому месту, где он стоит, и стреляют. По лаю собак можно знать, стал ли кабан, или бежит. Если он бежит, то собаки лают с визгом, как будто их бьют; а если он стоит, то они лают, как на человека, и подвывают.
  </p>
  <p rend="left" uuid="177a4ce3-c92c-4c52-8644-0c49a4704e39">
   В эту охоту я долго бегал по лесу, но ни разу мне не удалось перебежать дорогу кабану. Наконец, я услыхал протяжный лай и вой гончих собак и побежал к тому месту. Уж я был близко от кабана. Мне уже слышен был треск по чаще. Это ворочался кабан с собаками. Но слышно было по лаю, что они не брали его, а только кружились около. Вдруг я услыхал — зашуршало что-то сзади и увидал Бульку. Он, видно, потерял гончих в лесу и спутался, а теперь слышал их лай и так же, как я, что было духу, катился в ту сторону. Он бежал через полянку, по высокой траве, и мне от него видна только была его черная голова и закушенный язык в белых зубах. Я окликнул его, но он не оглянулся, обогнал меня и скрылся в чаще. Я побежал за ним, но чем дальше я шел, тем лес становился чаще и чаще. Сучки сбивали с меня шапку, били по лицу, иглы терновника цеплялись за платье. Я уже был близок к лаю, но ничего не мог видеть.
  </p>
  <p rend="left" uuid="cc44ca12-d33f-45e3-9041-70c755387c83">
   Вдруг я услыхал, что собаки громче залаяли, что-то сильно затрещало, и кабан стал отдуваться и захрипел. Я так и думал, что теперь Булька добрался до него и возится с ним. Я из последних сил побежал чрез чащу к тому месту. В самой глухой чаще я увидал пеструю гончую собаку. Она лаяла и выла на одном месте, и в трех шагах от нее возилось и чернело что-то.
  </p>
  <p rend="left" uuid="c38f589f-96c5-4725-872f-5dc8dd6558f7">
   Когда я подвинулся ближе, я рассмотрел кабана и услыхал, что Булька пронзительно завизжал. Кабан захрюкал и посунулся на гончую, — гончая поджала хвост и отскочила. Мне стал виден бок кабана и его голова. Я прицелился в бок и выстрелил. Я видел, что попал. Кабан хрюкнул и затрещал прочь от меня по чаще. Собаки визжали, лаяли следом за ним, я по чаще ломился за ними. Вдруг, почти у себя под ногами, я увидал и услыхал что-то. Это был Булька. Он лежал на боку и
   <pb n="235"/>
   визжал. Под ним была лужа крови. Я подумал: пропала собака; но мне теперь не до него было, я ломился дальше. Скоро я увидал кабана. Собаки хватали его сзади, а он поворачивался то на ту, то на другую сторону. Когда кабан увидал меня, он сунулся ко мне. Я выстрелил другой раз, почти в упор, так что щетина загорелась на кабане, и кабан захрипел, зашатался и всей тушей тяжело хлопнулся наземь.
  </p>
  <p rend="left" uuid="8ccfe5ee-a12f-4479-8776-80c50dec2da6">
   Когда я подошел, кабан уже был мертвый и только то там, то тут его пучило и подергивало. Но собаки, ощетинившись, одни рвали его за брюхо и за ноги, а другие лакали кровь из раны.
  </p>
  <p rend="left" uuid="89a5e3de-0e3a-4be0-99b3-2785e0c7b771">
   Тут я вспомнил про Бульку и пошел его искать. Он полз мне навстречу и стонал. Я подошел к нему, присел и посмотрел его рану. У него был распорот живот и целый комок кишок из живота волочился по сухим листьям. Когда товарищи подошли ко мне, мы вправили Бульке кишки и зашили ему живот. Пока зашивали живот и прокалывали кожу, он всё лизал мне руки.
  </p>
  <p rend="left" uuid="be927504-5633-429c-823e-47fdeaf73d9d">
   Кабана привязали к хвосту лошади, чтоб вывезти из лесу, а Бульку положили на лошадь и так привезли его домой. Булька проболел недель шесть и выздоровел.
  </p>
 </div>
</TEI>