<?xml version="1.0" encoding="utf-8"?>
<TEI xmlns="http://www.tei-c.org/ns/1.0" xmlns:xi="http://www.w3.org/2001/XInclude">
 <teiHeader>
  <fileDesc>
   <titleStmt>
    <title>
     Произведения, написанные для «Азбуки» и не включенные в нее
    </title>
    <author>
     Толстой Л.Н.
    </author>
    <respStmt>
     <resp>
      подготовка TEI/XML
     </resp>
     <name>
      Мария Картышева, Евгений Можаев, Даниил Скоринкин, Елена Сидорова, Вероника Файнберг, Кирилл Милинцевич
     </name>
    </respStmt>
    <respStmt>
     <name>
      Анастасия Бонч-Осмоловская, Фёкла Толстая, Борис Орехов
     </name>
     <resp>
      Идея, постановка задач, руководство
     </resp>
    </respStmt>
   </titleStmt>
   <publicationStmt>
    <idno>
     Азбука  | Произведения, написанные для «Азбуки» и не включенные в нее
    </idno>
    <publisher>
     <orgName>
      Школа лингвистики НИУ ВШЭ
     </orgName>
    </publisher>
    <availability>
     <p>
      Тексты и метатекстовая разметка доступны для свободного использования и распространения по лицензии Creative Commons Attribution Share-Alike (cc by-sa)
     </p>
    </availability>
   </publicationStmt>
   <sourceDesc>
    <biblStruct>
     <analytic>
      <author>
       Толстой Л.Н.
      </author>
      <title level="a">
       Произведения, написанные для «Азбуки» и не включенные в нее
      </title>
     </analytic>
     <monogr>
      <title level="m">
       Полное собрание сочинений. Том 21
      </title>
      <imprint>
       <pubPlace>
        Москва
       </pubPlace>
       <publisher>
        Государственное издательство "Художественная литература"
       </publisher>
       <date when="1871-1872"/>
      </imprint>
     </monogr>
     <series>
      <title level="s">
       Л.Н. Толстой. Полное собрание сочинений
      </title>
      <biblScope unit="vol">
       21
      </biblScope>
     </series>
    </biblStruct>
   </sourceDesc>
  </fileDesc>
  <encodingDesc>
   <classDecl>
    <xi:include href="taxonomy.xml"/>
   </classDecl>
  </encodingDesc>
  <profileDesc>
   <creation>
    <date notAfter="1872" notBefore="1871">
     1871-1872
    </date>
    <rs/>
   </creation>
   <textClass>
    <catRef target="#fiction" type="sphere"/>
    <catRef target="#произведения для детей" type="type"/>
    <catRef target="#works" type="works_letters_diaries"/>
    <catRef target="#сборник" type="ninetyDef"/>
    <catRef target="#Неопубликованное, неотделанное, неоконченное" type="main_var"/>
    <catRef target="#сборник" type="type_short"/>
    <catRef target="None" type="translation"/>
    <catRef target="None" type="translation_origin"/>
    <catRef target="#да" type="tolstoy_or_not"/>
    <catRef target="None" type="name_status"/>
   </textClass>
   <preparedness>
    finished
   </preparedness>
   <settingDesc>
    <time>
     XIX век
    </time>
   </settingDesc>
  </profileDesc>
  <xenoData>
   <cyclusName/>
   <p>
    Проект
    <title>
     Толстой.Digital
    </title>
    разрабатывается сотрудниками и студентами
    <orgName>
     Высшей школы экономики
    </orgName>
    в сотрудничестве с
    <orgName>
     Государственным музеем Л.Н. Толстого
    </orgName>
    . Источник текстов –
    <bibl>
     90-томное собрание сочинений Л.Н.Толстого
    </bibl>
    . Разметка основана на стандарте
    <ref target="http://www.tei-c.org">
     TEI (Text Encoding Initiative)
    </ref>
    .
   </p>
   <versionNumber/>
   <isFinished/>
   <isEdited/>
   <fullBibliographicDescription/>
  </xenoData>
 </teiHeader>
 <p rend="left emptyline">
  <pb n="128"/>
 </p>
 <div type="section" xml:id="h000011053">
  <head rend="center">
   ДВА КУПЦА
  </head>
  <p rend="center" uuid="85ce7074-1ece-4883-899c-5a62d24d12ea">
   <hi rend="italic">
    (Басня)
   </hi>
  </p>
  <p rend="left" uuid="9d03a9f8-a384-4e51-b58b-39f05f29f866">
   Один бедный купец уезжал в дорогу и отдал весь свой железный товар под сохранение богатому купцу. Когда он вернулся, он пришел к богатому купцу и попросил назад свое железо.
  </p>
  <p rend="left" uuid="4a46649e-351d-43f2-ac03-f9010b20009e">
   Богатый купец продал весь железный товар и, чтобы отговориться чем-нибудь сказал: «С твоим железом несчастье случилось».
  </p>
  <p rend="left" uuid="73734b7c-9cf3-49a4-b89a-365ccff5745c">
   — А что?
  </p>
  <p rend="left" uuid="c29d35cc-3106-4fee-8b34-a4dc590d0f38">
   — Да я его сложил в хлебный амбар. А там мышей пропасть. Они всё железо источили. Я сам видел, как они грызли. Если не веришь — поди посмотри.
  </p>
  <p rend="left" uuid="2ca10e71-7119-48ca-90b5-2768601c0642">
   Бедный купец не стал спорить. Он сказал: «Чего смотреть. Я и так верю. Я знаю, мыши всегда железо грызут. Прощай». И бедный купец ушел.
  </p>
  <p rend="left" uuid="899a5313-391b-4614-b84f-88ee6dd4163c">
   На улице он увидал, играет мальчик — сын богатого купца. Бедный купец приласкал мальчика, взял на руки и унес к себе. На другой день богатый купец встречает бедного и рассказывает свое горе, что у него сын пропал, и спрашивает: «Не видал ли, не слыхал ли?»
  </p>
  <p rend="left" uuid="cb0005f5-5455-4534-a4f8-87fd12e5b675">
   Бедный купец и говорит:
  </p>
  <p rend="left" uuid="cffc64ef-8f1e-47d2-9d92-a90514b5d374">
   — Как же, видел. Только стал я вчера от тебя выходить, вижу ястреб налетел прямо на твоего мальчика, схватил и унес.
  </p>
  <p rend="left" uuid="bcb68c65-c454-4e3d-855a-920d9e7a5e2b">
   Богатый купец рассердился и говорит:
  </p>
  <p rend="left" uuid="8fbb9d9a-5fa5-46e0-b889-7fbbc3fdba6b">
   — Стыдно тебе надо мной смеяться. Разве статочное дело, чтоб ястреб мог мальчика унесть.
  </p>
  <p rend="left" uuid="4781c111-ae40-4ead-87b8-711da528aa61">
   <pb n="129"/>
   — Нет, я не смеюсь. Что ж удивительного, что ястреб мальчика унес, когда мыши 100 пудов железа съели. Всё бывает.
  </p>
  <p rend="left" uuid="142c0406-5a34-4c6c-a510-b52ad4075a06">
   Тогда богатый купец понял и говорит: «Мыши не съели твоего железа, а я его продал и вдвое тебе заплачу».
  </p>
  <p rend="left" uuid="a90764c1-c040-4e14-9ef5-7cc6ff20615f">
   — А если так, то и ястреб сына твоего не уносил, и я его тебе отдам.
  </p>
 </div>
</TEI>