<?xml version="1.0" encoding="utf-8"?>
<TEI xmlns="http://www.tei-c.org/ns/1.0" xmlns:xi="http://www.w3.org/2001/XInclude">
 <teiHeader>
  <fileDesc>
   <titleStmt>
    <title>
     Произведения, написанные для «Азбуки» и не включенные в нее
    </title>
    <author>
     Толстой Л.Н.
    </author>
    <respStmt>
     <resp>
      подготовка TEI/XML
     </resp>
     <name>
      Мария Картышева, Евгений Можаев, Даниил Скоринкин, Елена Сидорова, Вероника Файнберг, Кирилл Милинцевич
     </name>
    </respStmt>
    <respStmt>
     <name>
      Анастасия Бонч-Осмоловская, Фёкла Толстая, Борис Орехов
     </name>
     <resp>
      Идея, постановка задач, руководство
     </resp>
    </respStmt>
   </titleStmt>
   <publicationStmt>
    <idno>
     Азбука  | Произведения, написанные для «Азбуки» и не включенные в нее
    </idno>
    <publisher>
     <orgName>
      Школа лингвистики НИУ ВШЭ
     </orgName>
    </publisher>
    <availability>
     <p>
      Тексты и метатекстовая разметка доступны для свободного использования и распространения по лицензии Creative Commons Attribution Share-Alike (cc by-sa)
     </p>
    </availability>
   </publicationStmt>
   <sourceDesc>
    <biblStruct>
     <analytic>
      <author>
       Толстой Л.Н.
      </author>
      <title level="a">
       Произведения, написанные для «Азбуки» и не включенные в нее
      </title>
     </analytic>
     <monogr>
      <title level="m">
       Полное собрание сочинений. Том 21
      </title>
      <imprint>
       <pubPlace>
        Москва
       </pubPlace>
       <publisher>
        Государственное издательство "Художественная литература"
       </publisher>
       <date when="1871-1872"/>
      </imprint>
     </monogr>
     <series>
      <title level="s">
       Л.Н. Толстой. Полное собрание сочинений
      </title>
      <biblScope unit="vol">
       21
      </biblScope>
     </series>
    </biblStruct>
   </sourceDesc>
  </fileDesc>
  <encodingDesc>
   <classDecl>
    <xi:include href="taxonomy.xml"/>
   </classDecl>
  </encodingDesc>
  <profileDesc>
   <creation>
    <date notAfter="1872" notBefore="1871">
     1871-1872
    </date>
    <rs/>
   </creation>
   <textClass>
    <catRef target="#fiction" type="sphere"/>
    <catRef target="#произведения для детей" type="type"/>
    <catRef target="#works" type="works_letters_diaries"/>
    <catRef target="#сборник" type="ninetyDef"/>
    <catRef target="#Неопубликованное, неотделанное, неоконченное" type="main_var"/>
    <catRef target="#сборник" type="type_short"/>
    <catRef target="None" type="translation"/>
    <catRef target="None" type="translation_origin"/>
    <catRef target="#да" type="tolstoy_or_not"/>
    <catRef target="None" type="name_status"/>
   </textClass>
   <preparedness>
    finished
   </preparedness>
   <settingDesc>
    <time>
     XIX век
    </time>
   </settingDesc>
  </profileDesc>
  <xenoData>
   <cyclusName/>
   <p>
    Проект
    <title>
     Толстой.Digital
    </title>
    разрабатывается сотрудниками и студентами
    <orgName>
     Высшей школы экономики
    </orgName>
    в сотрудничестве с
    <orgName>
     Государственным музеем Л.Н. Толстого
    </orgName>
    . Источник текстов –
    <bibl>
     90-томное собрание сочинений Л.Н.Толстого
    </bibl>
    . Разметка основана на стандарте
    <ref target="http://www.tei-c.org">
     TEI (Text Encoding Initiative)
    </ref>
    .
   </p>
   <versionNumber/>
   <isFinished/>
   <isEdited/>
   <fullBibliographicDescription/>
  </xenoData>
 </teiHeader>
 <p rend="left emptyline">
  <pb n="257"/>
 </p>
 <div type="section" xml:id="h000013052">
  <head rend="center">
   ВОЛЬГА-БОГАТЫРЬ
  </head>
  <p rend="center" uuid="d865ff5a-8e97-4108-8b56-9b772da58860">
   <hi rend="italic">
    (Стихи-сказка)
   </hi>
  </p>
  <div type="poem">
   <div type="stanza">
    <p rend="v" uuid="502b0c9b-068b-4759-b129-c14216fa834a">
     Что не мелки часты звездочки
    </p>
    <p rend="v" uuid="db570d70-af77-4bce-b84b-c2720e2b82b3">
     Рассажалися по поднебесью,
    </p>
    <p rend="v" uuid="a335c660-0646-4829-ac7c-a85396cec254">
     Что ни ясен светел месяц
    </p>
    <p rend="v" uuid="4a753edb-ae49-4f4c-b3b1-8152d2a2258a">
     Просветил в небе высокоем, —
    </p>
    <p rend="v" uuid="9e7fd79e-f3ac-4037-b051-2107da4654ac">
     Осветило красно солнышко
    </p>
    <p rend="v" uuid="9ffbb730-0026-4420-ab0d-97719ce529a9">
     Нашу землю святорусскую:
    </p>
    <p rend="v" uuid="86bd56f7-84dc-4031-8df9-254d9c1caae5">
     На святой Руси на матушке
    </p>
    <p rend="v" uuid="c42202b6-761f-4645-b054-33a8c0c6c9e5">
     Народился удал молодец
    </p>
    <p rend="v" uuid="c38df634-a357-43bf-9456-7f58a4bd9439">
     Свет Вольга — сударь Буслаевич;
    </p>
    <p rend="v" uuid="b90355f5-67de-463d-8d0a-8fa29fe804ed">
     От рожденья богатырского
    </p>
    <p rend="v" uuid="f652479f-a316-4564-9df6-3fa9bc60dbb7">
     Потряслася мать сыра земля,
    </p>
    <p rend="v" uuid="9e4607c7-dcfe-4590-932e-2c809a1b5bc7">
     Море сине всколыбалося,
    </p>
    <p rend="v" uuid="1f5369ea-c932-481b-a497-b4e4c91544f8">
     Рыбы вглубь моря забилися,
    </p>
    <p rend="v" uuid="f2446f6f-16d2-413d-8eb4-c0210148033b">
     Звери в чащи схоронилися,
    </p>
    <p rend="v" uuid="242e8455-d6f3-443d-b81c-f752928fb3e5">
     Потряслось царство турецкое.
    </p>
    <p rend="v" uuid="da32d8a2-a2db-495e-b849-ac57076acede">
     Вырастал Вольга семи годов —
    </p>
    <p rend="v" uuid="c0f6792f-2f6f-45d5-b927-60d90a926b7f">
     Захотел он много мудрости.
    </p>
    <p rend="v" uuid="306ce00e-4c92-4374-814a-baae604fa0e7">
     К мудрецам задался в выучку,
    </p>
    <p rend="v" uuid="4e9ca801-e57b-47c5-97b7-ce2d9ff798bf">
     И в наук пошло учение.
    </p>
    <p rend="v" uuid="29f0dd2f-d7ff-4c6e-8c89-e421f8c4d6a6">
     Понимал Вольга все мудрости:
    </p>
    <p rend="v" uuid="6640a593-443e-4af9-a6e9-522922e847c1">
     Обучился первой мудрости —
    </p>
    <p rend="v" uuid="cd440ad6-f025-4bec-a8e0-a3fea62ab6e8">
     Оборачиваться птицею;
    </p>
    <p rend="v" uuid="edeaec1b-88dc-448e-a1b6-7748a0435d09">
     Обучился другой мудрости —
    </p>
    <p rend="v" uuid="ab1b086d-daef-4dd5-8db0-8b60b0628ff2">
     Оборачиваться рыбою;
    </p>
    <p rend="v" uuid="e2b3da9c-f314-4c54-be10-723db2d7eadd">
     Обучился третьей мудрости —
    </p>
    <p rend="v" uuid="e97138c7-a1e3-432c-ac4e-b0e8099a3fbc">
     Серым волком ся обертывать.
    </p>
    <p rend="v" uuid="7b1200f1-4478-49cf-b13c-22589f215952">
     Как и стал Вольга в пятнадцать лет,
    </p>
    <p rend="v" uuid="1d62c56d-e5a8-40a6-820d-ba45fe420146">
     Подбирал Вольга дружинушку;
    </p>
    <p rend="v" uuid="831104cd-c816-471e-9dc6-e4310883bd8f">
     И собрал он себе ровнюшек —
    </p>
    <p rend="v" uuid="bf7b126c-cad3-4dca-ae71-5355440da7be">
     Удалых ли добрых молодцев —
    </p>
    <p rend="v" uuid="01c925c2-ee15-4f59-b45e-092678c5c1d9">
     Тридцать братьев без единого,
    </p>
    <p rend="v" uuid="5f81c124-056a-4396-b4e2-08c810c1bc25">
     Становился сам в тридцатыих.
    </p>
    <p rend="v" uuid="f543b118-aa79-4f6b-8356-9a84f6aacfda">
     Как и стал Вольга с дружиною
    </p>
    <p rend="v" uuid="dd98610c-f110-4f90-91d9-77464c1fbdaa">
     На крутом яру у Киева,
    </p>
    <p rend="v" uuid="4e036fae-9191-4836-8fa3-5c4e9623630d">
     Взговорит Вольга Буслаевич:
    </p>
    <p rend="v" uuid="a36d4207-ef8d-4455-8ae8-ded0ca463b14">
     «Вы, дружина моя храбрая,
    </p>
    <p rend="v" uuid="da0a67d0-214f-476e-9cfc-e6b41380bfec">
     «Тридцать братьев без единого,
    </p>
   </div>
  </div>
  <p rend="left poembtw" uuid="5021ea95-0a26-492b-bba6-d26356cbb197">
   <pb n="258"/>
  </p>
  <div type="poem">
   <div type="stanza">
    <p rend="v" uuid="453b04c1-f027-425f-a9f8-c8b6db5858fc">
     «Сам Вольга я во тридцатыих, —
    </p>
    <p rend="v" uuid="9c294055-4bce-4726-9de3-8f4de2e47328">
     «Вы большого брата слушайте,
    </p>
    <p rend="v" uuid="82ee4605-6fa9-42a9-b515-35c659b11c2f">
     «Повелено дело делайте:
    </p>
    <p rend="v" uuid="121f23ca-0be4-4b92-ba43-3e08fefec532">
     «Повяжите сети шелковы.
    </p>
    <p rend="v" uuid="e22ef45f-93bc-4837-9a05-66d5aeddfcf3">
     «Опускайте в море синее».
    </p>
    <p rend="v" uuid="f0cbfeea-4713-49bc-8946-9f6762e714f8">
     Тут Вольгу дружина слушалась:
    </p>
    <p rend="v" uuid="d448e366-934d-4f82-9bd5-09a32ae1795b">
     Повязала сети шелковы,
    </p>
    <p rend="v" uuid="c7b59ae3-5fc5-4aa7-8b96-de4e34e5bde7">
     Опускала в море синее.
    </p>
    <p rend="v" uuid="4dd8363e-f957-41ac-aff2-bca456f631b0">
     Рыбой Вольга ся обертывал,
    </p>
    <p rend="v" uuid="36ad0b41-2a90-4cfe-8f4b-5f04f7e28468">
     Рыбой-щукою зубастою,
    </p>
    <p rend="v" uuid="00ccaeca-81fd-44e5-b88d-13588b045c5d">
     Во станы поплыл глубокие,
    </p>
    <p rend="v" uuid="35e90b2a-8c72-40b0-9c67-b746361fe5de">
     Распугал всю рыбу красную,
    </p>
    <p rend="v" uuid="19a78d13-9b7a-452e-95f0-6afda59ef81c">
     Загонял рыбу во часты сети.
    </p>
    <p rend="v" uuid="e582a8da-0a0b-4b2c-938a-c061aa68aa58">
     Как и стал Вольга с дружиною
    </p>
    <p rend="v" uuid="48db6007-a761-4ce3-9b45-a752517deecd">
     На крутом яру у Киева,
    </p>
    <p rend="v" uuid="8e7875e0-d3e0-4abe-a0ec-3944204c025d">
     Взговорит Вольга Буслаевич:
    </p>
    <p rend="v" uuid="b02847a2-44b4-4b00-8624-3a0554fe37c2">
     «Вы, дружина моя храбрая,
    </p>
    <p rend="v" uuid="5061069e-3264-49e7-8d81-b3d7619550e3">
     «Тридцать братьев без единого,
    </p>
    <p rend="v" uuid="199489de-f310-4cb3-8099-5692c9d1efe1">
     «Сам Вольга я во тридцатыих, —
    </p>
    <p rend="v" uuid="d7877c08-5c72-4e4f-a478-e65d7d4f7acf">
     «Брата большего вы слушайте,
    </p>
    <p rend="v" uuid="68e80669-0ac1-4b42-afef-8af6f3042f5a">
     «Повелено дело делайте:
    </p>
    <p rend="v" uuid="14e13bb9-3ba2-417e-90ba-6e8a038ab2fd">
     «Вейте шелковы веревочки,
    </p>
    <p rend="v" uuid="c0403d1b-f76a-4cab-afb3-d8864aea807b">
     «Расстанавливайте по лесу,
    </p>
    <p rend="v" uuid="01b757fe-4af8-47c6-9fb5-c795e69afdf9">
     «На звериных ли на тропочках».
    </p>
    <p rend="v" uuid="5164952e-6307-4f68-8177-38412194645c">
     Тут Вольгу дружина слушалась:
    </p>
    <p rend="v" uuid="80d418a5-bd73-4a93-9588-15bb153be8c3">
     Вила шелковы веревочки,
    </p>
    <p rend="v" uuid="a4f08063-434a-4b44-804c-9378a834bb7d">
     Расстанавливала по лесу,
    </p>
    <p rend="v" uuid="4063f5a3-251f-4b24-a6c9-4d8f158a2197">
     Зверем Вольга ся обертывал,
    </p>
    <p rend="v" uuid="63ed2c73-290e-41bc-8c98-e6ba766a24a4">
     Серым волком голенастыим,
    </p>
    <p rend="v" uuid="ea732627-448e-4b77-ab7a-ea23a799c6d3">
     Поскакал в леса дремучие,
    </p>
    <p rend="v" uuid="a0b881bc-0003-4c0b-a895-46db5a5996ff">
     Во глухи ломы, во чащицы.
    </p>
    <p rend="v" uuid="a9ce972f-c00c-410e-9097-329be30809db">
     Распугал он зверя кунного,
    </p>
    <p rend="v" uuid="d45b83f0-88a4-4c4b-a6d4-c60592b0112d">
     Загонял зверя во петельки.
    </p>
    <p rend="v" uuid="4dbf1f76-9810-412d-af7e-5a762badb19f">
     Как и стал Вольга с дружиною
    </p>
    <p rend="v" uuid="4015236f-4220-4b82-aed6-f293f91d7990">
     На крутом яру у Киева,
    </p>
    <p rend="v" uuid="a771172c-9cea-4aac-9de2-6f3e4a1a7ba3">
     Взговорит Вольга Буслаевич:
    </p>
    <p rend="v" uuid="5a78770d-81e3-4358-8a90-db3e2f86a635">
     «Половили мы всю рыбушку
    </p>
    <p rend="v" uuid="c25b8ad9-63e7-431a-893c-fe1f813fb722">
     «Из синя моря глубокого,
    </p>
    <p rend="v" uuid="c89bd593-6d63-4009-b9e5-2a4aa678c9d5">
     «Половили зверя кунного
    </p>
    <p rend="v" uuid="18754aa6-65c8-4052-b385-2d129f3bf78b">
     «Из темных лесов дремучиих:
    </p>
   </div>
  </div>
  <p rend="left poembtw" uuid="92d8a1af-2824-480c-86f1-642283205354">
   <pb n="259"/>
  </p>
  <div type="poem">
   <div type="stanza">
    <p rend="v" uuid="3c576fd1-dc25-4ecf-88d7-46a6667ef480">
     «А и будет ли тот молодец,
    </p>
    <p rend="v" uuid="5fc6c8dc-a812-4cca-88d5-bdc91c74d27a">
     «Чтоб сходил в царство турецкое
    </p>
    <p rend="v" uuid="84885ad5-d06b-42c2-a352-77a030a633b6">
     «Ко царю Салтан Бекетычу,
    </p>
    <p rend="v" uuid="62f6200c-2bf9-4b14-bf27-5733811bcbd3">
     «Сведать думу его царскую».
    </p>
    <p rend="v" uuid="ab739976-117d-48b6-8104-4e569f8413e5">
     Молодцы тут стали прятаться,
    </p>
    <p rend="v" uuid="75bf7852-7b23-47f5-ad71-51c6940418e9">
     Что большой да за середнего,
    </p>
    <p rend="v" uuid="c061a4a1-bc0f-4fd9-93f2-9fe6fe95ae56">
     А середний что за меньшего,
    </p>
    <p rend="v" uuid="3d4a7e4a-39c0-4bfb-a0fa-183a8c698903">
     А ответа нет от меньшего.
    </p>
    <p rend="v" uuid="7cbb0c2b-3c35-4adf-a794-80d230e3d4d4">
     Говорит Вольга Буслаевич:
    </p>
    <p rend="v" uuid="5ef6161e-05f6-45d0-a4c8-f05274527e2f">
     «Вольге будет самому идти».
    </p>
    <p rend="v" uuid="e8711235-e5e9-471b-bf8e-4b3c257fd465">
     Птицей Вольга ся обертывал,
    </p>
    <p rend="v" uuid="0370210f-21cc-4589-bf65-3c64ebfe2a9e">
     Высоко взвился под небесью:
    </p>
    <p rend="v" uuid="fdaa9d7e-da67-4e3d-91da-fa91c7a52431">
     Прилетал в царство турецкое,
    </p>
    <p rend="v" uuid="0c837c6a-6ab0-4702-baad-af1eaca6a4e4">
     На оконце сел косящато.
    </p>
    <p rend="v" uuid="e7e390ed-2bf9-41b3-b3a1-ad9eb1ee456c">
     Сидит царь Салтан Бекетович
    </p>
    <p rend="v" uuid="a5e6a83d-0cdb-4cdc-bfd8-f3da0bffb15d">
     Со царицею Давыдьевной, —
    </p>
    <p rend="v" uuid="eba2d88f-f052-44dc-9d15-1aab4a47bc2c">
     Разговоры разговарива(е)т:
    </p>
    <p rend="v" uuid="d3ac4099-c517-4c8b-b6cd-3d67f54facc0">
     Говорит Салтан Бекетович:
    </p>
    <p rend="v" uuid="3017df4a-12b8-411d-a06e-60f4f39e1373">
     «Ты, жена моя возлюбленна,
    </p>
    <p rend="v" uuid="d2aa8e79-7e7a-44f0-9955-b725973a353e">
     «Молода ли свет Давыдьевна,
    </p>
    <p rend="v" uuid="3a53bf14-956b-46e5-9f34-552836d6e68c">
     «Воевать хочу святую Русь,
    </p>
    <p rend="v" uuid="63d971b3-4e1d-4d80-8d25-b3d367cd7a4b">
     «Хочу взять я славный Киев-град,
    </p>
    <p rend="v" uuid="2de35392-7262-47c5-a931-7b9b95c8ebad">
     «Подарить хочу по городу
    </p>
    <p rend="v" uuid="0c1fd4d3-2aac-436a-8118-b911a8371e3d">
     «Девяти сынам по русскому;
    </p>
    <p rend="v" uuid="31079e37-f8a6-4f89-8635-42158c4ee139">
     «Да привезть хочу я шубоньку
    </p>
    <p rend="v" uuid="f5916da1-d3a0-42a0-8bea-bd017f446cd2">
     «Дорогую, соболиную».
    </p>
    <p rend="v" uuid="53127dc1-c1c4-424e-b0af-148138f9f1b2">
     Взговорит ему Давыдьевна:
    </p>
    <p rend="v" uuid="bc8f100e-537d-403b-be69-4a08ead000fc">
     «Гой ты, царь Салтан Бекетович!
    </p>
    <p rend="v" uuid="a41fafbb-eef5-47a6-85e6-93bc95c59e7d">
     «Ты напрасно снаряжаешься
    </p>
    <p rend="v" uuid="021a730f-de93-40e7-a4b4-e0e8ef05d7b3">
     «Воевать на землю русскую.
    </p>
    <p rend="v" uuid="7ecb7b43-1820-4758-b427-d9f5b1a41588">
     «Али ты того не ведаешь —
    </p>
    <p rend="v" uuid="567a32a1-d9b8-477d-a336-4043218fa7c5">
     «На Руси всё не по-старому.
    </p>
    <p rend="v" uuid="77110480-280d-4aa5-a481-44f57b0b8918">
     «Осветило красно солнышко
    </p>
    <p rend="v" uuid="d6083119-96a5-4311-a31f-a6d38d7121da">
     «Славну землю святорусскую:
    </p>
    <p rend="v" uuid="53ba333b-b0c8-4a37-8bd5-d67dcc72f123">
     «Народился удал молодец
    </p>
    <p rend="v" uuid="938ab91f-4bcf-44a4-ad79-8dfffb79ae15">
     «Богатырь Вольга Буслаевич.
    </p>
    <p rend="v" uuid="fd9ec8d3-7b6c-4782-b450-529a129cff9c">
     «Он теперь Вольга Буслаевич
    </p>
    <p rend="v" uuid="45c28369-f8f6-4e36-b414-ba520185e897">
     «На окне сидит и слушает
    </p>
    <p rend="v" uuid="ef38ade0-3520-4aef-8454-a12b2496d644">
     «Наши речи с тобой тайные.
    </p>
    <p rend="v" uuid="f117ab3f-191a-4f05-b202-72f6d0c5f770">
     «Не возьмешь ты славный Киев-град,
    </p>
   </div>
  </div>
  <p rend="left poembtw" uuid="2b13df15-a2ef-4b30-8515-698696e3e5e1">
   <pb n="260"/>
  </p>
  <div type="poem">
   <div type="stanza">
    <p rend="v" uuid="2517533f-be6f-46af-895e-2a3dd4b7d69d">
     «Не подаришь ты по городу
    </p>
    <p rend="v" uuid="0c11ea25-9e5c-4b9b-9c68-b59915a75d0c">
     «Девяти сынам по русскому,
    </p>
    <p rend="v" uuid="86646e3c-9f00-4196-9c79-294a282f0b21">
     «А пропасть твоей головушке
    </p>
    <p rend="v" uuid="23e641fd-6c38-4f28-bc56-ac6013fd5cdc">
     «От того Вольги Бусла(е)вича».
    </p>
    <p rend="v" uuid="f575c359-753b-45bf-8703-deb8e04eb6bd">
     Тем словам Салтан не веровал,
    </p>
    <p rend="v" uuid="a1c3d4ac-4cd5-460d-82e4-4a38451f0eb4">
     На царицу царь прогневался —
    </p>
    <p rend="v" uuid="9bcfea4e-a672-4eef-9228-4ce95ed352cc">
     По лицу ударил белому,
    </p>
    <p rend="v" uuid="a1c19aad-9005-4038-8517-c04d17d34b9d">
     Прогонял он с глаз Давыдьевну.
    </p>
    <p rend="v" uuid="8eb3616e-01eb-47c1-8fcd-40f49121716b">
     Догадался Вольг Буслаевич,
    </p>
    <p rend="v" uuid="d96cc868-128c-4c82-afb6-ea17442eee72">
     Горностаем ся обертывал,
    </p>
    <p rend="v" uuid="52eb742a-63c1-4317-80ab-c69eefc8363c">
     В погреба бежал глубокие. —
    </p>
    <p rend="v" uuid="4c7b99ab-67bf-463c-8d84-ba6bfa3b29c3">
     Он тетивочки шелковые
    </p>
    <p rend="v" uuid="55249cc5-9754-4bb0-9ee5-96fcaccf8a67">
     На луках тугих накусывал,
    </p>
    <p rend="v" uuid="41cc03c3-a84b-42e0-a095-e00331dc424c">
     С каленых-от стрел железочки
    </p>
    <p rend="v" uuid="1b638d34-0696-479c-b172-d2df74699688">
     Он повынимал — закапывал,
    </p>
    <p rend="v" uuid="93144e29-484c-42d7-bdfd-27c2b63ab9bb">
     Оборачивался птицею,
    </p>
    <p rend="v" uuid="25dca324-1479-4a25-8803-b7225ec4281e">
     Прилетал назад ко Киеву,
    </p>
    <p rend="v" uuid="fbc02b93-2749-445d-88ea-8bfb1a845a4b">
     Собирал свою дружинушку,
    </p>
    <p rend="v" uuid="5545c722-fe0f-4760-9e23-7e607ceb4f05">
     Подходил к царству турецкому.
    </p>
    <p rend="v" uuid="9ed7acec-fd9d-477d-8c9f-6a2db0797e04">
     Царство крепко огорожено
    </p>
    <p rend="v" uuid="bbcbe418-5641-4de2-9c0a-096290782337">
     Стеной каменной, высокою.
    </p>
    <p rend="v" uuid="c8e2d64b-5786-4c62-8df1-810a45a0932b">
     Во стене ворота крепкие,
    </p>
    <p rend="v" uuid="3ed08e6c-c6f1-4860-83a2-7eab2ff4ad2d">
     По булату золоченые,
    </p>
    <p rend="v" uuid="f2797c88-c5b2-4acf-b36a-ca42596049e6">
     А засовы — крюки медные,
    </p>
    <p rend="v" uuid="70d226b8-2f29-439f-ab58-b079a9cdf0dd">
     Подворотня — дорог рыбий зуб,
    </p>
    <p rend="v" uuid="c8615d9f-5f78-4687-afcd-be4a5311bc66">
     Мелким вырезом вырезана,
    </p>
    <p rend="v" uuid="72f765d9-99b1-4e9c-b509-0308755e9c4f">
     По мудреным мелким вырезам,
    </p>
    <p rend="v" uuid="2655412f-0a36-47bd-b3f0-f8e37445f672">
     В пору ли пролезть мурашику.
    </p>
    <p rend="v" uuid="fc513b11-7c7b-40cc-928f-5014086037a4">
     Тут дружина закручинилась:
    </p>
    <p rend="v" uuid="e4b16db2-3dcf-4ae6-8d8f-a1d6b079e560">
     «Как пройти нам стены каменны?
    </p>
    <p rend="v" uuid="3bee8813-bd0b-4553-a34b-39a3324a6197">
     «Погубить ли добрым молодцам
    </p>
    <p rend="v" uuid="5e7a0cd6-e78f-42c3-b53a-ba2819511625">
     «Нам головушки напрасные?»
    </p>
    <p rend="v" uuid="cb7ba474-5582-424c-8cb5-9c50f433d8a6">
     Догадался Вольг Буслаевич:
    </p>
    <p rend="v" uuid="b4a49452-cbf0-4699-b040-d86d6d6f9820">
     Мурашом себя обертывал,
    </p>
    <p rend="v" uuid="65270141-0ade-40c0-a04f-718982355d28">
     Добрых молодцев мурашками, —
    </p>
    <p rend="v" uuid="64822147-758a-43a3-b5ab-39a63687fb7d">
     Пролезал с своей дружиною
    </p>
    <p rend="v" uuid="89410e7d-3b53-4924-9ee8-057381e24f98">
     В подворотню зуба рыбьего;
    </p>
    <p rend="v" uuid="7f274bfd-35ac-4436-b2d4-20e492b73a7b">
     За стеной Вольга Буслаевич
    </p>
    <p rend="v" uuid="791058f5-7b0d-4db3-8b50-20c75969b307">
     Оборачивал мурашиков
    </p>
    <p rend="v" uuid="7af0035a-c7d3-4851-866b-f1397a8938e6">
     Молодцами с сбруей ратною.
    </p>
   </div>
  </div>
  <p rend="left poembtw" uuid="882195bc-fbc9-4678-8a53-91d98536a401">
   <pb n="261"/>
  </p>
  <div type="poem">
   <div type="stanza">
    <p rend="v" uuid="5615ce38-b152-4150-989a-45a4fc525c79">
     Взговорит ли Вольг Буслаевич:
    </p>
    <p rend="v" uuid="a6e679da-bc9c-4292-a631-16414bfa7c9e">
     «Вы большого брата слушайте,
    </p>
    <p rend="v" uuid="467b7404-da17-4751-98e4-e6d6c8b290cc">
     «Повелено дело делайте:
    </p>
    <p rend="v" uuid="8ba3b28d-9bf7-42a1-9ede-9f788274c302">
     «В славном царстве во турецкиим
    </p>
    <p rend="v" uuid="ed0aee0b-0808-4c88-ba76-a0555e89f6e1">
     «Вырубайте стар и малого.
    </p>
    <p rend="v" uuid="48750687-e8a4-47b0-a82e-92ea1b21c197">
     «Изведите всех до кореня:
    </p>
    <p rend="v" uuid="fac5e838-104f-4ea4-8b91-41f0dfa636db">
     «Оставляйте только лучшиих
    </p>
    <p rend="v" uuid="46f867f3-4eab-4478-ba39-0577c5a9a90f">
     «Тридцать душек красных девушек».
    </p>
    <p rend="v" uuid="88462fe6-18bc-4b65-875e-f0e1fdf8310e">
     Тут Вольгу дружина слушалась:
    </p>
    <p rend="v" uuid="2f4e2d6e-2fa1-4c06-84b6-396c54625555">
     В славном царстве во турецкиим
    </p>
    <p rend="v" uuid="5cac6dcd-3b27-4c49-9c34-b3c5e0b88278">
     Вырубала стар и малого,
    </p>
    <p rend="v" uuid="eeae5af5-d5fe-4224-9818-41b9486d29ae">
     Изводила всех до кореня,
    </p>
    <p rend="v" uuid="24d03c1b-ac73-4061-9f56-9db0328211e8">
     Не оставила на семена;
    </p>
    <p rend="v" uuid="b353a184-1574-448b-b4f7-8ed7244200fc">
     Оставляла только лучшиих
    </p>
    <p rend="v" uuid="a9670eca-a858-4f0c-aeef-6b55c3c45cc5">
     Тридцать душек красных девушек.
    </p>
    <p rend="v" uuid="b919b2be-1492-4266-a606-bea42cf06884">
     Сам Вольга царя отыскивал
    </p>
    <p rend="v" uuid="9792e8aa-400b-4dd6-9892-712fbd0b420f">
     Во палатах его каменных:
    </p>
    <p rend="v" uuid="d2fe74f4-3b93-418b-aa1d-8e6835a76c3f">
     Двери заперты железные,
    </p>
    <p rend="v" uuid="b3d65f84-4145-43d8-bf9c-8c7aebd9e1f3">
     Во дверях засовы крепкие:
    </p>
    <p rend="v" uuid="b6648427-b5ac-409f-a15f-0735a2a690c9">
     Взговорит ли Вольг Буслаевич:
    </p>
    <p rend="v" uuid="30502ad5-31f5-4f3f-a6bd-2962e0d194a3">
     «Хоть ногу сломать, а выставить!»
    </p>
    <p rend="v" uuid="c37f03d1-d524-45f1-b4de-135653de7d5a">
     Пнул ногой двери железные,
    </p>
    <p rend="v" uuid="6ac1b4c1-1470-4b94-bc65-89116999ab54">
     Поломал засовы крепкие;
    </p>
    <p rend="v" uuid="e7d1372e-052e-4ea9-87fb-e1ba43dfbcc9">
     Царя славного турецкого
    </p>
    <p rend="v" uuid="ec0241e6-c1d0-4d81-b71c-1fad124430d2">
     Брал Вольга за ручки белые.
    </p>
    <p rend="v" uuid="d3e048d1-77a9-4562-964b-e0dd06661531">
     Говорил Вольга Буслаевич:
    </p>
    <p rend="v" uuid="6457ba79-3efb-4862-b991-2433f0182f84">
     «А не бьют царей, не казнят вас», —
    </p>
    <p rend="v" uuid="1ea8c894-45ed-40af-9bc2-71480ff62db0">
     Царя хлопнул о кирпищат пол,
    </p>
    <p rend="v" uuid="7346f7a0-887a-439a-877d-39e8372f48d4">
     И расшиб Салтана вдребезги.
    </p>
    <p rend="v" uuid="b5bfce7d-fb4a-4553-90c8-d4c98226031b">
     Тут дружину свою храбрую
    </p>
    <p rend="v" uuid="8cbbfa2a-1380-4b6e-bbf6-833d1a74b8b3">
     Вольга поровну оделивал —
    </p>
    <p rend="v" uuid="b0c22bd4-b694-4310-b13a-b38177b20904">
     Табунов коней по тысяче,
    </p>
    <p rend="v" uuid="6a0316f9-769b-4579-aba8-c74c94655b49">
     По боченку красна золота
    </p>
    <p rend="v" uuid="30ed8bf2-324a-4777-836e-76527b762e96">
     Да по девушке на молодца.
    </p>
   </div>
  </div>
 </div>
</TEI>