<?xml version="1.0" encoding="utf-8"?>
<TEI xmlns="http://www.tei-c.org/ns/1.0" xmlns:xi="http://www.w3.org/2001/XInclude">
 <teiHeader>
  <fileDesc>
   <titleStmt>
    <title>
     Произведения, написанные для «Азбуки» и не включенные в нее
    </title>
    <author>
     Толстой Л.Н.
    </author>
    <respStmt>
     <resp>
      подготовка TEI/XML
     </resp>
     <name>
      Мария Картышева, Евгений Можаев, Даниил Скоринкин, Елена Сидорова, Вероника Файнберг, Кирилл Милинцевич
     </name>
    </respStmt>
    <respStmt>
     <name>
      Анастасия Бонч-Осмоловская, Фёкла Толстая, Борис Орехов
     </name>
     <resp>
      Идея, постановка задач, руководство
     </resp>
    </respStmt>
   </titleStmt>
   <publicationStmt>
    <idno>
     Азбука  | Произведения, написанные для «Азбуки» и не включенные в нее
    </idno>
    <publisher>
     <orgName>
      Школа лингвистики НИУ ВШЭ
     </orgName>
    </publisher>
    <availability>
     <p>
      Тексты и метатекстовая разметка доступны для свободного использования и распространения по лицензии Creative Commons Attribution Share-Alike (cc by-sa)
     </p>
    </availability>
   </publicationStmt>
   <sourceDesc>
    <biblStruct>
     <analytic>
      <author>
       Толстой Л.Н.
      </author>
      <title level="a">
       Произведения, написанные для «Азбуки» и не включенные в нее
      </title>
     </analytic>
     <monogr>
      <title level="m">
       Полное собрание сочинений. Том 21
      </title>
      <imprint>
       <pubPlace>
        Москва
       </pubPlace>
       <publisher>
        Государственное издательство "Художественная литература"
       </publisher>
       <date when="1871-1872"/>
      </imprint>
     </monogr>
     <series>
      <title level="s">
       Л.Н. Толстой. Полное собрание сочинений
      </title>
      <biblScope unit="vol">
       21
      </biblScope>
     </series>
    </biblStruct>
   </sourceDesc>
  </fileDesc>
  <encodingDesc>
   <classDecl>
    <xi:include href="taxonomy.xml"/>
   </classDecl>
  </encodingDesc>
  <profileDesc>
   <creation>
    <date notAfter="1872" notBefore="1871">
     1871-1872
    </date>
    <rs/>
   </creation>
   <textClass>
    <catRef target="#fiction" type="sphere"/>
    <catRef target="#произведения для детей" type="type"/>
    <catRef target="#works" type="works_letters_diaries"/>
    <catRef target="#сборник" type="ninetyDef"/>
    <catRef target="#Неопубликованное, неотделанное, неоконченное" type="main_var"/>
    <catRef target="#сборник" type="type_short"/>
    <catRef target="None" type="translation"/>
    <catRef target="None" type="translation_origin"/>
    <catRef target="#да" type="tolstoy_or_not"/>
    <catRef target="None" type="name_status"/>
   </textClass>
   <preparedness>
    finished
   </preparedness>
   <settingDesc>
    <time>
     XIX век
    </time>
   </settingDesc>
  </profileDesc>
  <xenoData>
   <cyclusName/>
   <p>
    Проект
    <title>
     Толстой.Digital
    </title>
    разрабатывается сотрудниками и студентами
    <orgName>
     Высшей школы экономики
    </orgName>
    в сотрудничестве с
    <orgName>
     Государственным музеем Л.Н. Толстого
    </orgName>
    . Источник текстов –
    <bibl>
     90-томное собрание сочинений Л.Н.Толстого
    </bibl>
    . Разметка основана на стандарте
    <ref target="http://www.tei-c.org">
     TEI (Text Encoding Initiative)
    </ref>
    .
   </p>
   <versionNumber/>
   <isFinished/>
   <isEdited/>
   <fullBibliographicDescription/>
  </xenoData>
 </teiHeader>
 <p rend="left emptyline">
  <pb n="188"/>
 </p>
 <div type="section" xml:id="h000012064">
  <head rend="center">
   АРХИЕРЕЙ И РАЗБОЙНИК
  </head>
  <p id="3f2625a6-3b15-4fdf-aab8-d17ef861465a" rend="center">
   <hi rend="italic">
    (Быль)
   </hi>
  </p>
  <p id="5e8b01e3-fedf-4453-88db-4c25aa2333c7" rend="left">
   Одного разбойника давно искали. Раз он переоделся и пришел в город. В городе его узнали полицейские и погнались за ним. Разбойник бежал от них и прибежал к архиерейскому дому; ворота были открыты: он вошел во двор.
  </p>
  <p id="2078e720-6f52-42e6-a740-791aa614f11e" rend="left">
   Послушник спросил его: что ему нужно?
  </p>
  <p id="c163334d-5a53-4110-a7c0-0e34392d4ee8" rend="left">
   Разбойник не знал, что отвечать, и наобум сказал: «Мне нужно архиерея».
  </p>
  <p id="5cf2aafa-d7ab-4177-878c-1451dd3c0d85" rend="left">
   Архиерей принял разбойника и спросил, за каким он делом пришел к нему?
  </p>
  <p id="4a28e0d4-a31d-4c21-b14a-77c6f75b3bc6" rend="left">
   Разбойник отвечал: «Я разбойник, за мною погоня; спрячь меня, а не то я убью тебя».
  </p>
  <p id="d4d076eb-79e3-4e86-8af5-fa6dc9920903" rend="left">
   <pb n="189"/>
   Архиерей сказал: «Я — старик, смерти не боюсь; но мне жаль тебя. Поди в ту горницу, ты устал, отдохни, а я тебе пришлю поесть».
  </p>
  <p id="17691ef5-ac08-4576-9979-ac045cd37d54" rend="left">
   Полицейские не посмели войти к архиерею в дом, и разбойник остался у него ночевать.
  </p>
  <p id="0e1aab6e-9e9b-4580-b023-1cbd686bd61a" rend="left">
   Когда разбойник отдохнул, архиерей пришел к нему и сказал: «Мне жаль тебя, что ты холоден и голоден и что за тобой гоняются, как за волком, но мне всего более жаль тебя за то, что ты зла много сделал и душу свою губишь. Брось дурные дела!»
  </p>
  <p id="f6c247c2-a909-4955-9478-2238cd3b2cef" rend="left">
   Разбойник сказал: «Нет, мне уже не отвыкнуть от худого: разбойником жил, таким и умру».
  </p>
  <p id="9bd88f78-831a-4c83-afcc-5fedade393ab" rend="left">
   Архиерей ушел от него, растворил все двери и лег спать.
  </p>
  <p id="089fa3db-366c-465d-a318-94d44ad0125b" rend="left">
   Ночью разбойник встал и пошел ходить по горницам. Ему удивительно показалось, что архиерей ничего не запер и оставил все двери настежь.
  </p>
  <p id="3eacdd02-0e0b-4857-819c-12ba546da68a" rend="left">
   Разбойник стал оглядываться кругом — что̀ бы ему украсть, увидал большой серебряный подсвечник и думает: «возьму я эту вещь — она много денег стоит — и уйду отсюда, а старика убивать не буду». — Так и сделал.
  </p>
  <p id="2ccbc161-8635-4755-bea7-50f74afa3752" rend="left">
   Полицейские не отходили от архиерейского дома и всё время караулили разбойника. Как только он вышел из дому, его окружили и нашли у него под полой подсвечник.
  </p>
  <p id="b5a3fc1b-c721-407f-b605-deed0d7a64fc" rend="left">
   Разбойник стал отпираться, но полицейские сказали: «Если ты от прежних дел своих отпираешься, то от кражи подсвечника отклепаться не можешь. Пойдем к архиерею — он тебя уличит».
  </p>
  <p id="171f2ca5-ce34-4d6e-afed-bcf4f35a184a" rend="left">
   Привели вора к архиерею, показали ему подсвечник и спросили: «Ваша ли это вещь?» Он говорит: «Моя».
  </p>
  <p id="59fd0b00-abb1-4bc6-8820-9ad4b9980d67" rend="left">
   Полицейские сказали: «У вас украли эту вещь, а вот вор».
  </p>
  <p id="2c8e00bb-adca-4cc1-9da0-c01506cbf66d" rend="left">
   Разбойник молчал, и у него, как у волка, бегали глаза.
  </p>
  <p id="ab379f4b-92b9-4cf5-90f6-da8daa4b03f1" rend="left">
   Архиерей ничего не сказал, вернулся в горницу, взял там дружку от того же подсвечника, подал разбойнику и говорит: «Зачем же ты, дружок, только один подсвечник взял? Ведь я тебе оба подарил».
  </p>
  <p id="a6a902dd-7724-44dd-9de1-fbcd98aa6e7e" rend="left">
   Разбойник заплакал и сказал полицейским: «Я вор и разбойник, ведите меня!»
  </p>
  <p id="965ee557-7dca-4f3b-8edb-bafd1e5f062b" rend="left">
   Потом он сказал архиерею: «Прости меня, ради Христа, и помолись за меня богу».
  </p>
  <p id="170f3eba-8ac7-4ef1-a577-81b70157eda8" rend="left emptyline">
   <pb n="190"/>
  </p>
 </div>
</TEI>