<?xml version="1.0" encoding="utf-8"?>
<TEI xmlns="http://www.tei-c.org/ns/1.0" xmlns:xi="http://www.w3.org/2001/XInclude">
 <teiHeader>
  <fileDesc>
   <titleStmt>
    <title>
     Произведения, написанные для «Азбуки» и не включенные в нее
    </title>
    <author>
     Толстой Л.Н.
    </author>
    <respStmt>
     <resp>
      подготовка TEI/XML
     </resp>
     <name>
      Мария Картышева, Евгений Можаев, Даниил Скоринкин, Елена Сидорова, Вероника Файнберг, Кирилл Милинцевич
     </name>
    </respStmt>
    <respStmt>
     <name>
      Анастасия Бонч-Осмоловская, Фёкла Толстая, Борис Орехов
     </name>
     <resp>
      Идея, постановка задач, руководство
     </resp>
    </respStmt>
   </titleStmt>
   <publicationStmt>
    <idno>
     Азбука  | Произведения, написанные для «Азбуки» и не включенные в нее
    </idno>
    <publisher>
     <orgName>
      Школа лингвистики НИУ ВШЭ
     </orgName>
    </publisher>
    <availability>
     <p>
      Тексты и метатекстовая разметка доступны для свободного использования и распространения по лицензии Creative Commons Attribution Share-Alike (cc by-sa)
     </p>
    </availability>
   </publicationStmt>
   <sourceDesc>
    <biblStruct>
     <analytic>
      <author>
       Толстой Л.Н.
      </author>
      <title level="a">
       Произведения, написанные для «Азбуки» и не включенные в нее
      </title>
     </analytic>
     <monogr>
      <title level="m">
       Полное собрание сочинений. Том 21
      </title>
      <imprint>
       <pubPlace>
        Москва
       </pubPlace>
       <publisher>
        Государственное издательство "Художественная литература"
       </publisher>
       <date when="1871-1872"/>
      </imprint>
     </monogr>
     <series>
      <title level="s">
       Л.Н. Толстой. Полное собрание сочинений
      </title>
      <biblScope unit="vol">
       21
      </biblScope>
     </series>
    </biblStruct>
   </sourceDesc>
  </fileDesc>
  <encodingDesc>
   <classDecl>
    <xi:include href="taxonomy.xml"/>
   </classDecl>
  </encodingDesc>
  <profileDesc>
   <creation>
    <date notAfter="1872" notBefore="1871">
     1871-1872
    </date>
    <rs/>
   </creation>
   <textClass>
    <catRef target="#fiction" type="sphere"/>
    <catRef target="#произведения для детей" type="type"/>
    <catRef target="#works" type="works_letters_diaries"/>
    <catRef target="#сборник" type="ninetyDef"/>
    <catRef target="#Неопубликованное, неотделанное, неоконченное" type="main_var"/>
    <catRef target="#сборник" type="type_short"/>
    <catRef target="None" type="translation"/>
    <catRef target="None" type="translation_origin"/>
    <catRef target="#да" type="tolstoy_or_not"/>
    <catRef target="None" type="name_status"/>
   </textClass>
   <preparedness>
    finished
   </preparedness>
   <settingDesc>
    <time>
     XIX век
    </time>
   </settingDesc>
  </profileDesc>
  <xenoData>
   <cyclusName/>
   <p>
    Проект
    <title>
     Толстой.Digital
    </title>
    разрабатывается сотрудниками и студентами
    <orgName>
     Высшей школы экономики
    </orgName>
    в сотрудничестве с
    <orgName>
     Государственным музеем Л.Н. Толстого
    </orgName>
    . Источник текстов –
    <bibl>
     90-томное собрание сочинений Л.Н.Толстого
    </bibl>
    . Разметка основана на стандарте
    <ref target="http://www.tei-c.org">
     TEI (Text Encoding Initiative)
    </ref>
    .
   </p>
   <versionNumber/>
   <isFinished/>
   <isEdited/>
   <fullBibliographicDescription/>
  </xenoData>
 </teiHeader>
 <p rend="left emptyline">
  <pb n="230"/>
 </p>
 <div type="section" xml:id="h000013034">
  <head rend="center">
   ЛЕД, ВОДА И ПАР
  </head>
  <p rend="center" uuid="77ad0da3-1a41-403a-80d8-7369b15714ec">
   <hi rend="italic">
    (Рассуждение)
   </hi>
  </p>
  <p rend="left" uuid="fdde54c7-e97c-4d0c-b66e-9017d0948761">
   Лед бывает крепкий, как камень. Если во льду вмерзнет палка, то палку эту не выломаешь изо льда, пока не оттаешь. Когда лед холоден, то по нем воза ездят и не проваливаются, и брось на него пудов железа, лед не провалится.
  </p>
  <p rend="left" uuid="44084301-e07c-46be-acb4-6f0038d847b3">
   Чем холоднее лед, тем он крепче. Как согреется лед, так он слабнет, сделается, как каша; что в нем вмерзло, рукой можно вынуть; он проваливается под ногами и не удержит и фунта железа. Когда лед еще больше согреется, то он станет водой. Из воды всякую вещь легко вынуть, и вода уже ничего не держит, кроме дерева. Если еще станешь согревать воду, она еще меньше станет держать. В холодной воде легче плавать, чем в теплой. А в горячей воде и дерево тонет.
  </p>
  <p rend="left" uuid="55cafaf1-49b5-4856-9661-6e0756dccf94">
   <pb n="231"/>
   Если еще согреть воду, она и вовсе разойдется паром; и пар уже ничего не держит и сам идет во все стороны.
  </p>
  <p rend="left" uuid="80759d77-22b1-4dc7-a1c8-083ecb82b9c3">
   Если кипятить воду под крышкой, то вода испарится и сядет каплями под крышкой, стечет вниз и опять станет вода. Собрать эту воду и выставить на мороз — опять станет лед.
  </p>
  <p rend="left" uuid="bb5f2cf6-c83f-4bf8-8f16-5fdd78617c24">
   Согрей воду — будет пар; застуди воду — будет лед. Всё та же вода бывает летучая, когда согреется, и крепкая, когда остынет.
  </p>
  <p rend="left" uuid="2b50869f-d1c1-4ecc-901d-728dfba3e6bf">
   Во льду нет тепла, в воде есть немного, а в паре — очень много.
  </p>
  <p rend="left" uuid="8cf4d6d6-9bdf-4c83-99c1-29564e10a5a1">
   Если ко льду приставить льдину, то льдина не согреется и не похолодеет.
  </p>
  <p rend="left" uuid="aee597e5-9ea3-40b5-841c-330a7751f63c">
   А если польешь воды на лед, то лед потеплеет, а вода похолодеет. Лед растает, если воды много, и вода замерзнет, если льду много.
  </p>
  <p rend="left" uuid="9c937314-0514-4aae-99e8-361b5baa6b7b">
   А если на лед пустить пар, то лед потеплеет, а пар похолодеет: лед растает, станет водой, а пар охолодеет и тоже станет водой.
  </p>
  <p rend="left" uuid="d5bcde55-fc42-4ace-8eea-6098641007d1">
   Если вода холодная и воздух холодный, то ни вода не согреется, ни воздух не похолодеет. Но если воздух теплый, а вода холодная, что будет? — Из воздуха тепло будет переходить в воду, вода станет всё теплее, а воздух всё холоднее, до тех пор, пока они сравняются.
  </p>
  <p rend="left" uuid="5131cef5-6177-4458-ab45-641030fd134e">
   Если воздух теплее воды, то вода согреется, а воздух остынет; а если вода теплее, то воздух согреется, а вода остынет.
  </p>
  <p rend="left" uuid="aabfffd7-2667-4d2c-874e-1c9ec5094363">
   Если на воздухе из жидкой воды делается мерзлая вода, то, значит, вода теплее воздуха, — она будет холодеть, а воздух теплеть.
  </p>
  <p rend="left" uuid="3fe6156c-03d0-4cbc-b281-fe22822088a4">
   Если на воздухе летучая вода делается жидкой водой, — значит, воздух холоднее летучей воды, и вода будет стыть, а воздух греться.
  </p>
  <p rend="left" uuid="d7baa4f9-280e-4c04-8d9d-dd112a42f142">
   Если из крепкой воды делается на воздухе жидкая вода, — значит воздух теплее, он будет стыть, крепнуть, а лед греться.
  </p>
  <p rend="left" uuid="b86c5386-76e9-444b-982f-ee44acf4d67b">
   Если на воздухе из воды делается пар, высыхает вода, — значит, воздух теплее, он будет стыть, а вода греться.
  </p>
  <p rend="left" uuid="ce6009eb-03ae-425b-b1b5-d4dadfcc62c6">
   Льдом нельзя греть, а водой и паром можно греть. Водой можно вот как греть: провести в холодный дом воду. Когда вода замерзнет, так лед выносить вон; опять замерзнет, — опять выносить вон. И в доме всё будет теплее, и так станет тепло, что вода не станет уж мерзнуть. Отчего это так будет? — Оттого, что как вода замерзнет, так она выпустит из себя лишнее тепло
   <pb n="232"/>
   в воздух, и до тех пор будет выпускать, пока воздух согреется, и вода перестанет мерзнуть.
  </p>
  <p rend="left" uuid="1575e230-beec-41a4-bd8f-4e8b26929a93">
   Паром греют вот как: напустят пару в холодный дом. Пар станет охолаживаться, каплями потечет книзу и станет водой. Воду эту выносят, и в доме становится тепло.
  </p>
  <p rend="left" uuid="0f394626-e6f2-4ca3-8840-ff90e2aa5a2b">
   Отчего это так будет? — Оттого, что как только пар станет водой, он выпустит из себя лишнее тепло в воздух.
  </p>
  <p rend="left" uuid="f8e4c893-1ff2-464e-adc1-693a984b638e">
   Когда из воды делается лед, а из пара делается вода, то в воздух выходит тепло из воды и из пара — и воздух становится теплее. А когда из льда делается вода, а из воды делается пар, то тепло из воздуха выходит в воду и в пар — и воздух становится холоднее.
  </p>
  <p rend="left" uuid="7619e23d-5ba2-4c69-856c-0196c593af87">
   Если хочешь остудить теплую горницу, принеси льду и дай ему растаять. Отчего станет холоднее? — Оттого, что лед, чтоб ему сделаться водой, заберет в себя тепло из воздуха.
  </p>
  <p rend="left" uuid="327842c9-4b82-4096-a6a5-fdafb1513d05">
   Если хочешь остудить, налей воды и дай ей высохнуть. Отчего так будет? — Оттого, что из воды сделается пар. А чтобы из воды сделаться паром, она заберет много тепла из воздуха.
  </p>
  <p rend="left" uuid="444b8d11-7db3-4764-9308-740d85a5f618">
   От этого бывает холоднее, когда идет дождь, и теплее, когда собирается дождь. Когда идет дождь, то вода сохнет, испаряется и забирает в себя тепло. А когда собирается дождь, то в воздухе ходят пары и охлаждаются в тучи: от них-то и тепло.
  </p>
  <p rend="left" uuid="2d2639ed-73cf-4bd6-86e5-8eb6099231b1">
   Так и говорят, что парит.
  </p>
 </div>
</TEI>