<?xml version="1.0" encoding="utf-8"?>
<TEI xmlns="http://www.tei-c.org/ns/1.0" xmlns:xi="http://www.w3.org/2001/XInclude">
 <teiHeader>
  <fileDesc>
   <titleStmt>
    <title>
     Произведения, написанные для «Азбуки» и не включенные в нее
    </title>
    <author>
     Толстой Л.Н.
    </author>
    <respStmt>
     <resp>
      подготовка TEI/XML
     </resp>
     <name>
      Мария Картышева, Евгений Можаев, Даниил Скоринкин, Елена Сидорова, Вероника Файнберг, Кирилл Милинцевич
     </name>
    </respStmt>
    <respStmt>
     <name>
      Анастасия Бонч-Осмоловская, Фёкла Толстая, Борис Орехов
     </name>
     <resp>
      Идея, постановка задач, руководство
     </resp>
    </respStmt>
   </titleStmt>
   <publicationStmt>
    <idno>
     Азбука  | Произведения, написанные для «Азбуки» и не включенные в нее
    </idno>
    <publisher>
     <orgName>
      Школа лингвистики НИУ ВШЭ
     </orgName>
    </publisher>
    <availability>
     <p>
      Тексты и метатекстовая разметка доступны для свободного использования и распространения по лицензии Creative Commons Attribution Share-Alike (cc by-sa)
     </p>
    </availability>
   </publicationStmt>
   <sourceDesc>
    <biblStruct>
     <analytic>
      <author>
       Толстой Л.Н.
      </author>
      <title level="a">
       Произведения, написанные для «Азбуки» и не включенные в нее
      </title>
     </analytic>
     <monogr>
      <title level="m">
       Полное собрание сочинений. Том 21
      </title>
      <imprint>
       <pubPlace>
        Москва
       </pubPlace>
       <publisher>
        Государственное издательство "Художественная литература"
       </publisher>
       <date when="1871-1872"/>
      </imprint>
     </monogr>
     <series>
      <title level="s">
       Л.Н. Толстой. Полное собрание сочинений
      </title>
      <biblScope unit="vol">
       21
      </biblScope>
     </series>
    </biblStruct>
   </sourceDesc>
  </fileDesc>
  <encodingDesc>
   <classDecl>
    <xi:include href="taxonomy.xml"/>
   </classDecl>
  </encodingDesc>
  <profileDesc>
   <creation>
    <date notAfter="1872" notBefore="1871">
     1871-1872
    </date>
    <rs/>
   </creation>
   <textClass>
    <catRef target="#fiction" type="sphere"/>
    <catRef target="#произведения для детей" type="type"/>
    <catRef target="#works" type="works_letters_diaries"/>
    <catRef target="#сборник" type="ninetyDef"/>
    <catRef target="#Неопубликованное, неотделанное, неоконченное" type="main_var"/>
    <catRef target="#сборник" type="type_short"/>
    <catRef target="None" type="translation"/>
    <catRef target="None" type="translation_origin"/>
    <catRef target="#да" type="tolstoy_or_not"/>
    <catRef target="None" type="name_status"/>
   </textClass>
   <preparedness>
    finished
   </preparedness>
   <settingDesc>
    <time>
     XIX век
    </time>
   </settingDesc>
  </profileDesc>
  <xenoData>
   <cyclusName/>
   <p>
    Проект
    <title>
     Толстой.Digital
    </title>
    разрабатывается сотрудниками и студентами
    <orgName>
     Высшей школы экономики
    </orgName>
    в сотрудничестве с
    <orgName>
     Государственным музеем Л.Н. Толстого
    </orgName>
    . Источник текстов –
    <bibl>
     90-томное собрание сочинений Л.Н.Толстого
    </bibl>
    . Разметка основана на стандарте
    <ref target="http://www.tei-c.org">
     TEI (Text Encoding Initiative)
    </ref>
    .
   </p>
   <versionNumber/>
   <isFinished/>
   <isEdited/>
   <fullBibliographicDescription/>
  </xenoData>
 </teiHeader>
 <p rend="left emptyline">
  <pb n="246"/>
 </p>
 <div type="section" xml:id="h000013048">
  <head rend="center">
   БОГ ПРАВДУ ВИДИТ, ДА НЕ СКОРО СКАЖЕТ
  </head>
  <p rend="center" uuid="daff41dd-c991-42b4-af21-21d9b68106d0">
   <hi rend="italic">
    (Быль)
   </hi>
  </p>
  <p rend="left" uuid="ad0ec970-4b43-43d3-a18a-727b15418e67">
   В городе Владимире жил молодой купец Аксенов. У него были две лавки и дом.
  </p>
  <p rend="left" uuid="857ca502-49c2-40ed-b26e-d1fbf8225dc5">
   Из себя Аксенов был русый, кудрявый, красивый и первый весельчак и песенник. Смолоду Аксенов много пил, и когда напивался — буянил, но с тех пор, как женился, он бросил пить, и только изредка это случалось с ним.
  </p>
  <p rend="left" uuid="4a282d53-212f-430c-b6e6-2f6821ee12e3">
   Раз летом Аксенов поехал в Нижний на ярмарку. Когда он стал прощаться с семьей, жена сказала ему:
  </p>
  <p rend="left" uuid="6ffb7f3b-d7ae-437e-afd5-a8e19d10b592">
   — Иван Дмитриевич, не езди ты нынче, я про тебя дурно во сне видела.
  </p>
  <p rend="left" uuid="eb62d4eb-c5ad-4498-9671-777e366adeb7">
   Аксенов посмеялся и сказал:
  </p>
  <p rend="left" uuid="5cdd113b-8261-4d97-b0cc-7d78ea1bd8fa">
   — Ты всё боишься, как бы не загулял я на ярмарке?
  </p>
  <p rend="left" uuid="e3b5643a-de7c-4eba-b3ec-c588da886507">
   <pb n="247"/>
   Жена сказала:
  </p>
  <p rend="left" uuid="1719c7f4-4003-4c54-aa8f-a5c768729701">
   — Не знаю сама, чего боюсь, а так дурно видела, — видела, будто ты приходить из города, снял тапку, а я гляжу: голова у тебя вся седая.
  </p>
  <p rend="left" uuid="851a0c85-a766-43e6-8e56-60abf57ee6cb">
   Аксенов засмеялся.
  </p>
  <p rend="left" uuid="ef8829ef-ea12-4740-bdc4-95926c6495cc">
   — Ну, это к прибыли. Смотри, как расторгуюсь, дорогих гостинцев привезу.
  </p>
  <p rend="left" uuid="460613b5-a2a0-42f3-9915-3023086bc786">
   И он простился с семьей и уехал.
  </p>
  <p rend="left" uuid="720bd600-74b3-4c9f-868b-8a799b8ca847">
   На половине дороги съехался он с знакомым купцом и с ним вместе остановился ночевать. Они напились чаю вместе и легли спать в двух комнатах рядом. Аксенов не любил долго спать; он проснулся среди ночи и, чтобы легче холодком было ехать, взбудил ямщика и велел запрягать. Потом вышел в черную избу, расчелся с хозяином и уехал.
  </p>
  <p rend="left" uuid="3e128de3-1c13-4ba8-9472-f390846b96a9">
   Отъехавши верст сорок, он опять остановился кормить, отдохнул в сенях на постоялом дворе и в обед вышел на крыльцо и велел поставить самовар; достал гитару и стал играть; вдруг ко двору подъезжает тройка с колокольчиком, и из повозки выходит чиновник с двумя солдатами, подходит к Аксенову и спрашивает: кто, откуда? Аксенов всё рассказывает, как есть, и просит: не угодно ли чайку вместе выпить? Только чиновник всё пристает с расспросами: «Где ночевал прошлую ночь? Один или с купцом? Видел ли купца поутру? Зачем рано уехал со двора?» Аксенов удивился, зачем его обо всем спрашивают: всё рассказал, как было, да и говорит: «Что ж вы меня так выспрашиваете? Я не вор, не разбойник какой-нибудь. Еду по своему делу, и нечего меня спрашивать».
  </p>
  <p rend="left" uuid="d606305a-a132-449a-a5d6-4a6b8c89ae53">
   Тогда чиновник кликнул солдат и сказал:
  </p>
  <p rend="left" uuid="3613a0b7-0c34-4d42-bc79-36a0d3ecf04d">
   — Я исправник и спрашиваю тебя затем, что купец, с каким ты ночевал прошлую ночь, зарезан. Покажи вещи, а вы обыщите его.
  </p>
  <p rend="left" uuid="e8f70f4a-db3f-4d17-98cf-8e174147e484">
   Взошли в избу, взяли чемодан и мешок и стали развязывать и искать. Вдруг исправник вынул из мешка ножик и закричал:
  </p>
  <p rend="left" uuid="4faeebd4-7ec9-4276-b12c-08e95020c153">
   — Это чей ножик?
  </p>
  <p rend="left" uuid="03527b68-84ad-4366-9b1e-2676f8cc13a2">
   Аксенов поглядел, видит — ножик в крови из его мешка достали, и испугался.
  </p>
  <p rend="left" uuid="78d1e323-0e44-47fb-946a-b9c5fa48394e">
   — А отчего кровь на ноже?
  </p>
  <p rend="left" uuid="172da0e0-e8ed-4eb0-8e6b-170fa06513e6">
   Аксенов хотел отвечать, но не мог выговорить слова.
  </p>
  <p rend="left" uuid="173c300b-8a80-443e-98fc-15280ac9fa78">
   — Я... я не знаю... я... нож... я... не мой...
  </p>
  <p rend="left" uuid="8f1eced0-3cb8-45a4-ab00-3b18692e5b3c">
   Тогда исправник сказал:
  </p>
  <p rend="left" uuid="627427eb-bd2e-4c4f-a623-80ea12fd3b53">
   <pb n="248"/>
   — Поутру купца нашли зарезанным на постели. Кроме тебя, некому было это сделать. Изба была заперта изнутри, а в избе никого, кроме тебя, не было. Вот и ножик в крови у тебя в мешке, да и по лицу видно. Говори, как ты убил его и сколько ты ограбил денег?
  </p>
  <p rend="left" uuid="0586f22d-05a9-4200-9fa6-e5ae43f76b6c">
   Аксенов божился, что не он это сделал, что не видал купца после того, как пил чай с ним, что деньги у него свои 8000, что ножик не его. Но голос у него обрывался, лицо было бледно, и он весь трясся от страха, как виноватый.
  </p>
  <p rend="left" uuid="8a6924f1-7829-482c-a8bd-c83e445acc9b">
   Исправник позвал солдат, велел связать и вести его на телегу. Когда его с связанными ногами взвалили на телегу, Аксенов перекрестился и заплакал. У Аксенова обобрали вещи и деньги, отослали его в ближний город, в острог. Послали во Владимир узнать, какой человек был Аксенов, и все купцы и жители владимирские показали, что Аксенов смолоду пил и гулял, но был человек хороший. Тогда его стали судить. Судили его за то, что он убил рязанского купца и украл 20 000 денег.
  </p>
  <p rend="left" uuid="9297da84-5832-4854-9be9-17fd78a8a2b0">
   Жена убивалась о муже и не знала, что думать. Дети ее еще все были малы, а один был у груди. Она забрала всех с собою и поехала в тот город, где ее муж содержался в остроге. Сначала ее не пускали, но потом она упросила начальников, и ее привели к мужу. Когда она увидала его в острожном платье, в цепях, вместе с разбойниками, — она ударилась о землю и долго не могла очнуться. Потом она поставила детей вокруг себя, села с ним рядышком и стала сказывать ему про домашние дела и спрашивать его про всё, что с ним случилось. Он всё рассказал ей. Она сказала:
  </p>
  <p rend="left" uuid="212f4a97-15a1-4c10-b6d3-b67bf7a20732">
   — Как же быть теперь?
  </p>
  <p rend="left" uuid="54c909b5-2850-4f23-8cda-d6c12f2eea8b">
   Он сказал:
  </p>
  <p rend="left" uuid="621812cb-ab27-4b8b-b6a4-e37bdd3f855a">
   — Надо просить царя. Нельзя же невинному погибать!
  </p>
  <p rend="left" uuid="383cbe24-f704-48ba-a61a-6530891022fa">
   Жена сказала, что она уже подавала прошение царю, но что прошение не дошло. Аксенов ничего не сказал и только потупился. Тогда жена сказала:
  </p>
  <p rend="left" uuid="8a085df4-9568-4210-92db-0be8cc4bb178">
   — Недаром я тогда, помнишь, видела сон, что ты сед стал. Вот уж и вправду ты с горя поседел. Не ездить бы тебе тогда.
  </p>
  <p rend="left" uuid="be7b51b6-8c5c-4b2b-8c1b-2b243f86b16f">
   И она начала перебирать его волоса и сказала:
  </p>
  <p rend="left" uuid="056c421c-622a-430f-a6d2-379e6c3b4074">
   — Ваня, друг сердечный, жене скажи правду: не ты сделал это?
  </p>
  <p rend="left" uuid="19eef9b5-0b01-4fa4-827f-814b39c12dc4">
   Аксенов сказал: «И ты подумала на меня!» — закрылся руками и заплакал. Потом пришел солдат и сказал, что жене
   <pb n="249"/>
   с детьми надо уходить. И Аксенов в последний раз простился с семьей.
  </p>
  <p rend="left" uuid="940c5dd4-743a-4694-be7a-afbe6562ac72">
   Когда жена ушла, Аксенов стал вспоминать, что говорили. Когда он вспомнил, что жена тоже подумала на него и спрашивала его, он ли убил купца, он сказал себе: «Видно, кроме бога, никто не может знать правды, и только его надо просить и от него только ждать милости». И с тех пор Аксенов перестал подавать прошения, перестал надеяться и только молился богу.
  </p>
  <p rend="left" uuid="23b032d1-a3b0-4ebc-9381-0634deb116a7">
   Аксенова присудили наказать кнутом и сослать в каторжную работу. Так и сделали.
  </p>
  <p rend="left" uuid="f39d8ce8-c90d-4b77-84cd-0845aaeca85d">
   Его высекли кнутом и потом, когда от кнута раны зажили, его погнали с другими каторжниками в Сибирь.
  </p>
  <p rend="left" uuid="346a3380-7a8c-4e30-9a60-b85dff08cebe">
   В Сибири, на каторге, Аксенов жил 26 лет. Волоса его на голове стали белые, как снег, и борода отросла длинная, узкая и седая. Вся веселость его пропала. Он сгорбился, стал ходить тихо, говорил мало, никогда не смеялся и часто молился богу.
  </p>
  <p rend="left" uuid="011ed0dc-1e00-4b8b-90fa-4a146a3cb67c">
   В остроге Аксенов выучился шить сапоги и на заработанные деньги купил Четьи-Минеи и читал их, когда был рвет в остроге; а по праздникам ходил в острожную церковь, читал Апостол и пел на клиросе, — голос у него всё еще был хорош. Начальство любило Аксенова за его смиренство, а товарищи острожные почитали его и называли «дедушкой» и «божьим человеком». Когда бывали просьбы по острогу, товарищи всегда Аксенова посылали просить начальство, и когда промеж каторжных были ссоры, то они всегда к Аксенову приходили судиться.
  </p>
  <p rend="left" uuid="5c3c669d-7345-45a8-b24d-99459697b3e6">
   Из дому никто не писал писем Аксенову, и он не знал, живы ли его жена и дети.
  </p>
  <p rend="left" uuid="68e33567-89cb-4af5-bb82-5fb7143dddb9">
   Привели раз на каторгу новых колодников. Вечером все старые колодники собрались вокруг новых и стали их расспрашивать, кто из какого города или деревни и кто за какие дела. Аксенов тоже подсел на нары подле новых и, потупившись, слушал, кто что рассказывал. Один из новых колодников был высокий, здоровый старик лет 60-ти, с седой стриженой бородой. Он рассказывал, за что его взяли. Он говорил:
  </p>
  <p rend="left" uuid="8a184a81-6fd4-4d27-8a77-d534da7942c8">
   — Так, братцы, ни за что сюда попал. У ямщика лошадь отвязал от саней. Поймали, говорят: украл. А я говорю: я только доехать скорей хотел, — я лошадь пустил. Да и ямщик мне приятель. Порядок, я говорю? — Нет, говорят, украл. А того не знают, что и где украл. Были дела, давно бы следовало сюда попасть, да не могли уличить, а теперь не по закону
   <pb n="250"/>
   сюда загнали. Да врешь, — бывал в Сибири, да недолго гащивал...
  </p>
  <p rend="left" uuid="c2860f2b-4335-40ce-b606-4915d133a3d5">
   — А ты откуда будешь? — спросил один из колодников.
  </p>
  <p rend="left" uuid="020523e4-8268-4f75-91ad-e005d2f15d76">
   — А мы из города Владимира, тамошние мещане. Звать Макаром, а величают Семеновичем.
  </p>
  <p rend="left" uuid="fdb2209b-cc2a-4446-bc31-0ce6a85cbfcc">
   Аксенов поднял голову и спросил:
  </p>
  <p rend="left" uuid="45f3849b-7d0c-401a-a2b9-6be10f32ac10">
   — А что, не слыхал ли, Семеныч, во Владимире городе про Аксеновых купцов? Живы ли?
  </p>
  <p rend="left" uuid="6e5e5064-d7c1-4b40-8ee6-e99a7c4c200e">
   — Как не слыхать! Богатые купцы, даром что отец в Сибири. Такой же, видно, как и мы грешные. А ты сам, дедушка, за какие дела?
  </p>
  <p rend="left" uuid="b063aea8-8853-4798-aacf-d0d6d94cedb5">
   Аксенов не любил говорить про свое несчастье; он вздохнул и сказал:
  </p>
  <p rend="left" uuid="9de2b9d7-3187-488b-83b9-f60010a0734a">
   — По грехам своим 26-й год нахожусь в каторжной работе.
  </p>
  <p rend="left" uuid="66c1f657-91bd-457b-86cb-56520f04ed39">
   Макар Семенов сказал:
  </p>
  <p rend="left" uuid="5ceafa02-ac35-4c00-88f0-b8bd2e978b25">
   — А по каким же таким грехам?
  </p>
  <p rend="left" uuid="95008e6f-65d9-4c9d-8355-56551df77bf2">
   Аксенов сказал: «Стало быть, стоило того», и не хотел больше рассказывать, но другие острожные товарищи рассказали новому, как Аксенов попал в Сибирь. Они рассказали, как на дороге кто-то убил купца и подсунул Аксенову ножик, и как за это его понапрасну засудили.
  </p>
  <p rend="left" uuid="c648288e-b51c-472a-bf35-c8fe52da6684">
   Когда Макар Семенов услыхал это, он взглянул на Аксенова, хлопнул себя руками по коленам и сказал:
  </p>
  <p rend="left" uuid="ec39b99b-141c-44c3-8d6b-df79eb80eeb7">
   — Ну, чудо! Вот чудо-то! Постарел же ты, дедушка!
  </p>
  <p rend="left" uuid="67829f30-2f88-4dbd-90f8-4c6242d9cb79">
   Его стали спрашивать, чему он удивлялся и где он видел Аксенова; но Макар Семенов не отвечал, он только сказал:
  </p>
  <p rend="left" uuid="ea06b71c-2f65-4598-8e66-2f62165fc1f1">
   — Чудеса, ребята, где свидеться пришлось!
  </p>
  <p rend="left" uuid="abd8b09b-61fb-4626-94a4-22a752a640fa">
   И с этих слов пришло Аксенову в мысли, что не знает ли этот человек про то, кто убил купца. Он сказал:
  </p>
  <p rend="left" uuid="83fa3a03-a412-4c51-ac18-26861065aac9">
   — Или ты слыхал, Семеныч, прежде про это дело, или видал меня прежде?
  </p>
  <p rend="left" uuid="aa00e4dc-a524-4f79-aa28-6509acbf17c5">
   — Как не слыхать! Земля слухом полнится. Да давно уж дело было: что и слыхал, то забыл, — сказал Макар Семенов.
  </p>
  <p rend="left" uuid="7b9a286a-b85c-4edd-8209-83dde9c62f67">
   — Может, слыхал, кто купца убил? — спросил Аксенов.
  </p>
  <p rend="left" uuid="5a1df28a-f542-4974-98e8-f2091d7ca82d">
   Макар Семенов засмеялся и сказал:
  </p>
  <p rend="left" uuid="fa0f46b4-dd5a-438e-aa41-5c5f98b86ad0">
   — Да, видно, тот убил, у кого ножик в мешке нашелся. Если кто и подсунул тебе ножик, не пойман — не вор. Да и как же тебе ножик в мешок сунуть? Ведь он у тебя в головах стоял? Ты бы услыхал.
  </p>
  <p rend="left" uuid="233b72bd-51ad-44e0-a8d8-83f7716b1336">
   <pb n="251"/>
   Как только Аксенов услыхал эти слова, он подумал, что этот самый человек убил купца. Он встал и отошел прочь. Всю эту ночь Аксенов не мог заснуть. Нашла на него скука, и стало ему представляться: то представлялась ему его жена такою, какою она была, когда провожала его в последний раз на ярмарку. Так и видел он ее как живую, и видел ее лицо и глаза, и слышал, как она говорила ему и смеялась. Потом представлялись ему дети, такие, какие они были тогда, — маленькие, один в шубке, другой у груди. И себя он вспоминал, каким он был тогда — веселым, молодым; вспоминал, как он сидел на крылечке на постоялом дворе, где его взяли, и играл на гитаре, и как у него на душе весело было тогда. И вспомнил лобное место, где его секли, и палача, и народ кругом, и цепи, и колодников, и всю 26-тилетнюю острожную жизнь, и свою старость вспомнил. И такая скука нашла на Аксенова, что хоть руки на себя наложить.
  </p>
  <p rend="left" uuid="5caf26e2-7db4-4fc3-95d9-abcd4d9adef7">
   «И всё от того злодея!» — думал Аксенов.
  </p>
  <p rend="left" uuid="fb622f6c-aa50-4e85-b5f5-c2cf4414b197">
   И нашла на него такая злость на Макара Семенова, что хоть самому пропасть, а хотелось отмстить ему. Он читал молитвы всю ночь, но не мог успокоиться. Днем он не подходил к Макару Семенову и не смотрел на него.
  </p>
  <p rend="left" uuid="260d04ec-fdbb-48e1-8e25-c66f81b7d54f">
   Так прошли две недели. По ночам Аксенов не мог спать, и на него находила такая скука, что он не знал, куда деваться.
  </p>
  <p rend="left" uuid="9a0b3397-f373-417c-9158-90687c4dfbfa">
   Один раз, ночью, он пошел по острогу и увидал, что из-под одной нары сыплется земля. Он остановился посмотреть. Вдруг Макар Семенов .выскочил из-под нары и с испуганным лицом взглянул на Аксенова. Аксенов хотел пройти, чтоб не видеть его; но Макар ухватил его за руку и рассказал, как он прокопал проход под стенами и как он землю каждый день выносит в голенищах и высыпает на улицу, когда их гоняют на работу. Он сказал:
  </p>
  <p rend="left" uuid="aca71e6f-c089-4f37-b0b4-211ba0b6fa7f">
   — Только молчи, старик, я и тебя выведу. А если скажешь,— меня засекут, да и тебе не спущу — убью.
  </p>
  <p rend="left" uuid="6c98aab9-727d-401b-918c-51fb07b909d1">
   Когда Аксенов увидал своего злодея, он весь затрясся от злости, выдернул руку и сказал:
  </p>
  <p rend="left" uuid="61193562-ff10-4fb6-8ae6-10212f17f833">
   — Выходить мне незачем и убивать меня нечего, — ты меня уже давно убил. А сказывать про тебя буду или нет, — как бог на душу положит.
  </p>
  <p rend="left" uuid="bdb0af2e-4d00-4a2e-9e41-6ed81ed2ee96">
   На другой день, когда вывели колодников на работу, солдаты приметили, что Макар Семенов высыпал землю, стали искать
   <pb n="252"/>
   в остроге и: нашли дыру. Начальник приехал в острог и стал всех допрашивать: кто выкопал дыру? Все отпирались. Те, которые знали, не выдавали Макара Семенова, потому что знали, что за это дело его засекут до полусмерти. Тогда начальник обратился к Аксенову. Он знал, что Аксенов был справедливый человек, и сказал:
  </p>
  <p rend="left" uuid="b5e0fe5a-00e3-4d67-a41e-ca3ed0a242cc">
   — Старик, ты правдив; скажи мне перед богом, кто это сделал?
  </p>
  <p rend="left" uuid="4d958bb7-70d6-41c7-be48-99562c581b57">
   Макар Семенов стоял как ни в чем не бывало и смотрел на начальника, и не оглядывался на Аксенова. У Аксенова тряслись руки и губы, и он долго не мог слова выговорить. Он думал: «Если скрыть его, за что же я его прощу, когда он меня погубил? Пускай поплатится за мое мученье. А сказать на него, точно — его засекут. А что как я понапрасну на него думаю? Да что ж, мне легче разве будет?»
  </p>
  <p rend="left" uuid="4d66a6f9-0e92-49cf-856e-395b89a48b19">
   Начальник еще раз сказал: «Ну, что ж, старик, говори правду: кто подкопался?»
  </p>
  <p rend="left" uuid="f7979637-b60e-48e0-811d-0750b227adb3">
   Аксенов поглядел на Макара Семенова и сказал:
  </p>
  <p rend="left" uuid="5673f240-e025-4edd-9d62-c0004d125c7b">
   — Я не видал и не знаю.
  </p>
  <p rend="left" uuid="07b99f16-de1a-4528-8447-f04d366c14a3">
   Так и не узнали, кто подкопался.
  </p>
  <p rend="left" uuid="c1bb9624-6291-4d84-86f3-46c2a9a6e284">
   На другую ночь, когда Аксенов лег на свою нару и чуть задремал, он услыхал, что кто-то подошел и сел у него в ногах. Он посмотрел в темноте и узнал Макара.
  </p>
  <p rend="left" uuid="47095508-3544-4d42-b86e-52db70d34cb4">
   Аксенов сказал:
  </p>
  <p rend="left" uuid="b44498fb-fea7-4652-adde-571e713da13b">
   — Что тебе еще от меня надо? Что ты тут делаешь?
  </p>
  <p rend="left" uuid="725ed870-d17c-4647-a92d-bcb956dc5043">
   Макар Семенов молчал. Аксенов приподнялся и сказал:
  </p>
  <p rend="left" uuid="9f000a17-f96d-481b-a5a9-893fa70d462a">
   — Что надо? Уйди! А то я солдата кликну.
  </p>
  <p rend="left" uuid="687f9424-daa7-4b9b-9b46-fe9049be2907">
   Макар Семенов нагнулся близко к Аксенову и шепотом сказал:
  </p>
  <p rend="left" uuid="f87b975e-2be6-42b4-b0e3-5bf3ec5e7570">
   — Иван Дмитриевич, прости меня!
  </p>
  <p rend="left" uuid="4362edcf-062b-48fd-a332-50793311b857">
   Аксенов сказал:
  </p>
  <p rend="left" uuid="320807c5-7653-44d4-a996-018546813cde">
   — За что тебя прощать?
  </p>
  <p rend="left" uuid="b6cc1b6d-c153-406a-acc4-185e1c360fbe">
   — Я купца убил, я и ножик тебе подсунул. Я и тебя хотел убить, да на дворе зашумели: я сунул тебе ножик в мешок и вылез в окно. — Аксенов молчал и не знал, что сказать. Макар Семенов спустился с нары, поклонился в землю и сказал:
  </p>
  <p rend="left" uuid="7790df8c-a1aa-40dd-96ad-aaf96de1adcb">
   — Иван Дмитриевич, прости меня, прости, ради бога. Я объявлюсь, что я купца убил, — тебя простят. Ты домой вернешься.
  </p>
  <p rend="left" uuid="b3eeeac7-c8ba-4f03-b1a3-6b1c9da8342e">
   <pb n="253"/>
   Аксенов сказал:
  </p>
  <p rend="left" uuid="ef71563e-6e6b-4f6d-a9b8-40ab68b603b9">
   — Тебе говорить легко, а мне терпеть каково! Куда я пойду теперь?.. Жена померла, дети забыли; мне ходить некуда...
  </p>
  <p rend="left" uuid="76421654-7f6d-445c-9fd3-5aeb5e22adbd">
   Макар Семенов не вставал с полу и бился головой о землю и говорил:
  </p>
  <p rend="left" uuid="46fdae5e-798a-4cd0-a196-c91b27ad8581">
   — Иван Дмитрич, прости! Когда меня кнутом секли, мне легче было, чем теперь на тебя смотреть... А ты еще пожалел меня — не сказал. Прости меня, ради Христа! Прости ты меня, злодея окаянного! — и он зарыдал.
  </p>
  <p rend="left" uuid="053e1ef0-3f88-4a91-bd4c-2a3dd4147bfd">
   Когда Аксенов услыхал, что Макар Семенов плачет, он сам заплакал и сказал:
  </p>
  <p rend="left" uuid="c4a5abdd-9153-4c21-9483-6a09c54a9f0c">
   — Бог простит тебя; может быть, я во сто раз хуже тебя! — И вдруг у него на душе легко стало. И он перестал скучать о доме, и никуда не хотел из острога, а только думал о последнем часе.
  </p>
  <p rend="left" uuid="36d2749e-26e4-41f0-a780-22118b267309">
   Макар Семенов не послушался Аксенова и объявился виноватым. Когда вышло Аксенову разрешение вернуться, — Аксенов уже умер.
  </p>
 </div>
</TEI>