<?xml version="1.0" encoding="utf-8"?>
<TEI xmlns="http://www.tei-c.org/ns/1.0" xmlns:xi="http://www.w3.org/2001/XInclude">
 <teiHeader>
  <fileDesc>
   <titleStmt>
    <title>
     Произведения, написанные для «Азбуки» и не включенные в нее
    </title>
    <author>
     Толстой Л.Н.
    </author>
    <respStmt>
     <resp>
      подготовка TEI/XML
     </resp>
     <name>
      Мария Картышева, Евгений Можаев, Даниил Скоринкин, Елена Сидорова, Вероника Файнберг, Кирилл Милинцевич
     </name>
    </respStmt>
    <respStmt>
     <name>
      Анастасия Бонч-Осмоловская, Фёкла Толстая, Борис Орехов
     </name>
     <resp>
      Идея, постановка задач, руководство
     </resp>
    </respStmt>
   </titleStmt>
   <publicationStmt>
    <idno>
     Азбука  | Произведения, написанные для «Азбуки» и не включенные в нее
    </idno>
    <publisher>
     <orgName>
      Школа лингвистики НИУ ВШЭ
     </orgName>
    </publisher>
    <availability>
     <p>
      Тексты и метатекстовая разметка доступны для свободного использования и распространения по лицензии Creative Commons Attribution Share-Alike (cc by-sa)
     </p>
    </availability>
   </publicationStmt>
   <sourceDesc>
    <biblStruct>
     <analytic>
      <author>
       Толстой Л.Н.
      </author>
      <title level="a">
       Произведения, написанные для «Азбуки» и не включенные в нее
      </title>
     </analytic>
     <monogr>
      <title level="m">
       Полное собрание сочинений. Том 21
      </title>
      <imprint>
       <pubPlace>
        Москва
       </pubPlace>
       <publisher>
        Государственное издательство "Художественная литература"
       </publisher>
       <date when="1871-1872"/>
      </imprint>
     </monogr>
     <series>
      <title level="s">
       Л.Н. Толстой. Полное собрание сочинений
      </title>
      <biblScope unit="vol">
       21
      </biblScope>
     </series>
    </biblStruct>
   </sourceDesc>
  </fileDesc>
  <encodingDesc>
   <classDecl>
    <xi:include href="taxonomy.xml"/>
   </classDecl>
  </encodingDesc>
  <profileDesc>
   <creation>
    <date notAfter="1872" notBefore="1871">
     1871-1872
    </date>
    <rs/>
   </creation>
   <textClass>
    <catRef target="#fiction" type="sphere"/>
    <catRef target="#произведения для детей" type="type"/>
    <catRef target="#works" type="works_letters_diaries"/>
    <catRef target="#сборник" type="ninetyDef"/>
    <catRef target="#Неопубликованное, неотделанное, неоконченное" type="main_var"/>
    <catRef target="#сборник" type="type_short"/>
    <catRef target="None" type="translation"/>
    <catRef target="None" type="translation_origin"/>
    <catRef target="#да" type="tolstoy_or_not"/>
    <catRef target="None" type="name_status"/>
   </textClass>
   <preparedness>
    finished
   </preparedness>
   <settingDesc>
    <time>
     XIX век
    </time>
   </settingDesc>
  </profileDesc>
  <xenoData>
   <cyclusName/>
   <p>
    Проект
    <title>
     Толстой.Digital
    </title>
    разрабатывается сотрудниками и студентами
    <orgName>
     Высшей школы экономики
    </orgName>
    в сотрудничестве с
    <orgName>
     Государственным музеем Л.Н. Толстого
    </orgName>
    . Источник текстов –
    <bibl>
     90-томное собрание сочинений Л.Н.Толстого
    </bibl>
    . Разметка основана на стандарте
    <ref target="http://www.tei-c.org">
     TEI (Text Encoding Initiative)
    </ref>
    .
   </p>
   <versionNumber/>
   <isFinished/>
   <isEdited/>
   <fullBibliographicDescription/>
  </xenoData>
 </teiHeader>
 <p rend="left emptyline">
  <pb n="350"/>
 </p>
 <div type="section" xml:id="h000017001002002">
  <head rend="center">
   * &lt;КОРШУНЫ
  </head>
  <p id="d962cae5-da43-4b2f-bfd8-3b0771d96f79" rend="left">
   Вот как играют в коршуны.
  </p>
  <p id="b34d9b5f-fabf-46bc-b5e7-30ff44c7305e" rend="left">
   Сначала канаются. И чья рука будет наверху, тот будет коршун, а чья рука внизу всех, тот будет маткой. Остальные все будут цыплятами. Матка становится впереди всех, а позади ее все цыплята, и все они держатся сзади за платье. Коршун садится на пол и пальцем будто бы копает землю. Матка подходит к нему и говорит: Коршун, коршун, что ты делаешь? Коршун говорит: Ямочку рою. Матка говорит: Зачем ямочку роешь? Коршун говорит: Иголочку ищу. Зачем иголочку? Мешочек сшивать. Зачем мешочек? Песочек насыпать. Зачем песочек? Твоим детям глаза засыпать. И коршун вскакивает и старается поймать одного из цыплят. Матка расставляет руки и старается не пустить коршуна. Когда коршун поймает одного из цыплят, тот, которого он поймал, выходит из игры. И коршун ловит остальных, пока всех переловит. Тогда канаются сначала, и игра идет сначала.&gt;
  </p>
  <p id="4ce39639-a7b9-472b-bff1-9f54b2035984" rend="centerline">
   ————
  </p>
  <p id="3aa8b65c-6483-4e47-8f0c-3b36741a2e03" rend="left emptyline">
   <pb n="351"/>
  </p>
  <p id="e55a7c63-0823-4845-8313-f6d881eb70bc" rend="left">
   * &lt;Зачем ты сюда идешь?
  </p>
  <p id="7f4c9e34-1c5f-4340-b130-067adb636a0b" rend="left">
   За игрушкой. —
  </p>
  <p id="c59eee83-b85c-4b26-b95b-3ebc69660cb1" rend="left">
   Зачем тебе игрушка?
  </p>
  <p id="cb954d13-b8d3-4e14-bb60-ee3a21eb0243" rend="left">
   Играть.
  </p>
  <p id="84d63e3a-d190-4dae-9468-2aeb0db249d5" rend="left">
   Зачем тебе играть?
  </p>
  <p id="f72e1daf-bdf9-417a-a162-fd99bb056449" rend="left">
   Мне хочется играть.
  </p>
  <p id="150eac1d-f4c7-4fca-bf4b-6bb6570bbffa" rend="left">
   Зачем тебе хочется?
  </p>
  <p id="3f1633f0-f141-414a-bc5c-ae5b37dec192" rend="left">
   Затем, что не знаю, что мне делать. Зачем ты не знаешь?
  </p>
  <p id="a9989f17-6a3e-49de-98ec-7ac9cc0b562d" rend="left">
   Так меня бог сотворил.&gt;
  </p>
  <p id="489a63e9-f585-478d-a5eb-f4511b9b5cbd" rend="centerline">
   ————
  </p>
  <p id="2b42f480-8d59-4e71-add2-c4de56e9b5b3" rend="left">
   * &lt;Откуда ты взялся?
  </p>
  <p id="c734f45f-7009-4f5e-9337-96ef0afbd5c2" rend="left">
   Я родился от матери.
  </p>
  <p id="84f94857-5089-4bf9-9d17-42df85ff4b9a" rend="left">
   А мать откуда родилась?
  </p>
  <p id="cec3b473-457c-409c-982e-c5ceea493458" rend="left">
   От своей матери.
  </p>
  <p id="198b36df-4ad5-4da9-9db6-6a3039a546f9" rend="left">
   А та мать?
  </p>
  <p id="49941179-a588-421a-9a0d-7c41fc308ee4" rend="left">
   От своей.
  </p>
  <p id="986f6c30-a869-4c46-916a-f84019b4438a" rend="left">
   А еще та от кого?
  </p>
  <p id="c2405690-5efd-4a4b-ae43-bec7ef4de5a5" rend="left">
   От самой первой матери.
  </p>
  <p id="8700872c-897d-46ef-850d-ee8b5f8cf6b3" rend="left">
   А та от кого?
  </p>
  <p id="9b244347-0754-4385-a352-27cf09b193a5" rend="left">
   Ту бог сотворил.&gt;
  </p>
  <p id="895086a7-ff59-4c3c-9d57-a540af96b7b2" rend="centerline">
   ————
  </p>
  <p id="c3df4aa8-dd7e-4b6b-9de4-ec1c54e10390" rend="left">
   * &lt;После нынешнего дня что будет?
  </p>
  <p id="c91c892e-5254-4ff5-8b32-460a6c0ce0d6" rend="left">
   Завтра.
  </p>
  <p id="172b8549-3933-4a66-9658-3a2e62350039" rend="left">
   А после завтра?
  </p>
  <p id="0a039eed-b7a9-453e-b1d6-9805a0923820" rend="left">
   Послезавтра.
  </p>
  <p id="f4fa9d25-8758-4e39-b941-247778463816" rend="left">
   А после послезавтра?
  </p>
  <p id="60b58267-2c13-47db-a5f7-3fca12b7ab36" rend="left">
   Еще после завтра.
  </p>
  <p id="29424b96-2986-4baa-b77b-4952649d3966" rend="left">
   После после после завтра?
  </p>
  <p id="a1d0baca-251f-440b-88f5-059d29c01456" rend="left">
   Ну, а после всего? Свет кончится. А когда свет кончится?
  </p>
  <p id="3feafb6c-b5e4-43aa-9eba-3121c46fc65e" rend="left">
   Когда бог захочет.&gt;
  </p>
  <p id="284813f2-8288-438e-8f1e-63d66824f00d" rend="centerline">
   ————
  </p>
  <p id="8ef10174-7b17-4a72-8103-611d34c51675" rend="left">
   * &lt;Что за этой землей? Еще земля. А за той землей? Еще земля. А за последней землей? То, что бог сотворил.&gt;
  </p>
  <p id="1af2ba86-3a35-4f46-b156-5168439dd2f7" rend="centerline">
   ————
  </p>
  <p id="7827a43c-a7e8-4152-a51b-d16a1d3da612" rend="left">
   * &lt;Откуда этот хлеб? Батюшка купил. Где купил? У купца в городе. А купец у кого? У мужика. А мужик где взял? Из земли. А земля откуда взяла? Бог так сделал.&gt;
  </p>
  <p id="9eb0f016-77f2-43fa-9af1-13bdbf24311b" rend="centerline">
   ————
  </p>
  <p id="4383cdf4-84c3-4b59-9484-d2c2af73aacb" rend="left">
   * Если яблоко разрезать пополам, сколько будет половинок? Две. А обе половинки разрезать? Четыре. А четыре? Восемь. А восемь разрезать? 16. А 16 разрезать? 32. И эти пополам разрезать
   <note n="n75">
    <div type="section" xml:id="n75">
     <head rend="left">
      <ref target="#backn75">
       76
      </ref>
     </head>
     <p id="fa97308b-65d0-4004-9c8b-ae915611b453" rend="left">
      <hi rend="italic">
       Слово
      </hi>
      разрезать
      <hi rend="italic">
       написано дважды.
      </hi>
     </p>
    </div>
   </note>
   . Когда конец будет? Никогда.
  </p>
  <p id="e02e2e6b-b644-4228-b9ca-81ad885a2756" rend="left emptyline">
   <pb n="352"/>
  </p>
 </div>
</TEI>