<?xml version="1.0" encoding="utf-8"?>
<TEI xmlns="http://www.tei-c.org/ns/1.0" xmlns:xi="http://www.w3.org/2001/XInclude">
 <teiHeader>
  <fileDesc>
   <titleStmt>
    <title>
     Произведения, написанные для «Азбуки» и не включенные в нее
    </title>
    <author>
     Толстой Л.Н.
    </author>
    <respStmt>
     <resp>
      подготовка TEI/XML
     </resp>
     <name>
      Мария Картышева, Евгений Можаев, Даниил Скоринкин, Елена Сидорова, Вероника Файнберг, Кирилл Милинцевич
     </name>
    </respStmt>
    <respStmt>
     <name>
      Анастасия Бонч-Осмоловская, Фёкла Толстая, Борис Орехов
     </name>
     <resp>
      Идея, постановка задач, руководство
     </resp>
    </respStmt>
   </titleStmt>
   <publicationStmt>
    <idno>
     Азбука  | Произведения, написанные для «Азбуки» и не включенные в нее
    </idno>
    <publisher>
     <orgName>
      Школа лингвистики НИУ ВШЭ
     </orgName>
    </publisher>
    <availability>
     <p>
      Тексты и метатекстовая разметка доступны для свободного использования и распространения по лицензии Creative Commons Attribution Share-Alike (cc by-sa)
     </p>
    </availability>
   </publicationStmt>
   <sourceDesc>
    <biblStruct>
     <analytic>
      <author>
       Толстой Л.Н.
      </author>
      <title level="a">
       Произведения, написанные для «Азбуки» и не включенные в нее
      </title>
     </analytic>
     <monogr>
      <title level="m">
       Полное собрание сочинений. Том 21
      </title>
      <imprint>
       <pubPlace>
        Москва
       </pubPlace>
       <publisher>
        Государственное издательство "Художественная литература"
       </publisher>
       <date when="1871-1872"/>
      </imprint>
     </monogr>
     <series>
      <title level="s">
       Л.Н. Толстой. Полное собрание сочинений
      </title>
      <biblScope unit="vol">
       21
      </biblScope>
     </series>
    </biblStruct>
   </sourceDesc>
  </fileDesc>
  <encodingDesc>
   <classDecl>
    <xi:include href="taxonomy.xml"/>
   </classDecl>
  </encodingDesc>
  <profileDesc>
   <creation>
    <date notAfter="1872" notBefore="1871">
     1871-1872
    </date>
    <rs/>
   </creation>
   <textClass>
    <catRef target="#fiction" type="sphere"/>
    <catRef target="#произведения для детей" type="type"/>
    <catRef target="#works" type="works_letters_diaries"/>
    <catRef target="#сборник" type="ninetyDef"/>
    <catRef target="#Неопубликованное, неотделанное, неоконченное" type="main_var"/>
    <catRef target="#сборник" type="type_short"/>
    <catRef target="None" type="translation"/>
    <catRef target="None" type="translation_origin"/>
    <catRef target="#да" type="tolstoy_or_not"/>
    <catRef target="None" type="name_status"/>
   </textClass>
   <preparedness>
    finished
   </preparedness>
   <settingDesc>
    <time>
     XIX век
    </time>
   </settingDesc>
  </profileDesc>
  <xenoData>
   <cyclusName/>
   <p>
    Проект
    <title>
     Толстой.Digital
    </title>
    разрабатывается сотрудниками и студентами
    <orgName>
     Высшей школы экономики
    </orgName>
    в сотрудничестве с
    <orgName>
     Государственным музеем Л.Н. Толстого
    </orgName>
    . Источник текстов –
    <bibl>
     90-томное собрание сочинений Л.Н.Толстого
    </bibl>
    . Разметка основана на стандарте
    <ref target="http://www.tei-c.org">
     TEI (Text Encoding Initiative)
    </ref>
    .
   </p>
   <versionNumber/>
   <isFinished/>
   <isEdited/>
   <fullBibliographicDescription/>
  </xenoData>
 </teiHeader>
 <p rend="left emptyline">
  <pb n="213"/>
 </p>
 <div type="section" xml:id="h000013018">
  <head rend="center">
   КЛОПЫ
  </head>
  <p rend="center" uuid="cee883c3-8f52-44b8-93be-55542df1327f">
   <hi rend="italic">
    (Рассказ)
   </hi>
  </p>
  <p rend="left" uuid="f35770d6-3057-4ccf-9553-d3cd1945c53e">
   Я остановился ночевать на постоялом дворе. Прежде чем ложиться спать, я взял свечу и посмотрел углы кровати и стен, и когда увидал, что во всех углах были клопы, стал придумывать, как бы устроиться на ночь так, чтобы клопы не добрались до меня.
  </p>
  <p rend="left" uuid="d7bea07c-cade-49b7-b05d-c3757bcf1df8">
   Со мною была складная кровать, но я знал, что, поставь я ее и посредине комнаты, клопы сползут со стен на пол и с полу, по ножкам кровати, доберутся и до меня; а потому я попросил у хозяина четыре деревянные чашки, налил в чашки воды и каждую ножку кровати поставил в чашку с водой. Я лег, поставил свечу на пол и стал смотреть, что будут делать клопы. Клопов было много, и они уже чуяли меня; я видел, как они поползли по полу, влезали на край чашки, и одни падали в воду, другие ворочались назад. «Перехитрил я вас, — подумал я: — теперь не доберетесь», и хотел уже тушить свечу, как вдруг почувствовал, что меня кусает что-то. Осматриваюсь: клоп. Как он попал ко мне? Не прошло минуты, я нашел другого. Я стал оглядываться и допытываться, как до меня они добрались.
  </p>
  <p rend="left" uuid="11769cc3-61d2-41f7-8ae8-ab9df12566c9">
   Долго я не мог понять, но, наконец, взглянул на потолок и увидал — клоп лез по потолку; как только он дополз вровень
   <pb n="214"/>
   с кроватью, он отцепился от потолка и упал на меня. «Нет, — подумал я, — вас не перехитрить», надел шубу и вышел на двор.
  </p>
 </div>
</TEI>