<?xml version="1.0" encoding="utf-8"?>
<TEI xmlns="http://www.tei-c.org/ns/1.0" xmlns:xi="http://www.w3.org/2001/XInclude">
 <teiHeader>
  <fileDesc>
   <titleStmt>
    <title>
     Произведения, написанные для «Азбуки» и не включенные в нее
    </title>
    <author>
     Толстой Л.Н.
    </author>
    <respStmt>
     <resp>
      подготовка TEI/XML
     </resp>
     <name>
      Мария Картышева, Евгений Можаев, Даниил Скоринкин, Елена Сидорова, Вероника Файнберг, Кирилл Милинцевич
     </name>
    </respStmt>
    <respStmt>
     <name>
      Анастасия Бонч-Осмоловская, Фёкла Толстая, Борис Орехов
     </name>
     <resp>
      Идея, постановка задач, руководство
     </resp>
    </respStmt>
   </titleStmt>
   <publicationStmt>
    <idno>
     Азбука  | Произведения, написанные для «Азбуки» и не включенные в нее
    </idno>
    <publisher>
     <orgName>
      Школа лингвистики НИУ ВШЭ
     </orgName>
    </publisher>
    <availability>
     <p>
      Тексты и метатекстовая разметка доступны для свободного использования и распространения по лицензии Creative Commons Attribution Share-Alike (cc by-sa)
     </p>
    </availability>
   </publicationStmt>
   <sourceDesc>
    <biblStruct>
     <analytic>
      <author>
       Толстой Л.Н.
      </author>
      <title level="a">
       Произведения, написанные для «Азбуки» и не включенные в нее
      </title>
     </analytic>
     <monogr>
      <title level="m">
       Полное собрание сочинений. Том 21
      </title>
      <imprint>
       <pubPlace>
        Москва
       </pubPlace>
       <publisher>
        Государственное издательство "Художественная литература"
       </publisher>
       <date when="1871-1872"/>
      </imprint>
     </monogr>
     <series>
      <title level="s">
       Л.Н. Толстой. Полное собрание сочинений
      </title>
      <biblScope unit="vol">
       21
      </biblScope>
     </series>
    </biblStruct>
   </sourceDesc>
  </fileDesc>
  <encodingDesc>
   <classDecl>
    <xi:include href="taxonomy.xml"/>
   </classDecl>
  </encodingDesc>
  <profileDesc>
   <creation>
    <date notAfter="1872" notBefore="1871">
     1871-1872
    </date>
    <rs/>
   </creation>
   <textClass>
    <catRef target="#fiction" type="sphere"/>
    <catRef target="#произведения для детей" type="type"/>
    <catRef target="#works" type="works_letters_diaries"/>
    <catRef target="#сборник" type="ninetyDef"/>
    <catRef target="#Неопубликованное, неотделанное, неоконченное" type="main_var"/>
    <catRef target="#сборник" type="type_short"/>
    <catRef target="None" type="translation"/>
    <catRef target="None" type="translation_origin"/>
    <catRef target="#да" type="tolstoy_or_not"/>
    <catRef target="None" type="name_status"/>
   </textClass>
   <preparedness>
    finished
   </preparedness>
   <settingDesc>
    <time>
     XIX век
    </time>
   </settingDesc>
  </profileDesc>
  <xenoData>
   <cyclusName/>
   <p>
    Проект
    <title>
     Толстой.Digital
    </title>
    разрабатывается сотрудниками и студентами
    <orgName>
     Высшей школы экономики
    </orgName>
    в сотрудничестве с
    <orgName>
     Государственным музеем Л.Н. Толстого
    </orgName>
    . Источник текстов –
    <bibl>
     90-томное собрание сочинений Л.Н.Толстого
    </bibl>
    . Разметка основана на стандарте
    <ref target="http://www.tei-c.org">
     TEI (Text Encoding Initiative)
    </ref>
    .
   </p>
   <versionNumber/>
   <isFinished/>
   <isEdited/>
   <fullBibliographicDescription/>
  </xenoData>
 </teiHeader>
 <p rend="left emptyline">
  <pb n="69"/>
 </p>
 <p rend="left Azbuka2" uuid="3506b82c-255c-402f-9b2d-9834e26084a7">
  <choice>
   <reg>
    Белка
   </reg>
  </choice>
  прыгала
  <choice>
   <reg>
    с
   </reg>
  </choice>
  <choice>
   <reg>
    ветки
   </reg>
  </choice>
  на
  <choice>
   <reg>
    ветку
   </reg>
  </choice>
  и упала прямо на
  <choice>
   <reg>
    сонного
   </reg>
  </choice>
  волка.
  <choice>
   <reg>
    Волк
   </reg>
  </choice>
  <choice>
   <reg>
    вскочил
   </reg>
  </choice>
  и
  <choice>
   <reg>
    хотел
   </reg>
  </choice>
  ее
  <choice>
   <reg>
    съесть
   </reg>
  </choice>
  .
  <choice>
   <reg>
    Белка
   </reg>
  </choice>
  стала просить: пусти меня.
  <choice>
   <reg>
    Волк
   </reg>
  </choice>
  <choice>
   <reg>
    сказал
   </reg>
  </choice>
  : хорошо, я пущу тебя, только ты скажи
  <choice>
   <reg>
    мне
   </reg>
  </choice>
  отчего вы,
  <choice>
   <reg>
    белки
   </reg>
  </choice>
  ,
  <choice>
   <reg>
    так
   </reg>
  </choice>
  веселы.
  <choice>
   <reg>
    Мне
   </reg>
  </choice>
  всегда скучно, а на
  <choice>
   <reg>
    вас
   </reg>
  </choice>
  смотришь, вы
  <choice>
   <reg>
    там
   </reg>
  </choice>
  вверху всё играете и прыгаете.
  <choice>
   <reg>
    Белка
   </reg>
  </choice>
  сказала: «пусти меня
 </p>
</TEI>