<?xml version="1.0" encoding="utf-8"?>
<TEI xmlns="http://www.tei-c.org/ns/1.0" xmlns:xi="http://www.w3.org/2001/XInclude">
 <teiHeader>
  <fileDesc>
   <titleStmt>
    <title>
     Произведения, написанные для «Азбуки» и не включенные в нее
    </title>
    <author>
     Толстой Л.Н.
    </author>
    <respStmt>
     <resp>
      подготовка TEI/XML
     </resp>
     <name>
      Мария Картышева, Евгений Можаев, Даниил Скоринкин, Елена Сидорова, Вероника Файнберг, Кирилл Милинцевич
     </name>
    </respStmt>
    <respStmt>
     <name>
      Анастасия Бонч-Осмоловская, Фёкла Толстая, Борис Орехов
     </name>
     <resp>
      Идея, постановка задач, руководство
     </resp>
    </respStmt>
   </titleStmt>
   <publicationStmt>
    <idno>
     Азбука  | Произведения, написанные для «Азбуки» и не включенные в нее
    </idno>
    <publisher>
     <orgName>
      Школа лингвистики НИУ ВШЭ
     </orgName>
    </publisher>
    <availability>
     <p>
      Тексты и метатекстовая разметка доступны для свободного использования и распространения по лицензии Creative Commons Attribution Share-Alike (cc by-sa)
     </p>
    </availability>
   </publicationStmt>
   <sourceDesc>
    <biblStruct>
     <analytic>
      <author>
       Толстой Л.Н.
      </author>
      <title level="a">
       Произведения, написанные для «Азбуки» и не включенные в нее
      </title>
     </analytic>
     <monogr>
      <title level="m">
       Полное собрание сочинений. Том 21
      </title>
      <imprint>
       <pubPlace>
        Москва
       </pubPlace>
       <publisher>
        Государственное издательство "Художественная литература"
       </publisher>
       <date when="1871-1872"/>
      </imprint>
     </monogr>
     <series>
      <title level="s">
       Л.Н. Толстой. Полное собрание сочинений
      </title>
      <biblScope unit="vol">
       21
      </biblScope>
     </series>
    </biblStruct>
   </sourceDesc>
  </fileDesc>
  <encodingDesc>
   <classDecl>
    <xi:include href="taxonomy.xml"/>
   </classDecl>
  </encodingDesc>
  <profileDesc>
   <creation>
    <date notAfter="1872" notBefore="1871">
     1871-1872
    </date>
    <rs/>
   </creation>
   <textClass>
    <catRef target="#fiction" type="sphere"/>
    <catRef target="#произведения для детей" type="type"/>
    <catRef target="#works" type="works_letters_diaries"/>
    <catRef target="#сборник" type="ninetyDef"/>
    <catRef target="#Неопубликованное, неотделанное, неоконченное" type="main_var"/>
    <catRef target="#сборник" type="type_short"/>
    <catRef target="None" type="translation"/>
    <catRef target="None" type="translation_origin"/>
    <catRef target="#да" type="tolstoy_or_not"/>
    <catRef target="None" type="name_status"/>
   </textClass>
   <preparedness>
    finished
   </preparedness>
   <settingDesc>
    <time>
     XIX век
    </time>
   </settingDesc>
  </profileDesc>
  <xenoData>
   <cyclusName/>
   <p>
    Проект
    <title>
     Толстой.Digital
    </title>
    разрабатывается сотрудниками и студентами
    <orgName>
     Высшей школы экономики
    </orgName>
    в сотрудничестве с
    <orgName>
     Государственным музеем Л.Н. Толстого
    </orgName>
    . Источник текстов –
    <bibl>
     90-томное собрание сочинений Л.Н.Толстого
    </bibl>
    . Разметка основана на стандарте
    <ref target="http://www.tei-c.org">
     TEI (Text Encoding Initiative)
    </ref>
    .
   </p>
   <versionNumber/>
   <isFinished/>
   <isEdited/>
   <fullBibliographicDescription/>
  </xenoData>
 </teiHeader>
 <p rend="left emptyline">
  <pb n="238"/>
 </p>
 <div type="section" xml:id="h000013041">
  <head rend="center">
   БУЛЬКА И ВОЛК
  </head>
  <p rend="center" uuid="20c1b9fc-ec62-4369-aca6-443cbc35abc8">
   <hi rend="italic">
    (Рассказ)
   </hi>
  </p>
  <p rend="left" uuid="3f5f33a9-ff25-4cad-91ea-7200d34f320d">
   Когда я уезжал с Кавказа, тогда еще там была война, и ночью опасно было ездить без конвоя.
  </p>
  <p rend="left" uuid="1c2aa6be-0d5e-431c-9784-f22af4a86956">
   Я хотел выехать как можно раньше утром и для этого не ложился спать.
  </p>
  <p rend="left" uuid="e2668d45-c065-422f-8aaa-5e7ee8dbfef0">
   Мой приятель пришел провожать меня, и мы сидели весь вечер и ночь на улице станицы перед моей хатой.
  </p>
  <p rend="left" uuid="e9df7d94-fb69-40b9-9b56-656deaa705df">
   Была месячная ночь с туманом, и было так светло, что читать можно, хотя месяца и не видно было.
  </p>
  <p rend="left" uuid="757e99d8-058b-4fc6-8fae-216dd8fdf275">
   В середине ночи мы вдруг услыхали, что через улицу на дворе пищит поросенок. Один из нас закричал: «Это волк душит поросенка».
  </p>
  <p rend="left" uuid="820a150c-ebd0-45b5-ad55-b209ef8f07fe">
   <pb n="239"/>
   Я побежал к себе в хату, схватил заряженное ружье и выбежал на улицу. Все стояли у ворот того двора, где пищал поросенок, и кричали мне: «Сюда!» Мильтон бросился за мной, — верно, думал, что я на охоту иду с ружьем, — а Булька поднял свои короткие уши и метался из стороны в сторону, как будто спрашивал, в кого ему велят вцепиться. Когда я подбежал к плетню, я увидал, что с той стороны двора, прямо ко мне, бежит зверь. Это был волк. Он подбежал к плетню и вскочил на него. Я отсторонился от него и приготовил ружье. Как только волк соскочил с плетня на мою сторону, я приложился почти в упор и спустил курок; но ружье сделало «чик» и не выстрелило. Волк не остановился и побежал через улицу. Мильтон и Булька пустились за ним. Мильтон был близко от волка, но, видно, боялся схватить его, а Булька, как ни торопился на своих коротких ногах, не мог поспеть. Мы бежали, что было силы, за волком, но и волк и собаки скрылись у нас из виду. Только у канавы, на углу станицы, мы услыхали подлаиванье, визг и видели сквозь месячный туман, что поднялась пыль и что собаки возились с волком. Когда мы прибежали к канаве, волка уже не было, и обе собаки вернулись к нам с поднятыми хвостами и рассерженными лицами. Булька рычал и толкал меня головой, — он, видно, хотел что-то рассказать, но не умел.
  </p>
  <p rend="left" uuid="cd000c6e-e12a-4241-8fbd-223b1572d8b6">
   Мы осмотрели собак и нашли, что у Бульки на голове была маленькая рана. Он, видно, догнал волка перед канавой, но не успел захватить, и волк огрызнулся и убежал. Рана была небольшая, так что ничего опасного не было.
  </p>
  <p rend="left" uuid="52abdc51-2cae-4f04-9a38-7c641284f965">
   Мы вернулись назад к хате, сидели и разговаривали о том, что случилось. Я досадовал на то, что ружье мое осеклось, и всё думал о том, как бы тут же на месте остался волк, если б оно выстрелило. Приятель мой удивлялся, как волк мог залезть на двор. Старый казак говорил, что тут нет ничего удивительного, что это был не волк, что это была ведьма и что она заколдовала мое ружье. Так мы сидели и разговаривали. Вдруг собаки бросились, и мы увидали на средине улицы, перед нами, опять того же волка; но в этот раз он, от нашего крика, так скоро побежал, что собаки уже не догнали его.
  </p>
  <p rend="left" uuid="26399064-9fa0-4a33-aef2-6bb3c205ef16">
   Старый казак после этого уже совсем уверился, что это был не волк, а ведьма; а я подумал, что не бешеный ли это был волк, потому что я никогда не видывал и не
   <pb n="240"/>
   слыхивал, чтобы волк, после того как его прогнали, вернулся опять на народ.
  </p>
  <p rend="left" uuid="a06bdd4c-d66e-4928-9552-fd7dcee22ba6">
   На всякий случай я посыпал Бульке на рану пороху и зажег его. Порох вспыхнул и выжег больное место.
  </p>
  <p rend="left" uuid="489bc595-73c1-49cb-b08e-f2bb624e85ef">
   Я выжег порохом рану затем, чтобы выжечь бешеную слюну, если она еще не успела войти в кровь. Если же попала слюна и вошла уже в кровь, то я знал, что по крови она разойдется по всему телу, и тогда уже нельзя вылечить.
  </p>
 </div>
</TEI>