<?xml version="1.0" encoding="utf-8"?>
<TEI xmlns="http://www.tei-c.org/ns/1.0" xmlns:xi="http://www.w3.org/2001/XInclude">
 <teiHeader>
  <fileDesc>
   <titleStmt>
    <title>
     Произведения, написанные для «Азбуки» и не включенные в нее
    </title>
    <author>
     Толстой Л.Н.
    </author>
    <respStmt>
     <resp>
      подготовка TEI/XML
     </resp>
     <name>
      Мария Картышева, Евгений Можаев, Даниил Скоринкин, Елена Сидорова, Вероника Файнберг, Кирилл Милинцевич
     </name>
    </respStmt>
    <respStmt>
     <name>
      Анастасия Бонч-Осмоловская, Фёкла Толстая, Борис Орехов
     </name>
     <resp>
      Идея, постановка задач, руководство
     </resp>
    </respStmt>
   </titleStmt>
   <publicationStmt>
    <idno>
     Азбука  | Произведения, написанные для «Азбуки» и не включенные в нее
    </idno>
    <publisher>
     <orgName>
      Школа лингвистики НИУ ВШЭ
     </orgName>
    </publisher>
    <availability>
     <p>
      Тексты и метатекстовая разметка доступны для свободного использования и распространения по лицензии Creative Commons Attribution Share-Alike (cc by-sa)
     </p>
    </availability>
   </publicationStmt>
   <sourceDesc>
    <biblStruct>
     <analytic>
      <author>
       Толстой Л.Н.
      </author>
      <title level="a">
       Произведения, написанные для «Азбуки» и не включенные в нее
      </title>
     </analytic>
     <monogr>
      <title level="m">
       Полное собрание сочинений. Том 21
      </title>
      <imprint>
       <pubPlace>
        Москва
       </pubPlace>
       <publisher>
        Государственное издательство "Художественная литература"
       </publisher>
       <date when="1871-1872"/>
      </imprint>
     </monogr>
     <series>
      <title level="s">
       Л.Н. Толстой. Полное собрание сочинений
      </title>
      <biblScope unit="vol">
       21
      </biblScope>
     </series>
    </biblStruct>
   </sourceDesc>
  </fileDesc>
  <encodingDesc>
   <classDecl>
    <xi:include href="taxonomy.xml"/>
   </classDecl>
  </encodingDesc>
  <profileDesc>
   <creation>
    <date notAfter="1872" notBefore="1871">
     1871-1872
    </date>
    <rs/>
   </creation>
   <textClass>
    <catRef target="#fiction" type="sphere"/>
    <catRef target="#произведения для детей" type="type"/>
    <catRef target="#works" type="works_letters_diaries"/>
    <catRef target="#сборник" type="ninetyDef"/>
    <catRef target="#Неопубликованное, неотделанное, неоконченное" type="main_var"/>
    <catRef target="#сборник" type="type_short"/>
    <catRef target="None" type="translation"/>
    <catRef target="None" type="translation_origin"/>
    <catRef target="#да" type="tolstoy_or_not"/>
    <catRef target="None" type="name_status"/>
   </textClass>
   <preparedness>
    finished
   </preparedness>
   <settingDesc>
    <time>
     XIX век
    </time>
   </settingDesc>
  </profileDesc>
  <xenoData>
   <cyclusName/>
   <p>
    Проект
    <title>
     Толстой.Digital
    </title>
    разрабатывается сотрудниками и студентами
    <orgName>
     Высшей школы экономики
    </orgName>
    в сотрудничестве с
    <orgName>
     Государственным музеем Л.Н. Толстого
    </orgName>
    . Источник текстов –
    <bibl>
     90-томное собрание сочинений Л.Н.Толстого
    </bibl>
    . Разметка основана на стандарте
    <ref target="http://www.tei-c.org">
     TEI (Text Encoding Initiative)
    </ref>
    .
   </p>
   <versionNumber/>
   <isFinished/>
   <isEdited/>
   <fullBibliographicDescription/>
  </xenoData>
 </teiHeader>
 <p rend="left emptyline">
  <pb n="352"/>
 </p>
 <div type="section" xml:id="h000017001003001001">
  <head rend="center">
   ** БАЛАКИРЕВ
  </head>
  <p id="038545c6-5d53-464f-b37b-cf615ee6c4a3" rend="left">
   Был русский царь Петр. У него был шут Балакирев. Один раз царь Петр рассердился на шута и велел прогнать его. Царь Петр сказал: Скажите ему, чтобы он не смел оставаться на моей земле. Балакирев долго не показывался, и Петр думал, что он уехал в другие земли. Один раз царь Петр сидит у окна и видит, что по улице едет Балакирев на телеге. Петр рассердился, велел остановить Балакирева и подвести его к окну. Петр сказал: Как ты смел меня не послушаться. Я тебе не велел оставаться на моей земле. А Балакирев сказал: Не сердись, царь. Я не на твоей земле, а на шведской земле. Я эту землю из Швеции привез. И Балакирев показал, что в телеге у него была насыпана земля. Царь засмеялся и простил его.
  </p>
  <p id="044d6b4c-53fe-49eb-88da-036542f1859e" rend="centerline">
   ————
  </p>
  <p id="527a46d1-106e-473e-b964-c31b2fa958b6" rend="left">
   * &lt;Царь Петр I был росту в три аршина без двух вершков и был так силен, что он ломал руками подковы и сгибал рубли серебряные. Петр I всему сам учился и всякую работу сам умел делать. Он умел топором работать и рубить дома и корабли. Он умел железо ковать и делать винты и подковы. Он шил сапоги и кафтаны. Он умел на меди и на кости вырезывать фигуры, умел точить из кости и дерева и умел говорить и читать по-латыни, по-шведски, по-голландски, по-немецки, по-французски, по-английски.&gt;
  </p>
  <p id="8d719f83-e933-4e31-baa9-36b1cd8f2e6f" rend="centerline">
   ————
  </p>
  <p id="710ed7a9-b325-4ae3-b0ec-af4b55ba13d2" rend="left">
   * &lt;Иван Андреевич Крылов сидел один раз за обедом против молодого человека, который много лгал. Молодой человек стал рассказывать, какая большая у него в пруду есть рыба. Он сказал: Прошлого года я поймал судака такого длинного, как от меня до Ивана Андреевича. Тогда Иван Андреевич отодвинулся и сказал: Может быть, я вам мешаю; может быть, рыба еще больше. Все засмеялись, и молодой человек перестал рассказывать. —&gt;
  </p>
 </div>
</TEI>