<?xml version="1.0" encoding="utf-8"?>
<TEI xmlns="http://www.tei-c.org/ns/1.0" xmlns:xi="http://www.w3.org/2001/XInclude">
 <teiHeader>
  <fileDesc>
   <titleStmt>
    <title>
     Произведения, написанные для «Азбуки» и не включенные в нее
    </title>
    <author>
     Толстой Л.Н.
    </author>
    <respStmt>
     <resp>
      подготовка TEI/XML
     </resp>
     <name>
      Мария Картышева, Евгений Можаев, Даниил Скоринкин, Елена Сидорова, Вероника Файнберг, Кирилл Милинцевич
     </name>
    </respStmt>
    <respStmt>
     <name>
      Анастасия Бонч-Осмоловская, Фёкла Толстая, Борис Орехов
     </name>
     <resp>
      Идея, постановка задач, руководство
     </resp>
    </respStmt>
   </titleStmt>
   <publicationStmt>
    <idno>
     Азбука  | Произведения, написанные для «Азбуки» и не включенные в нее
    </idno>
    <publisher>
     <orgName>
      Школа лингвистики НИУ ВШЭ
     </orgName>
    </publisher>
    <availability>
     <p>
      Тексты и метатекстовая разметка доступны для свободного использования и распространения по лицензии Creative Commons Attribution Share-Alike (cc by-sa)
     </p>
    </availability>
   </publicationStmt>
   <sourceDesc>
    <biblStruct>
     <analytic>
      <author>
       Толстой Л.Н.
      </author>
      <title level="a">
       Произведения, написанные для «Азбуки» и не включенные в нее
      </title>
     </analytic>
     <monogr>
      <title level="m">
       Полное собрание сочинений. Том 21
      </title>
      <imprint>
       <pubPlace>
        Москва
       </pubPlace>
       <publisher>
        Государственное издательство "Художественная литература"
       </publisher>
       <date when="1871-1872"/>
      </imprint>
     </monogr>
     <series>
      <title level="s">
       Л.Н. Толстой. Полное собрание сочинений
      </title>
      <biblScope unit="vol">
       21
      </biblScope>
     </series>
    </biblStruct>
   </sourceDesc>
  </fileDesc>
  <encodingDesc>
   <classDecl>
    <xi:include href="taxonomy.xml"/>
   </classDecl>
  </encodingDesc>
  <profileDesc>
   <creation>
    <date notAfter="1872" notBefore="1871">
     1871-1872
    </date>
    <rs/>
   </creation>
   <textClass>
    <catRef target="#fiction" type="sphere"/>
    <catRef target="#произведения для детей" type="type"/>
    <catRef target="#works" type="works_letters_diaries"/>
    <catRef target="#сборник" type="ninetyDef"/>
    <catRef target="#Неопубликованное, неотделанное, неоконченное" type="main_var"/>
    <catRef target="#сборник" type="type_short"/>
    <catRef target="None" type="translation"/>
    <catRef target="None" type="translation_origin"/>
    <catRef target="#да" type="tolstoy_or_not"/>
    <catRef target="None" type="name_status"/>
   </textClass>
   <preparedness>
    finished
   </preparedness>
   <settingDesc>
    <time>
     XIX век
    </time>
   </settingDesc>
  </profileDesc>
  <xenoData>
   <cyclusName/>
   <p>
    Проект
    <title>
     Толстой.Digital
    </title>
    разрабатывается сотрудниками и студентами
    <orgName>
     Высшей школы экономики
    </orgName>
    в сотрудничестве с
    <orgName>
     Государственным музеем Л.Н. Толстого
    </orgName>
    . Источник текстов –
    <bibl>
     90-томное собрание сочинений Л.Н.Толстого
    </bibl>
    . Разметка основана на стандарте
    <ref target="http://www.tei-c.org">
     TEI (Text Encoding Initiative)
    </ref>
    .
   </p>
   <versionNumber/>
   <isFinished/>
   <isEdited/>
   <fullBibliographicDescription/>
  </xenoData>
 </teiHeader>
 <p rend="left emptyline">
  <pb n="130"/>
 </p>
 <div type="section" xml:id="h000011056">
  <head rend="center">
   КАК Я В ПЕРВЫЙ РАЗ УБИЛ ЗАЙЦА
  </head>
  <p rend="center" uuid="6766a48d-cb7c-4dd4-b253-c7bbf1f4a56d">
   <hi rend="italic">
    (Рассказ барина)
   </hi>
  </p>
  <p rend="left" uuid="b72b125d-da77-4ed1-b7a0-efbeae55f046">
   У меня был дядька Иван Андреич. Он выучил меня стрелять, когда мне было еще 13 лет. Он достал маленькое ружьецо и давал мне из него стрелять, когда мы ходили гулять. И я убил раз галку и другой раз сороку. Но отец не знал, что я умею стрелять. Один раз, это было осенью, в маменькины именины и мы ожидали дядюшку к обеду, и я сидел на окне и смотрел в ту сторону, откуда ему надо было приехать, а отец ходил по комнате. Я увидел из-за рощи четверню серых и коляску и закричал: «Едет! едет!..»
  </p>
  <p rend="left" uuid="689725fa-1151-4c2a-82f9-bf35b92dfbf5">
   Отец поглядел в окно, увидал коляску, взял картуз и пошел на крыльцо встречать. Я побежал за ним. Отец поздоровался с дядей и сказал: «Выходи же». Но дядя сказал: «Нет, возьми лучше ружье, да поедем со мной. Вон там, сейчас за рощей, русак лежит в зеленях. Возьми ружье, поедем убьем». Отец
   <pb n="131"/>
   велел себе подать шубку и ружье, а я побежал к себе, наверх, надел шапку и взял свое ружье. Когда отец сел с дядей в коляску, я приснастился с ружьем сзади на запятки, так что никто не видал меня.
  </p>
  <p rend="left" uuid="f13d6818-4c1a-4b21-91a0-ffd51d7c72a7">
   Только что выехали за рощу, дядя велел кучеру остановиться, поднялся и говорит: «Видишь, вон в той меже сереется? Справа бурьянчик, а влево, шагов на 5 — видишь?» Отец долго смотрел и всё ничего не видал. А мне снизу и вовсе не видно было. Наконец, отец увидал, и они с дядей пошли по полю. Отец нес ружье наготове, а дядя ему указывал. Я шел сзади с своим ружьем и ничего не мог видеть. Но я рад был, что меня не заметили. Прошли так шагов 100. Отец остановился, хотел прикладываться, но дядя остановил его: «Нет, далеко, еще подойдем. Он подпустит». Отец послушался, но только они прошли немного, русак вскочил, и тут я только увидал его. Русак был большой, почти белый, только спинка серебряная. Он вскочил, поднял одно ухо и слегка запрыгал от нас. Отец прицелился — хлоп! Русак бежит. Отец из другого ствола. Русак бежит. Я уж забыл и про отца и про всё. Прицелился сзади их — хлоп! Смотрю и сам глазам не верю — русак перевернулся через голову, лежит и одной задней ногой брыкает. Отец и дядя оглянулись. «Ты откуда взялся! Ну, молодец». И с тех пор мне дали ружье и позволили стрелять.
  </p>
 </div>
</TEI>