<?xml version="1.0" encoding="utf-8"?>
<TEI xmlns="http://www.tei-c.org/ns/1.0" xmlns:xi="http://www.w3.org/2001/XInclude">
 <teiHeader>
  <fileDesc>
   <titleStmt>
    <title>
     Произведения, написанные для «Азбуки» и не включенные в нее
    </title>
    <author>
     Толстой Л.Н.
    </author>
    <respStmt>
     <resp>
      подготовка TEI/XML
     </resp>
     <name>
      Мария Картышева, Евгений Можаев, Даниил Скоринкин, Елена Сидорова, Вероника Файнберг, Кирилл Милинцевич
     </name>
    </respStmt>
    <respStmt>
     <name>
      Анастасия Бонч-Осмоловская, Фёкла Толстая, Борис Орехов
     </name>
     <resp>
      Идея, постановка задач, руководство
     </resp>
    </respStmt>
   </titleStmt>
   <publicationStmt>
    <idno>
     Азбука  | Произведения, написанные для «Азбуки» и не включенные в нее
    </idno>
    <publisher>
     <orgName>
      Школа лингвистики НИУ ВШЭ
     </orgName>
    </publisher>
    <availability>
     <p>
      Тексты и метатекстовая разметка доступны для свободного использования и распространения по лицензии Creative Commons Attribution Share-Alike (cc by-sa)
     </p>
    </availability>
   </publicationStmt>
   <sourceDesc>
    <biblStruct>
     <analytic>
      <author>
       Толстой Л.Н.
      </author>
      <title level="a">
       Произведения, написанные для «Азбуки» и не включенные в нее
      </title>
     </analytic>
     <monogr>
      <title level="m">
       Полное собрание сочинений. Том 21
      </title>
      <imprint>
       <pubPlace>
        Москва
       </pubPlace>
       <publisher>
        Государственное издательство "Художественная литература"
       </publisher>
       <date when="1871-1872"/>
      </imprint>
     </monogr>
     <series>
      <title level="s">
       Л.Н. Толстой. Полное собрание сочинений
      </title>
      <biblScope unit="vol">
       21
      </biblScope>
     </series>
    </biblStruct>
   </sourceDesc>
  </fileDesc>
  <encodingDesc>
   <classDecl>
    <xi:include href="taxonomy.xml"/>
   </classDecl>
  </encodingDesc>
  <profileDesc>
   <creation>
    <date notAfter="1872" notBefore="1871">
     1871-1872
    </date>
    <rs/>
   </creation>
   <textClass>
    <catRef target="#fiction" type="sphere"/>
    <catRef target="#произведения для детей" type="type"/>
    <catRef target="#works" type="works_letters_diaries"/>
    <catRef target="#сборник" type="ninetyDef"/>
    <catRef target="#Неопубликованное, неотделанное, неоконченное" type="main_var"/>
    <catRef target="#сборник" type="type_short"/>
    <catRef target="None" type="translation"/>
    <catRef target="None" type="translation_origin"/>
    <catRef target="#да" type="tolstoy_or_not"/>
    <catRef target="None" type="name_status"/>
   </textClass>
   <preparedness>
    finished
   </preparedness>
   <settingDesc>
    <time>
     XIX век
    </time>
   </settingDesc>
  </profileDesc>
  <xenoData>
   <cyclusName/>
   <p>
    Проект
    <title>
     Толстой.Digital
    </title>
    разрабатывается сотрудниками и студентами
    <orgName>
     Высшей школы экономики
    </orgName>
    в сотрудничестве с
    <orgName>
     Государственным музеем Л.Н. Толстого
    </orgName>
    . Источник текстов –
    <bibl>
     90-томное собрание сочинений Л.Н.Толстого
    </bibl>
    . Разметка основана на стандарте
    <ref target="http://www.tei-c.org">
     TEI (Text Encoding Initiative)
    </ref>
    .
   </p>
   <versionNumber/>
   <isFinished/>
   <isEdited/>
   <fullBibliographicDescription/>
  </xenoData>
 </teiHeader>
 <p rend="left emptyline">
  <pb n="293"/>
 </p>
 <div type="section" xml:id="h000014026">
  <head rend="center">
   КАК ДЕЛАЮТ ВОЗДУШНЫЕ ШАРЫ
  </head>
  <p rend="center" uuid="1679f1d7-e5d7-4628-8d3e-fc8f6ebb0507">
   <hi rend="italic">
    (Рассуждение)
   </hi>
  </p>
  <p rend="left" uuid="9afdf10b-ffe8-4d05-b62b-90261bc80eb1">
   Если взять надутый пузырь и опустить его в воду, а потом пустить, то пузырь выскочит на верх воды и станет по ней плавать. Точно так же, если кипятить чугун воды, то на дне, над огнем, вода делается летучею, газом; и как соберется пар, немножко водяного газа, он сейчас пузырем выскочит наверх. Сперва выскочит один пузырь, потом другой, а как нагреется вся вода, то пузыри выскакивают не переставая: тогда вода
   <hi rend="italic">
    кипит
   </hi>
   .
  </p>
  <p rend="left" uuid="9b4e86a6-dbc7-4502-822c-d5fd5773d4fe">
   Так же, как из воды выскакивают наверх пузыри, надутые летучею водой, потому что они легче воды, — так из воздуха выскочит на самый верх воздуха пузырь, надутый газом —
   <hi rend="italic">
    водородом,
   </hi>
   или горячим воздухом, потому что горячий воздух легче холодного воздуха, а водород легче всех газов.
  </p>
  <p rend="left" uuid="45d2e96b-80bf-443d-a52a-f60b1040dc88">
   Воздушные шары делают из водорода и из горячего воздуха. Из водорода шары делают вот как: сделают большой пузырь, привяжут его веревками к кольям и напустят в него водорода. Как только отвяжут веревку, пузырь полетит кверху, и летит
   <pb n="294"/>
   до тех пор, пока не выскочит из того воздуха, который тяжелее водорода. А когда выскочит наверх, в легкий воздух, то начнет плавать по воздуху, как пузырь на воде. Из горячего воздуха делают воздушные шары вот как: сделают большой пустой шар с горлышком внизу, как перевернутый кувшин, и в горлышке приделают клок хлопка, и хлопок этот намочат в спирт и зажгут. От огня разогреется воздух в шаре и станет легче воздуха холодного, и шар потянет кверху, как пузырь из воды. И шар будет лететь до тех пор кверху, пока не придет в воздух легче горячего воздуха в шаре.
  </p>
  <p rend="left" uuid="ef7e5bb2-1a09-47fe-a665-ecb6c2ac289f">
   Почти сто лет тому назад, французы, братья Монгольфьеры, выдумали воздушные шары. Они сделали шар из полотна с бумагой, напустили в него горячего воздуха; шар полетел. Тогда они сделали другой шар побольше, подвязали под шар барана, петуха и утку и пустили. Шар поднялся и опустился благополучно. Потом уже подделали под шар лодочку и в лодочку сел человек. Шар взлетел так высоко, что скрылся из виду: полетал и потом спустился благополучно. Потом придумали наполнять шары водородом и стали летать еще выше и скорее.
  </p>
  <p rend="left" uuid="f2ccea34-1dbe-4fef-9ecf-1d8dc4e1d94d">
   Для того, чтобы летать на шару, подвязывают под него лодочку, и в эту лодочку садятся по двое, по трое и даже по восьми человек и берут с собою питье и еду.
  </p>
  <p rend="left" uuid="c937cbdb-a152-42e8-9871-e62013fae06e">
   Для того, чтобы спускаться и подниматься, когда хочешь, в шару сделан клапан, и этот клапан тот, кто летит, может за веревку потянуть и открывать и закрывать. Если шар слишком высоко поднимется, и кто летит, хочет спустить его, то он откроет клапан, газ выйдет, шар сожмется и станет спускаться. Кроме того, на шару всегда есть мешки с песком. Если сбросить мешок, то шару будет легче, и он пойдет кверху. Если кто летит, хочет спуститься и видит, что внизу неладно, — или река или лес, то он высыпает песок из мешков, и шар становится легче и опять поднимается.
  </p>
 </div>
</TEI>