<?xml version="1.0" encoding="utf-8"?>
<TEI xmlns="http://www.tei-c.org/ns/1.0" xmlns:xi="http://www.w3.org/2001/XInclude">
 <teiHeader>
  <fileDesc>
   <titleStmt>
    <title>
     Произведения, написанные для «Азбуки» и не включенные в нее
    </title>
    <author>
     Толстой Л.Н.
    </author>
    <respStmt>
     <resp>
      подготовка TEI/XML
     </resp>
     <name>
      Мария Картышева, Евгений Можаев, Даниил Скоринкин, Елена Сидорова, Вероника Файнберг, Кирилл Милинцевич
     </name>
    </respStmt>
    <respStmt>
     <name>
      Анастасия Бонч-Осмоловская, Фёкла Толстая, Борис Орехов
     </name>
     <resp>
      Идея, постановка задач, руководство
     </resp>
    </respStmt>
   </titleStmt>
   <publicationStmt>
    <idno>
     Азбука  | Произведения, написанные для «Азбуки» и не включенные в нее
    </idno>
    <publisher>
     <orgName>
      Школа лингвистики НИУ ВШЭ
     </orgName>
    </publisher>
    <availability>
     <p>
      Тексты и метатекстовая разметка доступны для свободного использования и распространения по лицензии Creative Commons Attribution Share-Alike (cc by-sa)
     </p>
    </availability>
   </publicationStmt>
   <sourceDesc>
    <biblStruct>
     <analytic>
      <author>
       Толстой Л.Н.
      </author>
      <title level="a">
       Произведения, написанные для «Азбуки» и не включенные в нее
      </title>
     </analytic>
     <monogr>
      <title level="m">
       Полное собрание сочинений. Том 21
      </title>
      <imprint>
       <pubPlace>
        Москва
       </pubPlace>
       <publisher>
        Государственное издательство "Художественная литература"
       </publisher>
       <date when="1871-1872"/>
      </imprint>
     </monogr>
     <series>
      <title level="s">
       Л.Н. Толстой. Полное собрание сочинений
      </title>
      <biblScope unit="vol">
       21
      </biblScope>
     </series>
    </biblStruct>
   </sourceDesc>
  </fileDesc>
  <encodingDesc>
   <classDecl>
    <xi:include href="taxonomy.xml"/>
   </classDecl>
  </encodingDesc>
  <profileDesc>
   <creation>
    <date notAfter="1872" notBefore="1871">
     1871-1872
    </date>
    <rs/>
   </creation>
   <textClass>
    <catRef target="#fiction" type="sphere"/>
    <catRef target="#произведения для детей" type="type"/>
    <catRef target="#works" type="works_letters_diaries"/>
    <catRef target="#сборник" type="ninetyDef"/>
    <catRef target="#Неопубликованное, неотделанное, неоконченное" type="main_var"/>
    <catRef target="#сборник" type="type_short"/>
    <catRef target="None" type="translation"/>
    <catRef target="None" type="translation_origin"/>
    <catRef target="#да" type="tolstoy_or_not"/>
    <catRef target="None" type="name_status"/>
   </textClass>
   <preparedness>
    finished
   </preparedness>
   <settingDesc>
    <time>
     XIX век
    </time>
   </settingDesc>
  </profileDesc>
  <xenoData>
   <cyclusName/>
   <p>
    Проект
    <title>
     Толстой.Digital
    </title>
    разрабатывается сотрудниками и студентами
    <orgName>
     Высшей школы экономики
    </orgName>
    в сотрудничестве с
    <orgName>
     Государственным музеем Л.Н. Толстого
    </orgName>
    . Источник текстов –
    <bibl>
     90-томное собрание сочинений Л.Н.Толстого
    </bibl>
    . Разметка основана на стандарте
    <ref target="http://www.tei-c.org">
     TEI (Text Encoding Initiative)
    </ref>
    .
   </p>
   <versionNumber/>
   <isFinished/>
   <isEdited/>
   <fullBibliographicDescription/>
  </xenoData>
 </teiHeader>
 <p rend="left emptyline">
  <pb n="157"/>
 </p>
 <div type="section" xml:id="h000012028">
  <head rend="center">
   ЛОЗИНА
  </head>
  <p id="d25f356d-b63f-4609-a9d1-258ffded5de1" rend="center">
   <hi rend="italic">
    (Быль)
   </hi>
  </p>
  <p id="18a268f8-7e7e-4663-8221-4130bed5b91f" rend="left">
   На святой пошел мужик посмотреть — оттаяла ли земля?
  </p>
  <p id="ebd1cc65-51e5-4739-a2b4-cb99d7c2ac4e" rend="left">
   Он вышел на огород и колом ощупал землю. Земля раскисла. Мужик пошел в лес. В лесу на лозине уже надулись почки.
  </p>
  <p id="a61a3387-48ba-455b-b3dd-53ff55620e71" rend="left">
   <pb n="158"/>
   Мужик и подумал: «Дай обсажу огород лозиной, вырастет — защита будет!» Взял топор, нарубил десяток лозиннику, затесал с толстых концов кольями и воткнул в землю.
  </p>
  <p id="f4f2eb09-59d5-494c-894b-25fac0b57265" rend="left">
   Все лозинки выпустили побеги вверху с листьями и внизу под землею выпустили такие же побеги заместо кореньев; и одни зацепились за землю и принялись, а другие неловко зацепились за землю кореньями — замерли и повалились.
  </p>
  <p id="6db6ec55-21be-4e99-8784-2c66ef957957" rend="left">
   К осени мужик порадовался на свои лозины: шесть штук принялись. На другую весну овцы обгрызли четыре и две только остались. На другую весну и эти обгрызли овцы. Одна совсем пропала, а другая справилась, стала окореняться и разрослась деревом. По веснам пчелы гудьмя гудели на лозине. В роевщину часто на лозину сажались рои, и мужики огребали их. Бабы и мужики часто завтракали и спали под лозиной; а ребята лазили на нее и выламывали из нее прутья.
  </p>
  <p id="af5aa7f9-6fe4-4e13-9138-34be271e696b" rend="left">
   Мужик — тот, что посадил лозину, давно уже умер, а она всё росла. Старший сын два раза срубал с нее сучья и топил ими. Лозина всё росла. Обрубят ее кругом, сделают шишку, а она на весну выпустит опять сучья, хоть и тоньше, но вдвое больше прежних, как вихор у жеребенка.
  </p>
  <p id="ed27a44b-8b57-431f-8865-25f424325ce3" rend="left">
   И старший сын перестал хозяйничать, и деревню сселили, а лозина всё росла на чистом поле. Чужие мужики ездили, рубили ее — она всё росла. Грозой ударило в лозину; она справилась боковыми сучьями, и всё росла и цвела. Один мужик хотел срубить ее на колоду, да бросил: она была дюже гнила. Лозина свалилась на бок и держалась только одним боком, а всё росла, и всё каждый год прилетали пчелы обирать с ее цветов поноску.
  </p>
  <p id="ddb84205-eab3-44d8-9d90-1ef8987e827d" rend="left">
   Собрались раз ребята рано весной стеречь лошадей под лозину. Показалось им холодно: они стали разводить огонь, набрали жнивья, чернобылу, хворосту. Один взлез на лозину, с нее же наломал сучьев. Склали они всё в дупло лозины и зажгли. Зашипела лозина, закипел в ней сок, пошел дым, и стал перебегать огонь; всё нутро ее почернело. Сморщились молодые побеги, цветы завяли. Ребята угнали домой лошадей. Обгорелая лозина осталась одна в поле. Прилетел черный ворон, сел на нее и закричал: «Что, издохла, старая кочерга, давно пора было!»
  </p>
  <p id="7ac13f84-bd2f-4031-81bd-c2a3f9d191e2" rend="left emptyline">
   <pb n="159"/>
  </p>
 </div>
</TEI>