<?xml version="1.0" encoding="utf-8"?>
<TEI xmlns="http://www.tei-c.org/ns/1.0" xmlns:xi="http://www.w3.org/2001/XInclude">
 <teiHeader>
  <fileDesc>
   <titleStmt>
    <title>
     Произведения, написанные для «Азбуки» и не включенные в нее
    </title>
    <author>
     Толстой Л.Н.
    </author>
    <respStmt>
     <resp>
      подготовка TEI/XML
     </resp>
     <name>
      Мария Картышева, Евгений Можаев, Даниил Скоринкин, Елена Сидорова, Вероника Файнберг, Кирилл Милинцевич
     </name>
    </respStmt>
    <respStmt>
     <name>
      Анастасия Бонч-Осмоловская, Фёкла Толстая, Борис Орехов
     </name>
     <resp>
      Идея, постановка задач, руководство
     </resp>
    </respStmt>
   </titleStmt>
   <publicationStmt>
    <idno>
     Азбука  | Произведения, написанные для «Азбуки» и не включенные в нее
    </idno>
    <publisher>
     <orgName>
      Школа лингвистики НИУ ВШЭ
     </orgName>
    </publisher>
    <availability>
     <p>
      Тексты и метатекстовая разметка доступны для свободного использования и распространения по лицензии Creative Commons Attribution Share-Alike (cc by-sa)
     </p>
    </availability>
   </publicationStmt>
   <sourceDesc>
    <biblStruct>
     <analytic>
      <author>
       Толстой Л.Н.
      </author>
      <title level="a">
       Произведения, написанные для «Азбуки» и не включенные в нее
      </title>
     </analytic>
     <monogr>
      <title level="m">
       Полное собрание сочинений. Том 21
      </title>
      <imprint>
       <pubPlace>
        Москва
       </pubPlace>
       <publisher>
        Государственное издательство "Художественная литература"
       </publisher>
       <date when="1871-1872"/>
      </imprint>
     </monogr>
     <series>
      <title level="s">
       Л.Н. Толстой. Полное собрание сочинений
      </title>
      <biblScope unit="vol">
       21
      </biblScope>
     </series>
    </biblStruct>
   </sourceDesc>
  </fileDesc>
  <encodingDesc>
   <classDecl>
    <xi:include href="taxonomy.xml"/>
   </classDecl>
  </encodingDesc>
  <profileDesc>
   <creation>
    <date notAfter="1872" notBefore="1871">
     1871-1872
    </date>
    <rs/>
   </creation>
   <textClass>
    <catRef target="#fiction" type="sphere"/>
    <catRef target="#произведения для детей" type="type"/>
    <catRef target="#works" type="works_letters_diaries"/>
    <catRef target="#сборник" type="ninetyDef"/>
    <catRef target="#Неопубликованное, неотделанное, неоконченное" type="main_var"/>
    <catRef target="#сборник" type="type_short"/>
    <catRef target="None" type="translation"/>
    <catRef target="None" type="translation_origin"/>
    <catRef target="#да" type="tolstoy_or_not"/>
    <catRef target="None" type="name_status"/>
   </textClass>
   <preparedness>
    finished
   </preparedness>
   <settingDesc>
    <time>
     XIX век
    </time>
   </settingDesc>
  </profileDesc>
  <xenoData>
   <cyclusName/>
   <p>
    Проект
    <title>
     Толстой.Digital
    </title>
    разрабатывается сотрудниками и студентами
    <orgName>
     Высшей школы экономики
    </orgName>
    в сотрудничестве с
    <orgName>
     Государственным музеем Л.Н. Толстого
    </orgName>
    . Источник текстов –
    <bibl>
     90-томное собрание сочинений Л.Н.Толстого
    </bibl>
    . Разметка основана на стандарте
    <ref target="http://www.tei-c.org">
     TEI (Text Encoding Initiative)
    </ref>
    .
   </p>
   <versionNumber/>
   <isFinished/>
   <isEdited/>
   <fullBibliographicDescription/>
  </xenoData>
 </teiHeader>
 <p rend="left emptyline">
  <pb n="270"/>
 </p>
 <div type="section" xml:id="h000014006">
  <head rend="center">
   ПРЫЖОК
  </head>
  <p rend="center" uuid="0611dedf-f7f5-493f-8607-b344f3284f71">
   <hi rend="italic">
    (Быль)
   </hi>
  </p>
  <p rend="left" uuid="370cc710-88cf-46f5-b3fa-836045962187">
   Один корабль обошел вокруг света и возвращался домой. Была тихая погода, весь народ был на палубе. Посреди народа вертелась большая обезьяна и забавляла всех. Обезьяна эта корчилась, прыгала, делала смешные рожи, передразнивала людей, и видно было — она знала, что ею забавляются, и оттого еще больше расходилась.
  </p>
  <p rend="left" uuid="a5c226c6-e6e8-4e7f-a099-1d583845b2cf">
   Она подпрыгнула к 12-тилетнему мальчику, сыну капитана корабля, сорвала с его головы шляпу, надела и живо взобралась на мачту. Все засмеялись, а мальчик остался без шляпы и сам не знал, смеяться ли ему, или плакать.
  </p>
  <p rend="left" uuid="109a2c08-cfdc-4de7-b55a-0797c077f503">
   Обезьяна села на первой перекладине мачты, сняла шляпу и стала зубами и лапами рвать ее. Она как будто дразнила мальчика, показывала на него и делала ему рожи. Мальчик погрозил ей и крикнул на нее, но она еще злее рвала шляпу. Матросы громче стали смеяться, а мальчик покраснел, скинул куртку и бросился за обезьяной на мачту. В одну минуту он взобрался по веревке на первую перекладину; но обезьяна еще ловчее и быстрее его, в ту самую минуту, как он думал схватить шляпу, взобралась еще выше.
  </p>
  <p rend="left" uuid="59d6de08-27d2-4789-afec-2bda7504751b">
   — Так не уйдешь же ты от меня! — закричал мальчик и полез выше. Обезьяна опять подманила его, полезла еще выше, но мальчика уже разобрал задор, и он не отставал. Так обезьяна и мальчик в одну минуту добрались до самого верха. На самом верху обезьяна вытянулась во всю длину и, зацепившись задней рукой
   <note n="n68">
    <div type="section" xml:id="n68">
     <head rend="left">
      <ref target="#backn68">
       68
      </ref>
     </head>
     <p rend="left" uuid="24e088f7-2050-4d1b-8436-33a283092d9a">
      У обезьян 4 руки.
     </p>
    </div>
   </note>
   за веревку, повесила шляпу на край последней перекладины, а сама взобралась на макушку мачты и оттуда корчилась, показывала зубы и радовалась. От мачты до конца перекладины, где висела шляпа, было аршина два, так
   <pb n="271"/>
   что достать ее нельзя было иначе, как выпустить из рук веревку и мачту.
  </p>
  <p rend="left" uuid="a4f92486-c1b9-457c-a2cd-698f8c29441f">
   Но мальчик очень раззадорился. Он бросил мачту и ступил на перекладину. На палубе все смотрели и смеялись тому, что выделывали обезьяна и капитанский сын; но как увидали, что он пустил веревку и ступил на перекладину, покачивая руками, все замерли от страха.
  </p>
  <p rend="left" uuid="9f667a86-f912-417a-ba40-3c73aa072d95">
   Стоило ему только оступиться — и он бы вдребезги разбился о палубу. Да если б даже он и не оступился, а дошел до края перекладины и взял шляпу, то трудно было ему повернуться и дойти назад до мачты. Все молча смотрели на него и ждали, что будет.
  </p>
  <p rend="left" uuid="238d17ef-9ef4-4872-bbea-327f41c2e15a">
   Вдруг в народе кто-то ахнул от страха. Мальчик от этого крика опомнился, глянул вниз и зашатался.
  </p>
  <p rend="left" uuid="661cf597-a5fd-4c1c-b7e0-2ab161d1e46c">
   В это время капитан корабля, отец мальчика, вышел из каюты. Он нес ружье, чтобы стрелять чаек
   <note n="n69">
    <div type="section" xml:id="n69">
     <head rend="left">
      <ref target="#backn69">
       69
      </ref>
     </head>
     <p rend="left" uuid="be7399a3-63bf-4448-b2c3-2f80d5d56123">
      Морские птицы.
     </p>
    </div>
   </note>
   . Он увидал сына на мачте, и тотчас же прицелился в сына и закричал: «В воду! прыгай сейчас в воду! застрелю!» Мальчик шатался, но не понимал. «Прыгай или застрелю!.. Раз, два...» и как только отец крикнул: «три» — мальчик размахнулся головой вниз и прыгнул.
  </p>
  <p rend="left" uuid="3e76ab41-71db-4788-89a3-49d0f51ccbaf">
   Точно пушечное ядро шлепнуло тело мальчика в море, и не успели волны закрыть его, как уже 20 молодцов матросов спрыгнули с корабля в море. Секунд через 40 — они долги показались всем — вынырнуло тело мальчика. Его схватили и вытащили на корабль. Через несколько минут у него изо рта и из носа полилась вода, и он стал дышать.
  </p>
  <p rend="left" uuid="17dd2959-ffd4-43f1-b23b-1f18bf9c38a7">
   Когда капитан увидал это, он вдруг закричал, как будто его что-то душило, и убежал к себе в каюту, чтоб никто не видал, как он плачет.
  </p>
 </div>
</TEI>