<?xml version="1.0" encoding="utf-8"?>
<TEI xmlns="http://www.tei-c.org/ns/1.0" xmlns:xi="http://www.w3.org/2001/XInclude">
 <teiHeader>
  <fileDesc>
   <titleStmt>
    <title>
     Произведения, написанные для «Азбуки» и не включенные в нее
    </title>
    <author>
     Толстой Л.Н.
    </author>
    <respStmt>
     <resp>
      подготовка TEI/XML
     </resp>
     <name>
      Мария Картышева, Евгений Можаев, Даниил Скоринкин, Елена Сидорова, Вероника Файнберг, Кирилл Милинцевич
     </name>
    </respStmt>
    <respStmt>
     <name>
      Анастасия Бонч-Осмоловская, Фёкла Толстая, Борис Орехов
     </name>
     <resp>
      Идея, постановка задач, руководство
     </resp>
    </respStmt>
   </titleStmt>
   <publicationStmt>
    <idno>
     Азбука  | Произведения, написанные для «Азбуки» и не включенные в нее
    </idno>
    <publisher>
     <orgName>
      Школа лингвистики НИУ ВШЭ
     </orgName>
    </publisher>
    <availability>
     <p>
      Тексты и метатекстовая разметка доступны для свободного использования и распространения по лицензии Creative Commons Attribution Share-Alike (cc by-sa)
     </p>
    </availability>
   </publicationStmt>
   <sourceDesc>
    <biblStruct>
     <analytic>
      <author>
       Толстой Л.Н.
      </author>
      <title level="a">
       Произведения, написанные для «Азбуки» и не включенные в нее
      </title>
     </analytic>
     <monogr>
      <title level="m">
       Полное собрание сочинений. Том 21
      </title>
      <imprint>
       <pubPlace>
        Москва
       </pubPlace>
       <publisher>
        Государственное издательство "Художественная литература"
       </publisher>
       <date when="1871-1872"/>
      </imprint>
     </monogr>
     <series>
      <title level="s">
       Л.Н. Толстой. Полное собрание сочинений
      </title>
      <biblScope unit="vol">
       21
      </biblScope>
     </series>
    </biblStruct>
   </sourceDesc>
  </fileDesc>
  <encodingDesc>
   <classDecl>
    <xi:include href="taxonomy.xml"/>
   </classDecl>
  </encodingDesc>
  <profileDesc>
   <creation>
    <date notAfter="1872" notBefore="1871">
     1871-1872
    </date>
    <rs/>
   </creation>
   <textClass>
    <catRef target="#fiction" type="sphere"/>
    <catRef target="#произведения для детей" type="type"/>
    <catRef target="#works" type="works_letters_diaries"/>
    <catRef target="#сборник" type="ninetyDef"/>
    <catRef target="#Неопубликованное, неотделанное, неоконченное" type="main_var"/>
    <catRef target="#сборник" type="type_short"/>
    <catRef target="None" type="translation"/>
    <catRef target="None" type="translation_origin"/>
    <catRef target="#да" type="tolstoy_or_not"/>
    <catRef target="None" type="name_status"/>
   </textClass>
   <preparedness>
    finished
   </preparedness>
   <settingDesc>
    <time>
     XIX век
    </time>
   </settingDesc>
  </profileDesc>
  <xenoData>
   <cyclusName/>
   <p>
    Проект
    <title>
     Толстой.Digital
    </title>
    разрабатывается сотрудниками и студентами
    <orgName>
     Высшей школы экономики
    </orgName>
    в сотрудничестве с
    <orgName>
     Государственным музеем Л.Н. Толстого
    </orgName>
    . Источник текстов –
    <bibl>
     90-томное собрание сочинений Л.Н.Толстого
    </bibl>
    . Разметка основана на стандарте
    <ref target="http://www.tei-c.org">
     TEI (Text Encoding Initiative)
    </ref>
    .
   </p>
   <versionNumber/>
   <isFinished/>
   <isEdited/>
   <fullBibliographicDescription/>
  </xenoData>
 </teiHeader>
 <p rend="left emptyline">
  <pb n="281"/>
 </p>
 <div type="section" xml:id="h000014017">
  <head rend="center">
   ОХОТА ПУЩЕ НЕВОЛИ
  </head>
  <p rend="center" uuid="5da5ceae-afb9-4a9d-9b2a-9afb8d5d7902">
   <hi rend="italic">
    (Рассказ охотника)
   </hi>
  </p>
  <p rend="left" uuid="7c4a463a-76db-4534-8bca-5c0820693fd4">
   Мы были на охоте за медведями. Товарищу пришлось стрелять по медведю; он ранил его, да в мягкое место. Осталось немного крови на снегу, а медведь ушел.
  </p>
  <p rend="left" uuid="46817238-f5a2-4886-9265-1d83a111e58a">
   Мы сошлись в лесу и стали судить, как нам быть: идти ли теперь отыскивать этого медведя, или подождать три дня, пока медведь уляжется.
  </p>
  <p rend="left" uuid="23141dff-8307-4542-9038-385c3a290861">
   Стали мы спрашивать мужиков медвежатников, можно или нельзя обойти теперь этого медведя? Старик медвежатник говорит: «Нельзя, надо медведю дать остепениться; дней чрез пять обойти можно, а теперь за ним ходить — только напугаешь, он и не ляжет».
  </p>
  <p rend="left" uuid="380e3b53-fa3b-4a01-98a2-ccb5e72c44f1">
   А молодой мужик медвежатник спорил со стариком и говорил, что обойти теперь можно. «По этому снегу, — говорит, — медведь далеко не уйдет, — медведь жирный. Он нынче же ляжет. А не ляжет, так я его на лыжах догоню».
  </p>
  <p rend="left" uuid="768d406c-6a29-4752-88c9-320a81adfbaa">
   И товарищ мой тоже не хотел теперь обходить и советовал подождать.
  </p>
  <p rend="left" uuid="6621eb0f-6e1d-4663-bd4a-b03a8c4c06a4">
   Я и говорю: «Да что спорить. Вы делайте, как хотите, а я пойду с Демьяном по следу. Обойдем — хорошо, не обойдем — всё равно делать нынче нечего, а еще не поздно».
  </p>
  <p rend="left" uuid="243e6f5d-ec46-403a-b850-6ba3117b531e">
   Так и сделали.
  </p>
  <p rend="left" uuid="84736c19-b815-46de-95e4-ea2efc9bfdd1">
   <pb n="282"/>
   Товарищи пошли к саням, да в деревню, а мы с Демьяном взяли с собой хлеба и остались в лесу.
  </p>
  <p rend="left" uuid="458fb6cc-6f96-48e7-90b7-0f827f830500">
   Как ушли все от нас, мы с Демьяном осмотрели ружья, подоткнули шубы за пояса и пошли по следу.
  </p>
  <p rend="left" uuid="2cd6923c-548b-4950-b8cc-a3cf6cf4e7cd">
   Погода была хорошая: морозно и тихо. Но ходьба на лыжах была трудная: снег был глубокий и праховый. Осадки снега в лесу не было, да еще снежок выпал накануне, так что лыжи уходили в снег на четверть, а где и больше.
  </p>
  <p rend="left" uuid="607a9677-589a-484f-9ee1-5a1f666bdcee">
   Медвежий след издалека был виден. Видно было, как шел медведь, как местами по брюхо проваливался и выворачивал снег. Мы шли сначала в виду от следа, крупным лесом; а потом, как пошел след в мелкий ельник, Демьян остановился. «Надо, — говорит, — бросать след. Должно быть, здесь ляжет. Присаживаться стал — на снегу видно. Пойдем прочь от следа и круг дадим. Только тише надо, не кричать, не кашлять, а то спугнешь».
  </p>
  <p rend="left" uuid="ddc38090-336d-4556-8010-ae72925cd8b3">
   Пошли мы прочь от следа, влево. Прошли шагов пятьсот, глядим — след медвежий опять перед нами. Пошли мы опять по следу, и вывел нас этот след на дорогу. Остановились мы на дороге и стали рассматривать, в какую сторону пошел медведь. Кое-где по дороге видно было, как всю лапу с пальцами отпечатал медведь, а кое-где — как в лаптях мужик ступал по дороге. Видно, что пошел он к деревне.
  </p>
  <p rend="left" uuid="e3a4e2e3-26ee-457f-849b-fddcd75d80d4">
   Пошли мы по дороге. Демьян и говорит: «Теперь смотреть нечего на дорогу; где сойдет с дороги вправо или влево, видно будет в снегу. Где-нибудь своротит, не пойдет же в деревню».
  </p>
  <p rend="left" uuid="9e2e7d54-38d6-444e-bdd8-2945e9bd1db0">
   Прошли мы так по дороге с версту; видим впереди — след с дороги. Посмотрели — что за чудо! след медвежий, да не с дороги в лес, а из лесу на дорогу идет: пальцами к дороге. Я говорю «Это другой медведь». Демьян посмотрел, подумал. «Нет, — говорит, — это он самый, только обманывать начал. Он задом с дороги сошел». Пошли мы по следу, так и есть. Видно, медведь прошел с дороги шагов десять задом, зашел за сосну, повернулся и пошел прямо. Демьян остановился и говорит: «Теперь верно обойдем. Больше ему и лечь негде, как в этом болоте. Пойдем в обход».
  </p>
  <p rend="left" uuid="8d73835e-7162-464f-85d8-c74933ebf7d4">
   Пошли мы в обход, по частому ельнику. Я уж уморился, да и труднее стало ехать. То на куст можжевеловый наедешь, зацепишь, то промеж ног елочка подвернется, то лыжа свернется без привычки, то на пень, то на колоду наедешь под снегом.
  </p>
  <p rend="left" uuid="29b853c0-6cef-4b6e-b591-c0eb729abbd5">
   <pb n="283"/>
   Стал я уж уставать. Снял я шубу, и пот с меня так и льет. А Демьян как на лодке плывет. Точно сами под ним лыжи ходят. Ни зацепит нигде, ни свернется. И мою шубу еще себе за плечи перекинул и всё меня понукает.
  </p>
  <p rend="left" uuid="eb5cb0c2-9390-4f31-9290-5d264a5868aa">
   Дали мы круг версты в три, обошли болото. Я уже отставать стал, лыжи сворачиваются, ноги путаются. Остановился вдруг впереди меня Демьян и машет рукой. Я подошел. Демьян пригнулся, шепчет и показывает: «Видишь, сорока над ломом щекочет; птица издалече его дух слышит. Это он».
  </p>
  <p rend="left" uuid="6d164b34-0c32-40f7-8bcf-cf01f75a0168">
   Взяли мы прочь, прошли еще с версту и нашли опять на старый след. Так что мы кругом обошли медведя, и он в средине нашего обхода остался. Остановились мы. Я и шапку снял и расстегнулся весь: жарко мне, как в бане, весь, как мышь, мокрый. И Демьян раскраснелся, рукавом утирается. «Ну, — говорит, — барин, дело сделали, теперь отдохнуть надо».
  </p>
  <p rend="left" uuid="201a004b-176b-4d1a-946a-c1aa2f7427c7">
   А уж заря сквозь лес краснеться стала. Сели мы на лыжи отдыхать. Достали хлеб из мешка и соль; поел я сначала снегу, а потом хлеба. И такой мне хлеб вкусный показался, что я в жизнь такого не ел. Посидели мы; уж и смеркаться стало. Я спросил Демьяна, далеко ли до деревни. «Да верст 12-ть будет. Дойдем ночью, а теперь отдохнуть надо. Надевай-ка шубу, барин, а то остудишься».
  </p>
  <p rend="left" uuid="35340ec4-7754-448c-b46b-0b3d82ee700a">
   Наломал Демьян ветвей еловых, обил снег, настлал кровать, и легли мы с ним рядышком, руки под головы подложили. И сам не помню я, как заснул. Проснулся я часа через два. Треснуло что-то.
  </p>
  <p rend="left" uuid="aff43bc3-d5b4-4788-b9ad-054d4ac3a38a">
   Я так крепко спал, что и забыл, где я заснул. Оглянулся я — что за чудо! Где я? Палаты какие-то белые надо мной, и столбы белые, и на всем блестки блестят. Глянул вверх — разводы белые, а промеж разводов свод какой-то вороненый, и огни разноцветные горят. Огляделся я, вспомнил, что мы в лесу и что это деревья в снегу и в инее мне за палаты показались, а огни — это звезды на небе промеж сучьев дрожат.
  </p>
  <p rend="left" uuid="e8019185-2862-4f3b-abbe-f218c786410f">
   В ночь иней выпал: и на сучьях иней, и на шубе моей иней, и Демьян весь под инеем, и сыплется сверху иней. Разбудил я Демьяна. Стали мы на лыжи и пошли. Тихо в лесу; только слышно, как мы лыжами по мягкому снегу посовываем, да кое-где треснет дерево от мороза, и по всему лесу голк раздается. Один раз только живое что-то зашумело близехонько от нас и прочь побежало. Я так и думал, что медведь. Подошли к тому
   <pb n="284"/>
   месту, откуда зашумело, увидали следы заячьи, и осинки обглоданы. Это зайцы кормились.
  </p>
  <p rend="left" uuid="90e76520-0074-47d3-ac25-9a67e68e053a">
   Вышли мы на дорогу, привязали лыжи за собой и пошли по дороге. Идти легко стало. Лыжи сзади по накатанной дороге раскатываются, громыхают, снежок под сапогами поскрипывает, холодный иней на лицо, как пушок, липнет. А звезды вдоль по сучьям точно навстречу бегут, засветятся, потухнут, — точно всё небо ходуном ходит.
  </p>
  <p rend="left" uuid="0ec0e09e-e4d3-4573-be44-b8d7b40a4f57">
   Товарищ спал, — я разбудил его. Мы рассказали, как обошли медведя, и велели хозяину к утру собрать загонщиков-мужиков. Поужинали и легли спать.
  </p>
  <p rend="left" uuid="b8fa7db6-7302-4842-9ab9-1a2cc6e6c09e">
   Я бы с усталости проспал до обеда, да товарищ разбудил меня. Вскочил я, смотрю: товарищ уж одет, с ружьем что-то возится.
  </p>
  <p rend="left" uuid="1ea845e9-d9b4-406d-bd27-2805fd24a979">
   «А где Демьян?» — «Он уже давно в лесу. Уж и обклад поверил, сюда прибегал; а теперь повел загонщиков заводить». Умылся я, оделся, зарядил свои ружья; сели в сани, поехали.
  </p>
  <p rend="left" uuid="26540028-0114-441a-aa8d-61893328ab92">
   Мороз всё держал крепкий, тихо было и солнца не видать было; туман стоял наверху, и иней садился.
  </p>
  <p rend="left" uuid="28226e55-f309-481e-bd07-1039a1142e05">
   Проехали мы версты три по дороге, подъехали к лесу. Видим: в низочке дымок синеет, и народ стоит, — мужики и бабы с дубинами.
  </p>
  <p rend="left" uuid="81ca3bcc-45eb-4a83-a8fb-255ff27b8bb6">
   Слезли мы, подошли к народу. Мужики сидят, картошки жарят, смеются с бабами.
  </p>
  <p rend="left" uuid="5610c359-451e-4e94-a475-b265a24cebd8">
   И Демьян с ними. Поднялся народ, повел их Демьян расставлять кругом по нашему вчерашнему обходу. Вытянулись мужики и бабы ниткой, 30-ть человек — только по пояс их видно — зашли в лес; потом пошли мы с товарищем по их следу.
  </p>
  <p rend="left" uuid="da8ce14f-68cd-478c-8dfc-0ac634fabb17">
   Дорожка хоть и натоптана, да тяжело идти; зато падать некуда, — как промежду двух стен идешь.
  </p>
  <p rend="left" uuid="7390f752-4836-44a8-9a5a-5ac009e22aea">
   Прошли мы так с полверсты; смотрим — уж Демьян с другой стороны к нам бежит на лыжах, машет рукой, чтоб к нему шли.
  </p>
  <p rend="left" uuid="94adf2ea-971a-4ca4-b700-0b7327d913a6">
   Подошли мы к нему, показал нам места. Стал я на свое место, огляделся.
  </p>
  <p rend="left" uuid="a0db2200-5ce7-4c97-b64c-4156a597f72c">
   Налево от меня высокий ельник; сквозь него далеко видно, и за деревьями чернеется мне мужик-загонщик. Против меня частый, молодой ельник в рост человека. И на ельнике сучья повисли и слиплись от снега. В средине ельника дорожка, засыпанная снегом. Дорожка эта прямо на меня идет. Направо от
   <pb n="285"/>
   меня частый ельник, а на конце ельника полянка. И на этой полянке, вижу я, что Демьян ставит товарища.
  </p>
  <p rend="left" uuid="96ef73e3-19be-4cbc-93da-3e163b5e7e88">
   Осмотрел я свои два ружья, взвел курки и стал раздумывать, где бы мне получше стать. Сзади меня в трех шагах большая сосна. «Дай стану у сосны и ружье другое к ней прислоню». Полез я к сосне, провалился выше колен, обтоптал у сосны площадку аршина в полтора и на ней устроился. Одно ружье взял в руки, а другое с взведенными курками прислонил к сосне. Кинжал я вынул и вложил, чтобы знать, что в случае нужды он легко вынимается.
  </p>
  <p rend="left" uuid="99a87cf0-fe4e-434f-893a-5da6d19f622c">
   Только я устроился, слышу, кричит в лесу Демьян:
  </p>
  <p rend="left" uuid="de416477-5f3d-4e7a-93d9-ae3f90229350">
   «Пошел! в ход пошел! пошел!» И как закричал Демьян, на кругу закричали мужики разными голосами, «Пошел! Уууу!..» — кричали мужики. «Ай! И-их!» — кричали бабы тонкими голосами.
  </p>
  <p rend="left" uuid="5f335efb-8cbb-4061-a5cb-e723d63b56ee">
   Медведь был в кругу. Демьян гнал его. Кругом везде кричал народ, только я и товарищ стояли, молчали и не шевелились, ждали медведя. Стою я, смотрю, слушаю, сердце у меня так и стучит. Держусь за ружье, подрагиваю. Вот-вот, думаю, выскочит, прицелюсь, выстрелю, упадет... Вдруг налево слышу я, в снегу обваливается что-то, только далеко. Глянул я в высокий ельник: шагов на 50, за деревьями, стоит что-то черное, большое. Приложился я и жду. Думаю, не подбежит ли ближе. Смотрю: шевельнул он ушами, повернулся и назад. Сбоку мне его всего видно стало. Здоровенный зверище! Нацелился я сгоряча. Хлоп! — слышу: шлепнулась об дерево моя пуля. Смотрю из-за дыма, — медведь мой назад катит в обклад и скрылся за лесом. Ну, думаю, пропало мое дело; теперь уж не набежит на меня; либо товарищу стрелять, либо через мужиков пойдет, а уж не на меня. Стою я, зарядил опять ружье и слушаю. Кричат мужики со всех сторон, но с правой стороны, недалеко от товарища, слышу, непутем кричит какая-то баба: «Вот он! Вот он! Вот он! Сюда! Сюда! Ой, ой! Ай, ай, ай!»
  </p>
  <p rend="left" uuid="0c6d794b-3396-4754-9416-d6d50c2a51f2">
   Видно — на глазах медведь. Не жду уже я к себе медведя и гляжу направо, на товарища. Смотрю: Демьян с палочкой без лыж, по тропинке бежит к товарищу; присел подле него и палкой указывает ему на что-то, как будто целится. Вижу: товарищ вскинул ружье, целится туда, куда показывает Демьян. Хлоп! — выпалил. «Ну, — думаю, — убил». Только, смотрю,
   <pb n="286"/>
   не бежит товарищ за медведем. «Видно, промах или плохо попал, — уйдет, — думаю, — теперь медведь назад, а ко мне уже не выскочит!» Что такое? Впереди себя слышу вдруг — как вихорь летит кто-то, близехонько сыплется снег, и пыхтит. Поглядел я перед собой: а он прямехонько на меня по дорожке между частым ельником катит стремглав, и, видно, со страху сам себя не помнит. Шагах от меня в пяти весь мне виден: грудь черная, и головища огромная с рыжинкой. Летит прямёхонько на меня лбом и сыплет снег во все стороны. И вижу я по глазам медведя, что он не видит меня, а с испугу катит благим матом, куда попало. Только ход ему прямо на сосну, где я стою. Вскинул я ружье, выстрелил, — а уже он еще ближе. Вижу, не попал, пулю пронесло; а он и не слышит, катит на меня и всё не видит. Пригнул я ружье, чуть не упер в него, в голову. Хлоп! — вижу, попал, а не убил.
  </p>
  <p rend="left" uuid="4117ec22-b524-4cd0-b891-9010f9b192dc">
   Приподнял он голову, прижал уши, осклабился и прямо ко мне. Хватился я за другое ружье; но только взялся рукой, уж он налетел на меня, сбил с ног в снег и перескочил через. «Ну, — думаю, — хорошо, что он бросил меня». Стал я подниматься, слышу — давит меня что-то, не пускает. Он с налету не удержался, перескочил через меня, да повернулся передом назад и навалился на меня всею грудью. Слышу я, лежит на мне тяжелое, слышу теплое над лицом и слышу, забирает он в пасть всё лицо мое. Нос мой уж у него во рту, и чую я — жарко и кровью от него пахнет. Надавил он меня лапами за плечи, и не могу я шевельнуться. Только подгибаю голову к груди, из пасти нос и глаза выворачиваю. А он норовит как раз в глаза и нос зацепить. Слышу: зацепил он зубами верхней челюстью в лоб под волосами, а нижней челюстью в маслак под глазами, стиснул зубы, начал давить. Как ножами режут мне голову; бьюсь я, выдергиваюсь, а он торопится и как собака грызет — жамкнет, жамкнет. Я вывернусь, он опять забирает. «Ну, — думаю, — конец мой пришел». Слышу, вдруг полегчало на мне. Смотрю нет его: соскочил он с меня и убежал.
  </p>
  <p rend="left" uuid="b5852f25-2c60-40a2-bb17-5ee5554b504e">
   Когда товарищ и Демьян увидали, что медведь сбил меня в снег и грызет, они бросились ко мне. Товарищ хотел поскорее поспеть, да ошибся; вместо того, чтобы бежать по протоптанной дорожке, он побежал целиком и упал. Пока он выкарабкивался из снега, медведь всё грыз меня. А Демьян, как был, без ружья,
   <pb n="287"/>
   с одной хворостиной, пустился по дорожке, сам кричит: «Барина заел! Барина заел!» Сам бежит и кричит на медведя: «Ах ты, баламутный! Что делает! Брось! Брось!»
  </p>
  <p rend="left" uuid="6b4a98f8-2430-4b9c-9e1e-9de8290bc08e">
   Послушался медведь, бросил меня и побежал. Когда я поднялся, на снегу крови было, точно барана зарезали, и над глазами лохмотьями висело мясо, а сгоряча больно не было.
  </p>
  <p rend="left" uuid="76a9ebd8-a06d-416f-9bab-3c5993ed78a7">
   Прибежал товарищ, собрался народ, смотрят мою рану, снегом примачивают. А я забыл про рану, спрашиваю: «Где медведь, куда ушел?» Вдруг слышим: «Вот он! вот он!» Видим: медведь бежит опять к нам. Схватились мы за ружья, да не поспел никто выстрелить, — уж он пробежал. Медведь остервенел, — хотелось ему еще погрызть, да увидал, что народу много, испугался. По следу мы увидели, что из медвежьей головы идет кровь; хотели идти догонять, но у меня разболелась голова, и поехали в город к доктору.
  </p>
  <p rend="left" uuid="0ee94860-28c3-45a1-9795-d34783746d19">
   Доктор зашил мне раны шелком, и они стали заживать.
  </p>
  <p rend="left" uuid="a42bf59c-0b7a-4f80-8264-8cef30bd1764">
   Через месяц мы поехали опять на этого медведя; но мне не удалось добить его. Медведь не выходил из обклада, а всё ходил кругом и ревел страшным голосом. Демьян добил его. У медведя этого моим выстрелом была перебита нижняя челюсть и выбит зуб.
  </p>
  <p rend="left" uuid="bc06ad50-b234-4b44-8d7d-f2254fe0691a">
   Медведь этот был очень велик и на нем прекрасная чёрная шкура.
  </p>
  <p rend="left" uuid="4dfc4eac-5bba-4601-9432-7350f45afb07">
   Я сделал из нее чучелу, и она лежит у меня в горнице. Раны у меня на лбу зажили, так что только чуть-чуть видно, где они были.
  </p>
 </div>
</TEI>