<?xml version="1.0" encoding="utf-8"?>
<TEI xmlns="http://www.tei-c.org/ns/1.0" xmlns:xi="http://www.w3.org/2001/XInclude">
 <teiHeader>
  <fileDesc>
   <titleStmt>
    <title>
     Произведения, написанные для «Азбуки» и не включенные в нее
    </title>
    <author>
     Толстой Л.Н.
    </author>
    <respStmt>
     <resp>
      подготовка TEI/XML
     </resp>
     <name>
      Мария Картышева, Евгений Можаев, Даниил Скоринкин, Елена Сидорова, Вероника Файнберг, Кирилл Милинцевич
     </name>
    </respStmt>
    <respStmt>
     <name>
      Анастасия Бонч-Осмоловская, Фёкла Толстая, Борис Орехов
     </name>
     <resp>
      Идея, постановка задач, руководство
     </resp>
    </respStmt>
   </titleStmt>
   <publicationStmt>
    <idno>
     Азбука  | Произведения, написанные для «Азбуки» и не включенные в нее
    </idno>
    <publisher>
     <orgName>
      Школа лингвистики НИУ ВШЭ
     </orgName>
    </publisher>
    <availability>
     <p>
      Тексты и метатекстовая разметка доступны для свободного использования и распространения по лицензии Creative Commons Attribution Share-Alike (cc by-sa)
     </p>
    </availability>
   </publicationStmt>
   <sourceDesc>
    <biblStruct>
     <analytic>
      <author>
       Толстой Л.Н.
      </author>
      <title level="a">
       Произведения, написанные для «Азбуки» и не включенные в нее
      </title>
     </analytic>
     <monogr>
      <title level="m">
       Полное собрание сочинений. Том 21
      </title>
      <imprint>
       <pubPlace>
        Москва
       </pubPlace>
       <publisher>
        Государственное издательство "Художественная литература"
       </publisher>
       <date when="1871-1872"/>
      </imprint>
     </monogr>
     <series>
      <title level="s">
       Л.Н. Толстой. Полное собрание сочинений
      </title>
      <biblScope unit="vol">
       21
      </biblScope>
     </series>
    </biblStruct>
   </sourceDesc>
  </fileDesc>
  <encodingDesc>
   <classDecl>
    <xi:include href="taxonomy.xml"/>
   </classDecl>
  </encodingDesc>
  <profileDesc>
   <creation>
    <date notAfter="1872" notBefore="1871">
     1871-1872
    </date>
    <rs/>
   </creation>
   <textClass>
    <catRef target="#fiction" type="sphere"/>
    <catRef target="#произведения для детей" type="type"/>
    <catRef target="#works" type="works_letters_diaries"/>
    <catRef target="#сборник" type="ninetyDef"/>
    <catRef target="#Неопубликованное, неотделанное, неоконченное" type="main_var"/>
    <catRef target="#сборник" type="type_short"/>
    <catRef target="None" type="translation"/>
    <catRef target="None" type="translation_origin"/>
    <catRef target="#да" type="tolstoy_or_not"/>
    <catRef target="None" type="name_status"/>
   </textClass>
   <preparedness>
    finished
   </preparedness>
   <settingDesc>
    <time>
     XIX век
    </time>
   </settingDesc>
  </profileDesc>
  <xenoData>
   <cyclusName/>
   <p>
    Проект
    <title>
     Толстой.Digital
    </title>
    разрабатывается сотрудниками и студентами
    <orgName>
     Высшей школы экономики
    </orgName>
    в сотрудничестве с
    <orgName>
     Государственным музеем Л.Н. Толстого
    </orgName>
    . Источник текстов –
    <bibl>
     90-томное собрание сочинений Л.Н.Толстого
    </bibl>
    . Разметка основана на стандарте
    <ref target="http://www.tei-c.org">
     TEI (Text Encoding Initiative)
    </ref>
    .
   </p>
   <versionNumber/>
   <isFinished/>
   <isEdited/>
   <fullBibliographicDescription/>
  </xenoData>
 </teiHeader>
 <p rend="left emptyline">
  <pb n="288"/>
 </p>
   <div type="section" xml:id="h000014019002">
    <head rend="center">
     I
    </head>
    <p rend="left" uuid="57576dbd-28fa-48bd-9848-57a1754090e2">
     Воздух бывает разный, хотя он всегда светлый и не видный.
    </p>
    <p rend="left" uuid="ac7a7828-765a-4593-80dc-8a9e279a93de">
     Вода расходится в воздухе, делается летучею; и когда много воды в воздухе, он бывает сырой, когда мало — сухой. Когда в закрытом месте надышат люди, воздух бывает дурной, нездоровый; а на открытых местах или в лесу — воздух здоровый, хороший. Это бывает оттого, что в закрытой комнате к обыкновенному воздуху прибавился тот дурной воздух, который выдыхают из себя люди и все животные.
    </p>
    <p rend="left" uuid="c7b9cc00-2904-4071-8faa-745191261b27">
     Стало быть, в воздухе есть разные части, и их глазом нельзя отличить: все похожи на обыкновенный воздух. Эти разные вещества, разные газы смешаны в воздухе так, как вода с уксусом или с вином. Если в воду налить водки, то вода и водка перемешаются так, что глазом не разберешь, — есть ли в воде водка, или нет, и много ли ее, или мало. Но понюхать — и можно разобрать; так и в воздухе бывает разная смесь, и глазами ничего нельзя видеть, а можно только почувствовать, когда долго подышишь. В хорошем воздухе дышать приятно и здорово, в дурном тяжело и иногда вредно.
    </p>
    <p rend="left" uuid="2b4e90fb-39d9-4dff-ac4b-94db156f2967">
     Для дыхания нужнее всех частей воздуха одна, называемая
     <hi rend="italic">
      кислородом.
     </hi>
     Если собрать этот газ отдельно и всунуть в него курилку, то она сейчас загорится огнем. Стало быть, от него дерево и всякая другая вещь горит сильнее. А если кислорода нет в воздухе и всунуть в такой воздух курилку, она погаснет.
    </p>
    <p rend="left" uuid="84e80a83-3e96-4acb-b024-9417b1b10e22">
     Оттого воздух и нужен для горения, что в нем есть кислород. Чтобы огонь разгорелся, на него дуют, машут, а если хочешь, чтобы загоревшаяся вещь погасла, сделай так, чтобы вокруг нее не было воздуха: накрой ее, зажми со всех сторон, и она погаснет.
    </p>
    <p rend="left" uuid="74cb29f3-f3f2-4bd0-a458-f60aee568b92">
     Другая часть воздуха —
     <hi rend="italic">
      азот.
     </hi>
     В нем дышать нельзя, и вещи не могут гореть.
    </p>
    <p rend="left" uuid="26cd1bf4-c882-477e-9d85-462595b2afeb">
     Третья часть воздуха — углекислый газ,
     <hi rend="italic">
      углекислота
     </hi>
     . Она тоже не годится ни для дыхания, ни для горения. Этого газа мало в воздухе, но он везде есть. Когда же его наберется много, то он опускается и собирается внизу, потому что он тяжелее других газов.
    </p>
    <p rend="left" uuid="5505277a-94e9-4d0a-81b3-6c71ab527c0d">
     <pb n="289"/>
     Четвертая часть воздуха — водяные пары, летучая вода.
    </p>
    <p rend="left" uuid="dcde0fb3-56fe-4f25-932c-41959b8875e3">
     Когда мы дышим, то кислород уходит в наше тело, и в том воздухе, который мы выдыхаем, кислорода меньше, чем в обыкновенном воздухе, а зато больше углекислоты. Вот отчего воздух становится дурным от дыхания.
    </p>
    <p rend="left" uuid="43e4fdcf-75ff-4431-9a99-abe34a4ad956">
     Деревья, травы и все растения тоже дышат, только они не втягивают в себя воздух, как мы втягиваем грудью, а вбирают его всеми листочками и молодою корой. И из всех листочков тоже незаметно выдыхается воздух; и этот воздух тоже не такой, как обыкновенный: в нем меньше углекислоты и больше кислорода. Стало быть, растениям нужна углекислота, которая не нужна и вредна животным. И вот отчего в лесу воздух такой здоровый: там углекислоты меньше и кислорода больше.
    </p>
   </div>
   <div type="section" xml:id="h000014020002">
    <head rend="center">
     II
    </head>
    <p rend="left" uuid="ccb03ea8-46ec-4338-a5d5-788d1c6c253e">
     Если в ведро с водой набросать камней, пробок, соломы, дерева сухого и сырого, насыпать песку, глины, соли, налить туда же масла, водки, и всё это взболтать и смешать и потом посмотреть, что будет делаться, то увидишь, что камни, глина, песок пойдут на дно, сухое дерево, солома, пробки, масло всплывут кверху, соль и водка распустятся, так что их не будет видно. Всё это будет сначала кружиться, шевелиться, толкать друг друга, а потом всё найдет себе место и расстановится: что тяжелее, то скорее пойдет книзу; что легче, то скорее пойдет наверх.
    </p>
    <p rend="left" uuid="a5814ee5-c676-4528-a596-ce42fd77014c">
     Точно так же в воздухе, над землею, размещаются все газы. Какие тяжелее воздуха, те садятся ниже; какие легче, те поднимаются выше; какие могут распуститься, те расходятся по всему воздуху.
    </p>
    <p rend="left" uuid="dc4ee7ea-3c82-4f67-ac02-05a7dbee7c55">
     Если бы газы не делались новые, не смешивались бы с другими, не переменялись бы, то воздух бы стоял над землею и не шевелился бы, как вода в ведре, когда она устоится; но на земле беспрестанно делаются новые газы, и те, какие есть, смешиваются с другими веществами.
    </p>
    <p rend="left" uuid="efc3acf4-616a-4b22-a8ee-260537680b0b">
     Каждый человек, каждое животное когда дышит, то выбирает из воздуха кислород и в самом себе смешивает его с веществами
     <pb n="290"/>
     своего тела, а выпускает уже другим газом. Всякое растение — трава, дерево — забирает в себя углекислоту и выпускает кислород. Вода в одном месте из жидкой делается летучею, водяным газом, невидимым паром; в другом месте из летучей воды делается жидкая. От этого в воздухе всегда ходят разные газы: какие легче, те идут вверх, какие тяжелее, те опускаются вниз, и ходят газы беспрестанно, как в ведре с водой разные вещества. Но всего больше весь воздух шевелится и ходит оттого, что — как он где нагреется, так поднимается кверху, а как остынет, так идет книзу. Когда в солнечный день солнце сбоку светит в окно, то в лучах солнца видно, как кружатся и прыгают кверху и книзу пылинки. Это кружится теплый и холодный воздух и носит с собою легкие пылинки.
    </p>
   </div>
</TEI>