<?xml version="1.0" encoding="utf-8"?>
<TEI xmlns="http://www.tei-c.org/ns/1.0" xmlns:xi="http://www.w3.org/2001/XInclude">
 <teiHeader>
  <fileDesc>
   <titleStmt>
    <title>
     Произведения, написанные для «Азбуки» и не включенные в нее
    </title>
    <author>
     Толстой Л.Н.
    </author>
    <respStmt>
     <resp>
      подготовка TEI/XML
     </resp>
     <name>
      Мария Картышева, Евгений Можаев, Даниил Скоринкин, Елена Сидорова, Вероника Файнберг, Кирилл Милинцевич
     </name>
    </respStmt>
    <respStmt>
     <name>
      Анастасия Бонч-Осмоловская, Фёкла Толстая, Борис Орехов
     </name>
     <resp>
      Идея, постановка задач, руководство
     </resp>
    </respStmt>
   </titleStmt>
   <publicationStmt>
    <idno>
     Азбука  | Произведения, написанные для «Азбуки» и не включенные в нее
    </idno>
    <publisher>
     <orgName>
      Школа лингвистики НИУ ВШЭ
     </orgName>
    </publisher>
    <availability>
     <p>
      Тексты и метатекстовая разметка доступны для свободного использования и распространения по лицензии Creative Commons Attribution Share-Alike (cc by-sa)
     </p>
    </availability>
   </publicationStmt>
   <sourceDesc>
    <biblStruct>
     <analytic>
      <author>
       Толстой Л.Н.
      </author>
      <title level="a">
       Произведения, написанные для «Азбуки» и не включенные в нее
      </title>
     </analytic>
     <monogr>
      <title level="m">
       Полное собрание сочинений. Том 21
      </title>
      <imprint>
       <pubPlace>
        Москва
       </pubPlace>
       <publisher>
        Государственное издательство "Художественная литература"
       </publisher>
       <date when="1871-1872"/>
      </imprint>
     </monogr>
     <series>
      <title level="s">
       Л.Н. Толстой. Полное собрание сочинений
      </title>
      <biblScope unit="vol">
       21
      </biblScope>
     </series>
    </biblStruct>
   </sourceDesc>
  </fileDesc>
  <encodingDesc>
   <classDecl>
    <xi:include href="taxonomy.xml"/>
   </classDecl>
  </encodingDesc>
  <profileDesc>
   <creation>
    <date notAfter="1872" notBefore="1871">
     1871-1872
    </date>
    <rs/>
   </creation>
   <textClass>
    <catRef target="#fiction" type="sphere"/>
    <catRef target="#произведения для детей" type="type"/>
    <catRef target="#works" type="works_letters_diaries"/>
    <catRef target="#сборник" type="ninetyDef"/>
    <catRef target="#Неопубликованное, неотделанное, неоконченное" type="main_var"/>
    <catRef target="#сборник" type="type_short"/>
    <catRef target="None" type="translation"/>
    <catRef target="None" type="translation_origin"/>
    <catRef target="#да" type="tolstoy_or_not"/>
    <catRef target="None" type="name_status"/>
   </textClass>
   <preparedness>
    finished
   </preparedness>
   <settingDesc>
    <time>
     XIX век
    </time>
   </settingDesc>
  </profileDesc>
  <xenoData>
   <cyclusName/>
   <p>
    Проект
    <title>
     Толстой.Digital
    </title>
    разрабатывается сотрудниками и студентами
    <orgName>
     Высшей школы экономики
    </orgName>
    в сотрудничестве с
    <orgName>
     Государственным музеем Л.Н. Толстого
    </orgName>
    . Источник текстов –
    <bibl>
     90-томное собрание сочинений Л.Н.Толстого
    </bibl>
    . Разметка основана на стандарте
    <ref target="http://www.tei-c.org">
     TEI (Text Encoding Initiative)
    </ref>
    .
   </p>
   <versionNumber/>
   <isFinished/>
   <isEdited/>
   <fullBibliographicDescription/>
  </xenoData>
 </teiHeader>
 <p rend="left emptyline">
  <pb n="175"/>
 </p>
 <div type="section" xml:id="h000012053">
  <head rend="center">
   МАГНИТ
  </head>
  <p id="ad955f9e-5665-4570-a824-45d092f6157e" rend="center">
   <hi rend="italic">
    (Описание)
   </hi>
  </p>
  <p id="9b31c80b-fb41-45a0-8650-17a1aa5dcc52" rend="left">
   В старину был пастух; звали его Магнис. Пропала у Магниса овца. Он пошел в горы искать. Пришел на одно место, где одни голые камни. Он пошел по этим камням и чувствует, что сапоги на нем прилипают к этим камням. Он потрогал рукой — камни сухие и к рукам не липнут. Пошел опять, — опять сапоги прилипают. Он сел, разулся, взял сапог в руки и стал трогать им камни.
  </p>
  <p id="c76a2019-8c00-4d51-b80a-cbe93c883112" rend="left">
   Тронет кожей и подошвой — не прилипают, а как тронет гвоздями, так прилипнет.
  </p>
  <p id="f4e2ea30-d88f-4f0d-910b-6bb69dc26133" rend="left">
   Была у Магниса палка с железным наконечником. Он тронул
   <pb n="176"/>
   камень деревом — не прилипает; тронул железом — прилипло так, что отрывать надо.
  </p>
  <p id="b27b182f-1cf9-4866-bf97-9ded5106af08" rend="left">
   Магнис рассмотрел камень, — видит, что похож на железо, и принес куски камня домой. С тех пор узнали этот камень и прозвали его магнитом.
  </p>
  <p id="b768ca8a-2375-4b49-87c7-f8f1c37c4a33" rend="left">
   Магнит находят в земле с железной рудой. Там, где есть магнит в руде, и железо самое лучшее. Из себя магнит похож на железо.
  </p>
  <p id="c53dda1c-1a18-4525-909e-198934f748d8" rend="left">
   Если положить кусок железа на магнит, то и железо станет притягивать другое железо. А если положить стальную иголку на магнит да подержать подольше, то иголка сделается магнитом и станет к себе притягивать железо. Если два магнита сводить концы с концами, то одни концы будут отворачиваться друг от друга, а другие будут сцепляться.
  </p>
  <p id="169d6d44-74ae-4a1f-b440-a17b1f950d62" rend="left">
   Если одну магнитную палочку разрубить пополам, то опять каждая половинка будет с одной стороны цепляться, а с другой отворачиваться. И еще разруби — то же будет, и еще руби сколько хочешь, — всё то же будет: одинакие концы будут отворачиваться, разные цепляться, как будто с одного конца магнит выпирает, а с другого втягивает. И как его ни разломи, всё с одного конца он будет выпирать, а с другого втягивать. Всё равно, как еловую шишку, где ни разломи, всё будет с одного конца пупом, а с другого чашечкой. С того ли, с другого ли конца, — чашечка с пупом сойдется, а пуп с пупом и чашечка с чашечкой не сойдутся.
  </p>
  <p id="2cb10dc0-6823-41f5-aae0-76726b475562" rend="left">
   Если намагнитить иголку (подержать подольше с магнитом), и насадить ее серединкой на шпенек, так, чтобы она ходила вольно на шпеньке, то как хочешь верти магнитную иголку, как пустишь, она станет одним концом на полдни (юг), другим — на полночь (север).
  </p>
  <p id="d4679027-bf9b-47aa-987b-f4dfdb93c9d6" rend="left">
   Когда не знали магнита, по морю не плавали далеко. Как выйдут далеко в море, что земли не видать, то только по солнцу и по звездам и знали, куда плыть. А если пасмурно, не видать солнца я звезд, то и не знают сами, куда плыть. А корабль несет ветром и занесет на камни и разобьет.
  </p>
  <p id="ceaddd5b-be0c-4cba-8937-969f8fe48bff" rend="left">
   Пока не знали магнита, не плавали по морям вдаль от берега; а когда узнали магнит, то сделали иголку магнитную на шпеньке, чтоб она вольно ходила. По этой иголке и стали узнавать, в какую сторону плывут. С магнитной иголкой стали ездить дальше от берегов и с тех пор много новых морей узнали.
  </p>
  <p id="bc23cd38-c0eb-457c-9e3a-eb824e9a1176" rend="left">
   <pb n="177"/>
   На кораблях всегда бывает магнитная иголка (компас) и есть мерная веревка с узлами на конце корабля. И веревка приделана так, что она разматывается и по ней видно, сколько корабль проехал.
  </p>
  <p id="f59e6e3a-038b-45f6-8449-1ce97db78e7f" rend="left">
   Так что, когда плывут на корабле, всегда знают, на каком теперь месте корабль, далеко ли от берега и в какую сторону.
  </p>
 </div>
</TEI>