<?xml version="1.0" encoding="utf-8"?>
<TEI xmlns="http://www.tei-c.org/ns/1.0" xmlns:xi="http://www.w3.org/2001/XInclude">
 <teiHeader>
  <fileDesc>
   <titleStmt>
    <title>
     Произведения, написанные для «Азбуки» и не включенные в нее
    </title>
    <author>
     Толстой Л.Н.
    </author>
    <respStmt>
     <resp>
      подготовка TEI/XML
     </resp>
     <name>
      Мария Картышева, Евгений Можаев, Даниил Скоринкин, Елена Сидорова, Вероника Файнберг, Кирилл Милинцевич
     </name>
    </respStmt>
    <respStmt>
     <name>
      Анастасия Бонч-Осмоловская, Фёкла Толстая, Борис Орехов
     </name>
     <resp>
      Идея, постановка задач, руководство
     </resp>
    </respStmt>
   </titleStmt>
   <publicationStmt>
    <idno>
     Азбука  | Произведения, написанные для «Азбуки» и не включенные в нее
    </idno>
    <publisher>
     <orgName>
      Школа лингвистики НИУ ВШЭ
     </orgName>
    </publisher>
    <availability>
     <p>
      Тексты и метатекстовая разметка доступны для свободного использования и распространения по лицензии Creative Commons Attribution Share-Alike (cc by-sa)
     </p>
    </availability>
   </publicationStmt>
   <sourceDesc>
    <biblStruct>
     <analytic>
      <author>
       Толстой Л.Н.
      </author>
      <title level="a">
       Произведения, написанные для «Азбуки» и не включенные в нее
      </title>
     </analytic>
     <monogr>
      <title level="m">
       Полное собрание сочинений. Том 21
      </title>
      <imprint>
       <pubPlace>
        Москва
       </pubPlace>
       <publisher>
        Государственное издательство "Художественная литература"
       </publisher>
       <date when="1871-1872"/>
      </imprint>
     </monogr>
     <series>
      <title level="s">
       Л.Н. Толстой. Полное собрание сочинений
      </title>
      <biblScope unit="vol">
       21
      </biblScope>
     </series>
    </biblStruct>
   </sourceDesc>
  </fileDesc>
  <encodingDesc>
   <classDecl>
    <xi:include href="taxonomy.xml"/>
   </classDecl>
  </encodingDesc>
  <profileDesc>
   <creation>
    <date notAfter="1872" notBefore="1871">
     1871-1872
    </date>
    <rs/>
   </creation>
   <textClass>
    <catRef target="#fiction" type="sphere"/>
    <catRef target="#произведения для детей" type="type"/>
    <catRef target="#works" type="works_letters_diaries"/>
    <catRef target="#сборник" type="ninetyDef"/>
    <catRef target="#Неопубликованное, неотделанное, неоконченное" type="main_var"/>
    <catRef target="#сборник" type="type_short"/>
    <catRef target="None" type="translation"/>
    <catRef target="None" type="translation_origin"/>
    <catRef target="#да" type="tolstoy_or_not"/>
    <catRef target="None" type="name_status"/>
   </textClass>
   <preparedness>
    finished
   </preparedness>
   <settingDesc>
    <time>
     XIX век
    </time>
   </settingDesc>
  </profileDesc>
  <xenoData>
   <cyclusName/>
   <p>
    Проект
    <title>
     Толстой.Digital
    </title>
    разрабатывается сотрудниками и студентами
    <orgName>
     Высшей школы экономики
    </orgName>
    в сотрудничестве с
    <orgName>
     Государственным музеем Л.Н. Толстого
    </orgName>
    . Источник текстов –
    <bibl>
     90-томное собрание сочинений Л.Н.Толстого
    </bibl>
    . Разметка основана на стандарте
    <ref target="http://www.tei-c.org">
     TEI (Text Encoding Initiative)
    </ref>
    .
   </p>
   <versionNumber/>
   <isFinished/>
   <isEdited/>
   <fullBibliographicDescription/>
  </xenoData>
 </teiHeader>
 <p rend="left emptyline">
  <pb n="86"/>
 </p>
    <p rend="centerline Azbuka1" uuid="7f9d0286-2c33-44d0-afb4-9f4777647091">
     <hi rend="Razradka">
      Коров
     </hi>
     а. (Быль.)
    </p>
    <p rend="left Azbuka1" uuid="c4defd9b-5cd2-4058-9939-dcafe39c803c">
     Жила вдова Марья
     <choice>
      <reg>
       с
      </reg>
      <orig>
       съ
      </orig>
     </choice>
     своей матерью и
     <choice>
      <reg>
       с
      </reg>
      <orig>
       съ
      </orig>
     </choice>
     шестью
     <choice>
      <reg>
       детьми
      </reg>
      <orig>
       дѣтьми
      </orig>
     </choice>
     . Жили они
     <choice>
      <reg>
       бедно
      </reg>
      <orig>
       бѣдно
      </orig>
     </choice>
     . Но купили на
     <choice>
      <reg>
       последния
      </reg>
      <orig>
       послѣднiя
      </orig>
     </choice>
     деньги бурую корову,
     <choice>
      <reg>
       чтоб
      </reg>
      <orig>
       чтобъ
      </orig>
     </choice>
     было молоко для
     <choice>
      <reg>
       детей
      </reg>
      <orig>
       дѣтей
      </orig>
     </choice>
     .
     <choice>
      <reg>
       Старшие
      </reg>
      <orig>
       Старшiе
      </orig>
     </choice>
     <choice>
      <reg>
       дети
      </reg>
      <orig>
       дѣти
      </orig>
     </choice>
     кормили Буренушку
     <choice>
      <reg>
       в
      </reg>
      <orig>
       въ
      </orig>
     </choice>
     <choice>
      <reg>
       поле
      </reg>
      <orig>
       полѣ
      </orig>
     </choice>
     и давали ей помои дома.
     <choice>
      <reg>
       Один
      </reg>
      <orig>
       Одинъ
      </orig>
     </choice>
     <choice>
      <reg>
       раз
      </reg>
      <orig>
       разъ
      </orig>
     </choice>
     мать вышла со двора, a
     <choice>
      <reg>
       старший
      </reg>
      <orig>
       старшiй
      </orig>
     </choice>
     <choice>
      <reg>
       мальчик
      </reg>
      <orig>
       мальчикъ
      </orig>
     </choice>
     Миша
     <choice>
      <reg>
       полез
      </reg>
      <orig>
       полѣзъ
      </orig>
     </choice>
     за
     <choice>
      <reg>
       хлебом
      </reg>
      <orig>
       хлѣбомъ
      </orig>
     </choice>
     на полку,
     <choice>
      <reg>
       уронил
      </reg>
      <orig>
       уронилъ
      </orig>
     </choice>
     <choice>
      <reg>
       стакан
      </reg>
      <orig>
       стаканъ
      </orig>
     </choice>
     и
     <choice>
      <reg>
       разбил
      </reg>
      <orig>
       разбилъ
      </orig>
     </choice>
     его. Миша испугался, что мать его
     <choice>
      <reg>
       будет
      </reg>
      <orig>
       будетъ
      </orig>
     </choice>
     бранить,
     <choice>
      <reg>
       подобрал
      </reg>
      <orig>
       подобралъ
      </orig>
     </choice>
     <choice>
      <reg>
       большия
      </reg>
      <orig>
       большiя
      </orig>
     </choice>
     стекла оть стакана,
     <choice>
      <reg>
       вынес
      </reg>
      <orig>
       вынесъ
      </orig>
     </choice>
     на
     <choice>
      <reg>
       двор
      </reg>
      <orig>
       дворъ
      </orig>
     </choice>
     и
     <choice>
      <reg>
       зарыл
      </reg>
      <orig>
       зарылъ
      </orig>
     </choice>
     <choice>
      <reg>
       в
      </reg>
      <orig>
       въ
      </orig>
     </choice>
     <choice>
      <reg>
       навозе
      </reg>
      <orig>
       навозѣ
      </orig>
     </choice>
     , a
     <choice>
      <reg>
       маленькия
      </reg>
      <orig>
       маленькiя
      </orig>
     </choice>
     стеклушки
     <choice>
      <reg>
       все
      </reg>
      <orig>
       всѣ
      </orig>
     </choice>
     <choice>
      <reg>
       подобрал
      </reg>
      <orig>
       подобралъ
      </orig>
     </choice>
     и
     <choice>
      <reg>
       бросил
      </reg>
      <orig>
       бросилъ
      </orig>
     </choice>
     <choice>
      <reg>
       в
      </reg>
      <orig>
       въ
      </orig>
     </choice>
     лаханку. Мать хватилась стакана, стала спрашивать, но Миша не
     <choice>
      <reg>
       сказал
      </reg>
      <orig>
       сказалъ
      </orig>
     </choice>
     : и
     <choice>
      <reg>
       так
      </reg>
      <orig>
       такъ
      </orig>
     </choice>
     <choice>
      <reg>
       дело
      </reg>
      <orig>
       дѣло
      </orig>
     </choice>
     осталось.
    </p>
    <p rend="left Azbuka1" uuid="37d7d2a0-542c-4837-835b-2ae0f634f454">
     На другой день
     <choice>
      <reg>
       после
      </reg>
      <orig>
       послѣ
      </orig>
     </choice>
     <choice>
      <reg>
       обеда
      </reg>
      <orig>
       обѣда
      </orig>
     </choice>
     , пошла мать давать
     <choice>
      <reg>
       Буренушке
      </reg>
      <orig>
       Буренушкѣ
      </orig>
     </choice>
     помои
     <choice>
      <reg>
       из
      </reg>
      <orig>
       изъ
      </orig>
     </choice>
     лаханки,
     <choice>
      <reg>
       видит
      </reg>
      <orig>
       видитъ
      </orig>
     </choice>
     Буренушка скучна и не
     <choice>
      <reg>
       ест
      </reg>
      <orig>
       ѣстъ
      </orig>
     </choice>
     корма. Стали
     <choice>
      <reg>
       лечить
      </reg>
      <orig>
       лѣчить
      </orig>
     </choice>
     корову, позвали бабку. Бабка сказала: корова жива не
     <choice>
      <reg>
       будет
      </reg>
      <orig>
       будетъ
      </orig>
     </choice>
     надо ее убить на мясо. Позвали мужика, стали бить корову.
     <choice>
      <reg>
       Дети
      </reg>
      <orig>
       Дѣти
      </orig>
     </choice>
     услыхали
     <choice>
      <reg>
       как
      </reg>
      <orig>
       какъ
      </orig>
     </choice>
     на
     <choice>
      <reg>
       дворе
      </reg>
      <orig>
       дворѣ
      </orig>
     </choice>
     <choice>
      <reg>
       заревела
      </reg>
      <orig>
       заревѣла
      </orig>
     </choice>
     Буренушка. Собрались
     <choice>
      <reg>
       все
      </reg>
      <orig>
       всѣ
      </orig>
     </choice>
     на печку и стали плакать. Когда убили Буренушку, сняли шкуру и
     <choice>
      <reg>
       разрезали
      </reg>
      <orig>
       разрѣзали
      </orig>
     </choice>
     на части, у ней
     <choice>
      <reg>
       в
      </reg>
      <orig>
       въ
      </orig>
     </choice>
     <choice>
      <reg>
       горле
      </reg>
      <orig>
       горлѣ
      </orig>
     </choice>
     нашли стекло.
    </p>
    <p rend="left Azbuka1" uuid="b2ccb791-1786-455b-927c-f721cab6a32c">
     <pb n="87"/>
     И узнали, что она издохла
     <choice>
      <reg>
       от
      </reg>
      <orig>
       отъ
      </orig>
     </choice>
     того, что ей попало стекло
     <choice>
      <reg>
       в
      </reg>
      <orig>
       въ
      </orig>
     </choice>
     <choice>
      <reg>
       помоях
      </reg>
      <orig>
       помояхъ
      </orig>
     </choice>
     . Когда Миша
     <choice>
      <reg>
       узнал
      </reg>
      <orig>
       узналъ
      </orig>
     </choice>
     это,
     <choice>
      <reg>
       он
      </reg>
      <orig>
       онъ
      </orig>
     </choice>
     <choice>
      <reg>
       стал
      </reg>
      <orig>
       сталъ
      </orig>
     </choice>
     горько плакать и признался матери
     <choice>
      <reg>
       об
      </reg>
      <orig>
       объ
      </orig>
     </choice>
     <choice>
      <reg>
       стакане
      </reg>
      <orig>
       стаканѣ
      </orig>
     </choice>
     . Мать ничего не сказала и сама заплакала. Она сказала: убили мы свою Буренушку, купить теперь не на что.
     <choice>
      <reg>
       Как
      </reg>
      <orig>
       Какъ
      </orig>
     </choice>
     <choice>
      <reg>
       проживут
      </reg>
      <orig>
       проживутъ
      </orig>
     </choice>
     <choice>
      <reg>
       малые
      </reg>
      <orig>
       малыя
      </orig>
     </choice>
     <choice>
      <reg>
       дети
      </reg>
      <orig>
       дѣти
      </orig>
     </choice>
     <choice>
      <reg>
       без
      </reg>
      <orig>
       безъ
      </orig>
     </choice>
     молока: Миша еще пуще,
     <choice>
      <reg>
       стал
      </reg>
      <orig>
       сталъ
      </orig>
     </choice>
     плакать и не
     <choice>
      <reg>
       слезал
      </reg>
      <orig>
       слѣзалъ
      </orig>
     </choice>
     <choice>
      <reg>
       с
      </reg>
      <orig>
       съ
      </orig>
     </choice>
     печи, когда
     <choice>
      <reg>
       ели
      </reg>
      <orig>
       ѣли
      </orig>
     </choice>
     студень
     <choice>
      <reg>
       из
      </reg>
      <orig>
       изъ
      </orig>
     </choice>
     коровьей головы.
     <choice>
      <reg>
       Он
      </reg>
      <orig>
       Онъ
      </orig>
     </choice>
     каждый день во
     <choice>
      <reg>
       сне
      </reg>
      <orig>
       снѣ
      </orig>
     </choice>
     <choice>
      <reg>
       видел
      </reg>
      <orig>
       видѣлъ
      </orig>
     </choice>
     ,
     <choice>
      <reg>
       как
      </reg>
      <orig>
       какъ
      </orig>
     </choice>
     дядя
     <choice>
      <reg>
       Василий
      </reg>
      <orig>
       Василiй
      </orig>
     </choice>
     <choice>
      <reg>
       нес
      </reg>
      <orig>
       несъ
      </orig>
     </choice>
     за рога мертвую, бурую голову Буренушки
     <choice>
      <reg>
       с
      </reg>
      <orig>
       съ
      </orig>
     </choice>
     открытыми глазами и красной шеей.
     <choice>
      <reg>
       С
      </reg>
      <orig>
       Съ
      </orig>
     </choice>
     <choice>
      <reg>
       тех
      </reg>
      <orig>
       тѣхъ
      </orig>
     </choice>
     <choice>
      <reg>
       пор
      </reg>
      <orig>
       поръ
      </orig>
     </choice>
     у
     <choice>
      <reg>
       детей
      </reg>
      <orig>
       дѣтей
      </orig>
     </choice>
     молока не было. Только по
     <choice>
      <reg>
       праздникам
      </reg>
      <orig>
       праздникамъ
      </orig>
     </choice>
     бывало молоко, когда Марья
     <choice>
      <reg>
       попросит
      </reg>
      <orig>
       попроситъ
      </orig>
     </choice>
     у
     <choice>
      <reg>
       соседей
      </reg>
      <orig>
       сосѣдей
      </orig>
     </choice>
     <choice>
      <reg>
       горшечек
      </reg>
      <orig>
       горшечекъ
      </orig>
     </choice>
     . Случилось,
     <choice>
      <reg>
       барыне
      </reg>
      <orig>
       барынѣ
      </orig>
     </choice>
     той деревни, понадобилась
     <choice>
      <reg>
       к
      </reg>
      <orig>
       къ
      </orig>
     </choice>
     дитяти няня. Старушка и
     <choice>
      <reg>
       говорит
      </reg>
      <orig>
       говоритъ
      </orig>
     </choice>
     дочери, отпусти меня, я пойду
     <choice>
      <reg>
       в
      </reg>
      <orig>
       въ
      </orig>
     </choice>
     няни и
     <choice>
      <reg>
       тебе
      </reg>
      <orig>
       тебѣ
      </orig>
     </choice>
     <choice>
      <reg>
       может
      </reg>
      <orig>
       можетъ
      </orig>
     </choice>
     <choice>
      <reg>
       Бог
      </reg>
      <orig>
       Богъ
      </orig>
     </choice>
     <choice>
      <reg>
       поможет
      </reg>
      <orig>
       поможетъ
      </orig>
     </choice>
     одной
     <choice>
      <reg>
       с
      </reg>
      <orig>
       съ
      </orig>
     </choice>
     <choice>
      <reg>
       детьми
      </reg>
      <orig>
       дѣтьми
      </orig>
     </choice>
     управляться. А я,
     <choice>
      <reg>
       Бог
      </reg>
      <orig>
       Богъ
      </orig>
     </choice>
     <choice>
      <reg>
       даст
      </reg>
      <orig>
       дастъ
      </orig>
     </choice>
     , заслужу
     <choice>
      <reg>
       в
      </reg>
      <orig>
       въ
      </orig>
     </choice>
     <choice>
      <reg>
       год
      </reg>
      <orig>
       годъ
      </orig>
     </choice>
     на корову.
     <choice>
      <reg>
       Так
      </reg>
      <orig>
       Такъ
      </orig>
     </choice>
     и
     <choice>
      <reg>
       сделали
      </reg>
      <orig>
       сдѣлали
      </orig>
     </choice>
     . Старушка ушла
     <choice>
      <reg>
       к
      </reg>
      <orig>
       къ
      </orig>
     </choice>
     <choice>
      <reg>
       барыне
      </reg>
      <orig>
       барынѣ
      </orig>
     </choice>
     . A
     <choice>
      <reg>
       Марье
      </reg>
      <orig>
       Марьѣ
      </orig>
     </choice>
     еще
     <choice>
      <reg>
       тяжелее
      </reg>
      <orig>
       тяжелѣе
      </orig>
     </choice>
     <choice>
      <reg>
       с
      </reg>
      <orig>
       съ
      </orig>
     </choice>
     <choice>
      <reg>
       детьми
      </reg>
      <orig>
       дѣтьми
      </orig>
     </choice>
     стало. И
     <choice>
      <reg>
       дети
      </reg>
      <orig>
       дѣти
      </orig>
     </choice>
     <choice>
      <reg>
       без
      </reg>
      <orig>
       безъ
      </orig>
     </choice>
     молока
     <choice>
      <reg>
       целый
      </reg>
      <orig>
       цѣлый
      </orig>
     </choice>
     <choice>
      <reg>
       год
      </reg>
      <orig>
       годъ
      </orig>
     </choice>
     жили:
     <choice>
      <reg>
       один
      </reg>
      <orig>
       одинъ
      </orig>
     </choice>
     кисель и тюрю
     <choice>
      <reg>
       ели
      </reg>
      <orig>
       ѣли
      </orig>
     </choice>
     и стали худые и
     <choice>
      <reg>
       бледные
      </reg>
      <orig>
       блѣдные
      </orig>
     </choice>
     .
     <choice>
      <reg>
       Прошел
      </reg>
      <orig>
       Прошелъ
      </orig>
     </choice>
     <choice>
      <reg>
       год
      </reg>
      <orig>
       годъ
      </orig>
     </choice>
     , пришла старушка домой и принесла двадцать рублей. Ну дочка! говорить, теперь
     <choice>
      <reg>
       купим
      </reg>
      <orig>
       купимъ
      </orig>
     </choice>
     корову. Обрадовалась Марья, обрадовались
     <choice>
      <reg>
       все
      </reg>
      <orig>
       всѣ
      </orig>
     </choice>
     <choice>
      <reg>
       дети
      </reg>
      <orig>
       дѣти
      </orig>
     </choice>
     . Собрались Марья
     <choice>
      <reg>
       с
      </reg>
      <orig>
       съ
      </orig>
     </choice>
     старухой на базарь покупать корову.
     <choice>
      <reg>
       Соседку
      </reg>
      <orig>
       Сосѣдку
      </orig>
     </choice>
     попросили
     <choice>
      <reg>
       с
      </reg>
      <orig>
       съ
      </orig>
     </choice>
     <choice>
      <reg>
       детьми
      </reg>
      <orig>
       дѣтьми
      </orig>
     </choice>
     побыть, a
     <choice>
      <reg>
       соседа
      </reg>
      <orig>
       сосѣда
      </orig>
     </choice>
     дядю Захара попросили сь ними
     <choice>
      <reg>
       поехать
      </reg>
      <orig>
       поѣхать
      </orig>
     </choice>
     , выбирать корову. Помолились Богу,
     <choice>
      <reg>
       поехали
      </reg>
      <orig>
       поѣхали
      </orig>
     </choice>
     <choice>
      <reg>
       в
      </reg>
      <orig>
       въ
      </orig>
     </choice>
     <choice>
      <reg>
       город
      </reg>
      <orig>
       городъ
      </orig>
     </choice>
     .
     <choice>
      <reg>
       Дети
      </reg>
      <orig>
       Дѣти
      </orig>
     </choice>
     <choice>
      <reg>
       пообедали
      </reg>
      <orig>
       пообѣдали
      </orig>
     </choice>
     и вышли на улицу
     <choice>
      <reg>
       смотреть
      </reg>
      <orig>
       смотрѣть
      </orig>
     </choice>
     : не
     <choice>
      <reg>
       ведуть ли
      </reg>
      <orig>
       ведуть-ли
      </orig>
     </choice>
     корову. Стали
     <choice>
      <reg>
       дети
      </reg>
      <orig>
       дѣти
      </orig>
     </choice>
     судить: какая
     <choice>
      <reg>
       будет
      </reg>
      <orig>
       будетъ
      </orig>
     </choice>
     корова — бурая или черная. Стали они говорить:
     <choice>
      <reg>
       как
      </reg>
      <orig>
       какъ
      </orig>
     </choice>
     ее кормить
     <choice>
      <reg>
       будут
      </reg>
      <orig>
       будутъ
      </orig>
     </choice>
     . Ждали они, ждали
     <choice>
      <reg>
       целый
      </reg>
      <orig>
       цѣлый
      </orig>
     </choice>
     день. За версту ушли
     <choice>
      <reg>
       встречать
      </reg>
      <orig>
       встрѣчать
      </orig>
     </choice>
     корову, ужь смеркаться стало, вернулись
     <choice>
      <reg>
       назад
      </reg>
      <orig>
       назадъ
      </orig>
     </choice>
     .
     <choice>
      <reg>
       Вдруг
      </reg>
      <orig>
       Вдругъ
      </orig>
     </choice>
     ,
     <choice>
      <reg>
       видят
      </reg>
      <orig>
       видятъ
      </orig>
     </choice>
     : по
     <choice>
      <reg>
       улице
      </reg>
      <orig>
       улицѣ
      </orig>
     </choice>
     <choice>
      <reg>
       едет
      </reg>
      <orig>
       ѣдетъ
      </orig>
     </choice>
     на
     <choice>
      <reg>
       телеге
      </reg>
      <orig>
       телѣгѣ
      </orig>
     </choice>
     бабушка, а у
     <choice>
      <reg>
       заднего
      </reg>
      <orig>
       задняго
      </orig>
     </choice>
     колеса
     <choice>
      <reg>
       идет
      </reg>
      <orig>
       идетъ
      </orig>
     </choice>
     пестрая корова за рога привязана и
     <choice>
      <reg>
       идет
      </reg>
      <orig>
       идетъ
      </orig>
     </choice>
     сзади мать, хворостиной
     <choice>
      <reg>
       подгоняет
      </reg>
      <orig>
       подгоняетъ
      </orig>
     </choice>
     .
     <choice>
      <reg>
       Подбежали
      </reg>
      <orig>
       Подбѣжали
      </orig>
     </choice>
     <choice>
      <reg>
       дети
      </reg>
      <orig>
       дѣти
      </orig>
     </choice>
     , стали
     <choice>
      <reg>
       смотреть
      </reg>
      <orig>
       смотрѣть
      </orig>
     </choice>
     корову, Набрали
     <choice>
      <reg>
       хлеба
      </reg>
      <orig>
       хлѣба
      </orig>
     </choice>
     , травы, стали кормить. Мать пошла
     <choice>
      <reg>
       в
      </reg>
      <orig>
       въ
      </orig>
     </choice>
     избу,
     <choice>
      <reg>
       разделась
      </reg>
      <orig>
       раздѣлась
      </orig>
     </choice>
     и вышла на
     <choice>
      <reg>
       двор
      </reg>
      <orig>
       дворъ
      </orig>
     </choice>
     <choice>
      <reg>
       с
      </reg>
      <orig>
       съ
      </orig>
     </choice>
     <choice>
      <reg>
       полотенцем
      </reg>
      <orig>
       полотенцемъ
      </orig>
     </choice>
     и
     <choice>
      <reg>
       подойником
      </reg>
      <orig>
       подойникомъ
      </orig>
     </choice>
     . Она
     <choice>
      <reg>
       села
      </reg>
      <orig>
       сѣла
      </orig>
     </choice>
     <choice>
      <reg>
       под
      </reg>
      <orig>
       подъ
      </orig>
     </choice>
     корову, обтерла вымя. Господи благослови! стала доить корову; a
     <choice>
      <reg>
       дети
      </reg>
      <orig>
       дѣти
      </orig>
     </choice>
     <choice>
      <reg>
       сели
      </reg>
      <orig>
       сѣли
      </orig>
     </choice>
     <choice>
      <reg>
       кругом
      </reg>
      <orig>
       кругомъ
      </orig>
     </choice>
     и
     <choice>
      <reg>
       смотрели
      </reg>
      <orig>
       смотрѣли
      </orig>
     </choice>
     <choice>
      <reg>
       как
      </reg>
      <orig>
       какъ
      </orig>
     </choice>
     молоко брызнуло
     <choice>
      <reg>
       из
      </reg>
      <orig>
       изъ
      </orig>
     </choice>
     вымя
     <choice>
      <reg>
       в
      </reg>
      <orig>
       въ
      </orig>
     </choice>
     край подойника и
     <choice>
      <reg>
       засвистело
      </reg>
      <orig>
       засвистѣло
      </orig>
     </choice>
     у матери
     <choice>
      <reg>
       из
      </reg>
      <orig>
       изъ
      </orig>
     </choice>
     <choice>
      <reg>
       под
      </reg>
      <orig>
       подъ
      </orig>
     </choice>
     <choice>
      <reg>
       пальцев
      </reg>
      <orig>
       пальцевъ
      </orig>
     </choice>
     . Надоила
     <pb n="88"/>
     мать половину подойника, снесла на
     <choice>
      <reg>
       погреб
      </reg>
      <orig>
       погребъ
      </orig>
     </choice>
     и отлила
     <choice>
      <reg>
       детям
      </reg>
      <orig>
       дѣтямъ
      </orig>
     </choice>
     <choice>
      <reg>
       горшочек
      </reg>
      <orig>
       горшочекъ
      </orig>
     </choice>
     <choice>
      <reg>
       к
      </reg>
      <orig>
       къ
      </orig>
     </choice>
     ужину.
    </p>
</TEI>