<?xml version="1.0" encoding="utf-8"?>
<TEI xmlns="http://www.tei-c.org/ns/1.0" xmlns:xi="http://www.w3.org/2001/XInclude">
 <teiHeader>
  <fileDesc>
   <titleStmt>
    <title>
     Произведения, написанные для «Азбуки» и не включенные в нее
    </title>
    <author>
     Толстой Л.Н.
    </author>
    <respStmt>
     <resp>
      подготовка TEI/XML
     </resp>
     <name>
      Мария Картышева, Евгений Можаев, Даниил Скоринкин, Елена Сидорова, Вероника Файнберг, Кирилл Милинцевич
     </name>
    </respStmt>
    <respStmt>
     <name>
      Анастасия Бонч-Осмоловская, Фёкла Толстая, Борис Орехов
     </name>
     <resp>
      Идея, постановка задач, руководство
     </resp>
    </respStmt>
   </titleStmt>
   <publicationStmt>
    <idno>
     Азбука  | Произведения, написанные для «Азбуки» и не включенные в нее
    </idno>
    <publisher>
     <orgName>
      Школа лингвистики НИУ ВШЭ
     </orgName>
    </publisher>
    <availability>
     <p>
      Тексты и метатекстовая разметка доступны для свободного использования и распространения по лицензии Creative Commons Attribution Share-Alike (cc by-sa)
     </p>
    </availability>
   </publicationStmt>
   <sourceDesc>
    <biblStruct>
     <analytic>
      <author>
       Толстой Л.Н.
      </author>
      <title level="a">
       Произведения, написанные для «Азбуки» и не включенные в нее
      </title>
     </analytic>
     <monogr>
      <title level="m">
       Полное собрание сочинений. Том 21
      </title>
      <imprint>
       <pubPlace>
        Москва
       </pubPlace>
       <publisher>
        Государственное издательство "Художественная литература"
       </publisher>
       <date when="1871-1872"/>
      </imprint>
     </monogr>
     <series>
      <title level="s">
       Л.Н. Толстой. Полное собрание сочинений
      </title>
      <biblScope unit="vol">
       21
      </biblScope>
     </series>
    </biblStruct>
   </sourceDesc>
  </fileDesc>
  <encodingDesc>
   <classDecl>
    <xi:include href="taxonomy.xml"/>
   </classDecl>
  </encodingDesc>
  <profileDesc>
   <creation>
    <date notAfter="1872" notBefore="1871">
     1871-1872
    </date>
    <rs/>
   </creation>
   <textClass>
    <catRef target="#fiction" type="sphere"/>
    <catRef target="#произведения для детей" type="type"/>
    <catRef target="#works" type="works_letters_diaries"/>
    <catRef target="#сборник" type="ninetyDef"/>
    <catRef target="#Неопубликованное, неотделанное, неоконченное" type="main_var"/>
    <catRef target="#сборник" type="type_short"/>
    <catRef target="None" type="translation"/>
    <catRef target="None" type="translation_origin"/>
    <catRef target="#да" type="tolstoy_or_not"/>
    <catRef target="None" type="name_status"/>
   </textClass>
   <preparedness>
    finished
   </preparedness>
   <settingDesc>
    <time>
     XIX век
    </time>
   </settingDesc>
  </profileDesc>
  <xenoData>
   <cyclusName/>
   <p>
    Проект
    <title>
     Толстой.Digital
    </title>
    разрабатывается сотрудниками и студентами
    <orgName>
     Высшей школы экономики
    </orgName>
    в сотрудничестве с
    <orgName>
     Государственным музеем Л.Н. Толстого
    </orgName>
    . Источник текстов –
    <bibl>
     90-томное собрание сочинений Л.Н.Толстого
    </bibl>
    . Разметка основана на стандарте
    <ref target="http://www.tei-c.org">
     TEI (Text Encoding Initiative)
    </ref>
    .
   </p>
   <versionNumber/>
   <isFinished/>
   <isEdited/>
   <fullBibliographicDescription/>
  </xenoData>
 </teiHeader>
 <p rend="left emptyline">
  <pb n="345"/>
 </p>
 <div type="section" xml:id="h000017001001005">
  <head rend="center">
   ** СОЛДАТ
  </head>
  <p id="ddb64799-79eb-4ddf-b8a0-ae4e90f23de1" rend="left">
   Один молодой солдат попросил у старого солдата табаку. Старый солдат взял из своего мешка горсть табаку и дал молодому солдату.
  </p>
  <p id="4bbe85d2-52e0-42d6-a0aa-a666794b0f46" rend="left">
   На другой день молодой солдат пришел к старому и подал ему двугривенный. Он сказал: «В табаке твоем был двугривенный, возьми его». Старый солдат взял деньги и сказал: «Ты хорошо сделал, что отдал. Другой на твоем месте не отдал бы денег». Молодой солдат сказал: «Да и я не хотел отдать». — «Отчего же ты отдал?» — «Оттого, что всю ночь не дали мне спать эти деньги». — «Отчего не дали спать?» — «Всё голоса слышал: один голос говорил: «отдай деньги, они не твои»; а другой говорил: «зачем отдавать? тебе дали табак, стало быть и деньги дали». А первый говорит: «дали табак, а не деньги; отдай». А другой опять говорил: «а спросит тебя старый солдат, что ты скажешь?» Наскучили мне эти голоса, я и сказал себе: вас не переслушаешь, вот и принес деньги».
  </p>
  <p id="cd75848a-fea5-4bf7-ba60-850f4acea90e" rend="centerline">
   ————
  </p>
  <p id="2862495c-5a10-48fb-a7c6-8a58e4f790d3" rend="left">
   ** &lt;В одной деревне две крестьянские девочки пошли за грыбами. Одну звали Феколкой, а другую Настькой. Только что они вышли за деревню, на них бросился волк. Волк схватил зубами Настьку, перекинул себе на спину и побежал в лес. Настьке было 7 лет. &lt;Старшей девочке было 10 лет.&gt; Она громко кричала и старалась вырваться у волка. Феколка тоже закричала, подняла большую палку и побежала за волком. Волку тяжело было нести девочку, и потому он остановился за кустом и хотел грызть ее. Но в это время подбежала Феколка и стала махать на волка палкой. Волк оставил Настю и бросился да Феколку. Но Феколка не испугалась. Она закричала: Настя, спрячься за меня, — и всё махала на волка. Волк схватил
   <pb n="346"/>
   зубами палку и хотел вырвать ее. Но в это время прибежал караульщик. И волк убежал в лес. Он взял Настю на руки и понес ее в деревню. Феклуша шла сзади и громко плакала.
  </p>
  <p id="41caed99-9097-42e9-8080-f681d6bda40a" rend="left">
   Из Насти текла кровь, и все думали, что она умрет; но она скоро выздоровела.&gt;
  </p>
 </div>
</TEI>