<?xml version="1.0" encoding="utf-8"?>
<TEI xmlns="http://www.tei-c.org/ns/1.0" xmlns:xi="http://www.w3.org/2001/XInclude">
 <teiHeader>
  <fileDesc>
   <titleStmt>
    <title>
     Произведения, написанные для «Азбуки» и не включенные в нее
    </title>
    <author>
     Толстой Л.Н.
    </author>
    <respStmt>
     <resp>
      подготовка TEI/XML
     </resp>
     <name>
      Мария Картышева, Евгений Можаев, Даниил Скоринкин, Елена Сидорова, Вероника Файнберг, Кирилл Милинцевич
     </name>
    </respStmt>
    <respStmt>
     <name>
      Анастасия Бонч-Осмоловская, Фёкла Толстая, Борис Орехов
     </name>
     <resp>
      Идея, постановка задач, руководство
     </resp>
    </respStmt>
   </titleStmt>
   <publicationStmt>
    <idno>
     Азбука  | Произведения, написанные для «Азбуки» и не включенные в нее
    </idno>
    <publisher>
     <orgName>
      Школа лингвистики НИУ ВШЭ
     </orgName>
    </publisher>
    <availability>
     <p>
      Тексты и метатекстовая разметка доступны для свободного использования и распространения по лицензии Creative Commons Attribution Share-Alike (cc by-sa)
     </p>
    </availability>
   </publicationStmt>
   <sourceDesc>
    <biblStruct>
     <analytic>
      <author>
       Толстой Л.Н.
      </author>
      <title level="a">
       Произведения, написанные для «Азбуки» и не включенные в нее
      </title>
     </analytic>
     <monogr>
      <title level="m">
       Полное собрание сочинений. Том 21
      </title>
      <imprint>
       <pubPlace>
        Москва
       </pubPlace>
       <publisher>
        Государственное издательство "Художественная литература"
       </publisher>
       <date when="1871-1872"/>
      </imprint>
     </monogr>
     <series>
      <title level="s">
       Л.Н. Толстой. Полное собрание сочинений
      </title>
      <biblScope unit="vol">
       21
      </biblScope>
     </series>
    </biblStruct>
   </sourceDesc>
  </fileDesc>
  <encodingDesc>
   <classDecl>
    <xi:include href="taxonomy.xml"/>
   </classDecl>
  </encodingDesc>
  <profileDesc>
   <creation>
    <date notAfter="1872" notBefore="1871">
     1871-1872
    </date>
    <rs/>
   </creation>
   <textClass>
    <catRef target="#fiction" type="sphere"/>
    <catRef target="#произведения для детей" type="type"/>
    <catRef target="#works" type="works_letters_diaries"/>
    <catRef target="#сборник" type="ninetyDef"/>
    <catRef target="#Неопубликованное, неотделанное, неоконченное" type="main_var"/>
    <catRef target="#сборник" type="type_short"/>
    <catRef target="None" type="translation"/>
    <catRef target="None" type="translation_origin"/>
    <catRef target="#да" type="tolstoy_or_not"/>
    <catRef target="None" type="name_status"/>
   </textClass>
   <preparedness>
    finished
   </preparedness>
   <settingDesc>
    <time>
     XIX век
    </time>
   </settingDesc>
  </profileDesc>
  <xenoData>
   <cyclusName/>
   <p>
    Проект
    <title>
     Толстой.Digital
    </title>
    разрабатывается сотрудниками и студентами
    <orgName>
     Высшей школы экономики
    </orgName>
    в сотрудничестве с
    <orgName>
     Государственным музеем Л.Н. Толстого
    </orgName>
    . Источник текстов –
    <bibl>
     90-томное собрание сочинений Л.Н.Толстого
    </bibl>
    . Разметка основана на стандарте
    <ref target="http://www.tei-c.org">
     TEI (Text Encoding Initiative)
    </ref>
    .
   </p>
   <versionNumber/>
   <isFinished/>
   <isEdited/>
   <fullBibliographicDescription/>
  </xenoData>
 </teiHeader>
 <p rend="left emptyline">
  <pb n="175"/>
 </p>
 <div type="section" xml:id="h000012052">
  <head rend="center">
   ШАКАЛЫ И СЛОН
  </head>
  <p id="eb934656-f7f8-414f-9a55-b3f2216dfb0a" rend="center">
   <hi rend="italic">
    (Басня)
   </hi>
  </p>
  <p id="1d4aa44f-bf43-4038-a75e-8fd33f28c848" rend="left">
   Шакалы
   <note n="n65">
    <div type="section" xml:id="n65">
     <head rend="left">
      <ref target="#backn65">
       65
      </ref>
     </head>
     <p id="ebdeea80-36e0-45d2-834a-29ce65abe80c" rend="left">
      Звери, похожие на маленьких волков.
     </p>
    </div>
   </note>
   поели всю падаль в лесу, и им нечего стало есть. Вот старый шакал и придумал, как им прокормиться. Он пошел к слону и говорит:
  </p>
  <p id="3441886b-bfaf-443a-b5e9-37fabf6c2413" rend="left">
   «Был у нас царь, да избаловался: приказывал нам делать такие дела, каких нельзя исполнить; хотим мы другого царя выбрать — и послал меня наш народ просить тебя в цари. У нас житье хорошее: что велишь, все то будем делать и почитать тебя во всем будем. Пойдем в наше царство». Слон согласился и пошел за шакалом. Шакал привел его в болото. Когда слон завяз, шакал и говорит:
  </p>
  <p id="bb6ab015-767d-425e-abe3-f95a565b9e75" rend="left">
   «Теперь приказывай: что велишь, то и будем делать».
  </p>
  <p id="41939f60-ec8d-40d7-a088-7baa069f0836" rend="left">
   Слон сказал:
  </p>
  <p id="56156581-0641-4e9b-88f3-16cd38dbeb64" rend="left">
   «Я приказываю вытащить меня отсюда».
  </p>
  <p id="6e560ae5-fe79-49db-9094-e0951a14325c" rend="left">
   Шакал рассмеялся и говорит: «Хватайся хоботом мне за хвост, — сейчас вытащу».
  </p>
  <p id="12e1e314-edaf-463a-9cde-681f0541dc13" rend="left">
   Слон говорит:
  </p>
  <p id="1db00eee-1c72-416d-9f96-793634fc6840" rend="left">
   «Разве можно меня хвостом вытащить?» А шакал и говорит: «Так зачем же ты приказываешь, чего нельзя сделать? Мы и первого царя за то прогнали, что он приказывал то, чего нельзя делать».
  </p>
  <p id="f9810ba2-7744-49a7-912c-a7b00e46a57e" rend="left">
   Когда слон издох в болоте, шакалы пришли и съели его.
  </p>
 </div>
</TEI>