<?xml version="1.0" encoding="utf-8"?>
<TEI xmlns="http://www.tei-c.org/ns/1.0" xmlns:xi="http://www.w3.org/2001/XInclude">
 <teiHeader>
  <fileDesc>
   <titleStmt>
    <title>
     Произведения, написанные для «Азбуки» и не включенные в нее
    </title>
    <author>
     Толстой Л.Н.
    </author>
    <respStmt>
     <resp>
      подготовка TEI/XML
     </resp>
     <name>
      Мария Картышева, Евгений Можаев, Даниил Скоринкин, Елена Сидорова, Вероника Файнберг, Кирилл Милинцевич
     </name>
    </respStmt>
    <respStmt>
     <name>
      Анастасия Бонч-Осмоловская, Фёкла Толстая, Борис Орехов
     </name>
     <resp>
      Идея, постановка задач, руководство
     </resp>
    </respStmt>
   </titleStmt>
   <publicationStmt>
    <idno>
     Азбука  | Произведения, написанные для «Азбуки» и не включенные в нее
    </idno>
    <publisher>
     <orgName>
      Школа лингвистики НИУ ВШЭ
     </orgName>
    </publisher>
    <availability>
     <p>
      Тексты и метатекстовая разметка доступны для свободного использования и распространения по лицензии Creative Commons Attribution Share-Alike (cc by-sa)
     </p>
    </availability>
   </publicationStmt>
   <sourceDesc>
    <biblStruct>
     <analytic>
      <author>
       Толстой Л.Н.
      </author>
      <title level="a">
       Произведения, написанные для «Азбуки» и не включенные в нее
      </title>
     </analytic>
     <monogr>
      <title level="m">
       Полное собрание сочинений. Том 21
      </title>
      <imprint>
       <pubPlace>
        Москва
       </pubPlace>
       <publisher>
        Государственное издательство "Художественная литература"
       </publisher>
       <date when="1871-1872"/>
      </imprint>
     </monogr>
     <series>
      <title level="s">
       Л.Н. Толстой. Полное собрание сочинений
      </title>
      <biblScope unit="vol">
       21
      </biblScope>
     </series>
    </biblStruct>
   </sourceDesc>
  </fileDesc>
  <encodingDesc>
   <classDecl>
    <xi:include href="taxonomy.xml"/>
   </classDecl>
  </encodingDesc>
  <profileDesc>
   <creation>
    <date notAfter="1872" notBefore="1871">
     1871-1872
    </date>
    <rs/>
   </creation>
   <textClass>
    <catRef target="#fiction" type="sphere"/>
    <catRef target="#произведения для детей" type="type"/>
    <catRef target="#works" type="works_letters_diaries"/>
    <catRef target="#сборник" type="ninetyDef"/>
    <catRef target="#Неопубликованное, неотделанное, неоконченное" type="main_var"/>
    <catRef target="#сборник" type="type_short"/>
    <catRef target="None" type="translation"/>
    <catRef target="None" type="translation_origin"/>
    <catRef target="#да" type="tolstoy_or_not"/>
    <catRef target="None" type="name_status"/>
   </textClass>
   <preparedness>
    finished
   </preparedness>
   <settingDesc>
    <time>
     XIX век
    </time>
   </settingDesc>
  </profileDesc>
  <xenoData>
   <cyclusName/>
   <p>
    Проект
    <title>
     Толстой.Digital
    </title>
    разрабатывается сотрудниками и студентами
    <orgName>
     Высшей школы экономики
    </orgName>
    в сотрудничестве с
    <orgName>
     Государственным музеем Л.Н. Толстого
    </orgName>
    . Источник текстов –
    <bibl>
     90-томное собрание сочинений Л.Н.Толстого
    </bibl>
    . Разметка основана на стандарте
    <ref target="http://www.tei-c.org">
     TEI (Text Encoding Initiative)
    </ref>
    .
   </p>
   <versionNumber/>
   <isFinished/>
   <isEdited/>
   <fullBibliographicDescription/>
  </xenoData>
 </teiHeader>
 <p rend="left emptyline">
  <pb n="290"/>
 </p>
 <div type="section" xml:id="h000014022">
  <head rend="center">
   СТАРЫЙ ТОПОЛЬ
  </head>
  <p rend="center" uuid="be7b147f-70eb-49a4-9403-82352b719f3a">
   <hi rend="italic">
    (Рассказ)
   </hi>
  </p>
  <p rend="left" uuid="b6cf7949-3120-4cb7-930e-b7f2e49fcdfd">
   Пять лет наш сад был заброшен; я нанял работников с топорами и лопатами и сам стал работать с ними в саду. Мы вырубали и вырезывали сушь и дичь и лишние кусты и деревья. Больше всего разрослись и глушили другие деревья — тополь и черемуха. Тополь идет от корней, и его нельзя вырыть, а в земле надо вырубать корни. За прудом стоял огромный в два обхвата тополь. Вокруг него была полянка; она вся заросла отростками тополей. Я велел их рубить: мне хотелось, чтобы место было веселее, а главное, — мне хотелось облегчить старый тополь, потому что я думал: все эти молодые деревья от него идут и из него тянут сок. Когда мы вырубали эти молодые
   <pb n="291"/>
   топольки, мне иногда жалко становилось смотреть, как разрубали под землею их сочные коренья, как потом вчетвером мы тянули и не могли выдернуть надрубленный тополек. Он изо всех сил держался и не хотел умирать. Я подумал: видно, нужно им жить, если они так крепко держатся за жизнь. Но надо было рубить, и я рубил. Потом уже, когда было поздно, я узнал, что не надо было уничтожать их.
  </p>
  <p rend="left" uuid="187b09f7-8bc6-4bef-a8f0-6153af715214">
   Я думал, что отростки вытягивают сок из старого тополя, а вышло наоборот. Когда я рубил их, старый тополь уже умирал. Когда распустились листья, я увидал (он расходился на два сука), что один сук был голый; и в то же лето он засох. Он давно уже умирал и знал это, и передал свою жизнь в отростки.
  </p>
  <p rend="left" uuid="eef45a82-a078-430e-9987-3858a22f8a5b">
   От этого они так скоро разрослись, а я хотел его облегчить — и побил всех его детей.
  </p>
 </div>
</TEI>