<?xml version="1.0" encoding="utf-8"?>
<TEI xmlns="http://www.tei-c.org/ns/1.0" xmlns:xi="http://www.w3.org/2001/XInclude">
 <teiHeader>
  <fileDesc>
   <titleStmt>
    <title>
     Произведения, написанные для «Азбуки» и не включенные в нее
    </title>
    <author>
     Толстой Л.Н.
    </author>
    <respStmt>
     <resp>
      подготовка TEI/XML
     </resp>
     <name>
      Мария Картышева, Евгений Можаев, Даниил Скоринкин, Елена Сидорова, Вероника Файнберг, Кирилл Милинцевич
     </name>
    </respStmt>
    <respStmt>
     <name>
      Анастасия Бонч-Осмоловская, Фёкла Толстая, Борис Орехов
     </name>
     <resp>
      Идея, постановка задач, руководство
     </resp>
    </respStmt>
   </titleStmt>
   <publicationStmt>
    <idno>
     Азбука  | Произведения, написанные для «Азбуки» и не включенные в нее
    </idno>
    <publisher>
     <orgName>
      Школа лингвистики НИУ ВШЭ
     </orgName>
    </publisher>
    <availability>
     <p>
      Тексты и метатекстовая разметка доступны для свободного использования и распространения по лицензии Creative Commons Attribution Share-Alike (cc by-sa)
     </p>
    </availability>
   </publicationStmt>
   <sourceDesc>
    <biblStruct>
     <analytic>
      <author>
       Толстой Л.Н.
      </author>
      <title level="a">
       Произведения, написанные для «Азбуки» и не включенные в нее
      </title>
     </analytic>
     <monogr>
      <title level="m">
       Полное собрание сочинений. Том 21
      </title>
      <imprint>
       <pubPlace>
        Москва
       </pubPlace>
       <publisher>
        Государственное издательство "Художественная литература"
       </publisher>
       <date when="1871-1872"/>
      </imprint>
     </monogr>
     <series>
      <title level="s">
       Л.Н. Толстой. Полное собрание сочинений
      </title>
      <biblScope unit="vol">
       21
      </biblScope>
     </series>
    </biblStruct>
   </sourceDesc>
  </fileDesc>
  <encodingDesc>
   <classDecl>
    <xi:include href="taxonomy.xml"/>
   </classDecl>
  </encodingDesc>
  <profileDesc>
   <creation>
    <date notAfter="1872" notBefore="1871">
     1871-1872
    </date>
    <rs/>
   </creation>
   <textClass>
    <catRef target="#fiction" type="sphere"/>
    <catRef target="#произведения для детей" type="type"/>
    <catRef target="#works" type="works_letters_diaries"/>
    <catRef target="#сборник" type="ninetyDef"/>
    <catRef target="#Неопубликованное, неотделанное, неоконченное" type="main_var"/>
    <catRef target="#сборник" type="type_short"/>
    <catRef target="None" type="translation"/>
    <catRef target="None" type="translation_origin"/>
    <catRef target="#да" type="tolstoy_or_not"/>
    <catRef target="None" type="name_status"/>
   </textClass>
   <preparedness>
    finished
   </preparedness>
   <settingDesc>
    <time>
     XIX век
    </time>
   </settingDesc>
  </profileDesc>
  <xenoData>
   <cyclusName/>
   <p>
    Проект
    <title>
     Толстой.Digital
    </title>
    разрабатывается сотрудниками и студентами
    <orgName>
     Высшей школы экономики
    </orgName>
    в сотрудничестве с
    <orgName>
     Государственным музеем Л.Н. Толстого
    </orgName>
    . Источник текстов –
    <bibl>
     90-томное собрание сочинений Л.Н.Толстого
    </bibl>
    . Разметка основана на стандарте
    <ref target="http://www.tei-c.org">
     TEI (Text Encoding Initiative)
    </ref>
    .
   </p>
   <versionNumber/>
   <isFinished/>
   <isEdited/>
   <fullBibliographicDescription/>
  </xenoData>
 </teiHeader>
 <p rend="left emptyline">
  <pb n="154"/>
 </p>
 <div type="section" xml:id="h000012020">
  <head rend="center">
   СУДОМА
  </head>
  <p id="1b7dc4b3-777c-4519-a36c-85505191a6fc" rend="center">
   <hi rend="italic">
    (Сказка)
   </hi>
  </p>
  <p id="8a8ae681-0abc-4c0a-91f1-0ba4194d89ff" rend="left">
   В Псковской губернии, в Пороховском уезде, есть речка Судома, и на берегах этой речки есть две горы, друг против дружки.
  </p>
  <p id="941932a3-775c-46d3-8026-e5518c152e72" rend="left">
   На одной горе был прежде городок Вышгород, на другой горе в прежние времена судились славяне. Старики рассказывают, что на этой горе в старину с неба висела цепь и что кто был прав, тот до цепи доставал рукой, а кто был виноват, тот не мог достать. Один человек занял у другого деньги и отперся. Привели их обоих на гору Судому и велели доставать до цепи. Тот, кто давал деньги, поднял руку и сразу достал. Пришел черед виноватому доставать. Он не отпирался, а только отдал свой костыль подержать тому, с кем судился, чтобы ловчее было руками достать до цепи; протянул руки и достал. Тогда народ удивился: как, оба правы? А у виноватого костыль был пустой, и в костыле были запрятаны те самые деньги, в каких он отпирался. Когда он отдал в руки костыль с деньгами подержать
   <pb n="155"/>
   тому, кому он должен был, он с костылем отдал и деньги, и потому достал цепь.
  </p>
  <p id="0315b57f-071e-4bb1-85b8-20611a94ac02" rend="left">
   Так он обманул всех. Но с тех пор цепь поднялась на небо и больше не спускалась. Так рассказывают старики.
  </p>
 </div>
</TEI>