<?xml version="1.0" encoding="utf-8"?>
<TEI xmlns="http://www.tei-c.org/ns/1.0" xmlns:xi="http://www.w3.org/2001/XInclude">
 <teiHeader>
  <fileDesc>
   <titleStmt>
    <title>
     Произведения, написанные для «Азбуки» и не включенные в нее
    </title>
    <author>
     Толстой Л.Н.
    </author>
    <respStmt>
     <resp>
      подготовка TEI/XML
     </resp>
     <name>
      Мария Картышева, Евгений Можаев, Даниил Скоринкин, Елена Сидорова, Вероника Файнберг, Кирилл Милинцевич
     </name>
    </respStmt>
    <respStmt>
     <name>
      Анастасия Бонч-Осмоловская, Фёкла Толстая, Борис Орехов
     </name>
     <resp>
      Идея, постановка задач, руководство
     </resp>
    </respStmt>
   </titleStmt>
   <publicationStmt>
    <idno>
     Азбука  | Произведения, написанные для «Азбуки» и не включенные в нее
    </idno>
    <publisher>
     <orgName>
      Школа лингвистики НИУ ВШЭ
     </orgName>
    </publisher>
    <availability>
     <p>
      Тексты и метатекстовая разметка доступны для свободного использования и распространения по лицензии Creative Commons Attribution Share-Alike (cc by-sa)
     </p>
    </availability>
   </publicationStmt>
   <sourceDesc>
    <biblStruct>
     <analytic>
      <author>
       Толстой Л.Н.
      </author>
      <title level="a">
       Произведения, написанные для «Азбуки» и не включенные в нее
      </title>
     </analytic>
     <monogr>
      <title level="m">
       Полное собрание сочинений. Том 21
      </title>
      <imprint>
       <pubPlace>
        Москва
       </pubPlace>
       <publisher>
        Государственное издательство "Художественная литература"
       </publisher>
       <date when="1871-1872"/>
      </imprint>
     </monogr>
     <series>
      <title level="s">
       Л.Н. Толстой. Полное собрание сочинений
      </title>
      <biblScope unit="vol">
       21
      </biblScope>
     </series>
    </biblStruct>
   </sourceDesc>
  </fileDesc>
  <encodingDesc>
   <classDecl>
    <xi:include href="taxonomy.xml"/>
   </classDecl>
  </encodingDesc>
  <profileDesc>
   <creation>
    <date notAfter="1872" notBefore="1871">
     1871-1872
    </date>
    <rs/>
   </creation>
   <textClass>
    <catRef target="#fiction" type="sphere"/>
    <catRef target="#произведения для детей" type="type"/>
    <catRef target="#works" type="works_letters_diaries"/>
    <catRef target="#сборник" type="ninetyDef"/>
    <catRef target="#Неопубликованное, неотделанное, неоконченное" type="main_var"/>
    <catRef target="#сборник" type="type_short"/>
    <catRef target="None" type="translation"/>
    <catRef target="None" type="translation_origin"/>
    <catRef target="#да" type="tolstoy_or_not"/>
    <catRef target="None" type="name_status"/>
   </textClass>
   <preparedness>
    finished
   </preparedness>
   <settingDesc>
    <time>
     XIX век
    </time>
   </settingDesc>
  </profileDesc>
  <xenoData>
   <cyclusName/>
   <p>
    Проект
    <title>
     Толстой.Digital
    </title>
    разрабатывается сотрудниками и студентами
    <orgName>
     Высшей школы экономики
    </orgName>
    в сотрудничестве с
    <orgName>
     Государственным музеем Л.Н. Толстого
    </orgName>
    . Источник текстов –
    <bibl>
     90-томное собрание сочинений Л.Н.Толстого
    </bibl>
    . Разметка основана на стандарте
    <ref target="http://www.tei-c.org">
     TEI (Text Encoding Initiative)
    </ref>
    .
   </p>
   <versionNumber/>
   <isFinished/>
   <isEdited/>
   <fullBibliographicDescription/>
  </xenoData>
 </teiHeader>
 <p rend="left emptyline">
  <pb n="150"/>
 </p>
 <div type="section" xml:id="h000012012">
  <head rend="center">
   САМОКРУТКА
  </head>
  <p id="7f3ae6b8-fcfa-4813-897e-b0c722dfc534" rend="center">
   <hi rend="italic">
    (Быль)
   </hi>
  </p>
  <p id="9649c0eb-fb06-43b5-a3db-3041aec73aa0" rend="left">
   Один мужик выучился мельничному мастерству и стал делать мельницы водяные, ветряные и конные.
  </p>
  <p id="64dcb675-9f68-401d-9edf-891599155bf3" rend="left">
   Потом он задумал сделать такую мельницу, чтобы не нужно было ни воды, ни ветра, ни лошадей; он хотел сделать так, чтобы тяжелый камень спускался книзу и своей тяжестью
   <pb n="151"/>
   вертел колесо, и опять бы поднимался кверху, и опять спускался — так, чтобы мельница ходила сама.
  </p>
  <p id="5ae8d55d-55f8-4d4a-aa3e-a8abf66af43c" rend="left">
   Мужик пошел к барину и сказал: «Я придумал такую мельницу-самокрутку, что сама будет ходить, без воды и без лошадей; только раз завести, — она и будет ходить до тех пор, пока остановишь. Нет только у меня денег на лес да на чугун. Дай мне, барин, триста рублей денег, я тебе первому сделаю такую мельницу».
  </p>
  <p id="d0baf5ed-1c2e-422b-84c4-598de6a6a222" rend="left">
   Барин спросил у мужика — знает ли он грамоте.
  </p>
  <p id="1194a51b-d662-4c86-b194-680acc18cbae" rend="left">
   Мужик сказал, что не знает.
  </p>
  <p id="a93491c9-3876-490c-b4b3-71db73361ddd" rend="left">
   Тогда барин сказал: «Вот если бы ты знал грамоте, я бы тебе книжку дал о механике, и там ты бы прочел о такой мельнице и увидал бы, что такой мельницы сделать нельзя, что много людей ученых посходили с ума — всё выдумывали такую мельницу, чтоб сама ходила».
  </p>
  <p id="40cbe79f-bfc3-464a-8b88-5cfad25cbeb3" rend="left">
   Мужик не поверил барину и сказал: «В книгах ваших много дурно пишут. Так-то ученый машинист построил крупорушку купцу в городе, да только испортил; а я хоть неграмотный, да как взглянул, так увидал и переладил рушку — стала работать».
  </p>
  <p id="7e05d0d0-be6b-4c0b-be1f-33cd5203af9c" rend="left">
   Барин сказал: «Чем же ты подымешь свой камень, когда он спустится?»
  </p>
  <p id="e735bc86-8048-49c5-a5ec-bd744d3bcfe1" rend="left">
   Мужик сказал: «Сам по колесу поднимется».
  </p>
  <p id="efa8e196-cc53-4642-8084-4e537b4f9da3" rend="left">
   Барин сказал: «Поднимется, да ниже, а другой раз поднимется еще ниже и станет, какие ты колеса не прилаживай. Всё равно, как если на салазках с большой горы съедешь — на маленькую поднимешься, а с маленькой назад на большую никак не поднимешься».
  </p>
  <p id="dd632c09-2dc1-4707-b369-c6661ad59b58" rend="left">
   Мужик не поверил, а пошел к купцу и обещал ему сделать мельницу без воды и лошадей.
  </p>
  <p id="5dd2cb88-faa8-4f52-a5d1-231d7b0ea013" rend="left">
   Купец дал денег. Мужик строил, строил, простроил все 300 рублей, а мельница не ходит.
  </p>
  <p id="fe86f018-ff40-487d-bf7a-8e879097ac39" rend="left">
   Тогда мужик стал свое имение продавать и всё простроил.
  </p>
  <p id="3a58681e-5145-4e50-9ca3-80113cdad011" rend="left">
   А купец говорит: «Давай мне мельницу, чтобы сама ходила, без лошадей, или деньги давай назад».
  </p>
  <p id="117530df-a284-4a1e-b477-ce7272e84e30" rend="left">
   Пришел мужик к барину и рассказал о своем горе.
  </p>
  <p id="ae6a717e-a58a-47ce-9e51-7cfdc42400d3" rend="left">
   Барин дал ему денег и говорит: «Оставайся у меня работать: строй ты мне мельницы, только водяные да конные — на это ты мастер, а вперед за то не берись, чего и поумнее тебя люди не сделали».
  </p>
  <p id="f59ed264-02b5-42c8-94cb-41322f6dd18a" rend="left emptyline">
   <pb n="152"/>
  </p>
 </div>
</TEI>