<?xml version="1.0" encoding="utf-8"?>
<TEI xmlns="http://www.tei-c.org/ns/1.0" xmlns:xi="http://www.w3.org/2001/XInclude">
 <teiHeader>
  <fileDesc>
   <titleStmt>
    <title>
     Произведения, написанные для «Азбуки» и не включенные в нее
    </title>
    <author>
     Толстой Л.Н.
    </author>
    <respStmt>
     <resp>
      подготовка TEI/XML
     </resp>
     <name>
      Мария Картышева, Евгений Можаев, Даниил Скоринкин, Елена Сидорова, Вероника Файнберг, Кирилл Милинцевич
     </name>
    </respStmt>
    <respStmt>
     <name>
      Анастасия Бонч-Осмоловская, Фёкла Толстая, Борис Орехов
     </name>
     <resp>
      Идея, постановка задач, руководство
     </resp>
    </respStmt>
   </titleStmt>
   <publicationStmt>
    <idno>
     Азбука  | Произведения, написанные для «Азбуки» и не включенные в нее
    </idno>
    <publisher>
     <orgName>
      Школа лингвистики НИУ ВШЭ
     </orgName>
    </publisher>
    <availability>
     <p>
      Тексты и метатекстовая разметка доступны для свободного использования и распространения по лицензии Creative Commons Attribution Share-Alike (cc by-sa)
     </p>
    </availability>
   </publicationStmt>
   <sourceDesc>
    <biblStruct>
     <analytic>
      <author>
       Толстой Л.Н.
      </author>
      <title level="a">
       Произведения, написанные для «Азбуки» и не включенные в нее
      </title>
     </analytic>
     <monogr>
      <title level="m">
       Полное собрание сочинений. Том 21
      </title>
      <imprint>
       <pubPlace>
        Москва
       </pubPlace>
       <publisher>
        Государственное издательство "Художественная литература"
       </publisher>
       <date when="1871-1872"/>
      </imprint>
     </monogr>
     <series>
      <title level="s">
       Л.Н. Толстой. Полное собрание сочинений
      </title>
      <biblScope unit="vol">
       21
      </biblScope>
     </series>
    </biblStruct>
   </sourceDesc>
  </fileDesc>
  <encodingDesc>
   <classDecl>
    <xi:include href="taxonomy.xml"/>
   </classDecl>
  </encodingDesc>
  <profileDesc>
   <creation>
    <date notAfter="1872" notBefore="1871">
     1871-1872
    </date>
    <rs/>
   </creation>
   <textClass>
    <catRef target="#fiction" type="sphere"/>
    <catRef target="#произведения для детей" type="type"/>
    <catRef target="#works" type="works_letters_diaries"/>
    <catRef target="#сборник" type="ninetyDef"/>
    <catRef target="#Неопубликованное, неотделанное, неоконченное" type="main_var"/>
    <catRef target="#сборник" type="type_short"/>
    <catRef target="None" type="translation"/>
    <catRef target="None" type="translation_origin"/>
    <catRef target="#да" type="tolstoy_or_not"/>
    <catRef target="None" type="name_status"/>
   </textClass>
   <preparedness>
    finished
   </preparedness>
   <settingDesc>
    <time>
     XIX век
    </time>
   </settingDesc>
  </profileDesc>
  <xenoData>
   <cyclusName/>
   <p>
    Проект
    <title>
     Толстой.Digital
    </title>
    разрабатывается сотрудниками и студентами
    <orgName>
     Высшей школы экономики
    </orgName>
    в сотрудничестве с
    <orgName>
     Государственным музеем Л.Н. Толстого
    </orgName>
    . Источник текстов –
    <bibl>
     90-томное собрание сочинений Л.Н.Толстого
    </bibl>
    . Разметка основана на стандарте
    <ref target="http://www.tei-c.org">
     TEI (Text Encoding Initiative)
    </ref>
    .
   </p>
   <versionNumber/>
   <isFinished/>
   <isEdited/>
   <fullBibliographicDescription/>
  </xenoData>
 </teiHeader>
 <p rend="left emptyline">
  <pb n="294"/>
 </p>
 <div type="section" xml:id="h000014027">
  <head rend="center">
   РАССКАЗ АЭРОНАВТА
  </head>
  <p rend="left" uuid="e7be8c22-b888-4b14-97b8-0c733b8954ff">
   Народ собрался смотреть на то, как я полечу. Шар был готов. Он подрагивал, рвался вверх на четырех канатах и то морщился, то надувался. Я простился с своими, сел в лодку, осмотрел, все ли мои припасы были по местам, и закричал:
   <pb n="295"/>
   «Пускай!». Канаты подрезали, и шар поднялся кверху, сначала тихо, — как жеребец сорвался с привязи и оглядывался, — и вдруг дернул кверху и полетел так, что дрогнула и закачалась лодка. Внизу захлопали в ладоши, закричали и замахали платками и шляпами. Я взмахнул им шляпой и не успел опять надеть ее, как уж я был так высоко, что с трудом мог разобрать людей. Первую минуту мне стало жутко, и мороз пробежал по жилам; но потом вдруг так стало весело на душе, что я забыл бояться. Мне уж чуть слышен был шум в городе. Как пчелы шумел народ внизу. Улицы, дома, река, сады в городе виднелись мне внизу, как на картинке. Мне казалось, что я царь над всем городом и народом, — так мне весело было наверху. Я шибко поднимался кверху, только подрагивали веревки в лодке, да раз налетел на меня ветер, перевернул меня два раза на месте; но потом опять не слыхать было, лечу ли я, или стою на месте. Я только потому замечал, что лечу кверху, что всё меньше и меньше становилась подо мной картинка города и дальше становилось видно. Земля точно росла подо мной, становилась шире и шире, и вдруг я заметил, что земля подо мной стала, как чашка. Края были выпуклые, — на дне чашки был город. Мне веселее и веселее становилось. Весело и легко было дышать и хотелось петь. Я запел, но голос мой был такой слабый, что я удивился и испугался своему голосу.
  </p>
  <p rend="left" uuid="693e1d3c-a077-4723-aea5-1a9b5149c02c">
   Солнце стояло еще высоко, но на закате тянулась туча, — и вдруг она закрыла солнце. Мне опять стало жутко, и я, чтоб заняться чем-нибудь, достал барометр и посмотрел на него, и по нем узнал, что я поднялся уже на 4 версты. Когда я клал на место барометр, что-то затрепыхалось около меня, и я увидал голубка. Я вспомнил, что взял голубка затем, чтобы спустить его с записочкой вниз. Я написал на бумажке, что я жив и здоров, на 4-х верстах высоты, и привязал бумажку к шее голубя. Голубь сидел на краю лодки и смотрел на меня своими красноватыми глазами. Мне казалось, что он просил меня, чтобы я не сталкивал его. С тех пор, как стало пасмурно, внизу ничего не было видно. Но нечего делать, надо было послать вниз голубя. Он дрожал всеми перышками, когда я взял его в руку. Я отвел руку и бросил его. Он, часто махая крыльями, полетел боком, как камень, книзу. Я посмотрел на барометр. Теперь я уже был на пять верст над землею и почувствовал, что мне воздуха мало, и я часто стал дышать.
  </p>
  <p rend="left" uuid="659b3338-00a2-46e9-8163-f0ddcf3b7da2">
   <pb n="296"/>
   Я потянул за веревку, чтобы выпустить газ и спускаться, но ослабел ли я, или сломалось что-нибудь, — клапан не открывался. Я обмер. Мне не слыхать было, чтобы я поднимался, ничто не шевелилось, но дышать мне становилось всё тяжелее и тяжелее. «Если я не остановлю шар, — подумал я, — то он лопнет, и я пропал». Чтобы узнать, поднимаюсь ли я, или стою на месте, я выбросил бумажки из лодки. Бумажки точно камни летели книзу. Значит, я, как стрела, летел кверху. Я изо всех сил ухватился за веревку и потянул. Слава богу, клапан открылся, засвистало что-то. Я выбросил еще бумажку, — бумажка полетела около меня и поднялась. Значит, я опускался. Внизу всё еще ничего не было видно, только как море тумана расстилалось подо мной. Я спустился в туман: это были тучи. Потом подул ветер, понес меня куда-то, и скоро выглянуло солнце, и я увидал под собой опять чашку земли. Но не было еще нашего города, а какие-то леса и две синие полосы — реки. Опять мне радостно стало на душе и не хотелось спускаться; но вдруг что-то зашумело подле меня, и я увидал орла.
  </p>
  <p rend="left" uuid="b3d01cb9-38c2-481f-b07a-367287d70d89">
   Он удивленными глазами поглядел на меня и остановился на крыльях. Я, как камень, летел вниз. Я стал скидывать балласт, чтобы задержаться.
  </p>
  <p rend="left" uuid="8ddee40f-1d86-4d6c-b176-3ebcff7e0061">
   Скоро мне стали видны поля, лес и у леса деревня, и к деревне идет стадо. Я слышал голоса народа и стада. Шар мой спускался тихо. Меня увидали. Я закричал и бросил им веревки. Сбежался народ. Я увидел, как мальчик первый поймал веревку. Другие подхватили, прикрутили шар к дереву, и я вышел. Я летал только 3 часа. Деревня эта была за 250 верст от моего города.
  </p>
 </div>
</TEI>