<?xml version="1.0" encoding="utf-8"?>
<TEI xmlns="http://www.tei-c.org/ns/1.0" xmlns:xi="http://www.w3.org/2001/XInclude">
 <teiHeader>
  <fileDesc>
   <titleStmt>
    <title>
     Произведения, написанные для «Азбуки» и не включенные в нее
    </title>
    <author>
     Толстой Л.Н.
    </author>
    <respStmt>
     <resp>
      подготовка TEI/XML
     </resp>
     <name>
      Мария Картышева, Евгений Можаев, Даниил Скоринкин, Елена Сидорова, Вероника Файнберг, Кирилл Милинцевич
     </name>
    </respStmt>
    <respStmt>
     <name>
      Анастасия Бонч-Осмоловская, Фёкла Толстая, Борис Орехов
     </name>
     <resp>
      Идея, постановка задач, руководство
     </resp>
    </respStmt>
   </titleStmt>
   <publicationStmt>
    <idno>
     Азбука  | Произведения, написанные для «Азбуки» и не включенные в нее
    </idno>
    <publisher>
     <orgName>
      Школа лингвистики НИУ ВШЭ
     </orgName>
    </publisher>
    <availability>
     <p>
      Тексты и метатекстовая разметка доступны для свободного использования и распространения по лицензии Creative Commons Attribution Share-Alike (cc by-sa)
     </p>
    </availability>
   </publicationStmt>
   <sourceDesc>
    <biblStruct>
     <analytic>
      <author>
       Толстой Л.Н.
      </author>
      <title level="a">
       Произведения, написанные для «Азбуки» и не включенные в нее
      </title>
     </analytic>
     <monogr>
      <title level="m">
       Полное собрание сочинений. Том 21
      </title>
      <imprint>
       <pubPlace>
        Москва
       </pubPlace>
       <publisher>
        Государственное издательство "Художественная литература"
       </publisher>
       <date when="1871-1872"/>
      </imprint>
     </monogr>
     <series>
      <title level="s">
       Л.Н. Толстой. Полное собрание сочинений
      </title>
      <biblScope unit="vol">
       21
      </biblScope>
     </series>
    </biblStruct>
   </sourceDesc>
  </fileDesc>
  <encodingDesc>
   <classDecl>
    <xi:include href="taxonomy.xml"/>
   </classDecl>
  </encodingDesc>
  <profileDesc>
   <creation>
    <date notAfter="1872" notBefore="1871">
     1871-1872
    </date>
    <rs/>
   </creation>
   <textClass>
    <catRef target="#fiction" type="sphere"/>
    <catRef target="#произведения для детей" type="type"/>
    <catRef target="#works" type="works_letters_diaries"/>
    <catRef target="#сборник" type="ninetyDef"/>
    <catRef target="#Неопубликованное, неотделанное, неоконченное" type="main_var"/>
    <catRef target="#сборник" type="type_short"/>
    <catRef target="None" type="translation"/>
    <catRef target="None" type="translation_origin"/>
    <catRef target="#да" type="tolstoy_or_not"/>
    <catRef target="None" type="name_status"/>
   </textClass>
   <preparedness>
    finished
   </preparedness>
   <settingDesc>
    <time>
     XIX век
    </time>
   </settingDesc>
  </profileDesc>
  <xenoData>
   <cyclusName/>
   <p>
    Проект
    <title>
     Толстой.Digital
    </title>
    разрабатывается сотрудниками и студентами
    <orgName>
     Высшей школы экономики
    </orgName>
    в сотрудничестве с
    <orgName>
     Государственным музеем Л.Н. Толстого
    </orgName>
    . Источник текстов –
    <bibl>
     90-томное собрание сочинений Л.Н.Толстого
    </bibl>
    . Разметка основана на стандарте
    <ref target="http://www.tei-c.org">
     TEI (Text Encoding Initiative)
    </ref>
    .
   </p>
   <versionNumber/>
   <isFinished/>
   <isEdited/>
   <fullBibliographicDescription/>
  </xenoData>
 </teiHeader>
 <p rend="left emptyline">
  <pb n="196"/>
 </p>
 <div type="section" xml:id="h000012066">
  <head rend="center">
   СУХМАН
  </head>
  <p id="c9fe5269-dc16-4730-8a3d-2d125359b401" rend="center">
   <hi rend="italic">
    (Стихи-сказка)
   </hi>
  </p>
  <div rend="stih1" type="poem">
   <div type="stanza">
    <p id="98f6f2db-da5b-41da-8c0e-30c8d7886a23" rend="v">
     Как у ласкова князь-Владимира
    </p>
    <p id="51e5cad1-3689-45b7-97e6-c684d4cef5d3" rend="v">
     Пированье шло, шел почестей пир
    </p>
    <p id="f33778b9-d600-4438-84f3-883955d0b6a3" rend="v">
     На бояр, князей, добрых молодцев.
    </p>
    <p id="241a134d-9eb6-4ee5-aafd-ee864171ceb0" rend="v">
     На пиру — то все порасхвасались:
    </p>
    <p id="7d4a1d7d-7390-468d-9439-22327410851b" rend="v">
     Один хвастает золотой казной,
    </p>
    <p id="f5d5904c-c1ef-4d70-bf87-61b1d2e162e0" rend="v">
     Другой хвастает что добрым конем,
    </p>
    <p id="72dd8166-a357-4036-850c-0877156d1875" rend="v">
     Сильный хвастает своей силою,
    </p>
    <p id="26e4a122-0f85-4140-9e33-9284c07299f5" rend="v">
     Глупый хвастает молодой женой,
    </p>
    <p id="1c77552b-97a2-4451-b5c1-b29207706b1c" rend="v">
     Умный хвастает старой матерью.
    </p>
    <p id="ec361a38-c9cb-48f9-a0ba-9713342cc527" rend="v">
     За столом сидит, призадумавшись,
    </p>
    <p id="70cff08c-5e4b-4d7f-82bc-44eb215b7b84" rend="v">
     Богатырь Сухман Одихмантьевич,
    </p>
    <p id="7e6d90ca-b897-469e-8617-95749345ef51" rend="v">
     И ничем Сухман он не хвастает.
    </p>
    <p id="d6e03f5a-c3a3-4bc7-ae4c-0d9c45c75e94" rend="v">
     Тут Владимир князь, красно солнышко,
    </p>
    <p id="94036abe-6276-45dc-96f8-a6a9df1929c3" rend="v">
     Сам по горенке он похажива(е)т,
    </p>
    <p id="af582ad4-840d-4cbb-8962-b1234fd208fd" rend="v">
     Желтыми кудрями он потряхива(е)т,
    </p>
    <p id="d000f6ff-d978-4c71-b718-eb0599011505" rend="v">
     Одихмантьичу выговаривает:
    </p>
    <p id="717f5ae8-6963-484c-99b9-7c2dc7c5cf65" rend="v">
     «Что, Сухмантьюшка, ты задумался?
    </p>
    <p id="71caede6-c901-499d-836e-b27e22e9d50b" rend="v">
     «Что не ешь, не пьешь и не кушаешь,
    </p>
    <p id="9ecdc737-9312-48b5-97e8-1fb40e3ff9e3" rend="v">
     «Белой лебеди ты не рушаешь,
    </p>
    <p id="36401fb3-a6e3-451c-aa7b-cd0cb8c0d9d2" rend="v">
     «И ничем в пиру ты не хвастаешь?»
    </p>
    <p id="39d97fce-f11f-4a77-9055-3cd554c6fcdd" rend="v">
     Взговорил Сухман таковы слова:
    </p>
    <p id="90993bc8-d38d-469b-9fcb-1b4c4210cd72" rend="v">
     «Если хвастать мне ты приказываешь,
    </p>
    <p id="eb82d3a1-ae7a-4950-b726-ef7926a134a6" rend="v">
     «Привезу ж тебе я, похвастаю,
    </p>
    <p id="85313eba-d081-492e-a561-ea3db4863bf5" rend="v">
     «Лебедь белую не кровавлену
    </p>
    <p id="af44bf2f-2bea-4534-928c-a60eaa528d16" rend="v">
     «И не ранену, а живьем в руках».
    </p>
    <p id="c9a00561-486d-4d8f-8f33-dcd4bd86d897" rend="v">
     И вставал Сухман на резвы ноги,
    </p>
    <p id="bd4adff8-5e94-41b8-92b0-3a202a1e5e52" rend="v">
     Он седлал коня свого доброго,
    </p>
    <p id="66938b29-aaf6-4474-b118-ebda8cfc51b3" rend="v">
     Выезжал Сухман ко синю морю,
    </p>
    <p id="736db837-69a7-4bd1-8a25-bb94b450ad33" rend="v">
     Ко синю морю, к тихим заводям.
    </p>
    <p id="674868e9-77e7-4f18-a406-7755255892a7" rend="v">
     Подъезжал Сухман к первой заводи,
    </p>
    <p id="7368c3ca-d74c-4eac-9412-9bbd2ac6c1c5" rend="v">
     Не наезживал белых лебедей.
    </p>
   </div>
  </div>
  <p id="a66af852-5269-4fb7-ac31-86af186c92c5" rend="left poembtw">
   <pb n="197"/>
  </p>
  <div type="poem">
   <div type="stanza">
    <p id="0a7dcdeb-e513-4d3e-9837-f0f8562b6d21" rend="v">
     Подъезжал Сухман к другой заводи,
    </p>
    <p id="d8d8acb9-3631-4aa1-a0b9-b4ad3961958a" rend="v">
     Не нахаживал гусей-лебедей,
    </p>
    <p id="b2b1fec8-6f6e-4e37-bde5-0ceeb6c931f1" rend="v">
     И у третьей тихой заводи —
    </p>
    <p id="247e9436-09f8-4645-9bb6-68c52c82da6f" rend="v">
     Нет серых гусей, белых лебедей.
    </p>
    <p id="86f596da-8cfd-4dd8-ac58-6e6027708377" rend="v">
     Тут Сухмантьюшка призадумался:
    </p>
    <p id="75b42082-9ea2-4360-b682-7a1e13fc4486" rend="v">
     «Как поеду я в славный Киев град?
    </p>
    <p id="94f56579-7294-4693-a859-f3f442fe920f" rend="v">
     «Что сказать будет князь-Владимиру?»
    </p>
    <p id="f82a0af6-1f7b-490a-a51e-5d30be48631a" rend="v">
     И поехал он к мать Непре реке:
    </p>
    <p id="c8ba9727-7ab5-4be2-afe4-c26cbf23a46f" rend="v">
     Глядь, течет Непра не по-старому,
    </p>
    <p id="d073fac4-b97f-43e0-9ed6-9800205ded4b" rend="v">
     Не по-старому, не по-прежнему,
    </p>
    <p id="6b50e3ad-72ed-4fa8-98ef-805aeb4a295d" rend="v">
     А вода с песком в ней смутилася.
    </p>
    <p id="31f7569f-40f2-45a9-8c4f-482a8d4b9ab1" rend="v">
     Тут Непру реку Сухман спрашивал:
    </p>
    <p id="9425da2a-f91d-4a42-9f40-8d6a36685fb8" rend="v">
     «Что течешь ты так, мать Непра река,
    </p>
    <p id="ddd68d24-81d6-4406-ba16-1e557e28f28d" rend="v">
     «Не по-старому, не по-прежнему,
    </p>
    <p id="b9ec0e48-d4df-41bf-8159-bd7b40b6d41d" rend="v">
     «А вода с песком помутилася?»
    </p>
    <p id="5fbbcc7a-2fc0-488d-80f3-c1859cf9858c" rend="v">
     Испровещится мать Непра река:
    </p>
    <p id="033bcd2f-136f-4e25-bf83-904df9dfe835" rend="v">
     «Я затем теку не по-старому
    </p>
    <p id="c0c0f82c-464c-49e3-850f-88f10461d77d" rend="v">
     «Не по-прежнему, по-старинному,
    </p>
    <p id="66232ac8-7265-44ff-94f0-96abd42e49de" rend="v">
     «Что стоят за мной, за Непрой рекой,
    </p>
    <p id="4da4177c-af10-4a81-af2c-568fd957cb43" rend="v">
     «Сорок тысячей злых татаровей.
    </p>
    <p id="e58cee86-d18d-4fd2-8d1b-2948e225b7cd" rend="v">
     «Они мост мостят с утра до ночи.
    </p>
    <p id="4a046e70-9ec1-43b5-9532-370531c80dcd" rend="v">
     «Что намостят днем, то в ночь вырою.
    </p>
    <p id="da1ae371-ccb7-4b88-9ea0-891c3cd127fd" rend="v">
     «Да из сил уж я выбиваюся».
    </p>
    <p id="1202b35b-5ff3-4fb7-967a-1932e389b990" rend="v">
     Взговорил Сухман таковы слова:
    </p>
    <p id="7f07aa47-b8ea-4193-9b53-99bfe71e462a" rend="v">
     «То не честь-хвала молодецкая —
    </p>
    <p id="9ac5e4bb-b445-44aa-a02f-83ad4b780a4f" rend="v">
     «Не отведать мне сил татарскиих».
    </p>
    <p id="659c65cf-8670-4742-835d-dc70edf322dc" rend="v">
     И пустил коня свого доброго.
    </p>
    <p id="a2cbd66d-b93d-4452-8fb1-454e5f84d48f" rend="v">
     Чрез Непру реку перескакивал,
    </p>
    <p id="1aa753ed-0fef-4813-a1a7-a065bc9c157d" rend="v">
     Не мочил копыт его добрый конь.
    </p>
    <p id="9f549a79-39ed-4789-aa12-a888b62f9f46" rend="v">
     Подбежал Сухман ко сыру дубу,
    </p>
    <p id="dc559535-5183-4c5d-a2f5-e52af8642b83" rend="v">
     Ко сыру дубу, кряковистому,
    </p>
    <p id="b01dc7a0-29ca-457c-9719-39c3a72b8f47" rend="v">
     Дуб с кореньями выворачивал.
    </p>
    <p id="8f442919-03ba-4050-8bc2-f6e267e36fd1" rend="v">
     А с комля дуба белый сок бежал;
    </p>
    <p id="892c4fa6-610c-4f1d-aa0d-0fa5a86482a1" rend="v">
     Ту дубиночку за вершину брал
    </p>
    <p id="c62a4d8f-b778-4d5e-a29e-909c695d55cb" rend="v">
     И пустил коня на татаровей.
    </p>
    <p id="6bc1a25d-43ed-4efe-b70d-c06d1b14921a" rend="v">
     Стал Сухмантьюшка поворачивать,
    </p>
    <p id="e46953d3-729b-4e3b-843d-abafd7e6aa6c" rend="v">
     Той дубиночкой стал помахивать.
    </p>
    <p id="f677fbf7-6b64-42b5-9baf-dc9d6240164a" rend="v">
     Как махнет вперед — станет улица,
    </p>
    <p id="e4f0bd43-8cdd-45c4-bebd-f0c4b0ab560f" rend="v">
     Отвернет назад — переулочек.
    </p>
    <p id="c4ee5d9b-e915-403d-8377-f3f6cd7b55d9" rend="v">
     Всех побил татар Одихмантьевич,
    </p>
   </div>
  </div>
  <p id="b3b2ae39-5e06-4bd0-ba83-e15abc3dc862" rend="left poembtw">
   <pb n="198"/>
  </p>
  <div rend="stih1" type="poem">
   <div type="stanza">
    <p id="a8ce41e6-569f-483a-b871-39005943f682" rend="v">
     Убежало ли три татарченка, —
    </p>
    <p id="aeeb297f-9828-4ac0-8881-9156f77f7c9c" rend="v">
     Под кусточками, под ракитовыми
    </p>
    <p id="0afabdf9-7e35-4456-8986-5867377f8653" rend="v">
     У Непры реки схоронилися.
    </p>
    <p id="7e19b7b0-1185-4a8a-84b3-d1f7ea164b63" rend="v">
     Подъезжал Сухман к мать-Непре реке,
    </p>
    <p id="190adda3-1b14-4370-963c-d8e1327c7d2a" rend="v">
     Из-под кустиков в Одихмантьича
    </p>
    <p id="bbcb91cc-3780-4b5e-acec-2230301af7b5" rend="v">
     Три татарченка стрелки пустили
    </p>
    <p id="7b9ec0aa-a642-4341-8486-8bee95256a8e" rend="v">
     Во его бока, в тело белое.
    </p>
    <p id="9a63ada0-3d28-43d1-875e-e1fc1ca80a80" rend="v">
     Свет Сухмантьюшка стрелки выдернул
    </p>
    <p id="77ee58e7-775b-4bea-8fc4-6b6a9f8aa3fc" rend="v">
     Из своих боков, из кровавых ран,
    </p>
    <p id="2adbe152-43c8-4a2d-a6ba-3d2775726f90" rend="v">
     Листьем маковым позатыкивал,
    </p>
    <p id="892b20d3-454f-418f-9660-3bf2914962fd" rend="v">
     И спорол ножом трех татарченков.
    </p>
    <p id="e4509a6a-bd3c-4bcd-9e29-2191853c8c71" rend="v">
     Приезжал Сухман к князь-Владимиру.
    </p>
    <p id="2735af7f-3960-4673-9cb1-c62c88eeb85e" rend="v">
     Привязал коня на дворе к столбу.
    </p>
    <p id="7e6d1456-c9e9-4abf-8bde-f7ba39d46b36" rend="v">
     Сам входил Сухман во столовую.
    </p>
    <p id="11bda47b-0bb2-48d1-a917-62f385bca0c6" rend="v">
     Тут Владимир князь, красно солнышко,
    </p>
    <p id="db156082-923b-4de3-93db-300a311ff7a3" rend="v">
     Сам по горенке он похаживает,
    </p>
    <p id="212f0c78-7846-44b9-b52b-3b8349d49173" rend="v">
     Одихмантьичу выговаривает:
    </p>
    <p id="1987d63b-1a3d-4104-a7d0-c16bfbc8825d" rend="v">
     «Что ж, Сухмантьюшка, не привез ты мне
    </p>
    <p id="3cb29adb-9ec3-462f-a978-3452463c033e" rend="v">
     «Лебедь белую, не кровавлену?»
    </p>
    <p id="453e955b-fba6-4af8-9c37-29f07524a6f9" rend="v">
     Взговорит Сухман таковы слова:
    </p>
    <p id="f3ff809e-f2fc-4aa6-a0c7-e4c084d8bdf0" rend="v">
     «Гой, Владимир князь, за Непрой рекой
    </p>
    <p id="e13463af-5731-4eae-99bb-70baf96ae004" rend="v">
     «Доходило мне не до лебедей.
    </p>
    <p id="e38a5a7f-0290-4ed4-8a6f-f1b49cd1fb14" rend="v">
     «Повстречалась мне за Непрой рекой
    </p>
    <p id="a394abf3-cb2f-4c57-bc93-3caf2cbeefff" rend="v">
     «Сила ратная в сорок тысячей: —
    </p>
    <p id="c4eba663-0a16-45a0-8c03-0929e22e294f" rend="v">
     «Шли во Киев град злы татаровья,
    </p>
    <p id="e1bd1ab0-f7e3-4447-ae5b-aa5dba7e8311" rend="v">
     «С утра до ночи мосты ладили,
    </p>
    <p id="69a5a58a-a6e9-4ca9-bfa7-1a1f4c45d48f" rend="v">
     «А Непра река вырывала в ночь,
    </p>
    <p id="5fdd4fdf-6d10-4d68-ae68-72b8370640b8" rend="v">
     «Да из сил она выбивалася.
    </p>
    <p id="b352dcbd-780e-4bde-9151-fd79bd671159" rend="v">
     «Я пустил коня на татаровей
    </p>
    <p id="85da5ccb-0137-4ad0-85fe-8d4447052417" rend="v">
     «И побил их всех до единого».
    </p>
    <p id="4b96dda8-886d-4eca-98ab-31e38a9f7e1c" rend="v">
     Володимир князь, красно солнышко,
    </p>
    <p id="b70439b9-dce8-4df8-b450-74e260eca8da" rend="v">
     Тем словам его не уверовал,
    </p>
    <p id="2f4d09de-2791-466d-9e96-f3306ff667ca" rend="v">
     Приказал слугам своим верныим
    </p>
    <p id="e31aef29-7a1c-4bfe-a474-8314922e0e2f" rend="v">
     Брать Сухмантия за белы руки,
    </p>
    <p id="176b0f2f-2283-4998-aa55-68b2ee1862fb" rend="v">
     В погреба сажать во глубокие;
    </p>
    <p id="438b9f36-88dc-4c9d-adb1-582b6c18b0b5" rend="v">
     А Добрынюшку посылал к Непре
    </p>
    <p id="4894283d-a9a2-4f2b-975b-8d5643f0f427" rend="v">
     Про Сухмантьевы сведать заработки.
    </p>
    <p id="c63217ce-f0e2-4d63-9ff3-48a00ba6462f" rend="v">
     Встал Добрынюшка на резвы ноги,
    </p>
    <p id="1b436871-acf3-4f04-96db-28697d60fa6c" rend="v">
     Он седлал коня свого доброго,
    </p>
    <p id="248c9bf9-54ca-42d6-8055-74cd85cc067e" rend="v">
     Выезжал в поле к мать-Непре реке,
    </p>
   </div>
  </div>
  <p id="718997c3-737c-4388-902a-b84b263cb8bf" rend="left poembtw">
   <pb n="199"/>
  </p>
  <div type="poem">
   <div type="stanza">
    <p id="cc4ace36-ed89-4d20-be74-d0a14802c959" rend="v">
     Увидал — лежит сила ратная,
    </p>
    <p id="7054c48e-c48c-4301-b8c6-be1fd0592d9b" rend="v">
     В сорок тысячей, вся побитая.
    </p>
    <p id="dedceee2-b706-4c83-9874-26861a99d4d3" rend="v">
     И валяется дуб с кореньями,
    </p>
    <p id="1ca4b8d4-8f3d-44ff-abac-85262b0aedcc" rend="v">
     На лучиночки весь исщепанный.
    </p>
    <p id="f3e5ec20-69ab-4a53-91d7-9bf301215466" rend="v">
     Дуб Добрынюшка подымал с земли,
    </p>
    <p id="041457df-c2eb-4f0c-ae41-76409f7503e4" rend="v">
     Привозил его ко Владимиру,
    </p>
    <p id="bceed911-828f-4d1e-a836-12db6eaa002a" rend="v">
     Так Добрынюшка выговаривал:
    </p>
    <p id="94b8a982-258a-49c6-a56b-3a8ca6e173ef" rend="v">
     «Правдой хвастает Одихмантьевич:
    </p>
    <p id="b37497d4-139c-4251-b365-2e93ece2b0bf" rend="v">
     «За Непрой рекой я видал — лежат
    </p>
    <p id="e2d33be3-6284-428e-8cbe-16d2850f8439" rend="v">
     «Сорок тысячей злых татаровей,
    </p>
    <p id="78d7e5a5-8917-44ef-959b-67834eeb5416" rend="v">
     «И дубиночка Одихмантьича
    </p>
    <p id="0a73d833-dd8a-44be-aacf-33bd26310034" rend="v">
     «На лучиночки вся исщепана».
    </p>
    <p id="43a550e9-291f-4518-85f4-708ae0ff3da3" rend="v">
     Тут велел слугам Володимир князь
    </p>
    <p id="b51283ce-d5e9-4fe1-bbee-aa99cd81fbf0" rend="v">
     В погреба идти во глубокие,
    </p>
    <p id="f486761f-5d05-4636-9493-dd7a418d594f" rend="v">
     Выводить скорей Одихмантьича.
    </p>
    <p id="35adbc63-443c-4283-957b-8a65bf9e73b2" rend="v">
     Приводить к себе на ясны очи;
    </p>
    <p id="dbbc5d2d-7819-41f7-ae58-1a07d8eefdc7" rend="v">
     Таковы слова выговаривал:
    </p>
    <p id="818b5917-1974-4cae-85a4-ece8896613db" rend="v">
     «За услуги те за великие
    </p>
    <p id="337b43ae-4866-4af9-945a-8085fa228840" rend="v">
     «Добра молодца буду миловать,
    </p>
    <p id="9332b86a-7ae2-44e3-8a20-287837be799f" rend="v">
     «Буду жаловать его до люби
    </p>
    <p id="a657f600-1073-429e-ac20-624d6b3c65b7" rend="v">
     «Городами ли с пригородками,
    </p>
    <p id="c2069430-f319-4e08-888e-c493616ea990" rend="v">
     «Еще селами да с приселками,
    </p>
    <p id="93c0696a-481b-4560-8a67-6df081c26e2f" rend="v">
     «Золотой казной да бессчетною».
    </p>
    <p id="d14ffa60-2d2f-4b94-bda0-c9a41caf0f52" rend="v">
     В погреба идут во глубокие
    </p>
    <p id="e5f1ff31-1b1f-4725-bf7b-7315efbf8e7d" rend="v">
     К Одихмантьичу слуги верные,
    </p>
    <p id="58270031-6e4a-4cd4-8202-dc73151f0334" rend="v">
     Говорят ему таковы слова:
    </p>
    <p id="ceb41fa7-5e82-4559-867a-78fd35ae047c" rend="v">
     «Выходи, Сухман, ты из погреба:
    </p>
    <p id="df3f5799-5dbd-408c-80a4-27cea66e3776" rend="v">
     «Володимир князь тебя милует,
    </p>
    <p id="107b3421-b074-48c1-9334-d031fc78359a" rend="v">
     «За твои труды за великие
    </p>
    <p id="3b770522-ea5a-4755-a697-ae4ff79e4afc" rend="v">
     «Хочет солнышко тебя жаловать
    </p>
    <p id="8a000779-d2ba-4230-a1ad-47036e5583e1" rend="v">
     «Городами ли с пригородками,
    </p>
    <p id="5f75c784-c86d-480d-b3e7-41a9ede90433" rend="v">
     «Еще селами да с приселками,
    </p>
    <p id="ef041758-a9db-46ec-9f52-e2b6068816b8" rend="v">
     «Золотой казной да бессчетною».
    </p>
    <p id="81f9d86d-4af7-40a3-9d44-e5a72ee8447f" rend="v">
     Выходил Сухман во чисто поле,
    </p>
    <p id="a558326b-1b15-4d40-a28f-8eb089d2511a" rend="v">
     Говорил Сухман таковы слова:
    </p>
    <p id="dba5feb6-974d-453b-9e41-ccb6eb6477c3" rend="v">
     «Гой, Владимир князь, красно солнышко,
    </p>
    <p id="9112d5fb-1093-47b8-8e22-02b7829f0e68" rend="v">
     «Не умел меня в пору миловать,
    </p>
    <p id="78afc8cc-7374-4898-8d58-145aa1c03643" rend="v">
     «Не умел же ты в пору жаловать,
    </p>
    <p id="0f82e8a1-70c7-4897-b1bd-be7094f3ccf7" rend="v">
     «А теперь тебе не видать будет,
    </p>
    <p id="23e6b49e-0885-4053-9200-990bb5524e86" rend="v">
     «Не видать меня во ясны очи».
    </p>
   </div>
  </div>
  <p id="0a6076dc-8c11-4159-b62c-4cc8611b26a1" rend="left poembtw">
   <pb n="200"/>
  </p>
  <div type="poem">
   <div type="stanza">
    <p id="687f7946-f237-4ad4-a8ee-64b63454f218" rend="v">
     И выдергивал Одихмантьевич
    </p>
    <p id="4fbbe270-c9dc-4c3d-8463-5cfd405d4ea8" rend="v">
     Из кровавых ран листье маково,
    </p>
    <p id="3cc2366e-c79b-492b-bf80-8505e09e73c3" rend="v">
     Свет-Сухмантьюшка приговаривал:
    </p>
    <p id="3eb38293-c534-468e-b405-37bc3e07fc16" rend="v">
     «Потеки река от моей крови,
    </p>
    <p id="52b95c62-00ac-4bb3-a9ba-f29c23f59c52" rend="v">
     «От моей крови от горючие,
    </p>
    <p id="4f4f2772-d56d-400e-a8cd-bcb6fcbda676" rend="v">
     «От горючие, от напрасные,
    </p>
    <p id="4100c61a-f17a-4607-8c53-a4a88d079eaf" rend="v">
     «Потеки Сухман, ах Сухман река,
    </p>
    <p id="416117da-9c61-46e5-8732-dd6b2296819a" rend="v">
     «Будь Непре реке ты родна сестра
    </p>
   </div>
  </div>
 </div>
</TEI>