<?xml version="1.0" encoding="utf-8"?>
<TEI xmlns="http://www.tei-c.org/ns/1.0" xmlns:xi="http://www.w3.org/2001/XInclude">
 <teiHeader>
  <fileDesc>
   <titleStmt>
    <title>
     Произведения, написанные для «Азбуки» и не включенные в нее
    </title>
    <author>
     Толстой Л.Н.
    </author>
    <respStmt>
     <resp>
      подготовка TEI/XML
     </resp>
     <name>
      Мария Картышева, Евгений Можаев, Даниил Скоринкин, Елена Сидорова, Вероника Файнберг, Кирилл Милинцевич
     </name>
    </respStmt>
    <respStmt>
     <name>
      Анастасия Бонч-Осмоловская, Фёкла Толстая, Борис Орехов
     </name>
     <resp>
      Идея, постановка задач, руководство
     </resp>
    </respStmt>
   </titleStmt>
   <publicationStmt>
    <idno>
     Азбука  | Произведения, написанные для «Азбуки» и не включенные в нее
    </idno>
    <publisher>
     <orgName>
      Школа лингвистики НИУ ВШЭ
     </orgName>
    </publisher>
    <availability>
     <p>
      Тексты и метатекстовая разметка доступны для свободного использования и распространения по лицензии Creative Commons Attribution Share-Alike (cc by-sa)
     </p>
    </availability>
   </publicationStmt>
   <sourceDesc>
    <biblStruct>
     <analytic>
      <author>
       Толстой Л.Н.
      </author>
      <title level="a">
       Произведения, написанные для «Азбуки» и не включенные в нее
      </title>
     </analytic>
     <monogr>
      <title level="m">
       Полное собрание сочинений. Том 21
      </title>
      <imprint>
       <pubPlace>
        Москва
       </pubPlace>
       <publisher>
        Государственное издательство "Художественная литература"
       </publisher>
       <date when="1871-1872"/>
      </imprint>
     </monogr>
     <series>
      <title level="s">
       Л.Н. Толстой. Полное собрание сочинений
      </title>
      <biblScope unit="vol">
       21
      </biblScope>
     </series>
    </biblStruct>
   </sourceDesc>
  </fileDesc>
  <encodingDesc>
   <classDecl>
    <xi:include href="taxonomy.xml"/>
   </classDecl>
  </encodingDesc>
  <profileDesc>
   <creation>
    <date notAfter="1872" notBefore="1871">
     1871-1872
    </date>
    <rs/>
   </creation>
   <textClass>
    <catRef target="#fiction" type="sphere"/>
    <catRef target="#произведения для детей" type="type"/>
    <catRef target="#works" type="works_letters_diaries"/>
    <catRef target="#сборник" type="ninetyDef"/>
    <catRef target="#Неопубликованное, неотделанное, неоконченное" type="main_var"/>
    <catRef target="#сборник" type="type_short"/>
    <catRef target="None" type="translation"/>
    <catRef target="None" type="translation_origin"/>
    <catRef target="#да" type="tolstoy_or_not"/>
    <catRef target="None" type="name_status"/>
   </textClass>
   <preparedness>
    finished
   </preparedness>
   <settingDesc>
    <time>
     XIX век
    </time>
   </settingDesc>
  </profileDesc>
  <xenoData>
   <cyclusName/>
   <p>
    Проект
    <title>
     Толстой.Digital
    </title>
    разрабатывается сотрудниками и студентами
    <orgName>
     Высшей школы экономики
    </orgName>
    в сотрудничестве с
    <orgName>
     Государственным музеем Л.Н. Толстого
    </orgName>
    . Источник текстов –
    <bibl>
     90-томное собрание сочинений Л.Н.Толстого
    </bibl>
    . Разметка основана на стандарте
    <ref target="http://www.tei-c.org">
     TEI (Text Encoding Initiative)
    </ref>
    .
   </p>
   <versionNumber/>
   <isFinished/>
   <isEdited/>
   <fullBibliographicDescription/>
  </xenoData>
 </teiHeader>
 <p rend="left emptyline">
  <pb n="212"/>
 </p>
 <div type="section" xml:id="h000013016">
  <head rend="center">
   ЯБЛОНИ
  </head>
  <p rend="center" uuid="ef53a47c-3dc6-4f5b-bba1-76d127e495d0">
   <hi rend="italic">
    (Рассказ)
   </hi>
  </p>
  <p rend="left" uuid="2375d9e2-66a1-4ec8-b2ff-2477eb5cb6b7">
   Я посадил двести молодых яблонь и три года весною и осенью окапывал их, и на зиму завертывал соломой от зайцев. На четвертый год, когда сошел снег, я пошел смотреть свои яблони. Они потолстели в зиму; кора на них была глянцевитая и налитая; сучки все были целы и на всех кончиках и на развилинках сидели круглые, как горошинки, цветовые почки. Кое-где уже лопнули распуколки и виднелись алые края цветовых листьев. Я знал, что все распуколки будут цветами и плодами, и радовался, глядя на свои яблони. Но когда я развернул первую яблоню, я увидал, что внизу, над самой землею, кора яблони обгрызена кругом по самую древесину, как белое кольцо. Это сделали мыши. Я развернул другую яблоню — и на другой было то же самое. Из двухсот яблонь ни одной не осталось целой. Я замазал обгрызенные места смолою и воском; но когда яблони распустились, цветы их сейчас же спали. Вышли маленькие листики — и те завяли и засохли. Кора сморщилась и почернела. Из двухсот яблонь осталось только девять. На этих девяти яблонях кора была не кругом объедена, а в белом кольце оставалась полоска коры. На этих полосках, в том месте, где расходилась кора, сделались наросты, и яблони хотя и поболели, но пошли. Остальные все пропали, только ниже обгрызенных мест пошли отростки, и то всё дикие.
  </p>
  <p rend="left" uuid="80796eac-43da-4dfa-88f8-a6811ebff21c">
   Кора у деревьев — те же жилы у человека: чрез жилы кровь ходит по человеку — и чрез кору сок ходит по дереву и поднимается в сучья, листья и цвет. Можно из дерева выдолбить всё нутро, как это бывает у старых лозин, но только бы кора была жива — и дерево будет жить; но если кора пропадет, дерево пропало. Если человеку подрезать жилы, он умрет, во-первых, потому, что кровь вытечет, а во-вторых, потому, что крови не будет уже ходу по телу.
  </p>
  <p rend="left" uuid="879f28e5-0965-44e3-8721-981085291c84">
   Так и береза засыхает, когда ребята продолбят лунку, чтобы пить сок, и весь сок вытечет.
  </p>
  <p rend="left" uuid="2e4ab416-4ec7-4142-be10-ad7b811e65a8">
   Так и яблони пропали оттого, что мыши объели всю кору кругом, и соку уже не было хода из кореньев в сучья, листья и цвет.
  </p>
  <p rend="left emptyline" uuid="a4e6e7c3-e344-4be4-9d5e-e42249034b18">
   <pb n="213"/>
  </p>
 </div>
</TEI>