<?xml version="1.0" encoding="utf-8"?>
<TEI xmlns="http://www.tei-c.org/ns/1.0" xmlns:xi="http://www.w3.org/2001/XInclude">
 <teiHeader>
  <fileDesc>
   <titleStmt>
    <title>
     Произведения, написанные для «Азбуки» и не включенные в нее
    </title>
    <author>
     Толстой Л.Н.
    </author>
    <respStmt>
     <resp>
      подготовка TEI/XML
     </resp>
     <name>
      Мария Картышева, Евгений Можаев, Даниил Скоринкин, Елена Сидорова, Вероника Файнберг, Кирилл Милинцевич
     </name>
    </respStmt>
    <respStmt>
     <name>
      Анастасия Бонч-Осмоловская, Фёкла Толстая, Борис Орехов
     </name>
     <resp>
      Идея, постановка задач, руководство
     </resp>
    </respStmt>
   </titleStmt>
   <publicationStmt>
    <idno>
     Азбука  | Произведения, написанные для «Азбуки» и не включенные в нее
    </idno>
    <publisher>
     <orgName>
      Школа лингвистики НИУ ВШЭ
     </orgName>
    </publisher>
    <availability>
     <p>
      Тексты и метатекстовая разметка доступны для свободного использования и распространения по лицензии Creative Commons Attribution Share-Alike (cc by-sa)
     </p>
    </availability>
   </publicationStmt>
   <sourceDesc>
    <biblStruct>
     <analytic>
      <author>
       Толстой Л.Н.
      </author>
      <title level="a">
       Произведения, написанные для «Азбуки» и не включенные в нее
      </title>
     </analytic>
     <monogr>
      <title level="m">
       Полное собрание сочинений. Том 21
      </title>
      <imprint>
       <pubPlace>
        Москва
       </pubPlace>
       <publisher>
        Государственное издательство "Художественная литература"
       </publisher>
       <date when="1871-1872"/>
      </imprint>
     </monogr>
     <series>
      <title level="s">
       Л.Н. Толстой. Полное собрание сочинений
      </title>
      <biblScope unit="vol">
       21
      </biblScope>
     </series>
    </biblStruct>
   </sourceDesc>
  </fileDesc>
  <encodingDesc>
   <classDecl>
    <xi:include href="taxonomy.xml"/>
   </classDecl>
  </encodingDesc>
  <profileDesc>
   <creation>
    <date notAfter="1872" notBefore="1871">
     1871-1872
    </date>
    <rs/>
   </creation>
   <textClass>
    <catRef target="#fiction" type="sphere"/>
    <catRef target="#произведения для детей" type="type"/>
    <catRef target="#works" type="works_letters_diaries"/>
    <catRef target="#сборник" type="ninetyDef"/>
    <catRef target="#Неопубликованное, неотделанное, неоконченное" type="main_var"/>
    <catRef target="#сборник" type="type_short"/>
    <catRef target="None" type="translation"/>
    <catRef target="None" type="translation_origin"/>
    <catRef target="#да" type="tolstoy_or_not"/>
    <catRef target="None" type="name_status"/>
   </textClass>
   <preparedness>
    finished
   </preparedness>
   <settingDesc>
    <time>
     XIX век
    </time>
   </settingDesc>
  </profileDesc>
  <xenoData>
   <cyclusName/>
   <p>
    Проект
    <title>
     Толстой.Digital
    </title>
    разрабатывается сотрудниками и студентами
    <orgName>
     Высшей школы экономики
    </orgName>
    в сотрудничестве с
    <orgName>
     Государственным музеем Л.Н. Толстого
    </orgName>
    . Источник текстов –
    <bibl>
     90-томное собрание сочинений Л.Н.Толстого
    </bibl>
    . Разметка основана на стандарте
    <ref target="http://www.tei-c.org">
     TEI (Text Encoding Initiative)
    </ref>
    .
   </p>
   <versionNumber/>
   <isFinished/>
   <isEdited/>
   <fullBibliographicDescription/>
  </xenoData>
 </teiHeader>
 <p rend="left emptyline">
  <pb n="205"/>
 </p>
 <div type="section" xml:id="h000013002">
  <head rend="center">
   ЦАРЬ И СОКОЛ
  </head>
  <p rend="center" uuid="41b3774c-e39e-4879-ac17-4b997223c946">
   <hi rend="italic">
    (Басня)
   </hi>
  </p>
  <p rend="left" uuid="5050ae43-6532-4f53-a4d2-22b8c75187c9">
   Один царь на охоте пустил за зайцем любимого сокола и поскакал.
  </p>
  <p rend="left" uuid="af0af9e9-1f33-41a1-942d-4aac4faca1e4">
   Сокол поймал зайца. Царь отнял зайца и стал искать воды, где бы напиться. В бугре царь нашел воду. Только она по капле капала. Вот царь достал чашу с седла и подставил под воду. Вода текла по капле, и когда чаша набралась полная, царь поднял ее ко рту и хотел пить. Вдруг сокол встрепенулся на руке у царя, забил крыльями и выплеснул воду. Царь опять подставил чашу. Он долго ждал, пока она наберется вровень с краями, и опять, когда он стал подносить ее ко рту, сокол затрепыхался и разлил воду.
  </p>
  <p rend="left" uuid="03e123f9-23e9-47a1-a76d-57ae14012823">
   Когда в третий раз царь набрал полную чашу и стал подносить ее к губам, сокол опять разлил ее. Царь рассердился и, со всего размаха ударив сокола об камень, убил его. Тут подъехали царские слуги, и один из них побежал вверх к роднику, чтобы найти побольше воды и скорее набрать полную чашу. Только и слуга не принес воды; он вернулся с пустой чашкой и сказал: «Ту воду нельзя пить: в роднике змея, и она выпустила свой яд в воду. Хорошо, что сокол разлил воду. Если бы ты выпил этой воды, ты бы умер».
  </p>
  <p rend="left" uuid="5e14044f-a22f-49b5-8eaf-db3e16a7b9d6">
   Царь сказал: «Дурно же я отплатил соколу: он спас мне жизнь, а я убил его».
  </p>
 </div>
</TEI>