<?xml version="1.0" encoding="utf-8"?>
<TEI xmlns="http://www.tei-c.org/ns/1.0" xmlns:xi="http://www.w3.org/2001/XInclude">
 <teiHeader>
  <fileDesc>
   <titleStmt>
    <title>
     Произведения, написанные для «Азбуки» и не включенные в нее
    </title>
    <author>
     Толстой Л.Н.
    </author>
    <respStmt>
     <resp>
      подготовка TEI/XML
     </resp>
     <name>
      Мария Картышева, Евгений Можаев, Даниил Скоринкин, Елена Сидорова, Вероника Файнберг, Кирилл Милинцевич
     </name>
    </respStmt>
    <respStmt>
     <name>
      Анастасия Бонч-Осмоловская, Фёкла Толстая, Борис Орехов
     </name>
     <resp>
      Идея, постановка задач, руководство
     </resp>
    </respStmt>
   </titleStmt>
   <publicationStmt>
    <idno>
     Азбука  | Произведения, написанные для «Азбуки» и не включенные в нее
    </idno>
    <publisher>
     <orgName>
      Школа лингвистики НИУ ВШЭ
     </orgName>
    </publisher>
    <availability>
     <p>
      Тексты и метатекстовая разметка доступны для свободного использования и распространения по лицензии Creative Commons Attribution Share-Alike (cc by-sa)
     </p>
    </availability>
   </publicationStmt>
   <sourceDesc>
    <biblStruct>
     <analytic>
      <author>
       Толстой Л.Н.
      </author>
      <title level="a">
       Произведения, написанные для «Азбуки» и не включенные в нее
      </title>
     </analytic>
     <monogr>
      <title level="m">
       Полное собрание сочинений. Том 21
      </title>
      <imprint>
       <pubPlace>
        Москва
       </pubPlace>
       <publisher>
        Государственное издательство "Художественная литература"
       </publisher>
       <date when="1871-1872"/>
      </imprint>
     </monogr>
     <series>
      <title level="s">
       Л.Н. Толстой. Полное собрание сочинений
      </title>
      <biblScope unit="vol">
       21
      </biblScope>
     </series>
    </biblStruct>
   </sourceDesc>
  </fileDesc>
  <encodingDesc>
   <classDecl>
    <xi:include href="taxonomy.xml"/>
   </classDecl>
  </encodingDesc>
  <profileDesc>
   <creation>
    <date notAfter="1872" notBefore="1871">
     1871-1872
    </date>
    <rs/>
   </creation>
   <textClass>
    <catRef target="#fiction" type="sphere"/>
    <catRef target="#произведения для детей" type="type"/>
    <catRef target="#works" type="works_letters_diaries"/>
    <catRef target="#сборник" type="ninetyDef"/>
    <catRef target="#Неопубликованное, неотделанное, неоконченное" type="main_var"/>
    <catRef target="#сборник" type="type_short"/>
    <catRef target="None" type="translation"/>
    <catRef target="None" type="translation_origin"/>
    <catRef target="#да" type="tolstoy_or_not"/>
    <catRef target="None" type="name_status"/>
   </textClass>
   <preparedness>
    finished
   </preparedness>
   <settingDesc>
    <time>
     XIX век
    </time>
   </settingDesc>
  </profileDesc>
  <xenoData>
   <cyclusName/>
   <p>
    Проект
    <title>
     Толстой.Digital
    </title>
    разрабатывается сотрудниками и студентами
    <orgName>
     Высшей школы экономики
    </orgName>
    в сотрудничестве с
    <orgName>
     Государственным музеем Л.Н. Толстого
    </orgName>
    . Источник текстов –
    <bibl>
     90-томное собрание сочинений Л.Н.Толстого
    </bibl>
    . Разметка основана на стандарте
    <ref target="http://www.tei-c.org">
     TEI (Text Encoding Initiative)
    </ref>
    .
   </p>
   <versionNumber/>
   <isFinished/>
   <isEdited/>
   <fullBibliographicDescription/>
  </xenoData>
 </teiHeader>
 <p rend="left emptyline">
  <pb n="140"/>
 </p>
 <div type="section" xml:id="h000011059">
  <head rend="center">
   СВЯТОГОР-БОГАТЫРЬ
  </head>
  <p rend="center" uuid="2c99a0ba-f40e-4984-906a-39ec73f62704">
   <hi rend="italic">
    (Стихи-сказка)
   </hi>
  </p>
  <div rend="stih1" type="poem">
   <div type="stanza">
    <p rend="v" uuid="249193a3-0143-418f-aa03-62e9dd420e3f">
     Выезжал ли Святогор гулять в чисто поле
    </p>
    <p rend="v" uuid="bbf9b4b5-c099-4a33-937d-f469c76937d6">
     Никого-то, Святогор, он не нахаживал,
    </p>
    <p rend="v" uuid="abb0101e-e66e-4acd-9ef9-9b9ff5ca7d3f">
     С кем бы силой богатырскою помериться;
    </p>
    <p rend="v" uuid="64a4fdf4-02db-4244-9e36-3541beee0f0c">
     А сам чует в себе силу он великую,
    </p>
    <p rend="v" uuid="e0415ff7-bf4e-427e-8ae4-88c374818a62">
     Чует — живчиком по жилкам разливается.
    </p>
    <p rend="v" uuid="73f9de8b-b7ce-4902-8430-0c3b9e922ccd">
     Грузно с силы Святогору, как от бремени.
    </p>
    <p rend="v" uuid="85607851-2711-4c84-aa20-72d9fc42f660">
     И промолвил Святогор-свет похваляючись:
    </p>
    <p rend="v" uuid="99b33250-cd48-4f0b-910f-409086504139">
     «По моей ли да по силе богатырской
    </p>
   </div>
  </div>
  <p rend="left poembtw" uuid="7d0e3544-6326-4ff9-acbf-ba4737c0825e">
   <pb n="141"/>
  </p>
  <div type="poem">
   <div type="stanza">
    <p rend="v" uuid="5a647b4c-ac1b-4c5a-bfc2-a5c5fdc4bbe0">
     «Каб державу мне найти, всю землю поднял бы».
    </p>
    <p rend="v" uuid="8b202cee-d0a9-405e-bd44-8d5cc5d04347">
     С тех слов увидел Святогор прохожего —
    </p>
    <p rend="v" uuid="31ba75b3-3eb2-4563-9dfa-9caf51474a40">
     Сдалека в степи идет прохожий с сумочкой, —
    </p>
    <p rend="v" uuid="3bf06dc8-2210-499f-abb9-d9017103388d">
     И поехал Святогор к тому прохожему,
    </p>
    <p rend="v" uuid="5fbf1c07-564f-4398-b13f-a37c61e9d494">
     Едет рысью, всё прохожий идет передом, —
    </p>
    <p rend="v" uuid="9075215c-fcf6-4a36-8423-684d38ed95ef">
     Во всю прыть не может он догнать прохожего.
    </p>
    <p rend="v" uuid="ab9ec319-b762-4c34-a55d-1ac5009d83ed">
     Закричал тут Святогор да громким голосом:
    </p>
    <p rend="v" uuid="8a561bbe-31ed-41a6-bc14-0a1539f69ca8">
     «Гой, прохожий человек, пожди немножечко.
    </p>
    <p rend="v" uuid="93612bab-157d-427b-be6d-e7816f4140a7">
     «Не могу догнать тебя я на добром коне».
    </p>
    <p rend="v" uuid="15c56670-9856-4e03-8ba6-063592321e27">
     Сдалека прохожий Святогора слушался,
    </p>
    <p rend="v" uuid="9144bafc-9ab9-4a65-ae19-f8f2258c8eaf">
     Становился, с плеч на землю бросал сумочку.
    </p>
    <p rend="v" uuid="48ccc232-2b80-4050-abf2-53009d65c453">
     Наезжает Святогор на эту сумочку.
    </p>
    <p rend="v" uuid="99973aca-4606-48e7-8645-901a7202d3db">
     Своей плеточкой он сумочку пощуповал, —
    </p>
    <p rend="v" uuid="27925c88-822c-4597-994f-13a9ac6f7feb">
     Как урослая, та сумочка не тронется.
    </p>
    <p rend="v" uuid="b5ca786c-0292-4c8f-821b-5ef887fc99d3">
     Святогор с коня перстом ее потрогивал, —
    </p>
    <p rend="v" uuid="43183140-2e2c-48c0-883e-a0456aa51fb7">
     Не сворохнется та сумка, не шевельнется.
    </p>
    <p rend="v" uuid="b1e44e5a-410b-4c8d-983e-c9b33c3b4305">
     Святогор с коня хватал рукой, потягивал, —
    </p>
    <p rend="v" uuid="a88d5cb6-7c2c-4009-9568-db5bbd0898fa">
     Как урослая, та сумка не поднимется.
    </p>
    <p rend="v" uuid="98c74bc1-74f7-4a8e-9891-bbbea7f5087c">
     Слез с коня тут Святогор, взялся за сумочку,
    </p>
    <p rend="v" uuid="428941d8-7ee7-4d06-9963-30d1ff905ab4">
     Он приладился, взялся руками обеими,
    </p>
    <p rend="v" uuid="c2febc7b-4e71-46bb-b7e4-d77e6750c031">
     Во всю силу богатырску принатужился, —
    </p>
    <p rend="v" uuid="653e78a7-6d2c-4606-a289-bfe22f60d879">
     От натуги по белу лицу ала кровь пошла,
    </p>
    <p rend="v" uuid="8b8ae2d2-5b22-48de-b77c-34af9153261c">
     А поднял суму от земи только на волос.
    </p>
    <p rend="v" uuid="895b0b3d-f781-490c-af9d-2b5e8c7405cc">
     По колена ж сам он в мать сыру землю угряз.
    </p>
    <p rend="v" uuid="58be2cdb-d085-4c69-9cce-92532a5f760a">
     Взговорит ли Святогор тут громким голосом:
    </p>
    <p rend="v" uuid="bf9696ca-c945-43b5-8d4c-3060dbff98b6">
     «Ты скажи же мне, прохожий, правду истинну,
    </p>
    <p rend="v" uuid="d64952a1-8df7-4d84-8bfd-171d50a6bb20">
     «А и что, скажи ты, в сумочке накладено?»
    </p>
    <p rend="v" uuid="6b5f3d71-37ab-49a6-a019-2d1cdfa8a508">
     Взговорит ему прохожий да на те слова:
    </p>
    <p rend="v" uuid="f7f7bbb2-a448-4c90-8c14-7e3516c5d363">
     «Тяга в сумочке от матери сырой земли».
    </p>
    <p rend="v" uuid="35164e0b-fc97-46e1-ae19-c34c3d8b61de">
     Взговорит тут Святогор да ко прохожему:
    </p>
    <p rend="v" uuid="312e3f65-900e-40ce-9242-f472ff8cb74e">
     «А ты сам кто есть, как звать тебя по имени?»
    </p>
    <p rend="v" uuid="44f0c549-2f85-43c4-8c85-1fb1df59fe1f">
     Взговорит ему прохожий ли на те слова:
    </p>
    <p rend="v" uuid="ff67a534-5841-461f-86b5-91937c9d5837">
     «Я Микула есмь; мужик я, Селянинович,
    </p>
    <p rend="v" uuid="935a6dd6-ae4d-44e3-a54b-d6e950478d39">
     «Я Микула, — меня любит мать сыра земля».
    </p>
   </div>
  </div>
 </div>
</TEI>