<?xml version="1.0" encoding="utf-8"?>
<TEI xmlns="http://www.tei-c.org/ns/1.0" xmlns:xi="http://www.w3.org/2001/XInclude">
 <teiHeader>
  <fileDesc>
   <titleStmt>
    <title>
     Произведения, написанные для «Азбуки» и не включенные в нее
    </title>
    <author>
     Толстой Л.Н.
    </author>
    <respStmt>
     <resp>
      подготовка TEI/XML
     </resp>
     <name>
      Мария Картышева, Евгений Можаев, Даниил Скоринкин, Елена Сидорова, Вероника Файнберг, Кирилл Милинцевич
     </name>
    </respStmt>
    <respStmt>
     <name>
      Анастасия Бонч-Осмоловская, Фёкла Толстая, Борис Орехов
     </name>
     <resp>
      Идея, постановка задач, руководство
     </resp>
    </respStmt>
   </titleStmt>
   <publicationStmt>
    <idno>
     Азбука  | Произведения, написанные для «Азбуки» и не включенные в нее
    </idno>
    <publisher>
     <orgName>
      Школа лингвистики НИУ ВШЭ
     </orgName>
    </publisher>
    <availability>
     <p>
      Тексты и метатекстовая разметка доступны для свободного использования и распространения по лицензии Creative Commons Attribution Share-Alike (cc by-sa)
     </p>
    </availability>
   </publicationStmt>
   <sourceDesc>
    <biblStruct>
     <analytic>
      <author>
       Толстой Л.Н.
      </author>
      <title level="a">
       Произведения, написанные для «Азбуки» и не включенные в нее
      </title>
     </analytic>
     <monogr>
      <title level="m">
       Полное собрание сочинений. Том 21
      </title>
      <imprint>
       <pubPlace>
        Москва
       </pubPlace>
       <publisher>
        Государственное издательство "Художественная литература"
       </publisher>
       <date when="1871-1872"/>
      </imprint>
     </monogr>
     <series>
      <title level="s">
       Л.Н. Толстой. Полное собрание сочинений
      </title>
      <biblScope unit="vol">
       21
      </biblScope>
     </series>
    </biblStruct>
   </sourceDesc>
  </fileDesc>
  <encodingDesc>
   <classDecl>
    <xi:include href="taxonomy.xml"/>
   </classDecl>
  </encodingDesc>
  <profileDesc>
   <creation>
    <date notAfter="1872" notBefore="1871">
     1871-1872
    </date>
    <rs/>
   </creation>
   <textClass>
    <catRef target="#fiction" type="sphere"/>
    <catRef target="#произведения для детей" type="type"/>
    <catRef target="#works" type="works_letters_diaries"/>
    <catRef target="#сборник" type="ninetyDef"/>
    <catRef target="#Неопубликованное, неотделанное, неоконченное" type="main_var"/>
    <catRef target="#сборник" type="type_short"/>
    <catRef target="None" type="translation"/>
    <catRef target="None" type="translation_origin"/>
    <catRef target="#да" type="tolstoy_or_not"/>
    <catRef target="None" type="name_status"/>
   </textClass>
   <preparedness>
    finished
   </preparedness>
   <settingDesc>
    <time>
     XIX век
    </time>
   </settingDesc>
  </profileDesc>
  <xenoData>
   <cyclusName/>
   <p>
    Проект
    <title>
     Толстой.Digital
    </title>
    разрабатывается сотрудниками и студентами
    <orgName>
     Высшей школы экономики
    </orgName>
    в сотрудничестве с
    <orgName>
     Государственным музеем Л.Н. Толстого
    </orgName>
    . Источник текстов –
    <bibl>
     90-томное собрание сочинений Л.Н.Толстого
    </bibl>
    . Разметка основана на стандарте
    <ref target="http://www.tei-c.org">
     TEI (Text Encoding Initiative)
    </ref>
    .
   </p>
   <versionNumber/>
   <isFinished/>
   <isEdited/>
   <fullBibliographicDescription/>
  </xenoData>
 </teiHeader>
 <p rend="left emptyline">
  <pb n="177"/>
 </p>
 <div type="section" xml:id="h000012054">
  <head rend="center">
   ЦАПЛЯ, РЫБЫ И РАК
  </head>
  <p id="9896919d-3522-4d85-b61e-ee151bad311f" rend="center">
   <hi rend="italic">
    (Басня)
   </hi>
  </p>
  <p id="0412f1d6-c906-48c7-ac85-8b526501c852" rend="left">
   Жила цапля у пруда и состарелась; не стало уж в ней силы ловить рыбу. Стала она придумывать, как бы ей хитростью прожить. Она и говорит рыбам: «А вы, рыбы, не знаете, что на вас беда собирается: слышала я от людей — хотят они пруд спустить и вас всех повыловить. Знаю я, тут за горой хорош прудок есть. Я бы помогла, да стара стала: тяжело летать». Рыбы стали просить цаплю, чтоб помогла.
  </p>
  <p id="c9cb3b02-46f1-4bef-8474-a9eb0a62ca24" rend="left">
   Цапля и говорит:
  </p>
  <p id="7e3b8273-32e1-4dd5-931e-b4c93d176ced" rend="left">
   «Пожалуй, постараюсь для вас, перенесу вас, только вдруг не могу, а поодиночке».
  </p>
  <p id="e23e2b57-8545-4ee8-9f7b-df149c0f9569" rend="left">
   Вот рыбы и рады; все просят: «Меня отнеси, меня отнеси!»
  </p>
  <p id="0c501886-7699-4e9c-b737-85fa01b8679d" rend="left">
   И принялась цапля носить их: возьмет, вынесет в поле, да и съест. И переела она так много рыб.
  </p>
  <p id="e3691276-0d64-4a17-9ed2-2f3d6fb5fc4f" rend="left">
   Жил в пруду старый рак. Как стала цапля выносить рыбу, он смекнул дело и говорит.
  </p>
  <p id="89a941eb-821f-466c-bfb2-b851f02dceb2" rend="left">
   «Ну, теперь, цапля, и меня снеси на новоселье».
  </p>
  <p id="8c560b91-6c29-4973-aec2-4d45ee9ca901" rend="left">
   Цапля взяла рака и понесла. Как вылетела она на поле, хотела сбросить рака. Но рак увидал рыбьи косточки на поле, стиснул клещами цаплю за шею и удавил ее, а сам приполз назад к пруду и рассказал рыбам.
  </p>
 </div>
</TEI>