<?xml version="1.0" encoding="utf-8"?>
<TEI xmlns="http://www.tei-c.org/ns/1.0" xmlns:xi="http://www.w3.org/2001/XInclude">
 <teiHeader>
  <fileDesc>
   <titleStmt>
    <title>
     Произведения, написанные для «Азбуки» и не включенные в нее
    </title>
    <author>
     Толстой Л.Н.
    </author>
    <respStmt>
     <resp>
      подготовка TEI/XML
     </resp>
     <name>
      Мария Картышева, Евгений Можаев, Даниил Скоринкин, Елена Сидорова, Вероника Файнберг, Кирилл Милинцевич
     </name>
    </respStmt>
    <respStmt>
     <name>
      Анастасия Бонч-Осмоловская, Фёкла Толстая, Борис Орехов
     </name>
     <resp>
      Идея, постановка задач, руководство
     </resp>
    </respStmt>
   </titleStmt>
   <publicationStmt>
    <idno>
     Азбука  | Произведения, написанные для «Азбуки» и не включенные в нее
    </idno>
    <publisher>
     <orgName>
      Школа лингвистики НИУ ВШЭ
     </orgName>
    </publisher>
    <availability>
     <p>
      Тексты и метатекстовая разметка доступны для свободного использования и распространения по лицензии Creative Commons Attribution Share-Alike (cc by-sa)
     </p>
    </availability>
   </publicationStmt>
   <sourceDesc>
    <biblStruct>
     <analytic>
      <author>
       Толстой Л.Н.
      </author>
      <title level="a">
       Произведения, написанные для «Азбуки» и не включенные в нее
      </title>
     </analytic>
     <monogr>
      <title level="m">
       Полное собрание сочинений. Том 21
      </title>
      <imprint>
       <pubPlace>
        Москва
       </pubPlace>
       <publisher>
        Государственное издательство "Художественная литература"
       </publisher>
       <date when="1871-1872"/>
      </imprint>
     </monogr>
     <series>
      <title level="s">
       Л.Н. Толстой. Полное собрание сочинений
      </title>
      <biblScope unit="vol">
       21
      </biblScope>
     </series>
    </biblStruct>
   </sourceDesc>
  </fileDesc>
  <encodingDesc>
   <classDecl>
    <xi:include href="taxonomy.xml"/>
   </classDecl>
  </encodingDesc>
  <profileDesc>
   <creation>
    <date notAfter="1872" notBefore="1871">
     1871-1872
    </date>
    <rs/>
   </creation>
   <textClass>
    <catRef target="#fiction" type="sphere"/>
    <catRef target="#произведения для детей" type="type"/>
    <catRef target="#works" type="works_letters_diaries"/>
    <catRef target="#сборник" type="ninetyDef"/>
    <catRef target="#Неопубликованное, неотделанное, неоконченное" type="main_var"/>
    <catRef target="#сборник" type="type_short"/>
    <catRef target="None" type="translation"/>
    <catRef target="None" type="translation_origin"/>
    <catRef target="#да" type="tolstoy_or_not"/>
    <catRef target="None" type="name_status"/>
   </textClass>
   <preparedness>
    finished
   </preparedness>
   <settingDesc>
    <time>
     XIX век
    </time>
   </settingDesc>
  </profileDesc>
  <xenoData>
   <cyclusName/>
   <p>
    Проект
    <title>
     Толстой.Digital
    </title>
    разрабатывается сотрудниками и студентами
    <orgName>
     Высшей школы экономики
    </orgName>
    в сотрудничестве с
    <orgName>
     Государственным музеем Л.Н. Толстого
    </orgName>
    . Источник текстов –
    <bibl>
     90-томное собрание сочинений Л.Н.Толстого
    </bibl>
    . Разметка основана на стандарте
    <ref target="http://www.tei-c.org">
     TEI (Text Encoding Initiative)
    </ref>
    .
   </p>
   <versionNumber/>
   <isFinished/>
   <isEdited/>
   <fullBibliographicDescription/>
  </xenoData>
 </teiHeader>
 <p rend="left emptyline">
  <pb n="237"/>
 </p>
 <div type="section" xml:id="h000013040">
  <head rend="center">
   ЧЕРЕПАХА
  </head>
  <p rend="center" uuid="fd8fab0f-f444-421c-a9d0-2e468a904f64">
   <hi rend="italic">
    (Рассказ)
   </hi>
  </p>
  <p rend="left" uuid="077b1e40-eed7-4cb1-b384-03da245e81fc">
   Один раз я пошел с Мильтоном на охоту. Подле леса он начал искать, вытянул хвост, поднял уши и стал принюхиваться. Я приготовил ружье и пошел за ним. Я думал, что он ищет куропатку, фазана или зайца. Но Мильтон не пошел в лес, а в поле. Я шел за ним и глядел вперед. Вдруг я увидал то, что он искал. Впереди его бежала небольшая черепаха, величиною с шапку. Голая темносерая голова на длинной шее была вытянута, как пестик; черепаха широко перебирала голыми лапами, а спина ее вся была покрыта корой.
  </p>
  <p rend="left" uuid="b5bd02f8-4256-4b53-b4a3-2f6da032dd89">
   Когда она увидала собаку, она спрятала ноги и голову и опустилась на траву, так что видна была только одна скорлупа. Мильтон схватил ее и стал грызть, но не мог прокусить ее, потому что у черепахи на брюхе такая же скорлупа, как и на спине. Только спереди, сзади и с боков есть отверстия, куда она пропускает голову, ноги и хвост.
  </p>
  <p rend="left" uuid="884f9d37-3bc9-492b-ab7d-d7cdf16a944e">
   <pb n="238"/>
   Я отнял черепаху у Мильтона и рассмотрел, как у нее разрисована спина, и какая скорлупа, и как она туда прячется. Когда держишь ее в руках и смотришь под скорлупу, то только внутри, как в подвале, видно что-то черное и живое. Я бросил черепаху на траву и пошел дальше, но Мильтон не хотел ее оставить, а нес в зубах за мною. Вдруг Мильтон взвизгнул и пустил ее. Черепаха у него во рту выпустила лапу и царапнула ему рот. Он так рассердился на нее за это, что стал лаять, и опять схватил ее и понес за мною. Я опять велел бросить, но Мильтон не слушался меня. Тогда я отнял у него черепаху и бросил. Но он не оставил ее. Он стал торопиться лапами подле нее рыть яму. И когда вырыл яму, то лапами завалил в яму черепаху и закопал землею.
  </p>
  <p rend="left" uuid="6e365610-2be3-485f-a583-cec96be29623">
   Черепахи живут и на земле, и в воде, как ужи и лягушки. Детей они выводят яйцами, и яйца кладут на земле, и не высиживают их, а яйца сами, как рыбья икра, лопаются — и выводятся черепахи. Черепахи бывают маленькие, не больше блюдечка, и большие, в три аршина длины и весом в 20 пудов. Большие черепахи живут в морях.
  </p>
  <p rend="left" uuid="26c88c51-d70a-4e1f-b0a0-f637daacbd29">
   Одна черепаха в весну кладет сотни яиц. Скорлупа черепахи — это ее ребра. Только у людей и других животных ребра бывают каждое отдельно, а у черепахи ребра срослись в скорлупу. Главное же то, что у всех животных ребра бывают внутри, под мясом, а у черепахи ребра сверху, а мясо под ними.
  </p>
 </div>
</TEI>