<?xml version="1.0" encoding="utf-8"?>
<TEI xmlns="http://www.tei-c.org/ns/1.0" xmlns:xi="http://www.w3.org/2001/XInclude">
 <teiHeader>
  <fileDesc>
   <titleStmt>
    <title>
     Произведения, написанные для «Азбуки» и не включенные в нее
    </title>
    <author>
     Толстой Л.Н.
    </author>
    <respStmt>
     <resp>
      подготовка TEI/XML
     </resp>
     <name>
      Мария Картышева, Евгений Можаев, Даниил Скоринкин, Елена Сидорова, Вероника Файнберг, Кирилл Милинцевич
     </name>
    </respStmt>
    <respStmt>
     <name>
      Анастасия Бонч-Осмоловская, Фёкла Толстая, Борис Орехов
     </name>
     <resp>
      Идея, постановка задач, руководство
     </resp>
    </respStmt>
   </titleStmt>
   <publicationStmt>
    <idno>
     Азбука  | Произведения, написанные для «Азбуки» и не включенные в нее
    </idno>
    <publisher>
     <orgName>
      Школа лингвистики НИУ ВШЭ
     </orgName>
    </publisher>
    <availability>
     <p>
      Тексты и метатекстовая разметка доступны для свободного использования и распространения по лицензии Creative Commons Attribution Share-Alike (cc by-sa)
     </p>
    </availability>
   </publicationStmt>
   <sourceDesc>
    <biblStruct>
     <analytic>
      <author>
       Толстой Л.Н.
      </author>
      <title level="a">
       Произведения, написанные для «Азбуки» и не включенные в нее
      </title>
     </analytic>
     <monogr>
      <title level="m">
       Полное собрание сочинений. Том 21
      </title>
      <imprint>
       <pubPlace>
        Москва
       </pubPlace>
       <publisher>
        Государственное издательство "Художественная литература"
       </publisher>
       <date when="1871-1872"/>
      </imprint>
     </monogr>
     <series>
      <title level="s">
       Л.Н. Толстой. Полное собрание сочинений
      </title>
      <biblScope unit="vol">
       21
      </biblScope>
     </series>
    </biblStruct>
   </sourceDesc>
  </fileDesc>
  <encodingDesc>
   <classDecl>
    <xi:include href="taxonomy.xml"/>
   </classDecl>
  </encodingDesc>
  <profileDesc>
   <creation>
    <date notAfter="1872" notBefore="1871">
     1871-1872
    </date>
    <rs/>
   </creation>
   <textClass>
    <catRef target="#fiction" type="sphere"/>
    <catRef target="#произведения для детей" type="type"/>
    <catRef target="#works" type="works_letters_diaries"/>
    <catRef target="#сборник" type="ninetyDef"/>
    <catRef target="#Неопубликованное, неотделанное, неоконченное" type="main_var"/>
    <catRef target="#сборник" type="type_short"/>
    <catRef target="None" type="translation"/>
    <catRef target="None" type="translation_origin"/>
    <catRef target="#да" type="tolstoy_or_not"/>
    <catRef target="None" type="name_status"/>
   </textClass>
   <preparedness>
    finished
   </preparedness>
   <settingDesc>
    <time>
     XIX век
    </time>
   </settingDesc>
  </profileDesc>
  <xenoData>
   <cyclusName/>
   <p>
    Проект
    <title>
     Толстой.Digital
    </title>
    разрабатывается сотрудниками и студентами
    <orgName>
     Высшей школы экономики
    </orgName>
    в сотрудничестве с
    <orgName>
     Государственным музеем Л.Н. Толстого
    </orgName>
    . Источник текстов –
    <bibl>
     90-томное собрание сочинений Л.Н.Толстого
    </bibl>
    . Разметка основана на стандарте
    <ref target="http://www.tei-c.org">
     TEI (Text Encoding Initiative)
    </ref>
    .
   </p>
   <versionNumber/>
   <isFinished/>
   <isEdited/>
   <fullBibliographicDescription/>
  </xenoData>
 </teiHeader>
 <p rend="left emptyline">
  <pb n="129"/>
 </p>
 <div type="section" xml:id="h000011055">
  <head rend="center">
   РАССКАЗ МУЖИКА О ТОМ, ЗА ЧТО ОН СТАРШЕГО БРАТА СВОЕГО ЛЮБИТ
  </head>
  <p rend="left" uuid="6adc7161-7fb9-47e8-b159-1dc6bf6fec37">
   Я и так брата люблю, а больше за то, что он за меня в солдаты пошел. Вот как было дело: стали бросать жеребий. Жеребий пал на меня, мне надо было идти в солдаты, а я тогда неделю как женился. Не хотелось мне от молодой жены уходить.
  </p>
  <p rend="left" uuid="aa90cb60-94ca-4094-83bd-a557662fe2c6">
   Матушка стала выть и говорит: «Как Петрушке идти, он молод». Делать было нечего, стали меня собирать. Сшила мне жена рубахи, собрала мне денег, и назавтра надо было идти
   <pb n="130"/>
   на ставку в город. Матушка убивалась — плакала, а я как подумаю, что идти надо, так сердце сожмется, точно на смерть иду.
  </p>
  <p rend="left" uuid="472ac66f-cd41-4c7a-931d-976e7a4443f0">
   Собрались мы ввечеру все ужинать. Никому и есть не хотелось. Старший брат, Николай, лежал на печи и всё молчал. Молодайка моя выла. Отец сидел сердитый. Как матушка постановила на стол кашу, так никто ее и не тронул. Матушка стала звать Николая с печи ужинать. Он сошел, перекрестился, сел у стола, да и говорит: «Не убивайся, матушка. Я пойду за Петрушку в солдаты, я старше его. Авось, не пропаду. Отслужу, да и приду домой. А ты, Петр, без меня покой батюшку с матушкой и жену мою не обижай». Я обрадовался, матушка тоже перестала убиваться; стали собирать Николая.
  </p>
  <p rend="left" uuid="c07e23bd-2168-472d-8ea9-6838aafeb46f">
   Поутру, когда я проснулся, как пораздумал, что за меня брат идет, стало мне тошно. Я и говорю: «Не ходи, Николай, мой черед, я и пойду». А он молчит и собирается. И я собираюсь. Пошли мы оба в город на ставку. Он становится и я становлюсь. Оба мы ребята хорошие, стоим — ждем, не бракуют нас. Старший брат посмотрел на меня — усмехнулся и говорит: «Будет, Петр, ступай домой. Да не скучайте по мне, я своей охотой иду». Заплакал я и пошел домой. А теперь как вспомню про брата, кажется бы жизнь за него отдал.
  </p>
 </div>
</TEI>