<?xml version="1.0" encoding="utf-8"?>
<TEI xmlns="http://www.tei-c.org/ns/1.0" xmlns:xi="http://www.w3.org/2001/XInclude">
 <teiHeader>
  <fileDesc>
   <titleStmt>
    <title>
     Произведения, написанные для «Азбуки» и не включенные в нее
    </title>
    <author>
     Толстой Л.Н.
    </author>
    <respStmt>
     <resp>
      подготовка TEI/XML
     </resp>
     <name>
      Мария Картышева, Евгений Можаев, Даниил Скоринкин, Елена Сидорова, Вероника Файнберг, Кирилл Милинцевич
     </name>
    </respStmt>
    <respStmt>
     <name>
      Анастасия Бонч-Осмоловская, Фёкла Толстая, Борис Орехов
     </name>
     <resp>
      Идея, постановка задач, руководство
     </resp>
    </respStmt>
   </titleStmt>
   <publicationStmt>
    <idno>
     Азбука  | Произведения, написанные для «Азбуки» и не включенные в нее
    </idno>
    <publisher>
     <orgName>
      Школа лингвистики НИУ ВШЭ
     </orgName>
    </publisher>
    <availability>
     <p>
      Тексты и метатекстовая разметка доступны для свободного использования и распространения по лицензии Creative Commons Attribution Share-Alike (cc by-sa)
     </p>
    </availability>
   </publicationStmt>
   <sourceDesc>
    <biblStruct>
     <analytic>
      <author>
       Толстой Л.Н.
      </author>
      <title level="a">
       Произведения, написанные для «Азбуки» и не включенные в нее
      </title>
     </analytic>
     <monogr>
      <title level="m">
       Полное собрание сочинений. Том 21
      </title>
      <imprint>
       <pubPlace>
        Москва
       </pubPlace>
       <publisher>
        Государственное издательство "Художественная литература"
       </publisher>
       <date when="1871-1872"/>
      </imprint>
     </monogr>
     <series>
      <title level="s">
       Л.Н. Толстой. Полное собрание сочинений
      </title>
      <biblScope unit="vol">
       21
      </biblScope>
     </series>
    </biblStruct>
   </sourceDesc>
  </fileDesc>
  <encodingDesc>
   <classDecl>
    <xi:include href="taxonomy.xml"/>
   </classDecl>
  </encodingDesc>
  <profileDesc>
   <creation>
    <date notAfter="1872" notBefore="1871">
     1871-1872
    </date>
    <rs/>
   </creation>
   <textClass>
    <catRef target="#fiction" type="sphere"/>
    <catRef target="#произведения для детей" type="type"/>
    <catRef target="#works" type="works_letters_diaries"/>
    <catRef target="#сборник" type="ninetyDef"/>
    <catRef target="#Неопубликованное, неотделанное, неоконченное" type="main_var"/>
    <catRef target="#сборник" type="type_short"/>
    <catRef target="None" type="translation"/>
    <catRef target="None" type="translation_origin"/>
    <catRef target="#да" type="tolstoy_or_not"/>
    <catRef target="None" type="name_status"/>
   </textClass>
   <preparedness>
    finished
   </preparedness>
   <settingDesc>
    <time>
     XIX век
    </time>
   </settingDesc>
  </profileDesc>
  <xenoData>
   <cyclusName/>
   <p>
    Проект
    <title>
     Толстой.Digital
    </title>
    разрабатывается сотрудниками и студентами
    <orgName>
     Высшей школы экономики
    </orgName>
    в сотрудничестве с
    <orgName>
     Государственным музеем Л.Н. Толстого
    </orgName>
    . Источник текстов –
    <bibl>
     90-томное собрание сочинений Л.Н.Толстого
    </bibl>
    . Разметка основана на стандарте
    <ref target="http://www.tei-c.org">
     TEI (Text Encoding Initiative)
    </ref>
    .
   </p>
   <versionNumber/>
   <isFinished/>
   <isEdited/>
   <fullBibliographicDescription/>
  </xenoData>
 </teiHeader>
 <p rend="left emptyline">
  <pb n="166"/>
 </p>
 <div type="section" xml:id="h000012040">
  <head rend="center">
   ТРИ ВОРА
  </head>
  <p id="4d409c3c-c13f-4f16-9248-2f4830b99f21" rend="center">
   <hi rend="italic">
    (Быль)
   </hi>
  </p>
  <p id="24873848-6f59-4439-9e45-cbd469a7437c" rend="left">
   Один мужик вел в город продавать осла и козу.
  </p>
  <p id="6f3d3922-286f-476b-9d7b-2ec52e1c6848" rend="left">
   На козе был бубенчик.
  </p>
  <p id="a0e256ba-9d92-401f-8ef2-e099876aa125" rend="left">
   Три вора увидали мужика, и один сказал: «Я украду козу, так что мужик и не заметит».
  </p>
  <p id="7d39770a-0d06-449d-8c6c-7f638b903cbc" rend="left">
   <pb n="167"/>
   Другой вор сказал: «А я из рук у мужика украду осла».
  </p>
  <p id="9f94fa31-2b85-4081-b14d-f2518139db75" rend="left">
   Третий сказал: «И это не трудно, а я так всё платье с мужика украду».
  </p>
  <p id="2bda6b94-a243-43eb-bdd4-a552e9d92eb2" rend="left">
   Первый вор подкрался к козе, снял с нее бубенчик и привесил к хвосту осла, а козу увел в поле.
  </p>
  <p id="2ab6f3fb-d3d6-442e-8420-703d26fa6af3" rend="left">
   Мужик на повороте оглянулся, увидал, что козы нет, стал искать.
  </p>
  <p id="74a4f5a7-e2b5-4a5d-828a-0bef7ab265cb" rend="left">
   Тогда к нему подошел второй вор и спросил, чего он ищет?
  </p>
  <p id="320625d1-62e4-4a10-bb77-e05ab23862a2" rend="left">
   Мужик сказал, что у него украли козу. Второй вор сказал: «Я видел твою козу: вот сейчас только в этот лес пробежал человек с козою. Его можно поймать».
  </p>
  <p id="3687cfcf-a5f5-4d44-bcc0-6bc6b75fdda1" rend="left">
   Мужик побежал догонять козу и попросил вора подержать осла. Второй вор увел осла.
  </p>
  <p id="47a0a19e-e08a-419e-ae71-aafd36df3ee5" rend="left">
   Когда мужик вернулся из лесу и увидал, что и осла его нет, он заплакал и пошел по дороге.
  </p>
  <p id="a912f05e-183b-4d70-b5c9-6c08c3afdfd1" rend="left">
   На дороге, у пруда, увидал он — сидит человек и плачет. Мужик спросил, что с ним?
  </p>
  <p id="b9d538a3-7592-42d0-92ba-a977c388a4e1" rend="left">
   Человек сказал, что ему велели отнести в город мешок с золотом и что он сел отдохнуть у пруда, заснул и во сне столкнул мешок в воду.
  </p>
  <p id="9b9c964c-79f5-46d9-b827-e451cbb3b6a6" rend="left">
   Мужик спросил, отчего он не лезет доставать его?
  </p>
  <p id="35b8b8f2-14df-4fa0-9486-645e3c2c58d3" rend="left">
   Человек сказал: «Я боюсь воды и не умею плавать, но я дам 20 золотых тому, кто достанет мешок». Мужик обрадовался и подумал: «мне бог дал счастье за то, что у меня украли козу и осла». Он разделся, полез в воду, но мешка с золотом не нашел; а когда он вылез из воды, его платья уже не было.
  </p>
  <p id="0f6be397-4dd6-4979-a550-7ddd343d4897" rend="left">
   Это был третий вор: он украл и платье.
  </p>
 </div>
</TEI>