<?xml version="1.0" encoding="utf-8"?>
<TEI xmlns="http://www.tei-c.org/ns/1.0" xmlns:xi="http://www.w3.org/2001/XInclude">
 <teiHeader>
  <fileDesc>
   <titleStmt>
    <title>
     Произведения, написанные для «Азбуки» и не включенные в нее
    </title>
    <author>
     Толстой Л.Н.
    </author>
    <respStmt>
     <resp>
      подготовка TEI/XML
     </resp>
     <name>
      Мария Картышева, Евгений Можаев, Даниил Скоринкин, Елена Сидорова, Вероника Файнберг, Кирилл Милинцевич
     </name>
    </respStmt>
    <respStmt>
     <name>
      Анастасия Бонч-Осмоловская, Фёкла Толстая, Борис Орехов
     </name>
     <resp>
      Идея, постановка задач, руководство
     </resp>
    </respStmt>
   </titleStmt>
   <publicationStmt>
    <idno>
     Азбука  | Произведения, написанные для «Азбуки» и не включенные в нее
    </idno>
    <publisher>
     <orgName>
      Школа лингвистики НИУ ВШЭ
     </orgName>
    </publisher>
    <availability>
     <p>
      Тексты и метатекстовая разметка доступны для свободного использования и распространения по лицензии Creative Commons Attribution Share-Alike (cc by-sa)
     </p>
    </availability>
   </publicationStmt>
   <sourceDesc>
    <biblStruct>
     <analytic>
      <author>
       Толстой Л.Н.
      </author>
      <title level="a">
       Произведения, написанные для «Азбуки» и не включенные в нее
      </title>
     </analytic>
     <monogr>
      <title level="m">
       Полное собрание сочинений. Том 21
      </title>
      <imprint>
       <pubPlace>
        Москва
       </pubPlace>
       <publisher>
        Государственное издательство "Художественная литература"
       </publisher>
       <date when="1871-1872"/>
      </imprint>
     </monogr>
     <series>
      <title level="s">
       Л.Н. Толстой. Полное собрание сочинений
      </title>
      <biblScope unit="vol">
       21
      </biblScope>
     </series>
    </biblStruct>
   </sourceDesc>
  </fileDesc>
  <encodingDesc>
   <classDecl>
    <xi:include href="taxonomy.xml"/>
   </classDecl>
  </encodingDesc>
  <profileDesc>
   <creation>
    <date notAfter="1872" notBefore="1871">
     1871-1872
    </date>
    <rs/>
   </creation>
   <textClass>
    <catRef target="#fiction" type="sphere"/>
    <catRef target="#произведения для детей" type="type"/>
    <catRef target="#works" type="works_letters_diaries"/>
    <catRef target="#сборник" type="ninetyDef"/>
    <catRef target="#Неопубликованное, неотделанное, неоконченное" type="main_var"/>
    <catRef target="#сборник" type="type_short"/>
    <catRef target="None" type="translation"/>
    <catRef target="None" type="translation_origin"/>
    <catRef target="#да" type="tolstoy_or_not"/>
    <catRef target="None" type="name_status"/>
   </textClass>
   <preparedness>
    finished
   </preparedness>
   <settingDesc>
    <time>
     XIX век
    </time>
   </settingDesc>
  </profileDesc>
  <xenoData>
   <cyclusName/>
   <p>
    Проект
    <title>
     Толстой.Digital
    </title>
    разрабатывается сотрудниками и студентами
    <orgName>
     Высшей школы экономики
    </orgName>
    в сотрудничестве с
    <orgName>
     Государственным музеем Л.Н. Толстого
    </orgName>
    . Источник текстов –
    <bibl>
     90-томное собрание сочинений Л.Н.Толстого
    </bibl>
    . Разметка основана на стандарте
    <ref target="http://www.tei-c.org">
     TEI (Text Encoding Initiative)
    </ref>
    .
   </p>
   <versionNumber/>
   <isFinished/>
   <isEdited/>
   <fullBibliographicDescription/>
  </xenoData>
 </teiHeader>
 <p rend="left emptyline">
  <pb n="208"/>
 </p>
 <div type="section" xml:id="h000013011">
  <head rend="center">
   СЛЕПОЙ И МОЛОКО
  </head>
  <p rend="center" uuid="8a984e37-1d44-48fe-8de5-91f471412d6e">
   <hi rend="italic">
    (Басня)
   </hi>
  </p>
  <p rend="left" uuid="8ed906b9-7383-456e-b6d2-6aeb292fe791">
   Один слепой отроду спросил зрячего: «Какого цвета молоко?»
  </p>
  <p rend="left" uuid="a1f7d153-d6ef-403b-acc5-c30177c6a246">
   Зрячий сказал: «Цвет молока такой, как бумага белая».
  </p>
  <p rend="left" uuid="cc0f239a-1aa8-4b78-befc-ebcbef9dede1">
   Слепой спросил: «А что, этот цвет так же шуршит под руками, как бумага?»
  </p>
  <p rend="left" uuid="36efa4ed-51af-49c0-9872-523a31195515">
   <pb n="209"/>
   Зрячий сказал: «Нет, он белый, как мука белая».
  </p>
  <p rend="left" uuid="52289fa8-fa2c-422e-93d6-9753e966974a">
   Слепой спросил: «А что, он такой же мягкий и сыпучий, как мука?»
  </p>
  <p rend="left" uuid="5df432b6-0235-4950-b44e-5042b68d6c47">
   Зрячий сказал: «Нет, он просто белый, как заяц беляк».
  </p>
  <p rend="left" uuid="8b08cca9-f4c2-492d-963c-b293b2cd1b1f">
   Слепой спросил: «Что же, он пушистый и мягкий, как заяц?»
  </p>
  <p rend="left" uuid="802f0ed4-693f-444c-a105-f135ec7f3539">
   Зрячий сказал: «Нет, белый цвет такой точно, как снег».
  </p>
  <p rend="left" uuid="3195cce5-5a21-4be7-a042-773638d2cb7a">
   Слепой спросил: «Что же, он холодный, как снег?»
  </p>
  <p rend="left" uuid="8e348114-3264-4134-ae5a-9c6759be3073">
   И сколько примеров зрячий ни говорил, слепой не мог понять, какой бывает белый цвет молока.
  </p>
 </div>
</TEI>