<?xml version="1.0" encoding="utf-8"?>
<TEI xmlns="http://www.tei-c.org/ns/1.0" xmlns:xi="http://www.w3.org/2001/XInclude">
 <teiHeader>
  <fileDesc>
   <titleStmt>
    <title>
     Произведения, написанные для «Азбуки» и не включенные в нее
    </title>
    <author>
     Толстой Л.Н.
    </author>
    <respStmt>
     <resp>
      подготовка TEI/XML
     </resp>
     <name>
      Мария Картышева, Евгений Можаев, Даниил Скоринкин, Елена Сидорова, Вероника Файнберг, Кирилл Милинцевич
     </name>
    </respStmt>
    <respStmt>
     <name>
      Анастасия Бонч-Осмоловская, Фёкла Толстая, Борис Орехов
     </name>
     <resp>
      Идея, постановка задач, руководство
     </resp>
    </respStmt>
   </titleStmt>
   <publicationStmt>
    <idno>
     Азбука  | Произведения, написанные для «Азбуки» и не включенные в нее
    </idno>
    <publisher>
     <orgName>
      Школа лингвистики НИУ ВШЭ
     </orgName>
    </publisher>
    <availability>
     <p>
      Тексты и метатекстовая разметка доступны для свободного использования и распространения по лицензии Creative Commons Attribution Share-Alike (cc by-sa)
     </p>
    </availability>
   </publicationStmt>
   <sourceDesc>
    <biblStruct>
     <analytic>
      <author>
       Толстой Л.Н.
      </author>
      <title level="a">
       Произведения, написанные для «Азбуки» и не включенные в нее
      </title>
     </analytic>
     <monogr>
      <title level="m">
       Полное собрание сочинений. Том 21
      </title>
      <imprint>
       <pubPlace>
        Москва
       </pubPlace>
       <publisher>
        Государственное издательство "Художественная литература"
       </publisher>
       <date when="1871-1872"/>
      </imprint>
     </monogr>
     <series>
      <title level="s">
       Л.Н. Толстой. Полное собрание сочинений
      </title>
      <biblScope unit="vol">
       21
      </biblScope>
     </series>
    </biblStruct>
   </sourceDesc>
  </fileDesc>
  <encodingDesc>
   <classDecl>
    <xi:include href="taxonomy.xml"/>
   </classDecl>
  </encodingDesc>
  <profileDesc>
   <creation>
    <date notAfter="1872" notBefore="1871">
     1871-1872
    </date>
    <rs/>
   </creation>
   <textClass>
    <catRef target="#fiction" type="sphere"/>
    <catRef target="#произведения для детей" type="type"/>
    <catRef target="#works" type="works_letters_diaries"/>
    <catRef target="#сборник" type="ninetyDef"/>
    <catRef target="#Неопубликованное, неотделанное, неоконченное" type="main_var"/>
    <catRef target="#сборник" type="type_short"/>
    <catRef target="None" type="translation"/>
    <catRef target="None" type="translation_origin"/>
    <catRef target="#да" type="tolstoy_or_not"/>
    <catRef target="None" type="name_status"/>
   </textClass>
   <preparedness>
    finished
   </preparedness>
   <settingDesc>
    <time>
     XIX век
    </time>
   </settingDesc>
  </profileDesc>
  <xenoData>
   <cyclusName/>
   <p>
    Проект
    <title>
     Толстой.Digital
    </title>
    разрабатывается сотрудниками и студентами
    <orgName>
     Высшей школы экономики
    </orgName>
    в сотрудничестве с
    <orgName>
     Государственным музеем Л.Н. Толстого
    </orgName>
    . Источник текстов –
    <bibl>
     90-томное собрание сочинений Л.Н.Толстого
    </bibl>
    . Разметка основана на стандарте
    <ref target="http://www.tei-c.org">
     TEI (Text Encoding Initiative)
    </ref>
    .
   </p>
   <versionNumber/>
   <isFinished/>
   <isEdited/>
   <fullBibliographicDescription/>
  </xenoData>
 </teiHeader>
 <p rend="left emptyline">
  <pb n="277"/>
 </p>
 <div type="section" xml:id="h000014015">
  <head rend="center">
   ШЕЛКОВИЧНЫЙ ЧЕРВЬ
  </head>
  <p rend="center" uuid="5265a318-6264-4ede-babd-993a3869fed4">
   <hi rend="italic">
    (Рассказ)
   </hi>
  </p>
  <p rend="left" uuid="dbf0c923-df30-4bd6-9a21-4759a26f3db0">
   У меня были старые тутовые деревья в саду. Еще дедушка мой посадил их. Мне дали осенью золотник семян шелковичных червей и присоветовали выводить червей и делать шелк. Семена эти темносерые и такие маленькие, что в моем золотнике я сосчитал их 5835. Они меньше самой маленькой булавочной головки. Они совсем мертвые: только когда раздавишь, так они щелкнут.
  </p>
  <p rend="left" uuid="6b03a8bf-20d3-40ab-981f-b4371b5e84ad">
   Семячки валялись у меня на столе, и я было забыл про них.
  </p>
  <p rend="left" uuid="7d677624-21cb-444e-8d59-1fc71c1fe623">
   Но раз весной я пошел в сад и заметил, что почка на тутовнике стала распускаться, и на припоре солнечном уж был лист. Я вспомнил про семена червей и дома стал перебирать их и рассыпал попросторнее. Большая часть семячек были уже не темносерые, как прежде, а одни были светлосерые, а другие еще светлее с молочным отливом.
  </p>
  <p rend="left" uuid="0e572384-d8ce-4575-bbbe-17fb37ed1540">
   На другое утро я рано посмотрел яички и увидал, что из одних червячки уже вышли, а другие разбухли и налились. Они, видно, почувствовали в своих скорлупках, что корм их поспел.
  </p>
  <p rend="left" uuid="411ae643-d833-4b54-bfb9-6090d7b2df9f">
   <pb n="278"/>
   Червячки были черные, мохнатые и такие маленькие, что трудно было их рассмотреть. Я поглядел в увеличительное стекло на них и увидал, что они в яичке лежат свернутые колечком, и как выходят, так выпрямляются. Я пошел в сад за тутовыми листьями, набрал пригоршни три, положил к себе на стол и принялся готовить для червей место, так, как меня учили.
  </p>
  <p rend="left" uuid="90f43912-85a4-43a4-9fe6-9364df03e1d9">
   Пока я готовил бумагу, червячки почуяли на столе свой корм и поползли к нему. Я отодвинул и стал манить червей на лист, и они, как собаки за куском мяса, ползли за листом по сукну стола через карандаши, ножницы и бумагу. Тогда я нарезал бумаги, протыкал ее ножичком, на бумагу наложил листья и совсем с листом наложил бумагу на червяков. Червяки пролезли в дырочки, все взобрались на лист и сейчас же принялись за еду.
  </p>
  <p rend="left" uuid="e4875cc8-2f72-4402-9663-79c97d4e64fe">
   На других червей, когда они вывелись, я так же наложил бумагу с листом, и все пролезли в дырочки и принялись есть. На каждом листе бумаги все червяки собирались вместе и с краев объедали лист. Потом, когда съедали всё, то ползли по бумаге и искали нового корма. Тогда я накладывал на них новые листы дырявой бумаги с тутовым листом, и они перелезали на новый корм.
  </p>
  <p rend="left" uuid="45172aad-b2ff-4fdc-8a57-bd53a2c63a88">
   Они лежали у меня на полке, и когда листа не было, они ползали по полке, приползали к самому краю, но никогда не спадали вниз, даром что они слепые. Как только червяк подойдет к обрыву, он, прежде чем спускаться, изо рта выпустит паутину и на ней приклеится к краю, спустится, повисит, поосмотрится, и если хочет спуститься — спустится, а если хочет вернуться назад, то втянется назад по своей паутинке.
  </p>
  <p rend="left" uuid="9684004c-c2d9-46bf-bbb7-67d37352a507">
   Целые сутки червяки только и делали, что ели. И листу всё им надо было подавать больше и больше. Когда им принесешь свежий лист и они переберутся на него, то делается шум, точно дождь по листьям; это они начинают есть свежий лист.
  </p>
  <p rend="left" uuid="1c2a6b6e-b515-4803-88b3-fd77d3938f76">
   Так старшие черви жили пять дней. Уже они очень выросли и стали есть в 10 раз больше против прежнего. На пятый день я знал, что им надо засыпать, и всё ждал, когда это будет. К вечеру на 5-й день точно один старший червяк прилип к бумаге и перестал есть и шевелиться.
  </p>
  <p rend="left" uuid="e6caa894-e6cc-42d9-ba1c-1f3881100024">
   На другие сутки я долго караулил его. Я знал, что черви несколько раз линяют, потому что вырастают и им тесно в прежней шкуре, и они надевают новую.
  </p>
  <p rend="left" uuid="3a4881e2-b32e-47fa-b693-24d2fb992d75">
   <pb n="279"/>
   Мы караулили по переменкам с моим товарищем. Ввечеру товарищ закричал: «Раздеваться начал, идите!» Я пришел и увидал, что точно, — этот червяк прицепился старою шкурой к бумаге, прорвал около рта дыру, высунул голову и тужится-извивается, — как бы выбраться, но старая рубашка не пускает его. Долго я смотрел на него, как он бился и не мог выбраться, и захотел помочь ему. Я ковырнул чуть-чуть ногтем, но тотчас же увидал, что сделал глупость. Под ногтем было что-то жидкое и червяк замер. Я думал, что это кровь, но потом я узнал, что это у червяка под кожей есть жидкий сок — для того, чтобы по смазке легче сходила его рубашка. Ногтем я, верно, расстроил новую рубашку, потому что червяк хотя и вылез, но скоро умер.
  </p>
  <p rend="left" uuid="070164e1-2df8-4890-ae0d-97049a00230c">
   Других уже я не трогал, а они все так же выбирались из своих рубашек; и только некоторые пропадали, а все почти, хотя и долго мучались, но выползали-таки из старой рубашки.
  </p>
  <p rend="left" uuid="f7870e34-a0ee-4201-b374-79960f7cb8a9">
   Перелинявши, червяки сильнее стали есть, и листу пошло еще больше. Через 4 дня они опять заснули и опять стали вылезать из шкур. Листу пошло еще больше, и они были уже ростом в осьмушку вершка. Потом через шесть дней опять заснули и вышли опять в новых шкурах из старых, и стали уже очень велики и толсты, и мы едва поспевали готовить им лист.
  </p>
  <p rend="left" uuid="0f06c68e-02ff-474d-836c-9bbf153b3de2">
   На 9-й день старшие червяки совсем перестали есть и поползли вверх по полкам и по столбам. Я собрал их и положил им свежего листа, но они отворачивали головы от листа и ползли прочь. Я вспомнил тогда, что червяки, когда готовятся завиваться в куклы, то перестают совсем есть и ползут вверх.
  </p>
  <p rend="left" uuid="4d455dbf-1872-4760-9ff1-6083ae179079">
   Я оставил их и стал смотреть, что они будут делать.
  </p>
  <p rend="left" uuid="d4d3b4bf-2845-4c28-a072-1cdbccb54a0a">
   Старшие влезли на потолок, разошлись врозь, поползли и стали протягивать по одной паутинке в разные стороны. Я смотрел за одним. Он забрался в угол, протянул ниток шесть на вершок от себя во все стороны, повис на них, перегнулся подковой вдвое, и стал кружить головой и выпускать шелковую паутину, так, что паутина обматывалась вокруг него. К вечеру он уже был как в тумане в своей паутине. Чуть видно его было: а на другое утро уж его и совсем не видно было за паутиной: он весь обмотался шелком, и всё еще мотал.
  </p>
  <p rend="left" uuid="dc8209dd-5666-4b63-82b4-434dd54985b9">
   Через три дня он кончил мотать и замер.
  </p>
  <p rend="left" uuid="f4700fa9-3861-4d6f-ba45-b35074622d13">
   Потом я узнал, сколько он выпускает в длину паутины за эти три дня. Если размотать всю его паутину, то выйдет иногда
   <pb n="280"/>
   больше версты, а редко меньше. И если счесть, сколько раз надо мотнуть червячку головой в эти три дня, чтобы выпустить паутину, то выйдет, что он повернется вокруг себя в эти три дня 300 000 раз. Значит, он не переставая делает каждую секунду по обороту. Зато уже после этой работы, когда мы сняли несколько куколок и разломили их, то мы нашли в куколках червяков совсем высохших, белых, точно восковых.
  </p>
  <p rend="left" uuid="6c5e4859-bf74-4c69-9228-f1326d1b56a3">
   Я знал, что из этих куколок с белыми, восковыми мертвецами внутри должны выйти бабочки; но, глядя на них, не мог этому верить. Однако все-таки я на 20-й день стал смотреть, что будет с теми, каких я оставил.
  </p>
  <p rend="left" uuid="a913144f-b313-4614-87b6-4f5a7c754f07">
   На 20-й день я знал, что должна быть перемена. Ничего не было видно, и я уже думал, что-нибудь не так, как вдруг приметил — на одном коконе кончик потемнел и намок. Я подумал уже — не испортился ли, и хотел выбросить. Но подумал, не так ли начинается? и стал смотреть, что будет. И точно: из мокрого места что-то тронулось. Я долго не мог разобрать, что это такое. Но потом показалось что-то похожее на головку с усиками. Усики шевелились. Потом я заметил, что лапка просунулась в дырку, потом другая, — и лапки цеплялись и выкарабкивались из куколки. Всё дальше и дальше выдиралось что-то, и я разобрал — мокрую бабочку. Когда выбрались все шесть лапок, — задок выскочил, она вылезла и тут же села. Когда бабочка обсохла, она стала белая, расправила крылья, полетала, покружилась и села на окно.
  </p>
  <p rend="left" uuid="6004e2b1-2835-4331-9035-dbc0540fb577">
   Через два дня бабочка на подоконнике рядком наклала яиц и приклеила их. Яички были желтые, 25 бабочек положили яйца. И я набрал 5000 яичек.
  </p>
  <p rend="left" uuid="e3fbc283-2cf4-4f8f-9727-ad2f5736a1df">
   На другой год я выкормил уже больше червей и больше вымотал шелку.
  </p>
 </div>
</TEI>