<?xml version="1.0" encoding="utf-8"?>
<TEI xmlns="http://www.tei-c.org/ns/1.0" xmlns:xi="http://www.w3.org/2001/XInclude">
 <teiHeader>
  <fileDesc>
   <titleStmt>
    <title>
     Произведения, написанные для «Азбуки» и не включенные в нее
    </title>
    <author>
     Толстой Л.Н.
    </author>
    <respStmt>
     <resp>
      подготовка TEI/XML
     </resp>
     <name>
      Мария Картышева, Евгений Можаев, Даниил Скоринкин, Елена Сидорова, Вероника Файнберг, Кирилл Милинцевич
     </name>
    </respStmt>
    <respStmt>
     <name>
      Анастасия Бонч-Осмоловская, Фёкла Толстая, Борис Орехов
     </name>
     <resp>
      Идея, постановка задач, руководство
     </resp>
    </respStmt>
   </titleStmt>
   <publicationStmt>
    <idno>
     Азбука  | Произведения, написанные для «Азбуки» и не включенные в нее
    </idno>
    <publisher>
     <orgName>
      Школа лингвистики НИУ ВШЭ
     </orgName>
    </publisher>
    <availability>
     <p>
      Тексты и метатекстовая разметка доступны для свободного использования и распространения по лицензии Creative Commons Attribution Share-Alike (cc by-sa)
     </p>
    </availability>
   </publicationStmt>
   <sourceDesc>
    <biblStruct>
     <analytic>
      <author>
       Толстой Л.Н.
      </author>
      <title level="a">
       Произведения, написанные для «Азбуки» и не включенные в нее
      </title>
     </analytic>
     <monogr>
      <title level="m">
       Полное собрание сочинений. Том 21
      </title>
      <imprint>
       <pubPlace>
        Москва
       </pubPlace>
       <publisher>
        Государственное издательство "Художественная литература"
       </publisher>
       <date when="1871-1872"/>
      </imprint>
     </monogr>
     <series>
      <title level="s">
       Л.Н. Толстой. Полное собрание сочинений
      </title>
      <biblScope unit="vol">
       21
      </biblScope>
     </series>
    </biblStruct>
   </sourceDesc>
  </fileDesc>
  <encodingDesc>
   <classDecl>
    <xi:include href="taxonomy.xml"/>
   </classDecl>
  </encodingDesc>
  <profileDesc>
   <creation>
    <date notAfter="1872" notBefore="1871">
     1871-1872
    </date>
    <rs/>
   </creation>
   <textClass>
    <catRef target="#fiction" type="sphere"/>
    <catRef target="#произведения для детей" type="type"/>
    <catRef target="#works" type="works_letters_diaries"/>
    <catRef target="#сборник" type="ninetyDef"/>
    <catRef target="#Неопубликованное, неотделанное, неоконченное" type="main_var"/>
    <catRef target="#сборник" type="type_short"/>
    <catRef target="None" type="translation"/>
    <catRef target="None" type="translation_origin"/>
    <catRef target="#да" type="tolstoy_or_not"/>
    <catRef target="None" type="name_status"/>
   </textClass>
   <preparedness>
    finished
   </preparedness>
   <settingDesc>
    <time>
     XIX век
    </time>
   </settingDesc>
  </profileDesc>
  <xenoData>
   <cyclusName/>
   <p>
    Проект
    <title>
     Толстой.Digital
    </title>
    разрабатывается сотрудниками и студентами
    <orgName>
     Высшей школы экономики
    </orgName>
    в сотрудничестве с
    <orgName>
     Государственным музеем Л.Н. Толстого
    </orgName>
    . Источник текстов –
    <bibl>
     90-томное собрание сочинений Л.Н.Толстого
    </bibl>
    . Разметка основана на стандарте
    <ref target="http://www.tei-c.org">
     TEI (Text Encoding Initiative)
    </ref>
    .
   </p>
   <versionNumber/>
   <isFinished/>
   <isEdited/>
   <fullBibliographicDescription/>
  </xenoData>
 </teiHeader>
 <p rend="left emptyline">
  <pb n="206"/>
 </p>
 <div type="section" xml:id="h000013004">
  <head rend="center">
   СТРОГОЕ НАКАЗАНИЕ
  </head>
  <p rend="center" uuid="be4912ff-0a31-4faa-82f2-71e8b590de3a">
   <hi rend="italic">
    (Сказка)
   </hi>
  </p>
  <p rend="left" uuid="e1677a4e-92ba-4e81-9648-41700aabae63">
   Один человек пошел на торг и купил говядины. На торгу его обманули: дали дурной говядины, да еще обвесили.
  </p>
  <p rend="left" uuid="7dd87a83-3065-420a-84be-b2608aca0ade">
   Вот он идет домой с говядиной и бранится. Встречается ему царь и спрашивает: «Кого ты бранишь?» А он говорит: «Я браню того, кто меня обманул. Я заплатил за три фунта, а мне дали только два, и то дурную говядину». Царь и говорит. «Пойдем назад на торг; покажи того, кто тебя обманул». Человек пошел назад и показал купца. Царь свесил при себе мясо: видит, точно, обманули. Царь и говорит: «Ну, как ты хочешь, чтобы я наказал купца?» Тот говорит: «Вели вырезать из его спины столько мяса, на сколько он обманул меня».
  </p>
  <p rend="left" uuid="86bbd125-64e0-4a76-b2ad-6f0d574eaab2">
   Царь и говорит: «Хорошо, возьми нож и вырежь из купца фунт мяса; только смотри, чтобы у тебя вес был бы верен, а если вырежешь больше или меньше фунта, ты виноват останешься».
  </p>
  <p rend="left" uuid="3a661b56-9dcd-4e3a-afde-0ee26c7d6a54">
   Человек смолчал и ушел домой.
  </p>
 </div>
</TEI>