<?xml version="1.0" encoding="utf-8"?>
<TEI xmlns="http://www.tei-c.org/ns/1.0" xmlns:xi="http://www.w3.org/2001/XInclude">
 <teiHeader>
  <fileDesc>
   <titleStmt>
    <title>
     Произведения, написанные для «Азбуки» и не включенные в нее
    </title>
    <author>
     Толстой Л.Н.
    </author>
    <respStmt>
     <resp>
      подготовка TEI/XML
     </resp>
     <name>
      Мария Картышева, Евгений Можаев, Даниил Скоринкин, Елена Сидорова, Вероника Файнберг, Кирилл Милинцевич
     </name>
    </respStmt>
    <respStmt>
     <name>
      Анастасия Бонч-Осмоловская, Фёкла Толстая, Борис Орехов
     </name>
     <resp>
      Идея, постановка задач, руководство
     </resp>
    </respStmt>
   </titleStmt>
   <publicationStmt>
    <idno>
     Азбука  | Произведения, написанные для «Азбуки» и не включенные в нее
    </idno>
    <publisher>
     <orgName>
      Школа лингвистики НИУ ВШЭ
     </orgName>
    </publisher>
    <availability>
     <p>
      Тексты и метатекстовая разметка доступны для свободного использования и распространения по лицензии Creative Commons Attribution Share-Alike (cc by-sa)
     </p>
    </availability>
   </publicationStmt>
   <sourceDesc>
    <biblStruct>
     <analytic>
      <author>
       Толстой Л.Н.
      </author>
      <title level="a">
       Произведения, написанные для «Азбуки» и не включенные в нее
      </title>
     </analytic>
     <monogr>
      <title level="m">
       Полное собрание сочинений. Том 21
      </title>
      <imprint>
       <pubPlace>
        Москва
       </pubPlace>
       <publisher>
        Государственное издательство "Художественная литература"
       </publisher>
       <date when="1871-1872"/>
      </imprint>
     </monogr>
     <series>
      <title level="s">
       Л.Н. Толстой. Полное собрание сочинений
      </title>
      <biblScope unit="vol">
       21
      </biblScope>
     </series>
    </biblStruct>
   </sourceDesc>
  </fileDesc>
  <encodingDesc>
   <classDecl>
    <xi:include href="taxonomy.xml"/>
   </classDecl>
  </encodingDesc>
  <profileDesc>
   <creation>
    <date notAfter="1872" notBefore="1871">
     1871-1872
    </date>
    <rs/>
   </creation>
   <textClass>
    <catRef target="#fiction" type="sphere"/>
    <catRef target="#произведения для детей" type="type"/>
    <catRef target="#works" type="works_letters_diaries"/>
    <catRef target="#сборник" type="ninetyDef"/>
    <catRef target="#Неопубликованное, неотделанное, неоконченное" type="main_var"/>
    <catRef target="#сборник" type="type_short"/>
    <catRef target="None" type="translation"/>
    <catRef target="None" type="translation_origin"/>
    <catRef target="#да" type="tolstoy_or_not"/>
    <catRef target="None" type="name_status"/>
   </textClass>
   <preparedness>
    finished
   </preparedness>
   <settingDesc>
    <time>
     XIX век
    </time>
   </settingDesc>
  </profileDesc>
  <xenoData>
   <cyclusName/>
   <p>
    Проект
    <title>
     Толстой.Digital
    </title>
    разрабатывается сотрудниками и студентами
    <orgName>
     Высшей школы экономики
    </orgName>
    в сотрудничестве с
    <orgName>
     Государственным музеем Л.Н. Толстого
    </orgName>
    . Источник текстов –
    <bibl>
     90-томное собрание сочинений Л.Н.Толстого
    </bibl>
    . Разметка основана на стандарте
    <ref target="http://www.tei-c.org">
     TEI (Text Encoding Initiative)
    </ref>
    .
   </p>
   <versionNumber/>
   <isFinished/>
   <isEdited/>
   <fullBibliographicDescription/>
  </xenoData>
 </teiHeader>
 <p rend="left emptyline">
  <pb n="182"/>
 </p>
 <div type="section" xml:id="h000012059">
  <head rend="center">
   УЖ
  </head>
  <p id="c4c2c484-7937-43c6-8967-3fc0096e9750" rend="center">
   <hi rend="italic">
    (Сказка)
   </hi>
  </p>
  <p id="75c3696a-9c5a-4a54-825a-619d1eff802c" rend="left">
   У одной женщины была дочь Маша. Маша пошла с подругами купаться. Девочки сняли рубашки, положили на берег и попрыгали в воду.
  </p>
  <p id="dc38cd9a-d1f8-4bb8-a7fd-6fe324eb2b8a" rend="left">
   Из воды выполз большой уж и, свернувшись, лег на Машину рубашку. Девочки вылезли из воды, надели свои рубашки и побежали домой. Когда Маша подошла к своей рубашке и увидала, что на ней лежит ужак, она взяла палку и хотела согнать его; но уж поднял голову и засипел человечьим голосом:
  </p>
  <p id="8602f05e-5caa-4e03-9965-9587975d4c44" rend="left">
   «Маша, Маша, обещай за меня замуж».
  </p>
  <p id="b8f1eaba-7f6b-4941-8541-b80ce69973a8" rend="left">
   Маша заплакала и сказала: «Только отдай мне рубашку, а я всё сделаю».
  </p>
  <p id="71120d69-31df-4c38-b818-bdde94ffae94" rend="left">
   «Пойдешь ли замуж?»
  </p>
  <p id="acd532fd-313d-4785-b30a-2b2084af5a77" rend="left">
   Маша сказала: «Пойду». И уж сполз с рубашки и ушел в воду.
  </p>
  <p id="731310ce-5193-46e4-b303-cd734515c92d" rend="left">
   Маша надела рубашку и побежала домой. Дома она сказала матери: «Матушка, ужак лег на мою рубашку и сказал: иди за меня замуж, а то не отдам рубашки. Я ему обещала».
  </p>
  <p id="115a3252-94b5-4b87-84d6-5728c02eb6dd" rend="left">
   Мать посмеялась и сказала: «Это тебе приснилось».
  </p>
  <p id="67080059-5f88-473a-87a2-8bebd9639cbf" rend="left">
   Через неделю целое стадо ужей приползло к Машиному дому.
  </p>
  <p id="a323bd47-78bf-45f9-a2ce-d4826f6e7dfb" rend="left">
   <pb n="183"/>
   Маша увидала ужей, испугалась и сказала: «Матушка, за мной ужи приползли».
  </p>
  <p id="d7a32a1b-e114-4494-ab2c-c3e9772f9653" rend="left">
   Мать не поверила, но как увидала, сама испугалась и заперла сени и дверь в избу. Ужи проползли под ворота и вползли в сени, но не могли пройти в избу. Тогда они выползли назад, все вместе свернулись клубком и бросились в окно. Они разбили стекло, упали на пол в избу и поползли по лавкам, столам и на печку. Маша забилась в угол на печи, но ужи нашли ее, стащили оттуда и повели к воде.
  </p>
  <p id="6c60ff14-2da0-414e-bf17-673bb9e95626" rend="left">
   Мать плакала и бежала за ними, но не догнала. Ужи вместе с Машей бросились в воду.
  </p>
  <p id="adfee412-d49f-484e-af21-882e56c9c0bc" rend="left">
   Мать плакала о дочери и думала, что она умерла.
  </p>
  <p id="cf72aafa-4eea-4b52-ac3c-d37b729f0a24" rend="left">
   Один раз мать сидела у окна и смотрела на улицу. Вдруг она увидала, что к ней идет ее Маша и ведет за руку маленького мальчика, а на руках несет девочку.
  </p>
  <p id="4c775438-abdf-44d9-9337-1fc77c6fb7c1" rend="left">
   Мать обрадовалась и стала целовать Машу и спрашивать ее, где она была и чьи это дети? Маша сказала, что это ее дети, что уж взял ее замуж, и что она живет с ним в водяном царстве.
  </p>
  <p id="673f269c-cadd-4793-9816-e19fb8c91dac" rend="left">
   Мать спросила дочь, хорошо ли ей жить в водяном царстве, и дочь сказала, что лучше, чем на земле.
  </p>
  <p id="2dbb8cbb-b897-46c4-91d0-faa4df1fe5f3" rend="left">
   Мать просила Машу, чтоб она осталась с нею, но Маша не согласилась. Она сказала, что обещала мужу вернуться.
  </p>
  <p id="7a5ff7a6-a548-452b-8600-57cd97cfd563" rend="left">
   Тогда мать спросила дочь:
  </p>
  <p id="da50fb11-6360-40f1-be22-34af5bdcab96" rend="left">
   «А как же ты домой пойдешь?»
  </p>
  <p id="052c51d7-b7ef-4cd9-9be5-061c520eaa4b" rend="left">
   «Пойду, покличу: «Осип, Осип, выйди сюда и возьми меня», он и выйдет на берег и возьмет меня».
  </p>
  <p id="167da12c-35c5-4a2a-94a1-ac65ad828138" rend="left">
   Мать сказала тогда Маше: «Ну, хорошо, только переночуй у меня»
  </p>
  <p id="fa118039-0dbc-4a02-b0fd-c4d6e2b7939a" rend="left">
   Маша легла и заснула, а мать взяла топор и пошла к воде.
  </p>
  <p id="09142680-c3d8-45f0-ade8-2f34774cf73c" rend="left">
   Она пришла к воде и стала звать: «Осип, Осип, выйди сюда».
  </p>
  <p id="903c1d1a-509f-4036-8cdf-bda836d14b05" rend="left">
   Уж выплыл на берег. Тогда мать ударила его топором и отрубила ему голову. Вода сделалась красною от крови.
  </p>
  <p id="efcec402-b957-4fb3-ba31-5d2028d29a2c" rend="left">
   Мать пришла домой, а дочь проснулась и говорит: «Я пойду домой, матушка; мне скучно стало», и она пошла.
  </p>
  <p id="12974f35-8dc3-43ec-b288-fb41c68cd637" rend="left">
   Маша взяла девочку на руки, а мальчика повела за руку.
  </p>
  <p id="86412d2e-2657-4b0f-ba65-9bcf3163cbf2" rend="left">
   Когда они пришли к воде, она стала кликать: «Осип, Осип, выйди ко мне». Но никто не выходил.
  </p>
  <p id="e8483a03-a2d1-44b0-b405-ba373d506508" rend="left">
   Тогда она посмотрела на воду и увидала, что вода красная и ужовая голова плавает по ней.
  </p>
  <p id="daddc27a-297f-4984-8fe0-3dd40778096a" rend="left">
   Тогда Маша поцеловала дочь и сына и сказала им:
  </p>
  <p id="a17cbb45-274f-43fc-89cd-448b22cc0ad2" rend="left">
   <pb n="184"/>
   «Нет у вас батюшки, не будет у вас и матушки. Ты, дочка, будь птичкой ласточкой, летай над водой; ты, сынок, будь соловейчиком, распевай по зарям; а я буду кукушечкой, буду куковать по убитому по своему мужу». И они все разлетелись в разные стороны.
  </p>
 </div>
</TEI>