<?xml version="1.0" encoding="utf-8"?>
<TEI xmlns="http://www.tei-c.org/ns/1.0" xmlns:xi="http://www.w3.org/2001/XInclude">
 <teiHeader>
  <fileDesc>
   <titleStmt>
    <title>
     Произведения, написанные для «Азбуки» и не включенные в нее
    </title>
    <author>
     Толстой Л.Н.
    </author>
    <respStmt>
     <resp>
      подготовка TEI/XML
     </resp>
     <name>
      Мария Картышева, Евгений Можаев, Даниил Скоринкин, Елена Сидорова, Вероника Файнберг, Кирилл Милинцевич
     </name>
    </respStmt>
    <respStmt>
     <name>
      Анастасия Бонч-Осмоловская, Фёкла Толстая, Борис Орехов
     </name>
     <resp>
      Идея, постановка задач, руководство
     </resp>
    </respStmt>
   </titleStmt>
   <publicationStmt>
    <idno>
     Азбука  | Произведения, написанные для «Азбуки» и не включенные в нее
    </idno>
    <publisher>
     <orgName>
      Школа лингвистики НИУ ВШЭ
     </orgName>
    </publisher>
    <availability>
     <p>
      Тексты и метатекстовая разметка доступны для свободного использования и распространения по лицензии Creative Commons Attribution Share-Alike (cc by-sa)
     </p>
    </availability>
   </publicationStmt>
   <sourceDesc>
    <biblStruct>
     <analytic>
      <author>
       Толстой Л.Н.
      </author>
      <title level="a">
       Произведения, написанные для «Азбуки» и не включенные в нее
      </title>
     </analytic>
     <monogr>
      <title level="m">
       Полное собрание сочинений. Том 21
      </title>
      <imprint>
       <pubPlace>
        Москва
       </pubPlace>
       <publisher>
        Государственное издательство "Художественная литература"
       </publisher>
       <date when="1871-1872"/>
      </imprint>
     </monogr>
     <series>
      <title level="s">
       Л.Н. Толстой. Полное собрание сочинений
      </title>
      <biblScope unit="vol">
       21
      </biblScope>
     </series>
    </biblStruct>
   </sourceDesc>
  </fileDesc>
  <encodingDesc>
   <classDecl>
    <xi:include href="taxonomy.xml"/>
   </classDecl>
  </encodingDesc>
  <profileDesc>
   <creation>
    <date notAfter="1872" notBefore="1871">
     1871-1872
    </date>
    <rs/>
   </creation>
   <textClass>
    <catRef target="#fiction" type="sphere"/>
    <catRef target="#произведения для детей" type="type"/>
    <catRef target="#works" type="works_letters_diaries"/>
    <catRef target="#сборник" type="ninetyDef"/>
    <catRef target="#Неопубликованное, неотделанное, неоконченное" type="main_var"/>
    <catRef target="#сборник" type="type_short"/>
    <catRef target="None" type="translation"/>
    <catRef target="None" type="translation_origin"/>
    <catRef target="#да" type="tolstoy_or_not"/>
    <catRef target="None" type="name_status"/>
   </textClass>
   <preparedness>
    finished
   </preparedness>
   <settingDesc>
    <time>
     XIX век
    </time>
   </settingDesc>
  </profileDesc>
  <xenoData>
   <cyclusName/>
   <p>
    Проект
    <title>
     Толстой.Digital
    </title>
    разрабатывается сотрудниками и студентами
    <orgName>
     Высшей школы экономики
    </orgName>
    в сотрудничестве с
    <orgName>
     Государственным музеем Л.Н. Толстого
    </orgName>
    . Источник текстов –
    <bibl>
     90-томное собрание сочинений Л.Н.Толстого
    </bibl>
    . Разметка основана на стандарте
    <ref target="http://www.tei-c.org">
     TEI (Text Encoding Initiative)
    </ref>
    .
   </p>
   <versionNumber/>
   <isFinished/>
   <isEdited/>
   <fullBibliographicDescription/>
  </xenoData>
 </teiHeader>
 <p rend="left emptyline">
  <pb n="235"/>
 </p>
 <div type="section" xml:id="h000013038">
  <head rend="center">
   ФАЗАНЫ
  </head>
  <p rend="center" uuid="8f58ff75-87f6-4cda-b8f1-9b63472c4632">
   <hi rend="italic">
    (Описание)
   </hi>
  </p>
  <p rend="left" uuid="4ccb2b85-cf9c-4984-9a02-82196a8e57a7">
   На Кавказе диких кур зовут фазанами. Их так много, что они там дешевле домашней курицы. За фазанами охотятся
   <hi rend="italic">
    с кобылкой, с подсаду и из-под собаки
   </hi>
   .
  </p>
  <p rend="left" uuid="16f9af09-88f1-4833-bca3-3dc61be78a74">
   С кобылкой вот как охотятся: возьмут парусины, натянут на рамку, в середине рамки сделают перекладину, а в парусине сделают прорешку. Эта рамка с парусиной называется кобылкой. С этой кобылкой и с ружьем на заре выходят в лес. Кобылку несут перед собой и высматривают в прорешку фазанов. Фазаны по зарям кормятся на полянках; иногда целый выводок — наседка с цыплятами, иногда петух с курицей, иногда несколько петухов вместе.
  </p>
  <p rend="left" uuid="07ac9b99-33ed-4203-9c75-28d4e2fa8d47">
   Фазаны не видят человека, а не боятся парусины и подпускают к себе близко. Тогда охотник ставит кобылку, высовывает ружье в прореху и стреляет по выбору.
  </p>
  <p rend="left" uuid="a9f7270e-67cd-45f0-9808-711f545ed6ab">
   <hi rend="italic">
    С подсаду
   </hi>
   охотятся вот как: пустят дворную собачонку в лес и ходят за ней. Когда собака найдет фазана, она бросится за
   <pb n="236"/>
   ним. Фазан взлетит на дерево, и тогда собачонка начинает на него лаять. Охотник подходит на лай и стреляет фазана на дереве. Охота эта была бы легка, если бы фазан садился на дерево на чистом месте и сидел бы прямо на дереве — так, чтобы его бы видно было. Но фазаны всегда садятся на густые деревья, в чаще, и как завидят охотника, так прячутся в сучках. И бывает трудно пролезть в чаще к дереву, где сидит фазан, и трудно рассмотреть его. Когда собака одна лает на фазана, он не боится ее, сидит на сучке и еще петушится на нее и хлопает крыльями. Но как только он увидит человека, то сейчас же вытягивается по сучку, так что только привычный охотник различит его, а непривычный будет стоять подле и ничего не увидит.
  </p>
  <p rend="left" uuid="ab096788-2271-44f4-a5ac-a0de5c21a41a">
   Когда казаки подкрадываются к фазанам, то они надвигают тапку на свое лицо и не глядят вверх, потому что фазан боится человека с ружьем, а больше всего боится его глаз.
  </p>
  <p rend="left" uuid="6b3f235d-b779-4de5-ac34-c1c3edf3703b">
   <hi rend="italic">
    Из-под собаки
   </hi>
   охотятся вот как: берут лягавую собаку и ходят за ней по лесу. Собака чутьем услышит, где на заре ходили и кормились фазаны, и станет разбирать их следы. И, сколько бы ни напутали фазаны, хорошая собака всегда найдет последний след, выход с того места, где кормились. Чем дальше будет идти собака по следу, тем сильнее ей будет пахнуть, и так она дойдет до того места, где днем сидит в траве или ходит фазан. Когда она подойдет близко, тогда ей будет казаться, что фазан уж тут, прямо перед ней, и она всё будет идти осторожнее, чтобы не спугнуть его, и будет останавливаться, чтобы сразу прыгнуть и поймать его. Когда собака подойдет совсем близко, тогда фазан вылетает, и охотник стреляет.
  </p>
 </div>
</TEI>