<?xml version="1.0" encoding="utf-8"?>
<TEI xmlns="http://www.tei-c.org/ns/1.0" xmlns:xi="http://www.w3.org/2001/XInclude">
 <teiHeader>
  <fileDesc>
   <titleStmt>
    <title>
     Произведения, написанные для «Азбуки» и не включенные в нее
    </title>
    <author>
     Толстой Л.Н.
    </author>
    <respStmt>
     <resp>
      подготовка TEI/XML
     </resp>
     <name>
      Мария Картышева, Евгений Можаев, Даниил Скоринкин, Елена Сидорова, Вероника Файнберг, Кирилл Милинцевич
     </name>
    </respStmt>
    <respStmt>
     <name>
      Анастасия Бонч-Осмоловская, Фёкла Толстая, Борис Орехов
     </name>
     <resp>
      Идея, постановка задач, руководство
     </resp>
    </respStmt>
   </titleStmt>
   <publicationStmt>
    <idno>
     Азбука  | Произведения, написанные для «Азбуки» и не включенные в нее
    </idno>
    <publisher>
     <orgName>
      Школа лингвистики НИУ ВШЭ
     </orgName>
    </publisher>
    <availability>
     <p>
      Тексты и метатекстовая разметка доступны для свободного использования и распространения по лицензии Creative Commons Attribution Share-Alike (cc by-sa)
     </p>
    </availability>
   </publicationStmt>
   <sourceDesc>
    <biblStruct>
     <analytic>
      <author>
       Толстой Л.Н.
      </author>
      <title level="a">
       Произведения, написанные для «Азбуки» и не включенные в нее
      </title>
     </analytic>
     <monogr>
      <title level="m">
       Полное собрание сочинений. Том 21
      </title>
      <imprint>
       <pubPlace>
        Москва
       </pubPlace>
       <publisher>
        Государственное издательство "Художественная литература"
       </publisher>
       <date when="1871-1872"/>
      </imprint>
     </monogr>
     <series>
      <title level="s">
       Л.Н. Толстой. Полное собрание сочинений
      </title>
      <biblScope unit="vol">
       21
      </biblScope>
     </series>
    </biblStruct>
   </sourceDesc>
  </fileDesc>
  <encodingDesc>
   <classDecl>
    <xi:include href="taxonomy.xml"/>
   </classDecl>
  </encodingDesc>
  <profileDesc>
   <creation>
    <date notAfter="1872" notBefore="1871">
     1871-1872
    </date>
    <rs/>
   </creation>
   <textClass>
    <catRef target="#fiction" type="sphere"/>
    <catRef target="#произведения для детей" type="type"/>
    <catRef target="#works" type="works_letters_diaries"/>
    <catRef target="#сборник" type="ninetyDef"/>
    <catRef target="#Неопубликованное, неотделанное, неоконченное" type="main_var"/>
    <catRef target="#сборник" type="type_short"/>
    <catRef target="None" type="translation"/>
    <catRef target="None" type="translation_origin"/>
    <catRef target="#да" type="tolstoy_or_not"/>
    <catRef target="None" type="name_status"/>
   </textClass>
   <preparedness>
    finished
   </preparedness>
   <settingDesc>
    <time>
     XIX век
    </time>
   </settingDesc>
  </profileDesc>
  <xenoData>
   <cyclusName/>
   <p>
    Проект
    <title>
     Толстой.Digital
    </title>
    разрабатывается сотрудниками и студентами
    <orgName>
     Высшей школы экономики
    </orgName>
    в сотрудничестве с
    <orgName>
     Государственным музеем Л.Н. Толстого
    </orgName>
    . Источник текстов –
    <bibl>
     90-томное собрание сочинений Л.Н.Толстого
    </bibl>
    . Разметка основана на стандарте
    <ref target="http://www.tei-c.org">
     TEI (Text Encoding Initiative)
    </ref>
    .
   </p>
   <versionNumber/>
   <isFinished/>
   <isEdited/>
   <fullBibliographicDescription/>
  </xenoData>
 </teiHeader>
 <p rend="left emptyline">
  <pb n="240"/>
 </p>
 <div type="section" xml:id="h000013042">
  <head rend="center">
   ЧТО СЛУЧИЛОСЬ С БУЛЬКОЙ В ПЯТИГОРСКЕ
  </head>
  <p rend="center" uuid="0ec62a55-5057-4c80-9373-7563707ebd58">
   <hi rend="italic">
    (Рассказ)
   </hi>
  </p>
  <p rend="left" uuid="4e0fec6f-398e-4cf1-a3f2-54e49baadfc1">
   Из станицы я поехал не прямо в Россию, а сначала в Пятигорск, и там пробыл два месяца. Мильтона я подарил казаку-охотнику, а Бульку взял с собой в Пятигорск.
  </p>
  <p rend="left" uuid="272bcb94-ae50-427e-bc93-5d20a5eefa56">
   Пятигорск так называется оттого, что он стоит на горе Бештау. А Беш по-татарски значит пять, тау — гора. Из этой горы течет горячая серная вода. Вода эта горяча, как кипяток, и над местом, где идет вода из горы, всегда стоит пар, как над самоваром. Всё место, где стоит город, очень веселое. Из гор текут горячие родники, под горой течет речка Подкумок. По горе — леса, кругом — поля, а вдалеке всегда видны большие Кавказские горы. На этих горах снег никогда не тает, и они всегда белые, как сахар. Одна большая гора Эльбрус, как сахарная белая голова, видна отовсюду, когда ясная погода. На горячие ключи приезжают лечиться; и над ключами сделаны беседки, навесы, крутом разбиты сады и дорожки. По утрам играет музыка, и народ пьет воду или купается и гуляет.
  </p>
  <p rend="left" uuid="54f0a86f-c4e1-4075-9ed0-c08d7a21c33f">
   Самый город стоит на горе, а под горой есть слобода. Я жил в этой слободе в маленьком домике. Домик стоял на дворе, и перед окнами был садик, а в саду стояли хозяйские пчелы — не в колодах, как в России, а в круглых плетушках. Пчелы там так смирны, что я всегда по утрам с Булькой сиживал в этом садике промежду ульев.
  </p>
  <p rend="left" uuid="6933d4cf-735d-437a-88e3-f667fa97c84d">
   Булька ходил промежду ульев, удивлялся на пчел, нюхал, слушал, как они гудят, но так осторожно ходил около них, что не мешал им, и они его не трогали.
  </p>
  <p rend="left" uuid="2d165380-0220-47ce-9223-16fd38de2828">
   Один раз утром я вернулся домой с вод и сел пить кофей в палисаднике. Булька стал чесать себе за ушами и греметь
   <pb n="241"/>
   ошейником. Шум тревожил пчел, и я снял с Бульки ошейник. Немного погодя я услыхал из города с горы странный и страшный шум. Собаки лаяли, выли, визжали, люди кричали, и шум этот спускался с горы и подходил всё ближе и ближе к нашей слободе. Булька перестал чесаться, уложил свою широкую голову с белыми зубами промеж передних белых лапок, уложил и язык, как ему надо было, и смирно лежал подле меня. Когда он услыхал шум, он как будто понял, что это такое, насторожил уши, оскалил зубы, вскочил и начал рычать. Шум приближался. Точно собаки со всего города выли, визжали и лаяли. Я вышел к воротам посмотреть, и хозяйка моего дома подошла тоже. Я спросил: «Что это такое?» Она сказала: «Это колодники из острога ходят — собак бьют. Развелось много собак, и городское начальство велело бить всех собак по городу».
  </p>
  <p rend="left" uuid="00c8d683-ef26-4fd8-948e-c63d9aaead24">
   — Как, и Бульку убьют, если попадется?
  </p>
  <p rend="left" uuid="03923dca-c1e3-4928-8a9f-b7edce53a83b">
   — Нет, в ошейниках не велят бить.
  </p>
  <p rend="left" uuid="9c5333d3-a64e-4d99-bc07-f119ece5568b">
   В то самое время, как я говорил, колодники подошли уже к нашему двору.
  </p>
  <p rend="left" uuid="6b696153-23d8-45e3-8d51-9be43692a7ba">
   Впереди шли солдаты, сзади четыре колодника в цепях. У двух колодников в руках были длинные железные крючья и у двух дубины. Перед нашими воротами один колодник крючком зацепил дворную собачонку, притянул ее на середину улицы, а другой колодник стал бить ее дубиной. Собачонка визжала ужасно, а колодники кричали что-то и смеялись. Колодник с крючком перевернул собачонку и когда увидал, что она издохла, он вынул крючок и стал оглядываться, нет ли еще собаки.
  </p>
  <p rend="left" uuid="5ca65132-685a-4a62-8f15-5506e583ef4d">
   В это время Булька стремглав, как он кидался на медведя, бросился на этого колодника. Я вспомнил, что он без ошейника, и закричал: «Булька, назад!» — и кричал колодникам, чтобы они не били Бульку. Но колодник увидал Бульку, захохотал и крючком ловко ударил в Бульку и зацепил его за ляжку. Булька бросился прочь; но колодник тянул к себе и кричал другому: «Бей!» Другой замахнулся дубиной, и Булька был бы убит, но он рванулся, кожа прорвалась на ляжке, и он, поджав хвост, с красной раной на ноге, стремглав влетел в калитку, в дом и забился под мою постель.
  </p>
  <p rend="left" uuid="0c2d79d7-b4af-4825-934a-c2f31018c69c">
   Он спасся тем, что кожа его прорвалась насквозь в том месте, где был крючок.
  </p>
  <p rend="left emptyline" uuid="bdf98f0b-ebb3-4a9c-8d32-a5c9019d2df4">
   <pb n="242"/>
  </p>
 </div>
</TEI>