<?xml version="1.0" encoding="utf-8"?>
<TEI xmlns="http://www.tei-c.org/ns/1.0" xmlns:xi="http://www.w3.org/2001/XInclude">
 <teiHeader>
  <fileDesc>
   <titleStmt>
    <title>
     Произведения, написанные для «Азбуки» и не включенные в нее
    </title>
    <author>
     Толстой Л.Н.
    </author>
    <respStmt>
     <resp>
      подготовка TEI/XML
     </resp>
     <name>
      Мария Картышева, Евгений Можаев, Даниил Скоринкин, Елена Сидорова, Вероника Файнберг, Кирилл Милинцевич
     </name>
    </respStmt>
    <respStmt>
     <name>
      Анастасия Бонч-Осмоловская, Фёкла Толстая, Борис Орехов
     </name>
     <resp>
      Идея, постановка задач, руководство
     </resp>
    </respStmt>
   </titleStmt>
   <publicationStmt>
    <idno>
     Азбука  | Произведения, написанные для «Азбуки» и не включенные в нее
    </idno>
    <publisher>
     <orgName>
      Школа лингвистики НИУ ВШЭ
     </orgName>
    </publisher>
    <availability>
     <p>
      Тексты и метатекстовая разметка доступны для свободного использования и распространения по лицензии Creative Commons Attribution Share-Alike (cc by-sa)
     </p>
    </availability>
   </publicationStmt>
   <sourceDesc>
    <biblStruct>
     <analytic>
      <author>
       Толстой Л.Н.
      </author>
      <title level="a">
       Произведения, написанные для «Азбуки» и не включенные в нее
      </title>
     </analytic>
     <monogr>
      <title level="m">
       Полное собрание сочинений. Том 21
      </title>
      <imprint>
       <pubPlace>
        Москва
       </pubPlace>
       <publisher>
        Государственное издательство "Художественная литература"
       </publisher>
       <date when="1871-1872"/>
      </imprint>
     </monogr>
     <series>
      <title level="s">
       Л.Н. Толстой. Полное собрание сочинений
      </title>
      <biblScope unit="vol">
       21
      </biblScope>
     </series>
    </biblStruct>
   </sourceDesc>
  </fileDesc>
  <encodingDesc>
   <classDecl>
    <xi:include href="taxonomy.xml"/>
   </classDecl>
  </encodingDesc>
  <profileDesc>
   <creation>
    <date notAfter="1872" notBefore="1871">
     1871-1872
    </date>
    <rs/>
   </creation>
   <textClass>
    <catRef target="#fiction" type="sphere"/>
    <catRef target="#произведения для детей" type="type"/>
    <catRef target="#works" type="works_letters_diaries"/>
    <catRef target="#сборник" type="ninetyDef"/>
    <catRef target="#Неопубликованное, неотделанное, неоконченное" type="main_var"/>
    <catRef target="#сборник" type="type_short"/>
    <catRef target="None" type="translation"/>
    <catRef target="None" type="translation_origin"/>
    <catRef target="#да" type="tolstoy_or_not"/>
    <catRef target="None" type="name_status"/>
   </textClass>
   <preparedness>
    finished
   </preparedness>
   <settingDesc>
    <time>
     XIX век
    </time>
   </settingDesc>
  </profileDesc>
  <xenoData>
   <cyclusName/>
   <p>
    Проект
    <title>
     Толстой.Digital
    </title>
    разрабатывается сотрудниками и студентами
    <orgName>
     Высшей школы экономики
    </orgName>
    в сотрудничестве с
    <orgName>
     Государственным музеем Л.Н. Толстого
    </orgName>
    . Источник текстов –
    <bibl>
     90-томное собрание сочинений Л.Н.Толстого
    </bibl>
    . Разметка основана на стандарте
    <ref target="http://www.tei-c.org">
     TEI (Text Encoding Initiative)
    </ref>
    .
   </p>
   <versionNumber/>
   <isFinished/>
   <isEdited/>
   <fullBibliographicDescription/>
  </xenoData>
 </teiHeader>
 <p rend="left emptyline">
  <pb n="243"/>
 </p>
 <div type="section" xml:id="h000013045">
  <head rend="center">
   ЧУТЬЕ
  </head>
  <p rend="center" uuid="412a37bc-e823-4953-a993-d2fad236b203">
   <hi rend="italic">
    (Рассуждение)
   </hi>
  </p>
  <p rend="left" uuid="e4a1c119-0601-4891-8890-438930ad92c9">
   Человек видит глазами, слышит ушами, нюхает носом, отведывает языком и щупает пальцами. У одного человека лучше видят глаза, а у другого хуже. Один слышит издали, а другой глух. У одного чутье сильнее, я он слышит, чем пахнет издалека, а другой нюхает гнилое яйцо, а не чует. Один ощупью узнает всякую вещь, а другой ничего на ощупь не узнает, не разберет дерева от бумаги. Один чуть возьмет в рот, слышит, что сладко, а другой проглотит и не разберет, горько или сладко.
  </p>
  <p rend="left" uuid="bb28aee8-1ca9-4b71-bb1a-b30c41e6ed7a">
   Так и у зверей разных разные чувства сильнее. Но у всех зверей чутье сильнее, чем у человека.
  </p>
  <p rend="left" uuid="0074a9be-d095-4085-853d-f477c5011948">
   Человек, когда захочет узнать вещь, посмотрит ее, послушает, как она шумит, иногда понюхает и отведает; но человеку для того, чтобы узнать вещь, нужнее всего ее пощупать.
  </p>
  <p rend="left" uuid="ce553e46-f67e-419f-9de7-d00c1a5c6763">
   А для зверей почти для всех нужнее всего понюхать вещь. Лошадь, волк, собака, корова, медведь до тех пор не знают вещи, пока ее не понюхают.
  </p>
  <p rend="left" uuid="8e991bc1-df54-4878-9158-25157beeac28">
   Когда лошадь чего-нибудь боится, она фыркает — прочищает себе нос, чтобы лучше чуять, и до тех пор не перестанет бояться, пока не обнюхает.
  </p>
  <p rend="left" uuid="d13482cd-f423-48e8-84c9-b08e28ab2f4a">
   Собака часто бежит за хозяином по следу, а увидит хозяина — испугается, не узнàет и начнет лаять до тех пор, пока не обнюхает его и не узнàет, что то, что ей на глаз страшно, есть самый ее хозяин.
  </p>
  <p rend="left" uuid="51ca0f5f-d766-40ed-b5d4-6a766ac35660">
   <pb n="244"/>
   Быки видят, как бьют быков, слышат, как ревут быки на бойне, и всё не понимают, что такое делается. Но стоит корове или быку найти на место, где бычачья кровь, да понюхать, и он поймет, начнет реветь, бить ногами, и его не отгонишь от того места.
  </p>
  <p rend="left" uuid="8272918e-f3d9-4498-907a-3f8a92f9a391">
   У одного старика заболела жена; он пошел сам доить корову. Корова фыркнула, узнала, что не хозяйка, и не давала молока Хозяйка велела мужу надеть свою шубейку и платок на голову, — корова дала молоко; но старик распахнулся, корова понюхала и опять остановила молоко.
  </p>
  <p rend="left" uuid="1d3e44a7-13b5-4c5d-b0a9-5e37de5de883">
   Гончие собаки, когда гоняют зверя по следу, то никогда не бегут по самому следу, а стороной, шагов на 20. Когда незнающий охотник хочет навесть собаку на след зверя и ткнет собаку носом в самый след, то собака всегда отскочит в сторону. Для нее след так сильно пахнет, что она ничего не разберет на самом следе и не знает, вперед или назад побежал зверь. Она отбежит в сторону и тогда только чует, в какую сторону сильнее пахнет, и бежит за зверем. Она делает то же, что мы делаем, если нам говорят громко над самым ухом: мы отойдем и тогда издали только разберем, что говорят; или когда слишком близко от нас то, что мы рассматриваем, — мы отстранимся и тогда рас смотрим.
  </p>
  <p rend="left" uuid="eada2163-49e8-49df-ae06-ca77c6ca75e9">
   Собаки узнают друг друга и дают другу другу знаки по запаху.
  </p>
  <p rend="left" uuid="b775cae1-a234-45d8-a346-812c99bb5db1">
   Еще тоньше чутье у насекомых. Пчела прямо летит на тот цветок, какой ей нужен. Червяк ползет к своему листу. Клоп, блоха, комар чуют человека на сотни тысяч клопиных шагов.
  </p>
  <p rend="left" uuid="e0ce3c3b-745f-4b58-92a2-93e2401d34c6">
   Если малы частицы те, которые отделяются от вещества и попадают в наш нос, то как же малы должны быть частицы те, которые попадают в чутье насекомых!
  </p>
 </div>
</TEI>