<?xml version="1.0" encoding="utf-8"?>
<TEI xmlns="http://www.tei-c.org/ns/1.0" xmlns:xi="http://www.w3.org/2001/XInclude">
 <teiHeader>
  <fileDesc>
   <titleStmt>
    <title>
     Произведения, написанные для «Азбуки» и не включенные в нее
    </title>
    <author>
     Толстой Л.Н.
    </author>
    <respStmt>
     <resp>
      подготовка TEI/XML
     </resp>
     <name>
      Мария Картышева, Евгений Можаев, Даниил Скоринкин, Елена Сидорова, Вероника Файнберг, Кирилл Милинцевич
     </name>
    </respStmt>
    <respStmt>
     <name>
      Анастасия Бонч-Осмоловская, Фёкла Толстая, Борис Орехов
     </name>
     <resp>
      Идея, постановка задач, руководство
     </resp>
    </respStmt>
   </titleStmt>
   <publicationStmt>
    <idno>
     Азбука  | Произведения, написанные для «Азбуки» и не включенные в нее
    </idno>
    <publisher>
     <orgName>
      Школа лингвистики НИУ ВШЭ
     </orgName>
    </publisher>
    <availability>
     <p>
      Тексты и метатекстовая разметка доступны для свободного использования и распространения по лицензии Creative Commons Attribution Share-Alike (cc by-sa)
     </p>
    </availability>
   </publicationStmt>
   <sourceDesc>
    <biblStruct>
     <analytic>
      <author>
       Толстой Л.Н.
      </author>
      <title level="a">
       Произведения, написанные для «Азбуки» и не включенные в нее
      </title>
     </analytic>
     <monogr>
      <title level="m">
       Полное собрание сочинений. Том 21
      </title>
      <imprint>
       <pubPlace>
        Москва
       </pubPlace>
       <publisher>
        Государственное издательство "Художественная литература"
       </publisher>
       <date when="1871-1872"/>
      </imprint>
     </monogr>
     <series>
      <title level="s">
       Л.Н. Толстой. Полное собрание сочинений
      </title>
      <biblScope unit="vol">
       21
      </biblScope>
     </series>
    </biblStruct>
   </sourceDesc>
  </fileDesc>
  <encodingDesc>
   <classDecl>
    <xi:include href="taxonomy.xml"/>
   </classDecl>
  </encodingDesc>
  <profileDesc>
   <creation>
    <date notAfter="1872" notBefore="1871">
     1871-1872
    </date>
    <rs/>
   </creation>
   <textClass>
    <catRef target="#fiction" type="sphere"/>
    <catRef target="#произведения для детей" type="type"/>
    <catRef target="#works" type="works_letters_diaries"/>
    <catRef target="#сборник" type="ninetyDef"/>
    <catRef target="#Неопубликованное, неотделанное, неоконченное" type="main_var"/>
    <catRef target="#сборник" type="type_short"/>
    <catRef target="None" type="translation"/>
    <catRef target="None" type="translation_origin"/>
    <catRef target="#да" type="tolstoy_or_not"/>
    <catRef target="None" type="name_status"/>
   </textClass>
   <preparedness>
    finished
   </preparedness>
   <settingDesc>
    <time>
     XIX век
    </time>
   </settingDesc>
  </profileDesc>
  <xenoData>
   <cyclusName/>
   <p>
    Проект
    <title>
     Толстой.Digital
    </title>
    разрабатывается сотрудниками и студентами
    <orgName>
     Высшей школы экономики
    </orgName>
    в сотрудничестве с
    <orgName>
     Государственным музеем Л.Н. Толстого
    </orgName>
    . Источник текстов –
    <bibl>
     90-томное собрание сочинений Л.Н.Толстого
    </bibl>
    . Разметка основана на стандарте
    <ref target="http://www.tei-c.org">
     TEI (Text Encoding Initiative)
    </ref>
    .
   </p>
   <versionNumber/>
   <isFinished/>
   <isEdited/>
   <fullBibliographicDescription/>
  </xenoData>
 </teiHeader>
 <p rend="left emptyline">
  <pb n="215"/>
 </p>
 <div type="section" xml:id="h000013023">
  <head rend="center">
   СЫРОСТЬ
  </head>
  <p rend="center" uuid="8ad34a31-5be4-4334-aaca-3863bd3d6846">
   <hi rend="italic">
    (Рассуждение)
   </hi>
  </p>
  <p rend="center" uuid="bb0891cc-4aff-453d-9b89-53d7ce63cc65">
   II
  </p>
  <p rend="left" uuid="ae44f8d8-3fcc-423d-b571-44032df26a70">
   Отчего осенью и зимою двери разбухают и не затворяются, а летом ссыхаются и притворяются?
  </p>
  <p rend="left" uuid="5a14d529-6fca-44b8-80f8-bb1f5e6032c7">
   Оттого, что осенью и зимою дерево насытится водой, как губка, и его разопрет, а летом вода выйдет паром, и оно съежится.
  </p>
  <p rend="left" uuid="8275f96c-abd4-4859-8c7d-57d71d27dc78">
   Отчего слабое дерево — осина — больше разбухает, а дуб меньше?
  </p>
  <p rend="left" uuid="8b6bce1a-e60a-42cb-9302-abddff3a49ca">
   Оттого, что в крепком дереве — дубе — пустого места меньше и воде некуда набраться, а в слабом дереве — осине — пустого места больше и воде есть куда набраться. В гнилом дереве еще больше пустого места, и оттого гнилое дерево больше всего разбухает и больше садится.
  </p>
  <p rend="left" uuid="2b1e7125-35bc-43ef-ae8a-6395efb0fd5f">
   Колоды для пчел делают из самого слабого и гнилого дерева: самые лучшие улья бывают из гнилой лозины. Отчего это? — Оттого, что через гнилую колоду проходит воздух, и для пчел в такой колоде воздух легче.
  </p>
  <p rend="left" uuid="523203ea-7f7f-491f-ad54-29549afb5eb4">
   Отчего сырые доски коробятся?
  </p>
  <p rend="left" uuid="448d08be-35a9-4ffc-b2ae-e37c2b549d73">
   Оттого, что неровно сохнут. Если приставить сырую доску одной стороной к печке, вода выйдет, и дерево сожмется с этой стороны и потянет за собой другую сторону; а сырой стороне сжаться нельзя, потому что в ней вода, — и вся доска погнется.
  </p>
  <p rend="left" uuid="611b4117-3fdb-480e-adbd-2b9eac8c6b9c">
   Для того, чтобы не коробились полы, их режут из сухих досок на куски, и куски эти вываривают в кипятке. Когда из них вода вся выкипит, их клеят, и они уже не коробятся (паркет).
  </p>
 </div>
</TEI>