<?xml version="1.0" encoding="utf-8"?>
<TEI xmlns="http://www.tei-c.org/ns/1.0" xmlns:xi="http://www.w3.org/2001/XInclude">
 <teiHeader>
  <fileDesc>
   <titleStmt>
    <title>
     Произведения, написанные для «Азбуки» и не включенные в нее
    </title>
    <author>
     Толстой Л.Н.
    </author>
    <respStmt>
     <resp>
      подготовка TEI/XML
     </resp>
     <name>
      Мария Картышева, Евгений Можаев, Даниил Скоринкин, Елена Сидорова, Вероника Файнберг, Кирилл Милинцевич
     </name>
    </respStmt>
    <respStmt>
     <name>
      Анастасия Бонч-Осмоловская, Фёкла Толстая, Борис Орехов
     </name>
     <resp>
      Идея, постановка задач, руководство
     </resp>
    </respStmt>
   </titleStmt>
   <publicationStmt>
    <idno>
     Азбука  | Произведения, написанные для «Азбуки» и не включенные в нее
    </idno>
    <publisher>
     <orgName>
      Школа лингвистики НИУ ВШЭ
     </orgName>
    </publisher>
    <availability>
     <p>
      Тексты и метатекстовая разметка доступны для свободного использования и распространения по лицензии Creative Commons Attribution Share-Alike (cc by-sa)
     </p>
    </availability>
   </publicationStmt>
   <sourceDesc>
    <biblStruct>
     <analytic>
      <author>
       Толстой Л.Н.
      </author>
      <title level="a">
       Произведения, написанные для «Азбуки» и не включенные в нее
      </title>
     </analytic>
     <monogr>
      <title level="m">
       Полное собрание сочинений. Том 21
      </title>
      <imprint>
       <pubPlace>
        Москва
       </pubPlace>
       <publisher>
        Государственное издательство "Художественная литература"
       </publisher>
       <date when="1871-1872"/>
      </imprint>
     </monogr>
     <series>
      <title level="s">
       Л.Н. Толстой. Полное собрание сочинений
      </title>
      <biblScope unit="vol">
       21
      </biblScope>
     </series>
    </biblStruct>
   </sourceDesc>
  </fileDesc>
  <encodingDesc>
   <classDecl>
    <xi:include href="taxonomy.xml"/>
   </classDecl>
  </encodingDesc>
  <profileDesc>
   <creation>
    <date notAfter="1872" notBefore="1871">
     1871-1872
    </date>
    <rs/>
   </creation>
   <textClass>
    <catRef target="#fiction" type="sphere"/>
    <catRef target="#произведения для детей" type="type"/>
    <catRef target="#works" type="works_letters_diaries"/>
    <catRef target="#сборник" type="ninetyDef"/>
    <catRef target="#Неопубликованное, неотделанное, неоконченное" type="main_var"/>
    <catRef target="#сборник" type="type_short"/>
    <catRef target="None" type="translation"/>
    <catRef target="None" type="translation_origin"/>
    <catRef target="#да" type="tolstoy_or_not"/>
    <catRef target="None" type="name_status"/>
   </textClass>
   <preparedness>
    finished
   </preparedness>
   <settingDesc>
    <time>
     XIX век
    </time>
   </settingDesc>
  </profileDesc>
  <xenoData>
   <cyclusName/>
   <p>
    Проект
    <title>
     Толстой.Digital
    </title>
    разрабатывается сотрудниками и студентами
    <orgName>
     Высшей школы экономики
    </orgName>
    в сотрудничестве с
    <orgName>
     Государственным музеем Л.Н. Толстого
    </orgName>
    . Источник текстов –
    <bibl>
     90-томное собрание сочинений Л.Н.Толстого
    </bibl>
    . Разметка основана на стандарте
    <ref target="http://www.tei-c.org">
     TEI (Text Encoding Initiative)
    </ref>
    .
   </p>
   <versionNumber/>
   <isFinished/>
   <isEdited/>
   <fullBibliographicDescription/>
  </xenoData>
 </teiHeader>
 <p rend="left emptyline">
  <pb n="280"/>
 </p>
 <div type="section" xml:id="h000014016">
  <head rend="center">
   ЦАРЬ И СЛОНЫ
  </head>
  <p rend="center" uuid="9c09116c-ef83-4eee-9e63-055cda91c4fb">
   <hi rend="italic">
    (Басня)
   </hi>
  </p>
  <p rend="left" uuid="91eb3861-e561-421b-8b0b-396eca325883">
   Один индейский царь велел собрать всех слепых и, когда они пришли, велел им показать своих слонов. Слепые пошли в конюшню и стали щупать слонов. Один ощупал ногу, другой — хвост, третий — репицу,
   <note n="n70">
    <div type="section" xml:id="n70">
     <head rend="left">
      <ref target="#backn70">
       70
      </ref>
     </head>
     <p rend="left Razradka" uuid="a8461e71-15c7-4794-9440-54ff78bb49aa">
      Репица — та часть хвоста, где на нем есть мясо.
     </p>
    </div>
   </note>
   четвертый — брюхо, пятый — спину,
   <pb n="281"/>
   шестой — уши, седьмой — клыки, осьмой — хобот. Потом царь позвал слепых к себе и спросил: каковы мои слоны? Один слепой сказал: «слоны твои похожи на столбы»; этот слепой щупал ноги. Другой слепой сказал: «они похожи на веники»; этот щупал хвост. Третий сказал: «они похожи на сучья»; этот щупал репицу. Тот, что щупал живот, сказал: «слоны похожи на кучу земли». Тот, что щупал бока, сказал: «они похожи на стену»; тот, что щупал спину, сказал: «они похожи на гору»; тот, что щупал уши, сказал: «они похожи на платки»; тот, что щупал голову, сказал: «они похожи на ступу»; тот, что щупал клыки, сказал: «они похожи на рога»; тот, что щупал хобот, сказал, что «они похожи на толстую веревку».
  </p>
  <p rend="left" uuid="4b690545-0e07-4b0e-8e5b-b7dc6df6a407">
   И все слепые стали спорить и ссориться.
  </p>
 </div>
</TEI>