<?xml version="1.0" encoding="utf-8"?>
<TEI xmlns="http://www.tei-c.org/ns/1.0" xmlns:xi="http://www.w3.org/2001/XInclude">
 <teiHeader>
  <fileDesc>
   <titleStmt>
    <title>
     Произведения, написанные для «Азбуки» и не включенные в нее
    </title>
    <author>
     Толстой Л.Н.
    </author>
    <respStmt>
     <resp>
      подготовка TEI/XML
     </resp>
     <name>
      Мария Картышева, Евгений Можаев, Даниил Скоринкин, Елена Сидорова, Вероника Файнберг, Кирилл Милинцевич
     </name>
    </respStmt>
    <respStmt>
     <name>
      Анастасия Бонч-Осмоловская, Фёкла Толстая, Борис Орехов
     </name>
     <resp>
      Идея, постановка задач, руководство
     </resp>
    </respStmt>
   </titleStmt>
   <publicationStmt>
    <idno>
     Азбука  | Произведения, написанные для «Азбуки» и не включенные в нее
    </idno>
    <publisher>
     <orgName>
      Школа лингвистики НИУ ВШЭ
     </orgName>
    </publisher>
    <availability>
     <p>
      Тексты и метатекстовая разметка доступны для свободного использования и распространения по лицензии Creative Commons Attribution Share-Alike (cc by-sa)
     </p>
    </availability>
   </publicationStmt>
   <sourceDesc>
    <biblStruct>
     <analytic>
      <author>
       Толстой Л.Н.
      </author>
      <title level="a">
       Произведения, написанные для «Азбуки» и не включенные в нее
      </title>
     </analytic>
     <monogr>
      <title level="m">
       Полное собрание сочинений. Том 21
      </title>
      <imprint>
       <pubPlace>
        Москва
       </pubPlace>
       <publisher>
        Государственное издательство "Художественная литература"
       </publisher>
       <date when="1871-1872"/>
      </imprint>
     </monogr>
     <series>
      <title level="s">
       Л.Н. Толстой. Полное собрание сочинений
      </title>
      <biblScope unit="vol">
       21
      </biblScope>
     </series>
    </biblStruct>
   </sourceDesc>
  </fileDesc>
  <encodingDesc>
   <classDecl>
    <xi:include href="taxonomy.xml"/>
   </classDecl>
  </encodingDesc>
  <profileDesc>
   <creation>
    <date notAfter="1872" notBefore="1871">
     1871-1872
    </date>
    <rs/>
   </creation>
   <textClass>
    <catRef target="#fiction" type="sphere"/>
    <catRef target="#произведения для детей" type="type"/>
    <catRef target="#works" type="works_letters_diaries"/>
    <catRef target="#сборник" type="ninetyDef"/>
    <catRef target="#Неопубликованное, неотделанное, неоконченное" type="main_var"/>
    <catRef target="#сборник" type="type_short"/>
    <catRef target="None" type="translation"/>
    <catRef target="None" type="translation_origin"/>
    <catRef target="#да" type="tolstoy_or_not"/>
    <catRef target="None" type="name_status"/>
   </textClass>
   <preparedness>
    finished
   </preparedness>
   <settingDesc>
    <time>
     XIX век
    </time>
   </settingDesc>
  </profileDesc>
  <xenoData>
   <cyclusName/>
   <p>
    Проект
    <title>
     Толстой.Digital
    </title>
    разрабатывается сотрудниками и студентами
    <orgName>
     Высшей школы экономики
    </orgName>
    в сотрудничестве с
    <orgName>
     Государственным музеем Л.Н. Толстого
    </orgName>
    . Источник текстов –
    <bibl>
     90-томное собрание сочинений Л.Н.Толстого
    </bibl>
    . Разметка основана на стандарте
    <ref target="http://www.tei-c.org">
     TEI (Text Encoding Initiative)
    </ref>
    .
   </p>
   <versionNumber/>
   <isFinished/>
   <isEdited/>
   <fullBibliographicDescription/>
  </xenoData>
 </teiHeader>
 <p rend="left emptyline">
  <pb n="298"/>
 </p>
 <div type="section" xml:id="h000014030">
  <head rend="center">
   СОЛНЦЕ — ТЕПЛО
  </head>
  <p rend="center" uuid="46a87c22-c3ec-4985-8638-9783febe5f1e">
   <hi rend="italic">
    (Рассуждение)
   </hi>
  </p>
  <p rend="left" uuid="2ccee42d-daf4-4958-8136-0f01ce854133">
   Выйди зимой в тихий морозный день в поле или в лес и посмотри кругом себя и послушай: везде кругом снег, реки замерзли, сухие травки торчат из-под снега, деревья стоят голые, ничто не шевелится.
  </p>
  <p rend="left" uuid="78692868-8173-4682-bb93-aba7d5187ccf">
   Посмотри летом: реки бегут, шумят; в каждой лужице лягушки кричат, бубулькают; птицы перелетывают, свистят, поют; мухи, комары вьются, жужжат; деревья, травы растут, махаются.
  </p>
  <p rend="left" uuid="55a29b0a-2b97-4776-8eec-92e19d17b699">
   Заморозь чугун с водой — он окаменеет. Поставь замороженный чугун в огонь: станет лед трескаться, таять, пошевеливаться; станет вода качаться, бульки пускать; потом, как станет кипеть, загудит, завертится. То же делается и на свете от тепла. Нет тепла — всё мертво; есть тепло — всё движется и живет. Мало тепла — мало движенья; больше тепла — больше движенья; много тепла — много движенья; очень много тепла — и очень много движенья.
  </p>
  <p rend="left" uuid="de8f4ee2-193e-40ec-8fc2-8a0ce5deb42a">
   Откуда берется тепло на свете? Тепло от солнца.
  </p>
  <p rend="left" uuid="e30d6f8e-d786-4929-97f2-aaf75f6b5978">
   Ходит солнце низко зимой, стороною, не упирает лучами в землю, и ничто не шевелится. Станет солнышко ходить выше над головами, станет светить в припор к земле, отогревается всё на свете и начнет шевелиться.
  </p>
  <p rend="left" uuid="5fe34bf3-322f-40df-9f1c-0e8897886c6f">
   Станет снег осаживаться, станет отдувать лед на реках, польется вода с гор, поднимутся пары из воды в облака, пойдет дождь. Кто это всё сделает? Солнце. Оттают семячки, выпустят ростки, зацепятся ростки за землю; из старых кореньев пойдут побеги, начнут расти деревья и травы. Кто это сделал? Солнце.
  </p>
  <p rend="left" uuid="e69b1e64-05d6-496f-a78a-99232358a568">
   Встанут медведи, кроты; очнутся мухи, пчелы; выведутся комары, выведутся рыбы из яичек на тепле. Кто всё это сделал? Солнце.
  </p>
  <p rend="left" uuid="7113092f-1448-43c5-a760-42503739be61">
   <pb n="299"/>
   Разогреется в одном месте воздух, подымется, а на его место пойдет воздух похолоднее, — станет ветерок. Кто это сделал? Солнце.
  </p>
  <p rend="left" uuid="d0c1d256-9bdf-4394-b146-5aa1209fe2d7">
   Поднимутся облака, станут сходиться и расходиться, — ударит молния. Кто сделал этот огонь? Солнце.
  </p>
  <p rend="left" uuid="df1c2c02-2cb1-455e-9b51-bd910642e60a">
   Вырастут травы, хлеба, плоды, деревья; насытятся животные, напитаются люди, соберут корму и топлива на зиму; построят себе люди дома, построят чугунки, города. Кто всё приготовил? Солнце.
  </p>
  <p rend="left" uuid="f924fd24-8d72-4eea-9773-6de93dd195e1">
   Человек построил себе дом. Из чего он его сделал? Из бревен. Бревна вырублены из деревьев; деревья вырастило солнце.
  </p>
  <p rend="left" uuid="3e54340e-34cd-4663-8752-65a2b80bb9b8">
   Топится печка дровами. Кто вырастил дрова? Солнце.
  </p>
  <p rend="left" uuid="166a0fa5-e43c-4ad3-a9d1-c77f52335b4a">
   Ест человек хлеб, картофель. Кто вырастил? Солнце. Ест человек мясо. Кто выкормил животных, птиц? Травы. А травы вырастило солнце.
  </p>
  <p rend="left" uuid="f7fe3a23-3010-427a-9aee-8118f9a3053b">
   Человек строит каменный дом из кирпича и известки. Кирпич и известка обожжены дровами. Дрова заготовило солнце.
  </p>
  <p rend="left" uuid="d38bf03e-9dc5-4289-93b7-9c6dbab86db8">
   Всё, что людям нужно, что идет прямо на пользу, всё это заготовляется солнцем, и во всё идет много солнечного тепла. Потому и нужен всем хлеб, что его растило солнце и что в нем много солнечного тепла. Хлеб греет того, кто его ест.
  </p>
  <p rend="left" uuid="3e561f65-f417-48a6-9634-42277d587f2f">
   Потому и нужны дрова и бревна, что в них много тепла. Кто закупит дров на зиму, тот закупит солнечного тепла; и зимой, когда захочет, то и зажжет дрова и выпустит тепло солнечное себе в горницу.
  </p>
  <p rend="left" uuid="d11ad5c4-cdc0-4f3c-bd44-5d23d5745b22">
   А когда есть тепло, то есть и движение. Какое ни на есть движение — всё от тепла, — либо прямо от солнечного тепла, либо от тепла того, которое заготовило солнце: в угле, в дровах и в хлебе и в траве.
  </p>
  <p rend="left" uuid="2cd6c488-5f06-48f2-933c-f71447e806b9">
   Лошади, быки возят, люди работают, — что и
   <hi rend="italic">
    х двигает?
   </hi>
   Тепло. А откуда они взяли тепло? Из корма. А корм заготовило солнце.
  </p>
  <p rend="left" uuid="9686ef7e-2733-419f-9805-7453377bd9d4">
   Водяные и ветряные мельницы вертятся и мелют. Кто их двигает? Ветер и вода. А ветер кто гонит? Тепло. А воду кто гонит? Тепло же. Оно подняло воду парами вверх, и без этого вода не падала бы книзу. Машина работает, — ее движет пар; а пар кто делает? Дрова. А в дровах тепло солнечное.
  </p>
  <p rend="left" uuid="5034c260-3a39-42f8-af81-057905afb1df">
   Из тепла делается движение, а из движения тепло. И тепло и движение от солнца.
  </p>
  <p rend="left emptyline" uuid="227cc0f6-ed5d-4791-b9c4-32a592c7532f">
   <pb n="300"/>
  </p>
 </div>
</TEI>