<?xml version="1.0" encoding="utf-8"?>
<TEI xmlns="http://www.tei-c.org/ns/1.0" xmlns:xi="http://www.w3.org/2001/XInclude">
 <teiHeader>
  <fileDesc>
   <titleStmt>
    <title>
     Произведения, написанные для «Азбуки» и не включенные в нее
    </title>
    <author>
     Толстой Л.Н.
    </author>
    <respStmt>
     <resp>
      подготовка TEI/XML
     </resp>
     <name>
      Мария Картышева, Евгений Можаев, Даниил Скоринкин, Елена Сидорова, Вероника Файнберг, Кирилл Милинцевич
     </name>
    </respStmt>
    <respStmt>
     <name>
      Анастасия Бонч-Осмоловская, Фёкла Толстая, Борис Орехов
     </name>
     <resp>
      Идея, постановка задач, руководство
     </resp>
    </respStmt>
   </titleStmt>
   <publicationStmt>
    <idno>
     Азбука  | Произведения, написанные для «Азбуки» и не включенные в нее
    </idno>
    <publisher>
     <orgName>
      Школа лингвистики НИУ ВШЭ
     </orgName>
    </publisher>
    <availability>
     <p>
      Тексты и метатекстовая разметка доступны для свободного использования и распространения по лицензии Creative Commons Attribution Share-Alike (cc by-sa)
     </p>
    </availability>
   </publicationStmt>
   <sourceDesc>
    <biblStruct>
     <analytic>
      <author>
       Толстой Л.Н.
      </author>
      <title level="a">
       Произведения, написанные для «Азбуки» и не включенные в нее
      </title>
     </analytic>
     <monogr>
      <title level="m">
       Полное собрание сочинений. Том 21
      </title>
      <imprint>
       <pubPlace>
        Москва
       </pubPlace>
       <publisher>
        Государственное издательство "Художественная литература"
       </publisher>
       <date when="1871-1872"/>
      </imprint>
     </monogr>
     <series>
      <title level="s">
       Л.Н. Толстой. Полное собрание сочинений
      </title>
      <biblScope unit="vol">
       21
      </biblScope>
     </series>
    </biblStruct>
   </sourceDesc>
  </fileDesc>
  <encodingDesc>
   <classDecl>
    <xi:include href="taxonomy.xml"/>
   </classDecl>
  </encodingDesc>
  <profileDesc>
   <creation>
    <date notAfter="1872" notBefore="1871">
     1871-1872
    </date>
    <rs/>
   </creation>
   <textClass>
    <catRef target="#fiction" type="sphere"/>
    <catRef target="#произведения для детей" type="type"/>
    <catRef target="#works" type="works_letters_diaries"/>
    <catRef target="#сборник" type="ninetyDef"/>
    <catRef target="#Неопубликованное, неотделанное, неоконченное" type="main_var"/>
    <catRef target="#сборник" type="type_short"/>
    <catRef target="None" type="translation"/>
    <catRef target="None" type="translation_origin"/>
    <catRef target="#да" type="tolstoy_or_not"/>
    <catRef target="None" type="name_status"/>
   </textClass>
   <preparedness>
    finished
   </preparedness>
   <settingDesc>
    <time>
     XIX век
    </time>
   </settingDesc>
  </profileDesc>
  <xenoData>
   <cyclusName/>
   <p>
    Проект
    <title>
     Толстой.Digital
    </title>
    разрабатывается сотрудниками и студентами
    <orgName>
     Высшей школы экономики
    </orgName>
    в сотрудничестве с
    <orgName>
     Государственным музеем Л.Н. Толстого
    </orgName>
    . Источник текстов –
    <bibl>
     90-томное собрание сочинений Л.Н.Толстого
    </bibl>
    . Разметка основана на стандарте
    <ref target="http://www.tei-c.org">
     TEI (Text Encoding Initiative)
    </ref>
    .
   </p>
   <versionNumber/>
   <isFinished/>
   <isEdited/>
   <fullBibliographicDescription/>
  </xenoData>
 </teiHeader>
 <p rend="left emptyline">
  <pb n="226"/>
 </p>
 <div type="section" xml:id="h000013032">
  <head rend="center">
   СОЛДАТКИНО ЖИТЬЕ
  </head>
  <p rend="center" uuid="26768b9e-61dc-466f-97c9-058c56f7a0dc">
   <hi rend="italic">
    (Рассказ мужика)
   </hi>
  </p>
  <p rend="left" uuid="4b4cb068-8f4a-42b5-bd54-b68357d1736b">
   Мы жили бедно на краю деревни. Была у меня мать, нянька (старшая сестра) и бабушка. Бабушка ходила в старом чупруне и худенькой панёве, а голову завязывала какой-то ветошкой, и под горлом у ней висел мешочек. Бабушка любила и жалела меня больше матери. Отец мой был в солдатах. Говорили про него, что он много пил и за. то его отдали в солдаты. Я как сквозь сон помню, он приходил к нам на побывку. Изба наша была тесная и подпертая в середине рогулиной, и я помню, как я лазил на эту подпорку, оборвался и разбил себе лоб об лавку. И до сих пор метина эта осталась у меня на лбу.
  </p>
  <p rend="left" uuid="11a2d59d-8943-4f33-a831-de16e769c1b2">
   В избе были два маленькие окна, и одно всегда было заткнуто ветошкой. Двор наш был тесный и раскрытый. В середине стояло старое корыто. На дворе была только одна старая кособокая лошаденка; коровы у нас не было, были две плохонькие овчонки и один ягненок. Я всегда спал с этим ягненком. Ели мы хлеб с водою. Работать у нас было некому; мать моя всегда жаловалась от живота, а бабушка — от головы и всегда была около печки. Работала только одна моя нянька, и то в свою долю, а не в семью, покупала себе наряды и собиралась замуж.
  </p>
  <p rend="left" uuid="b13d3f39-95ac-4659-8ef4-87b5e696496f">
   Помню я, мать стала больнее, и потом родился у ней мальчик. Мамушку положили в сени. Бабушка заняла у соседа крупиц и послала дядю Нефёда за попом. А сестра пошла собирать народ на крестины.
  </p>
  <p rend="left" uuid="a80ce6bc-77ac-4c10-a243-54b292a47e2a">
   Собрался народ, принесли три ковриги хлеба. Родня стала расставлять столы и покрывать скатертями. Потом принесли скамейки и ушат с водой. И все сели по местам. Когда приехал священник, кум с кумой стали впереди, а позади стала тетка Акулина с мальчиком. Стали молиться. Потом вынули мальчика, и священник взял его и опустил в воду. Я испугался и закричал: «Дай мальчика сюда!» Но бабушка рассердилась на меня и сказала: «Молчи, а то побью».
  </p>
  <p rend="left" uuid="444bbadc-229f-4177-9b03-4636651e3906">
   Священник окунул его три раза и отдал тетке Акулине. Тетка завернула его в миткаль и отнесла к матери в сени.
  </p>
  <p rend="left" uuid="ff317c6a-877d-41f0-b916-463a93db87af">
   Потом все сели за столы, бабушка наложила каши две чашки, налила постное масло и подала народу. Когда все наелись, вылезли из-за столов, поблагодарили бабушку и ушли.
  </p>
  <p rend="left" uuid="6ecb59a5-1d75-459c-9c5d-ce9b81303993">
   Я пошел к матери и говорю:
  </p>
  <p rend="left" uuid="72dbf143-de10-45e4-8c87-5fe48654881b">
   <pb n="227"/>
   «Ma, как его зовут?»
  </p>
  <p rend="left" uuid="8883f987-0338-4601-9a11-83457c8be9d8">
   Мать говорит: «Так же, как тебя». Мальчик был худой; ножки, ручки у него были тоненькие, и он всё кричал. Когда ни проснешься ночью, он всё кричит, а мамушка всё баюкает, припевает. Сама кряхтит, а всё поет.
  </p>
  <p rend="left" uuid="23a8e15f-3f23-4340-be82-e1752279c8fb">
   Один раз ночью я проснулся и слышу — мать плачет. Бабушка встала и говорит: «Что ты, Христос с тобой!» Мать говорит: «Мальчик помер». Бабушка зажгла огонь, обмыла мальчика, надела чистую рубашечку, подпоясала и положила под святые. Когда рассвело, бабушка вышла из избы и привела дядю Нефёда. Дядя принес две старенькие тесинки и стал делать гробик. Сделал маленькое домовище и положил мальчика туда. Потом мать села к гробику и тонким голосом стала причитать и завыла. Потом дядя Нефёд взял гробик под мышку и понес хоронить.
  </p>
  <p rend="left" uuid="b5d05fe1-c866-4110-bfe1-03857c690339">
   Только у нас и было радости, как мы няньку отдавали замуж. Приехали к нам раз мужики и принесли с собой ковригу хлеба и вина. И стали подносить свое вино матери. Мать выпила. Дядя Иван отрезал ломоть хлеба и подал ей. Я стоял подле стола, и мне захотелось хлебушка. Я нагнул мать и сказал ей на ухо. Мать засмеялась, а дядя Иван говорит: «Что он, хлебца?» — и отрезал мне большой ломоть. Я взял хлеб и ушел в чулан. А нянька сидела в чулане. Она стала меня спрашивать: «Что там мужики говорят?» Я сказал: «Вино пьют». Она засмеялась и говорит: «Это они меня сватают за Кондрашку».
  </p>
  <p rend="left" uuid="eae04e65-fd82-4992-9d22-4f9fbbb89af0">
   Потом собрались играть свадьбу. Все встали рано. Бабушка топила печку, мать месила пироги, а тетка Акулина мыла говядину.
  </p>
  <p rend="left" uuid="9bee4159-c290-49a3-a4f5-7f73af69e1e6">
   Нянька нарядилась в новые коты, надела сарафан красный и платок хороший и ничего не делала. Потом, когда истопили избу, мать тоже нарядилась, и пришло к нам много народу, — полная изба.
  </p>
  <p rend="left" uuid="1b128b83-8175-4914-9341-558297b057ec">
   Потом подъехали к нашему двору три пары с колоколами. И на задней паре сидел жених Кондрашка в новом кафтане и в высокой шапке. Жених слез с телеги и пошел в избу. Надели на няньку новую шубу и выведи ее к жениху. Посадили жениха с невестой за стол, и бабы стали их величать. Потом вылезли из-за стола, помолились богу и вышли на двор. Кондрашка посадил няньку в телегу, а сам сел в другую. Все посажались в телеги, перекрестились и поехали. Я вернулся в избу и сел
   <pb n="228"/>
   к окну ждать, когда свадьба вернется. Мать дала мне кусочек хлебца; я поел, да тут и заснул. Потом меня разбудила мать, говорит: «Едут!» — дала мне скалку и велела сесть за стол. Кондрашка с нянькой вошли в избу и за ними много народа, больше прежнего. И на улице был народ, и все смотрели к нам в окна. Дядя Герасим был дружкою; он подошел ко мне и говорит: «Вылезай». Я испугался и хотел лезть, а бабушка говорит: «Ты покажи скалку и скажи: а это что?» Я так и сделал. Дядя Герасим положил денег в стакан и налил вина и подал мне. Я взял стакан и подал бабушке. Тогда мы вылезли, а они сели.
  </p>
  <p rend="left" uuid="e1c9b3b1-13d5-498d-9378-ede95c35db45">
   Потом стали подносить вино, студень, говядину; стали петь песни и плясать. Дяде Герасиму поднесли вина; он выпил немного и говорит: «Что-то вино горько». Тогда нянька взяла Кондрашку за уши и стала его целовать. Долго играли песни и плясали, а потом все ушли, и Кондрашка повел няньку к себе домой.
  </p>
  <p rend="left" uuid="c7becdb1-df14-45f7-a4e8-80fb0fce12fd">
   После этого мы стали еще беднее жить. Продали лошадь и последних овец, и хлеба у нас часто не было. Мать ходила занимать у родных. Вскоре и бабушка померла. Помню я, как матушка по ней выла и причитала: «Уже родимая моя матушка! На кого ты меня оставила, горькую, горемычную? На кого покинула свое дитятко бессчастное? Где я ума-разума возьму? Как мне век прожить?» И так она долго плакала и причитала.
  </p>
  <p rend="left" uuid="912330ba-c11f-4c8d-9d35-9569e9e263d5">
   Один раз пошел я с ребятами на большую дорогу лошадей стеречь и вижу — идет солдат с сумочкой за плечами. Он подошел к ребятам и говорит: «Вы из какой деревни, ребята?» Мы говорим: «Из Никольского». — «А что, живет у вас солдатка Матрена?» А я говорю: «Жива, она мне матушка». Солдат поглядел на меня и говорит: «А отца своего видал?» Я говорю: «Он в солдатах, не видал». Солдат и говорит: «Ну, пойдем, проводи меня к Матрене, я ей письмо от отца привез». Я говорю: «Какое письмо?» А он говорит: «Вот пойдем, увидишь». — «Ну, что ж, пойдем».
  </p>
  <p rend="left" uuid="73d81aea-b138-4f5f-9952-378c9efc02f3">
   Солдат пошел со мной, да так скоро, что я бегом за ним не поспевал. Вот пришли мы в свой дом. Солдат помолился богу и говорит: «Здравствуйте!» Потом разделся, сел на конник и стал оглядывать избу и говорит: «Что ж, у вас семьи только-то?» Мать оробела и ничего не говорит, только смотрит на солдата. Он и говорит: «Где ж матушка?» — а сам заплакал. Тут
   <pb n="229"/>
   мать подбежала к отцу и стала его целовать. И я тоже взлез к нему на колени и стал его обшаривать руками. А он перестал плакать и стал смеяться.
  </p>
  <p rend="left" uuid="b9e35e92-dbf0-4b14-a22c-67423c503bf9">
   Потом пришел народ, и отец со всеми здоровался и рассказывал, что он теперь совсем по билету вышел.
  </p>
  <p rend="left" uuid="aaf402dd-dc19-4c56-af5f-6414f8d33db0">
   Как пригнали скотину, пришла и нянька и поцеловалась с отцом. А отец и говорит: «Это чья же молодая бабочка?» А мать засмеялась и говорит: «Свою дочь не узнал». Отец позвал ее еще к себе и поцеловал и спрашивал, как она живет. Потом мать ушла варить яичницу, а няньку послала за вином. Нянька принесла штофчик, заткнутый бумажкой, и поставила на стол. Отец и говорит: «Это что?» А мать говорит: «Тебе вина». А он говорит: «Нет уж, пятый год не пью; а вот яичницу подавай!» Он помолился богу, сел за стол и стал есть. Потом он говорит: «Кабы я не бросил пить, я бы и унтер-офицером не был, и домой бы ничего не принес, а теперь слава богу». Он достал в сумке кошель с деньгами и отдал матери. Мать обрадовалась, заторопилась и понесла хоронить.
  </p>
  <p rend="left" uuid="a5859ad6-2229-44ee-9fea-ddd562ea707c">
   Потом, когда все разошлись, отец лег спать на задней лавке и меня положил с собой, а мать легла у нас в ногах. И долго они разговаривали, почти до полуночи. Потом я уснул.
  </p>
  <p rend="left" uuid="f4df76f4-5299-4696-86a8-f29a5f28f327">
   Поутру мать говорит: «Ох, дров-то нет у меня!» А отец говорит: «Топор есть?» — «Есть, да щербатый, плохой». Отец обулся, взял топор и вышел на двор. Я побежал за ним.
  </p>
  <p rend="left" uuid="a16ab88f-5a3f-428f-9dcd-619dbf34a3f3">
   Отец сдернул с крыши жердь, положил на колоду, взмахнул топором, живо перерубил и принес в избу и говорит: «Ну, вот тебе и дрова, топи печь; а я нынче пойду — приищу купить избу да лесу на двор. Корову также купить надо».
  </p>
  <p rend="left" uuid="2b5e6727-9fbf-4737-bcd6-7c311b6aba39">
   Мать говорит: «Ох, денег много на всё надо».
  </p>
  <p rend="left" uuid="8d070f6a-5030-4847-b03a-8124333332e6">
   А отец говорит: «А работать будем. Вон мужик-то растет!» Отец показал на меня.
  </p>
  <p rend="left" uuid="d0c9a739-a760-46fe-be51-07ff245422ba">
   Вот отец помолился богу, поел хлебца, оделся и говорит матери: «А есть яички свежие, так испеки в золе к обеду». И пошел со двора.
  </p>
  <p rend="left" uuid="692ddc79-c2b8-476b-9db8-4823c07e6575">
   Отец долго не ворочался. Я стал проситься у матери за отцом. Она не пускала. Я хотел уйти, а мать не пустила меня и побила. Я сел на печку и стал плакать. Тут отец вошел в избу и говорит: «О чем плачешь?» Я говорю: «Я хотел за тобой бечь, а мать меня не пустила, да еще побила», и еще пуще заплакал. Отец засмеялся, подошел к матери и стал ее бить нарочно, а сам
   <pb n="230"/>
   приговаривал: «Не бей Федьку, не бей Федьку!» Мать нарочно будто заплакала, отец засмеялся и говорит: «Вот вы с Федькой какие на слезы слабые, сейчас и плакать». Потом отец сел за стол, посадил меня с собой рядом и закричал: «Ну, теперь давай нам, мать, с Федюшкой обедать: мы есть хотим».
  </p>
  <p rend="left" uuid="dbcfcd31-db55-4e54-b716-998dae47c6af">
   Мать дала нам каши и яиц, и мы стали есть. А мать говорит: «Ну, что же, — иструб?» А отец говорит: «Купил: восемьдесят целковых, липовый, белый, как стекло. Вот дай срок, мужикам купим винца, они мне и свезут воскресным делом».
  </p>
  <p rend="left" uuid="a9941ca9-26ac-436b-b117-e9c1d170a61a">
   С тех пор мы стали хорошо жить.
  </p>
 </div>
</TEI>