<?xml version="1.0" encoding="utf-8"?>
<TEI xmlns="http://www.tei-c.org/ns/1.0" xmlns:xi="http://www.w3.org/2001/XInclude">
 <teiHeader>
  <fileDesc>
   <titleStmt>
    <title>
     Произведения, написанные для «Азбуки» и не включенные в нее
    </title>
    <author>
     Толстой Л.Н.
    </author>
    <respStmt>
     <resp>
      подготовка TEI/XML
     </resp>
     <name>
      Мария Картышева, Евгений Можаев, Даниил Скоринкин, Елена Сидорова, Вероника Файнберг, Кирилл Милинцевич
     </name>
    </respStmt>
    <respStmt>
     <name>
      Анастасия Бонч-Осмоловская, Фёкла Толстая, Борис Орехов
     </name>
     <resp>
      Идея, постановка задач, руководство
     </resp>
    </respStmt>
   </titleStmt>
   <publicationStmt>
    <idno>
     Азбука  | Произведения, написанные для «Азбуки» и не включенные в нее
    </idno>
    <publisher>
     <orgName>
      Школа лингвистики НИУ ВШЭ
     </orgName>
    </publisher>
    <availability>
     <p>
      Тексты и метатекстовая разметка доступны для свободного использования и распространения по лицензии Creative Commons Attribution Share-Alike (cc by-sa)
     </p>
    </availability>
   </publicationStmt>
   <sourceDesc>
    <biblStruct>
     <analytic>
      <author>
       Толстой Л.Н.
      </author>
      <title level="a">
       Произведения, написанные для «Азбуки» и не включенные в нее
      </title>
     </analytic>
     <monogr>
      <title level="m">
       Полное собрание сочинений. Том 21
      </title>
      <imprint>
       <pubPlace>
        Москва
       </pubPlace>
       <publisher>
        Государственное издательство "Художественная литература"
       </publisher>
       <date when="1871-1872"/>
      </imprint>
     </monogr>
     <series>
      <title level="s">
       Л.Н. Толстой. Полное собрание сочинений
      </title>
      <biblScope unit="vol">
       21
      </biblScope>
     </series>
    </biblStruct>
   </sourceDesc>
  </fileDesc>
  <encodingDesc>
   <classDecl>
    <xi:include href="taxonomy.xml"/>
   </classDecl>
  </encodingDesc>
  <profileDesc>
   <creation>
    <date notAfter="1872" notBefore="1871">
     1871-1872
    </date>
    <rs/>
   </creation>
   <textClass>
    <catRef target="#fiction" type="sphere"/>
    <catRef target="#произведения для детей" type="type"/>
    <catRef target="#works" type="works_letters_diaries"/>
    <catRef target="#сборник" type="ninetyDef"/>
    <catRef target="#Неопубликованное, неотделанное, неоконченное" type="main_var"/>
    <catRef target="#сборник" type="type_short"/>
    <catRef target="None" type="translation"/>
    <catRef target="None" type="translation_origin"/>
    <catRef target="#да" type="tolstoy_or_not"/>
    <catRef target="None" type="name_status"/>
   </textClass>
   <preparedness>
    finished
   </preparedness>
   <settingDesc>
    <time>
     XIX век
    </time>
   </settingDesc>
  </profileDesc>
  <xenoData>
   <cyclusName/>
   <p>
    Проект
    <title>
     Толстой.Digital
    </title>
    разрабатывается сотрудниками и студентами
    <orgName>
     Высшей школы экономики
    </orgName>
    в сотрудничестве с
    <orgName>
     Государственным музеем Л.Н. Толстого
    </orgName>
    . Источник текстов –
    <bibl>
     90-томное собрание сочинений Л.Н.Толстого
    </bibl>
    . Разметка основана на стандарте
    <ref target="http://www.tei-c.org">
     TEI (Text Encoding Initiative)
    </ref>
    .
   </p>
   <versionNumber/>
   <isFinished/>
   <isEdited/>
   <fullBibliographicDescription/>
  </xenoData>
 </teiHeader>
 <p rend="left emptyline">
  <pb n="107"/>
 </p>
 <div type="section" xml:id="h000011008">
  <head rend="center">
   ЭСКИМОСЫ
  </head>
  <p rend="center" uuid="b8101992-40da-4aff-832c-ada168160f06">
   <hi rend="italic">
    (Описание)
   </hi>
  </p>
  <p rend="left" uuid="841ab975-34e1-4609-b8b6-870c514778b1">
   На свете есть земля, где только три месяца бывает лето, а остальное время бывает зима. Зимой дни бывают такие короткие, что только взойдет солнце, тотчас и сядет. А три месяца, в самую середину зимы, солнце совсем не восходит, и все три месяца темно. В этой земле живут люди; их называют эскимосами. Люди эти говорят своим языком, других языков не понимают и никуда из своей земли не ездят. Ростом эскимосы бывают невелики, но головы у них очень большие. Тело у них не белое, а бурое, волосы черны и жестки. Носы у них тонкие, скулы широкие, глаза маленькие. Эскимосы живут в снеговых домах. Они строят их так: нарубят из снегу кирпичей и сложат из них дом, как печку. Вместо стекол они вставляют в стены льдины, а вместо дверей они делают длинную трубу под снегом и через эту трубу влезают в свои дома. Когда приходит зима, их дома совсем заносит снегом, и у них делается тепло. Едят эскимосы оленей, волков, белых медведей. Они ловят рыбу в море крючками на палках и сетями. Зверей они убивают из луков стрелами и копьями. Эскимосы едят, как звери, сырое мясо. У них нет льна и пеньки, чтобы делать рубахи и веревки, нет и шерсти, чтобы делать сукно; веревки они делают из жил зверей, а платье — из звериных кож.
  </p>
  <p rend="left" uuid="9cefa4cb-9267-4efa-a46c-b44233a5db50">
   Они складывают две кожи шерстью наружу, протыкают рыбьими костями и сшивают жилами. Так же они делают рубахи, штаны и сапоги. Железа у них тоже нет. Они делают копья и стрелы из костей. Больше всего они любят есть звериный и рыбий жир. Женщины и мужчины одеваются одинаково. У женщин только бывают очень широки сапоги. В эти широкие голенища сапогов они кладут маленьких детей и так носят их.
  </p>
  <p rend="left" uuid="ff4b4284-8407-44f8-bbfb-d9e4b88b1911">
   В средине зимы у эскимосов бывает три месяца темно. А летом солнце совсем не садится, и ночей совсем не бывает.
  </p>
  <p rend="left emptyline" uuid="27f4c45b-c54e-40a5-9273-42d0e0f5736e">
   <pb n="108"/>
  </p>
 </div>
</TEI>