<?xml version="1.0" encoding="utf-8"?>
<TEI xmlns="http://www.tei-c.org/ns/1.0" xmlns:xi="http://www.w3.org/2001/XInclude">
 <teiHeader>
  <fileDesc>
   <titleStmt>
    <title>
     Произведения, написанные для «Азбуки» и не включенные в нее
    </title>
    <author>
     Толстой Л.Н.
    </author>
    <respStmt>
     <resp>
      подготовка TEI/XML
     </resp>
     <name>
      Мария Картышева, Евгений Можаев, Даниил Скоринкин, Елена Сидорова, Вероника Файнберг, Кирилл Милинцевич
     </name>
    </respStmt>
    <respStmt>
     <name>
      Анастасия Бонч-Осмоловская, Фёкла Толстая, Борис Орехов
     </name>
     <resp>
      Идея, постановка задач, руководство
     </resp>
    </respStmt>
   </titleStmt>
   <publicationStmt>
    <idno>
     Азбука  | Произведения, написанные для «Азбуки» и не включенные в нее
    </idno>
    <publisher>
     <orgName>
      Школа лингвистики НИУ ВШЭ
     </orgName>
    </publisher>
    <availability>
     <p>
      Тексты и метатекстовая разметка доступны для свободного использования и распространения по лицензии Creative Commons Attribution Share-Alike (cc by-sa)
     </p>
    </availability>
   </publicationStmt>
   <sourceDesc>
    <biblStruct>
     <analytic>
      <author>
       Толстой Л.Н.
      </author>
      <title level="a">
       Произведения, написанные для «Азбуки» и не включенные в нее
      </title>
     </analytic>
     <monogr>
      <title level="m">
       Полное собрание сочинений. Том 21
      </title>
      <imprint>
       <pubPlace>
        Москва
       </pubPlace>
       <publisher>
        Государственное издательство "Художественная литература"
       </publisher>
       <date when="1871-1872"/>
      </imprint>
     </monogr>
     <series>
      <title level="s">
       Л.Н. Толстой. Полное собрание сочинений
      </title>
      <biblScope unit="vol">
       21
      </biblScope>
     </series>
    </biblStruct>
   </sourceDesc>
  </fileDesc>
  <encodingDesc>
   <classDecl>
    <xi:include href="taxonomy.xml"/>
   </classDecl>
  </encodingDesc>
  <profileDesc>
   <creation>
    <date notAfter="1872" notBefore="1871">
     1871-1872
    </date>
    <rs/>
   </creation>
   <textClass>
    <catRef target="#fiction" type="sphere"/>
    <catRef target="#произведения для детей" type="type"/>
    <catRef target="#works" type="works_letters_diaries"/>
    <catRef target="#сборник" type="ninetyDef"/>
    <catRef target="#Неопубликованное, неотделанное, неоконченное" type="main_var"/>
    <catRef target="#сборник" type="type_short"/>
    <catRef target="None" type="translation"/>
    <catRef target="None" type="translation_origin"/>
    <catRef target="#да" type="tolstoy_or_not"/>
    <catRef target="None" type="name_status"/>
   </textClass>
   <preparedness>
    finished
   </preparedness>
   <settingDesc>
    <time>
     XIX век
    </time>
   </settingDesc>
  </profileDesc>
  <xenoData>
   <cyclusName/>
   <p>
    Проект
    <title>
     Толстой.Digital
    </title>
    разрабатывается сотрудниками и студентами
    <orgName>
     Высшей школы экономики
    </orgName>
    в сотрудничестве с
    <orgName>
     Государственным музеем Л.Н. Толстого
    </orgName>
    . Источник текстов –
    <bibl>
     90-томное собрание сочинений Л.Н.Толстого
    </bibl>
    . Разметка основана на стандарте
    <ref target="http://www.tei-c.org">
     TEI (Text Encoding Initiative)
    </ref>
    .
   </p>
   <versionNumber/>
   <isFinished/>
   <isEdited/>
   <fullBibliographicDescription/>
  </xenoData>
 </teiHeader>
 <p rend="left emptyline">
  <pb n="220"/>
 </p>
 <div type="section" xml:id="h000013028">
  <head rend="center">
   ЦАРСКИЙ СЫН И ЕГО ТОВАРИЩИ
  </head>
  <p rend="center" uuid="c66601bc-090c-47b7-b8f1-df7e7ca6ca90">
   <hi rend="italic">
    (Сказка)
   </hi>
  </p>
  <p rend="left" uuid="38c19e3e-2371-4a45-9a01-39424cc44f3f">
   У царя было два сына. Царь любил старшего и отдал ему всё царство. Мать жалела меньшего сына и спорила с царем. Царь на нее за то сердился, и каждый день была у них из-за этого ссора. Меньший царевич и подумал: «лучше мне уйти куда-нибудь», — простился с отцом и матерью, оделся в простое платье и пошел странствовать.
  </p>
  <p rend="left" uuid="b170496b-3eb3-491d-9fd2-05e7c0f7ff7f">
   На пути сошелся он с купцом. Купец рассказал царевичу, что был он прежде богат, но что все его товары потонули в море и что он идет теперь в чужие края поискать счастья.
  </p>
  <p rend="left" uuid="83095923-0431-4052-b2d7-4ad22d0c5fc9">
   Они пошли вместе. На третий день сошелся с ними еще товарищ. Они разговорились, и новый товарищ рассказал, что он мужик; были у него дом и земля, но что была война, поля его стоптали и двор его сожгли, — не при чем ему стало жить, — и что идет он теперь искать работы на чужую сторону.
  </p>
  <p rend="left" uuid="b49ef7ba-d852-4d72-b942-b0be4b1b70b6">
   Они пошли все вместе. Подошли они к большому городу и сели отдохнуть. Вот мужик и говорит: «Ну, братцы, будет нам гулять, теперь мы пришли к городу, надо нам за работу приниматься, кто какую умеет».
  </p>
  <p rend="left" uuid="f5ae6445-1d72-45db-9017-767fb3a3e40e">
   Купец говорит: «Я умею торговать. Если б у меня было хоть немного денег, я бы много наторговал».
  </p>
  <p rend="left" uuid="4455f930-0092-47a5-8563-269c91a2a23e">
   <pb n="221"/>
   А царевич говорит: «А я не умею ни работать, ни торговать, я только умею царствовать. Если б было у меня царство, я бы хорошо царствовал».
  </p>
  <p rend="left" uuid="31c17c7e-9f37-4563-96d8-ca9c8610553f">
   А мужик говорит: «А мне ни денег, ни царства не нужно; у меня только бы ноги ходили, да руки ворочали, — я проживу и вас еще прокормлю. А то вы, пока кто денег, а кто царства дожидаетесь, с голоду помрете».
  </p>
  <p rend="left" uuid="09e2faaa-9ccf-4bc0-8fd4-3f30bcbd739b">
   А царевич говорит: «Купцу деньги нужны, мне царство нужно, тебе сила нужна, чтоб работать: а и деньги, и царство, и сила — нам от бога. Захочет бог — и мне царство даст, и тебе силу, а не захочет — ни тебе силы, ни мне царства не даст».
  </p>
  <p rend="left" uuid="e8289c33-779d-40b6-a1ad-0466d1a7d8d6">
   Мужик не стал слушать, а пошел в город. В городе он нанялся таскать дрова. Ввечеру ему заплатили деньги. Он их принес товарищам и говорит: «Вы покуда собираетесь царствовать, а я уж заработал».
  </p>
  <p rend="left" uuid="27e41077-6185-4a96-bb18-1b056071a0dd">
   На другой день купец выпросил денег у мужика и пошел в город.
  </p>
  <p rend="left" uuid="cb1c823f-40fc-498c-bcbb-54a617d817b2">
   На торгу купец узнал, что в городе мало масла и каждый день ждут нового привоза. Купец пошел на пристань и стал высматривать корабли. При нем пришел корабль с маслом. Купец прежде всех вошел на корабль, отыскал хозяина, купил всё масло и дал задаток. Потом купец побежал в город, перепродал масло и за свои хлопоты заработал денег в 10 раз больше против мужика и принес товарищам.
  </p>
  <p rend="left" uuid="9cbc250a-70b3-4f2a-8c37-656031f06a53">
   Царевич и говорит: «Ну, теперь мой черед идти в город. Вам обоим посчастливилось, может и мне то же будет. Для бога ничего не трудно, — что тебе мужику дать работу, что купцу барыши, что царевичу царство».
  </p>
  <p rend="left" uuid="e9a74790-eb42-4f21-8c64-0fdb69018ef4">
   Входит царевич в город, видит он — народ ходит по улицам и плачет. Царевич стал спрашивать, о чем плачут. Ему говорят: «Разве не знаешь, нынче в ночь наш царь умер, и другого царя нам такого не найти». — «Отчего же он умер?» — «Да, должно быть, злодеи наши отравили». Царевич рассмеялся и говорит: «Это не может быть».
  </p>
  <p rend="left" uuid="053ecf4e-3907-4170-b88a-6d81cd267f3e">
   Вдруг один человек присмотрелся к царевичу, приметил, что он говорит не чисто по-ихнему и одет не так, как все в городе, и крикнул: «Ребята! этот человек подослан к нам от наших злодеев разузнавать про наш город. Может, он сам отравил царя. Видите, он и говорит не по-нашему
   <pb n="222"/>
   и смеется, когда мы все плачем. Хватайте его, ведите в тюрьму!»
  </p>
  <p rend="left" uuid="c55ed815-4084-4639-842e-ac504a7ed28e">
   Царевича схватили, отвели в тюрьму и два дня не давали ему пищи. На третий день пришли за царевичем и повели его на суд. Народа собралось много слушать, как будут судить царевича.
  </p>
  <p rend="left" uuid="7c7a7719-87a0-4928-bbc0-5be4f25a4a4d">
   На суде царевича спросили, кто он и зачем пришел в их город. Царевич сказал: «Я — царский сын. Мой отец отдал всё царство старшему брату, а мать за меня заступалась, и из-за меня отец с матерью ссорились. Я этого не захотел, простился с отцом и матерью и ушел странствовать. По дороге встретил я двух товарищей: купца и мужика и с ними подошел к вашему городу. Когда мы сидели и отдыхали за городом, мужик сказал, что надо теперь работать, кто что умеет; купец сказал, что он умеет торговать, но что у него денег нет; а я сказал, что я умею только царствовать, да у меня царства нет. Мужик сказал, что мы с голоду помрем, дожидаючи денег да царства, а что у него есть сила в руках и что он и себя и нас прокормит. И он пошел в город, заработал деньги и принес нам. Купец на эти деньги пошел и наторговал вдесятеро; а я пошел в город, и вот меня взяли и понапрасну посадили в тюрьму и два дня не давали есть и теперь хотят казнить. Да я этого ничего не боюсь, потому что знаю, что всё от бога, и захочет бог, так вы меня казните понапрасну, а захочет, так вы меня царем сделаете».
  </p>
  <p rend="left" uuid="99def6d6-1b70-45bf-a9cb-1b000eec95db">
   Когда он всё это сказал, судья замолчал и не знал, что говорить. Вдруг один человек из народа закричал: «Нам бог послал этого царевича. Мы не найдем себе лучшего царя! Выбирайте его в цари!»
  </p>
  <p rend="left" uuid="efddab2b-c795-4ced-9d47-5f6d39158df4">
   И все выбрали его царем.
  </p>
  <p rend="left" uuid="50beb15f-c0b2-4f0a-9063-8d38940780d2">
   Когда его выбрали царем, царевич послал за город привести к себе своих товарищей. Когда им сказали, что их требует царь, они испугались: думали, что они сделали какую-нибудь вину в городе. Но им нельзя было убежать, и их привели к царю. Они упали ему в ноги, но царь велел встать. Тогда они узнали своего товарища. Царь рассказал им всё, что с ним было, и сказал им: «Видите ли вы, что моя правда? Худое и доброе — всё от бога. И богу не труднее дать царство царевичу, чем купцу — барыш, а мужику — работу».
  </p>
  <p rend="left" uuid="a28c3740-4e4c-4f49-8ce7-915c6d10a180">
   Он наградил их и оставил жить в своем царстве.
  </p>
  <p rend="left emptyline" uuid="1245d3ab-7c8f-4972-80ce-75da82202381">
   <pb n="223"/>
  </p>
 </div>
</TEI>