<?xml version="1.0" encoding="utf-8"?>
<TEI xmlns="http://www.tei-c.org/ns/1.0" xmlns:xi="http://www.w3.org/2001/XInclude">
 <teiHeader>
  <fileDesc>
   <titleStmt>
    <title>
     Произведения, написанные для «Азбуки» и не включенные в нее
    </title>
    <author>
     Толстой Л.Н.
    </author>
    <respStmt>
     <resp>
      подготовка TEI/XML
     </resp>
     <name>
      Мария Картышева, Евгений Можаев, Даниил Скоринкин, Елена Сидорова, Вероника Файнберг, Кирилл Милинцевич
     </name>
    </respStmt>
    <respStmt>
     <name>
      Анастасия Бонч-Осмоловская, Фёкла Толстая, Борис Орехов
     </name>
     <resp>
      Идея, постановка задач, руководство
     </resp>
    </respStmt>
   </titleStmt>
   <publicationStmt>
    <idno>
     Азбука  | Произведения, написанные для «Азбуки» и не включенные в нее
    </idno>
    <publisher>
     <orgName>
      Школа лингвистики НИУ ВШЭ
     </orgName>
    </publisher>
    <availability>
     <p>
      Тексты и метатекстовая разметка доступны для свободного использования и распространения по лицензии Creative Commons Attribution Share-Alike (cc by-sa)
     </p>
    </availability>
   </publicationStmt>
   <sourceDesc>
    <biblStruct>
     <analytic>
      <author>
       Толстой Л.Н.
      </author>
      <title level="a">
       Произведения, написанные для «Азбуки» и не включенные в нее
      </title>
     </analytic>
     <monogr>
      <title level="m">
       Полное собрание сочинений. Том 21
      </title>
      <imprint>
       <pubPlace>
        Москва
       </pubPlace>
       <publisher>
        Государственное издательство "Художественная литература"
       </publisher>
       <date when="1871-1872"/>
      </imprint>
     </monogr>
     <series>
      <title level="s">
       Л.Н. Толстой. Полное собрание сочинений
      </title>
      <biblScope unit="vol">
       21
      </biblScope>
     </series>
    </biblStruct>
   </sourceDesc>
  </fileDesc>
  <encodingDesc>
   <classDecl>
    <xi:include href="taxonomy.xml"/>
   </classDecl>
  </encodingDesc>
  <profileDesc>
   <creation>
    <date notAfter="1872" notBefore="1871">
     1871-1872
    </date>
    <rs/>
   </creation>
   <textClass>
    <catRef target="#fiction" type="sphere"/>
    <catRef target="#произведения для детей" type="type"/>
    <catRef target="#works" type="works_letters_diaries"/>
    <catRef target="#сборник" type="ninetyDef"/>
    <catRef target="#Неопубликованное, неотделанное, неоконченное" type="main_var"/>
    <catRef target="#сборник" type="type_short"/>
    <catRef target="None" type="translation"/>
    <catRef target="None" type="translation_origin"/>
    <catRef target="#да" type="tolstoy_or_not"/>
    <catRef target="None" type="name_status"/>
   </textClass>
   <preparedness>
    finished
   </preparedness>
   <settingDesc>
    <time>
     XIX век
    </time>
   </settingDesc>
  </profileDesc>
  <xenoData>
   <cyclusName/>
   <p>
    Проект
    <title>
     Толстой.Digital
    </title>
    разрабатывается сотрудниками и студентами
    <orgName>
     Высшей школы экономики
    </orgName>
    в сотрудничестве с
    <orgName>
     Государственным музеем Л.Н. Толстого
    </orgName>
    . Источник текстов –
    <bibl>
     90-томное собрание сочинений Л.Н.Толстого
    </bibl>
    . Разметка основана на стандарте
    <ref target="http://www.tei-c.org">
     TEI (Text Encoding Initiative)
    </ref>
    .
   </p>
   <versionNumber/>
   <isFinished/>
   <isEdited/>
   <fullBibliographicDescription/>
  </xenoData>
 </teiHeader>
 <p rend="left emptyline">
  <pb n="343"/>
 </p>
 <p id="a85f3b15-4b56-45c5-acdd-1304f3ed40bb" rend="left">
  ** У меня был дядя, брат моей матери. Он часто приезжал к нам гостить. Его звали Андрей Степаныч. Андрей Степаныч был уже не молод. У него были волосы на бороде седые и на макушке была плешь. Ростом он был высок и сутуловат. Голову он держал низко и всегда смотрел исподлобья. Голос у него был густой. И он говорил мало. Матушка всегда была рада, когда он приезжал, и всегда для него много готовила. Матушка сама его боялась и при нем говорила мало. Когда он приезжал, он всегда осматривал всех нас детей, целовал, спрашивал, хорошо ли мы учимся и слушаемся ли отца и матери. Много он с нами не говорил. По утрам он громко кашлял. Точно он стрелял. И мы боялись его кашля. Все говорили про него, что он очень умен. И когда старшего брата отдавали в ученье, то отец ездил к дяде и спрашивал у него, как и куда отдать. И как дядя сказал, так он и сделал. Андрей Степаныч всегда был одинаковый, никогда не радовался, никогда не сердился. Один раз только я видел, что он обрадовался. Это было, когда мать наша была больна. И все думали, что она умрет. Она долго лежала без памяти, и Андрей Степаныч всё ходил, спрашивал про нее.
 </p>
 <p id="48131c61-3975-4443-a576-78d2e09fd6b0" rend="left">
  <pb n="344"/>
  Потом вдруг, когда сказали, что матушка выздоровела, и у ней родилась маленькая девочка, Андрей Степаныч так обрадовался, что стал плакать и целовать всех нас. И лицо у него сделалось совсем другое. С тех пор я его перестал бояться и больше стал любить. Другой раз я видел, как он рассердился. Мы один раз шли вместе из церкви. И к нам пристал пьяный человек. Андрей Степаныч один раз сказал ему: уйди прочь. Пьяный не ушел. Андрей Степаныч другой раз сказал: уйди — я тебе говорю. Пьяный всё не уходил и замахнулся рукой на маленького моего брата. И брат испугался и заплакал. Тогда Андрей Степаныч вдруг выпрямился, подбежал к пьяному, как молоденький, взял его одной рукой за шиворот и стал трясти его, как тулуп. Мы все испугались и думали, что он убил его. Но Андрей Степаныч бросил его, и пьяный ушел. Тогда Андрей Степаныч подошел к нам. Он был бледный, и губы его тряслись, но он улыбался нарочно. Когда он успокоился, видно было, что ему стало стыдно. Чем дольше я жил, тем больше я любил дядю Андрей Степаныча. &lt;Дядя Михайло Иваныч был моложе Андрей Степаныча. Он был небольшой ростом, толстенький, кругленький. Щеки у него были розовые, глаза большие, открытые, и, когда он смеялся, все зубы его были видны. Он часто рассказывал нам сказки и смешные истории. Он делал нам мельницы и змеи. И всегда все смеялись, когда он был у нас. Платье на нем всегда было новое и чистое и&gt;
 </p>
</TEI>