<?xml version="1.0" encoding="utf-8"?>
<TEI xmlns="http://www.tei-c.org/ns/1.0" xmlns:xi="http://www.w3.org/2001/XInclude">
 <teiHeader>
  <fileDesc>
   <titleStmt>
    <title>
     Произведения, написанные для «Азбуки» и не включенные в нее
    </title>
    <author>
     Толстой Л.Н.
    </author>
    <respStmt>
     <resp>
      подготовка TEI/XML
     </resp>
     <name>
      Мария Картышева, Евгений Можаев, Даниил Скоринкин, Елена Сидорова, Вероника Файнберг, Кирилл Милинцевич
     </name>
    </respStmt>
    <respStmt>
     <name>
      Анастасия Бонч-Осмоловская, Фёкла Толстая, Борис Орехов
     </name>
     <resp>
      Идея, постановка задач, руководство
     </resp>
    </respStmt>
   </titleStmt>
   <publicationStmt>
    <idno>
     Азбука  | Произведения, написанные для «Азбуки» и не включенные в нее
    </idno>
    <publisher>
     <orgName>
      Школа лингвистики НИУ ВШЭ
     </orgName>
    </publisher>
    <availability>
     <p>
      Тексты и метатекстовая разметка доступны для свободного использования и распространения по лицензии Creative Commons Attribution Share-Alike (cc by-sa)
     </p>
    </availability>
   </publicationStmt>
   <sourceDesc>
    <biblStruct>
     <analytic>
      <author>
       Толстой Л.Н.
      </author>
      <title level="a">
       Произведения, написанные для «Азбуки» и не включенные в нее
      </title>
     </analytic>
     <monogr>
      <title level="m">
       Полное собрание сочинений. Том 21
      </title>
      <imprint>
       <pubPlace>
        Москва
       </pubPlace>
       <publisher>
        Государственное издательство "Художественная литература"
       </publisher>
       <date when="1871-1872"/>
      </imprint>
     </monogr>
     <series>
      <title level="s">
       Л.Н. Толстой. Полное собрание сочинений
      </title>
      <biblScope unit="vol">
       21
      </biblScope>
     </series>
    </biblStruct>
   </sourceDesc>
  </fileDesc>
  <encodingDesc>
   <classDecl>
    <xi:include href="taxonomy.xml"/>
   </classDecl>
  </encodingDesc>
  <profileDesc>
   <creation>
    <date notAfter="1872" notBefore="1871">
     1871-1872
    </date>
    <rs/>
   </creation>
   <textClass>
    <catRef target="#fiction" type="sphere"/>
    <catRef target="#произведения для детей" type="type"/>
    <catRef target="#works" type="works_letters_diaries"/>
    <catRef target="#сборник" type="ninetyDef"/>
    <catRef target="#Неопубликованное, неотделанное, неоконченное" type="main_var"/>
    <catRef target="#сборник" type="type_short"/>
    <catRef target="None" type="translation"/>
    <catRef target="None" type="translation_origin"/>
    <catRef target="#да" type="tolstoy_or_not"/>
    <catRef target="None" type="name_status"/>
   </textClass>
   <preparedness>
    finished
   </preparedness>
   <settingDesc>
    <time>
     XIX век
    </time>
   </settingDesc>
  </profileDesc>
  <xenoData>
   <cyclusName/>
   <p>
    Проект
    <title>
     Толстой.Digital
    </title>
    разрабатывается сотрудниками и студентами
    <orgName>
     Высшей школы экономики
    </orgName>
    в сотрудничестве с
    <orgName>
     Государственным музеем Л.Н. Толстого
    </orgName>
    . Источник текстов –
    <bibl>
     90-томное собрание сочинений Л.Н.Толстого
    </bibl>
    . Разметка основана на стандарте
    <ref target="http://www.tei-c.org">
     TEI (Text Encoding Initiative)
    </ref>
    .
   </p>
   <versionNumber/>
   <isFinished/>
   <isEdited/>
   <fullBibliographicDescription/>
  </xenoData>
 </teiHeader>
 <p rend="left emptyline">
  <pb n="276"/>
 </p>
 <div type="section" xml:id="h000014013">
  <head rend="center">
   ЦАРСКОЕ НОВОЕ ПЛАТЬЕ
  </head>
  <p rend="center" uuid="286b6f8f-ffff-482e-b246-e8b113c93603">
   <hi rend="italic">
    (Сказка)
   </hi>
  </p>
  <p rend="left" uuid="21453598-14cc-4db9-aa5d-f37f8a01332c">
   Один царь был охотник до хороших платьев. Он ни о чем больше не думал, только как бы ему получше нарядиться. Пришли к нему один раз два портные мастера и говорят: «Мы можем сшить такое нарядное платье, какого еще никогда ни у кого не было. Только, если кто глуп и к своей должности не годится, тот платья нашего не может видеть. Кто умен, тот будет видеть, а кто глуп, тот рядом будет стоять и не будет видеть платья нашей работы». Царь обрадовался портным и велел им сшить на себя платье. Портным отвели во дворце горницу и дали им бархату, шелку, золота, — всего, что нужно было для платья.
  </p>
  <p rend="left" uuid="2840b574-6862-4f8c-9fa2-34f83bedf3b2">
   Когда прошла неделя, царь послал своего министра узнать, готово ли новое платье. Министр пришел и спросил; портные сказали, что готово, и показали министру пустое место. Министр знал, что если кто глуп и к своей должности не годится, то тот не может видеть платья, и он притворился, что видит платье и похвалил. Царь велел себе принести платье. Ему принесли и показали пустое место. Царь тоже притворился, что он видит новое платье, снял свое старое платье и велел надеть на себя новое. Когда царь пошел в новом платье гулять по городу, — все видели, что на царе нет никакого платья; но все боялись сказать, что они не видят платья, потому что слышали, что только глупый не может видеть нового платья. И каждый думал только про себя, что он не видит, а думал, что другие все видят. Так царь гулял по городу, и все хвалили новое платье. Вдруг один дурачок увидал царя и закричал: «Смотрите: царь по улицам ходит раздевшись!» И царю стало стыдно, что он не одет, и увидали, что на царе ничего не было.
  </p>
  <p rend="left emptyline" uuid="b530f406-e067-436f-9b61-48fcac458d85">
   <pb n="277"/>
  </p>
 </div>
</TEI>