<?xml version="1.0" encoding="utf-8"?>
<TEI xmlns="http://www.tei-c.org/ns/1.0" xmlns:xi="http://www.w3.org/2001/XInclude">
 <teiHeader>
  <fileDesc>
   <titleStmt>
    <title>
     Произведения, написанные для «Азбуки» и не включенные в нее
    </title>
    <author>
     Толстой Л.Н.
    </author>
    <respStmt>
     <resp>
      подготовка TEI/XML
     </resp>
     <name>
      Мария Картышева, Евгений Можаев, Даниил Скоринкин, Елена Сидорова, Вероника Файнберг, Кирилл Милинцевич
     </name>
    </respStmt>
    <respStmt>
     <name>
      Анастасия Бонч-Осмоловская, Фёкла Толстая, Борис Орехов
     </name>
     <resp>
      Идея, постановка задач, руководство
     </resp>
    </respStmt>
   </titleStmt>
   <publicationStmt>
    <idno>
     Азбука  | Произведения, написанные для «Азбуки» и не включенные в нее
    </idno>
    <publisher>
     <orgName>
      Школа лингвистики НИУ ВШЭ
     </orgName>
    </publisher>
    <availability>
     <p>
      Тексты и метатекстовая разметка доступны для свободного использования и распространения по лицензии Creative Commons Attribution Share-Alike (cc by-sa)
     </p>
    </availability>
   </publicationStmt>
   <sourceDesc>
    <biblStruct>
     <analytic>
      <author>
       Толстой Л.Н.
      </author>
      <title level="a">
       Произведения, написанные для «Азбуки» и не включенные в нее
      </title>
     </analytic>
     <monogr>
      <title level="m">
       Полное собрание сочинений. Том 21
      </title>
      <imprint>
       <pubPlace>
        Москва
       </pubPlace>
       <publisher>
        Государственное издательство "Художественная литература"
       </publisher>
       <date when="1871-1872"/>
      </imprint>
     </monogr>
     <series>
      <title level="s">
       Л.Н. Толстой. Полное собрание сочинений
      </title>
      <biblScope unit="vol">
       21
      </biblScope>
     </series>
    </biblStruct>
   </sourceDesc>
  </fileDesc>
  <encodingDesc>
   <classDecl>
    <xi:include href="taxonomy.xml"/>
   </classDecl>
  </encodingDesc>
  <profileDesc>
   <creation>
    <date notAfter="1872" notBefore="1871">
     1871-1872
    </date>
    <rs/>
   </creation>
   <textClass>
    <catRef target="#fiction" type="sphere"/>
    <catRef target="#произведения для детей" type="type"/>
    <catRef target="#works" type="works_letters_diaries"/>
    <catRef target="#сборник" type="ninetyDef"/>
    <catRef target="#Неопубликованное, неотделанное, неоконченное" type="main_var"/>
    <catRef target="#сборник" type="type_short"/>
    <catRef target="None" type="translation"/>
    <catRef target="None" type="translation_origin"/>
    <catRef target="#да" type="tolstoy_or_not"/>
    <catRef target="None" type="name_status"/>
   </textClass>
   <preparedness>
    finished
   </preparedness>
   <settingDesc>
    <time>
     XIX век
    </time>
   </settingDesc>
  </profileDesc>
  <xenoData>
   <cyclusName/>
   <p>
    Проект
    <title>
     Толстой.Digital
    </title>
    разрабатывается сотрудниками и студентами
    <orgName>
     Высшей школы экономики
    </orgName>
    в сотрудничестве с
    <orgName>
     Государственным музеем Л.Н. Толстого
    </orgName>
    . Источник текстов –
    <bibl>
     90-томное собрание сочинений Л.Н.Толстого
    </bibl>
    . Разметка основана на стандарте
    <ref target="http://www.tei-c.org">
     TEI (Text Encoding Initiative)
    </ref>
    .
   </p>
   <versionNumber/>
   <isFinished/>
   <isEdited/>
   <fullBibliographicDescription/>
  </xenoData>
 </teiHeader>
 <p rend="left emptyline">
  <pb n="291"/>
 </p>
 <div type="section" xml:id="h000014023">
  <head rend="center">
   ЧЕРЕМУХА
  </head>
  <p rend="center" uuid="ecb74968-c95f-4204-80bc-c24ae3613637">
   <hi rend="italic">
    (Рассказ)
   </hi>
  </p>
  <p rend="left" uuid="2d0e1df6-0677-46cb-8c17-b9752d08ba28">
   Одна черемуха выросла на дорожке из орешника и заглушала лещиновые кусты. Долго думал я — рубить или не рубить ее: мне жаль было. Черемуха эта росла не кустом, а деревом, вершка три в отрубе и сажени 4 в вышину, вся развилистая, кудрявая и вся обсыпанная ярким, белым, душистым цветом. Издалека слышен был ее запах. Я бы и не срубил ее, да один из работников (я ему прежде сказал вырубить всю черемуху) без меня начал рубить ее. Когда я пришел, уже он врубился в нее вершка на полтора, и сок так и хлюпал под топором, когда он попадал в прежнюю тяпку. «Нечего делать, видно судьба», — подумал я, взял сам топор и начал рубить вместе с мужиком.
  </p>
  <p rend="left" uuid="fabd1296-7e34-4a41-8b3b-77620932eb88">
   Всякую работу весело работать; весело и рубить. Весело наискось глубоко всадить топор, и потом напрямик подсечь подкошенное, и дальше и дальше врубаться в дерево.
  </p>
  <p rend="left" uuid="fb8ed111-982f-42a4-a8f4-7ab6d995dcba">
   Я совсем забыл о черемухе и только думал о том, как бы скорее свалить ее. Когда я запыхался, я положил топор, уперся с мужиком в дерево и попытался свалить его. Мы качнули: дерево задрожало листьями, и на нас закапало с него росой, и посыпались белые, душистые лепестки цветов.
  </p>
  <p rend="left" uuid="8da54928-a927-4c08-8559-acc93f8cf36a">
   <pb n="292"/>
   В то же время, точно вскрикнуло что-то, — хрустнуло в средине дерева; мы налегли, и как будто заплакало, — затрещало в средине, и дерево свалилось. Оно разодралось у надруба и, покачиваясь, легло сучьями и цветами на траву. Подрожали ветки и цветы после падения и остановились.
  </p>
  <p rend="left" uuid="b29eb410-f572-4f24-bece-8c6b459c4288">
   «Эх! штука-то важная! — сказал мужик. — Живо жалко!» А мне так было жалко, что я поскорее отошел к другим рабочим.
  </p>
 </div>
</TEI>