<?xml version="1.0" encoding="utf-8"?>
<TEI xmlns="http://www.tei-c.org/ns/1.0" xmlns:xi="http://www.w3.org/2001/XInclude">
 <teiHeader>
  <fileDesc>
   <titleStmt>
    <title>
     Произведения, написанные для «Азбуки» и не включенные в нее
    </title>
    <author>
     Толстой Л.Н.
    </author>
    <respStmt>
     <resp>
      подготовка TEI/XML
     </resp>
     <name>
      Мария Картышева, Евгений Можаев, Даниил Скоринкин, Елена Сидорова, Вероника Файнберг, Кирилл Милинцевич
     </name>
    </respStmt>
    <respStmt>
     <name>
      Анастасия Бонч-Осмоловская, Фёкла Толстая, Борис Орехов
     </name>
     <resp>
      Идея, постановка задач, руководство
     </resp>
    </respStmt>
   </titleStmt>
   <publicationStmt>
    <idno>
     Азбука  | Произведения, написанные для «Азбуки» и не включенные в нее
    </idno>
    <publisher>
     <orgName>
      Школа лингвистики НИУ ВШЭ
     </orgName>
    </publisher>
    <availability>
     <p>
      Тексты и метатекстовая разметка доступны для свободного использования и распространения по лицензии Creative Commons Attribution Share-Alike (cc by-sa)
     </p>
    </availability>
   </publicationStmt>
   <sourceDesc>
    <biblStruct>
     <analytic>
      <author>
       Толстой Л.Н.
      </author>
      <title level="a">
       Произведения, написанные для «Азбуки» и не включенные в нее
      </title>
     </analytic>
     <monogr>
      <title level="m">
       Полное собрание сочинений. Том 21
      </title>
      <imprint>
       <pubPlace>
        Москва
       </pubPlace>
       <publisher>
        Государственное издательство "Художественная литература"
       </publisher>
       <date when="1871-1872"/>
      </imprint>
     </monogr>
     <series>
      <title level="s">
       Л.Н. Толстой. Полное собрание сочинений
      </title>
      <biblScope unit="vol">
       21
      </biblScope>
     </series>
    </biblStruct>
   </sourceDesc>
  </fileDesc>
  <encodingDesc>
   <classDecl>
    <xi:include href="taxonomy.xml"/>
   </classDecl>
  </encodingDesc>
  <profileDesc>
   <creation>
    <date notAfter="1872" notBefore="1871">
     1871-1872
    </date>
    <rs/>
   </creation>
   <textClass>
    <catRef target="#fiction" type="sphere"/>
    <catRef target="#произведения для детей" type="type"/>
    <catRef target="#works" type="works_letters_diaries"/>
    <catRef target="#сборник" type="ninetyDef"/>
    <catRef target="#Неопубликованное, неотделанное, неоконченное" type="main_var"/>
    <catRef target="#сборник" type="type_short"/>
    <catRef target="None" type="translation"/>
    <catRef target="None" type="translation_origin"/>
    <catRef target="#да" type="tolstoy_or_not"/>
    <catRef target="None" type="name_status"/>
   </textClass>
   <preparedness>
    finished
   </preparedness>
   <settingDesc>
    <time>
     XIX век
    </time>
   </settingDesc>
  </profileDesc>
  <xenoData>
   <cyclusName/>
   <p>
    Проект
    <title>
     Толстой.Digital
    </title>
    разрабатывается сотрудниками и студентами
    <orgName>
     Высшей школы экономики
    </orgName>
    в сотрудничестве с
    <orgName>
     Государственным музеем Л.Н. Толстого
    </orgName>
    . Источник текстов –
    <bibl>
     90-томное собрание сочинений Л.Н.Толстого
    </bibl>
    . Разметка основана на стандарте
    <ref target="http://www.tei-c.org">
     TEI (Text Encoding Initiative)
    </ref>
    .
   </p>
   <versionNumber/>
   <isFinished/>
   <isEdited/>
   <fullBibliographicDescription/>
  </xenoData>
 </teiHeader>
 <p rend="left emptyline">
  <pb n="274"/>
 </p>
 <div type="section" xml:id="h000014011">
  <head rend="center">
   УДЕЛЬНЫЙ ВЕС
  </head>
  <p rend="center" uuid="34125c45-04d8-4f35-90df-4b9430436751">
   <hi rend="italic">
    (История)
   </hi>
  </p>
  <p rend="left" uuid="d0192c47-4547-4727-a894-e99b6628c7e4">
   Греческий царь Гиерон Сиракузский заказал своему золотых дел мастеру Димитрию золотую корону для идола Юпитера и дал 12 фунтов золота. Димитрий сделал корону, и когда царь ее
   <pb n="275"/>
   свесил, то в короне было ровно 12 фунтов. Только царь прослышал, что Димитрий украл много золота и в корону подмешал серебра. Царю хотелось доискаться, много ли подмешано серебра в короне, и он велел ее перетопить, чтобы видеть середину. Был один умный и ученый человек, родной царю, Архимед. Он сказал царю: «Не вели ломать корону, чтобы даром не пропала работа; а я, не ломаючи короны, узнаю, сколько в ней серебра и сколько золота». Царь согласился с Архимедом, и Архимед сделал так:
  </p>
  <p rend="left" uuid="4f904a5e-e2b6-4688-a3b9-0706b1339a41">
   Он взял фунт золота и фунт серебра и свесил их просто на весах, а потом свесил их в воде. Фунт золота в воде потянул на одну гирьку меньше, чем прежде, а фунт серебра на две гирьки меньше.
  </p>
  <p rend="left" uuid="9f032f18-894a-4d5a-b619-fd6c6ccb5c25">
   Потом Архимед всю корону свесил в воде, позвал царя и сказал: «С фунта чистого золота, если весить в воде, остается гирька; а если весить серебро в воде, остаются две гирьки с фунта; стало быть, если корона вся из чистого золота и в ней 12 фунтов, то в двенадцати фунтах надо снять с весов 12 гирек. Вот смотри». Он положил на весы 11 фунтов и стал вешать корону в воде. Корона не потянула двенадцати фунтов без 12 гирек, а меньше. Сняли еще гирек, Архимед и говорит: «Вот сколько тут снято лишних гирек, на столько Димитрий и обманул тебя». Так Архимед верно узнал, сколько было серебра подмешано в корону.
  </p>
 </div>
</TEI>