<?xml version="1.0" encoding="utf-8"?>
<TEI xmlns="http://www.tei-c.org/ns/1.0" xmlns:xi="http://www.w3.org/2001/XInclude">
 <teiHeader>
  <fileDesc>
   <titleStmt>
    <title>
     Произведения, написанные для «Азбуки» и не включенные в нее
    </title>
    <author>
     Толстой Л.Н.
    </author>
    <respStmt>
     <resp>
      подготовка TEI/XML
     </resp>
     <name>
      Мария Картышева, Евгений Можаев, Даниил Скоринкин, Елена Сидорова, Вероника Файнберг, Кирилл Милинцевич
     </name>
    </respStmt>
    <respStmt>
     <name>
      Анастасия Бонч-Осмоловская, Фёкла Толстая, Борис Орехов
     </name>
     <resp>
      Идея, постановка задач, руководство
     </resp>
    </respStmt>
   </titleStmt>
   <publicationStmt>
    <idno>
     Азбука  | Произведения, написанные для «Азбуки» и не включенные в нее
    </idno>
    <publisher>
     <orgName>
      Школа лингвистики НИУ ВШЭ
     </orgName>
    </publisher>
    <availability>
     <p>
      Тексты и метатекстовая разметка доступны для свободного использования и распространения по лицензии Creative Commons Attribution Share-Alike (cc by-sa)
     </p>
    </availability>
   </publicationStmt>
   <sourceDesc>
    <biblStruct>
     <analytic>
      <author>
       Толстой Л.Н.
      </author>
      <title level="a">
       Произведения, написанные для «Азбуки» и не включенные в нее
      </title>
     </analytic>
     <monogr>
      <title level="m">
       Полное собрание сочинений. Том 21
      </title>
      <imprint>
       <pubPlace>
        Москва
       </pubPlace>
       <publisher>
        Государственное издательство "Художественная литература"
       </publisher>
       <date when="1871-1872"/>
      </imprint>
     </monogr>
     <series>
      <title level="s">
       Л.Н. Толстой. Полное собрание сочинений
      </title>
      <biblScope unit="vol">
       21
      </biblScope>
     </series>
    </biblStruct>
   </sourceDesc>
  </fileDesc>
  <encodingDesc>
   <classDecl>
    <xi:include href="taxonomy.xml"/>
   </classDecl>
  </encodingDesc>
  <profileDesc>
   <creation>
    <date notAfter="1872" notBefore="1871">
     1871-1872
    </date>
    <rs/>
   </creation>
   <textClass>
    <catRef target="#fiction" type="sphere"/>
    <catRef target="#произведения для детей" type="type"/>
    <catRef target="#works" type="works_letters_diaries"/>
    <catRef target="#сборник" type="ninetyDef"/>
    <catRef target="#Неопубликованное, неотделанное, неоконченное" type="main_var"/>
    <catRef target="#сборник" type="type_short"/>
    <catRef target="None" type="translation"/>
    <catRef target="None" type="translation_origin"/>
    <catRef target="#да" type="tolstoy_or_not"/>
    <catRef target="None" type="name_status"/>
   </textClass>
   <preparedness>
    finished
   </preparedness>
   <settingDesc>
    <time>
     XIX век
    </time>
   </settingDesc>
  </profileDesc>
  <xenoData>
   <cyclusName/>
   <p>
    Проект
    <title>
     Толстой.Digital
    </title>
    разрабатывается сотрудниками и студентами
    <orgName>
     Высшей школы экономики
    </orgName>
    в сотрудничестве с
    <orgName>
     Государственным музеем Л.Н. Толстого
    </orgName>
    . Источник текстов –
    <bibl>
     90-томное собрание сочинений Л.Н.Толстого
    </bibl>
    . Разметка основана на стандарте
    <ref target="http://www.tei-c.org">
     TEI (Text Encoding Initiative)
    </ref>
    .
   </p>
   <versionNumber/>
   <isFinished/>
   <isEdited/>
   <fullBibliographicDescription/>
  </xenoData>
 </teiHeader>
 <p rend="left emptyline">
  <pb n="153"/>
 </p>
 <div type="section" xml:id="h000012018">
  <head rend="center">
   ШАТ И ДОН
  </head>
  <p id="666d6ba3-be94-4a04-bb5a-3ced7be377a2" rend="center">
   <hi rend="italic">
    (Сказка)
   </hi>
  </p>
  <p id="1735517d-9879-426b-8441-03c61727738f" rend="left">
   У старика Ивана было два сына: Шат Иваныч и Дон Иваныч. Шат Иваныч был старший брат; он был сильнее и больше, а Дон Иваныч был меньший и был меньше и слабее. Отец показал каждому дорогу и велел им слушаться. Шат Иваныч не послушался отца и не пошел по показанной дороге, сбился с пути и пропал. А Дон Иваныч слушал отца и шел туда, куда отец приказывал. Зато он прошел всю Россию и стал славен.
  </p>
  <p id="e6a606ef-56fd-442b-ae73-b36f82608ff7" rend="left">
   В Тульской губернии, в Епифанском уезде, есть деревня «Иван-озеро», и в самой деревне есть озеро. Из озера вытекают в разные стороны два ручья. Один ручей так узок, что через него перешагнуть можно. Этот ручей называют Дон. Другой ручеек широкий, и его называют Шат.
  </p>
  <p id="e08381f2-ac2f-4b19-ba52-a7e2bbcc750c" rend="left">
   <pb n="154"/>
   Дон идет всё прямо, и чем дальше он идет, тем шире становится.
  </p>
  <p id="5124f044-d3d7-4753-b459-018c8c269046" rend="left">
   Шат вертится с одной стороны на другую. Дон прошел через всю Россию и впал в Азовское море. В нем много рыбы, и по нем ходят барки и пароходы.
  </p>
  <p id="bc7a4f16-4d6d-4714-90be-7c9d76e0fea1" rend="left">
   Шат зашатался, не вышел из Тульской губернии и впал в реку Упу.
  </p>
 </div>
</TEI>