<?xml version="1.0" encoding="utf-8"?>
<TEI xmlns="http://www.tei-c.org/ns/1.0" xmlns:xi="http://www.w3.org/2001/XInclude">
 <teiHeader>
  <fileDesc>
   <titleStmt>
    <title>
     Азбука. Книга I
    </title>
    <author>
     Толстой Л.Н.
    </author>
    <respStmt>
     <resp>
      подготовка TEI/XML
     </resp>
     <name>
      Мария Картышева, Евгений Можаев, Даниил Скоринкин, Елена Сидорова, Вероника Файнберг, Кирилл Милинцевич
     </name>
    </respStmt>
    <respStmt>
     <name>
      Анастасия Бонч-Осмоловская, Фёкла Толстая, Борис Орехов
     </name>
     <resp>
      Идея, постановка задач, руководство
     </resp>
    </respStmt>
   </titleStmt>
   <publicationStmt>
    <idno>
     Азбука  | Книга I
    </idno>
    <publisher>
     <orgName>
      Школа лингвистики НИУ ВШЭ
     </orgName>
    </publisher>
    <availability>
     <p>
      Тексты и метатекстовая разметка доступны для свободного использования и распространения по лицензии Creative Commons Attribution Share-Alike (cc by-sa)
     </p>
    </availability>
   </publicationStmt>
   <sourceDesc>
    <biblStruct>
     <analytic>
      <author>
       Толстой Л.Н.
      </author>
      <title level="a">
       Азбука. Книга I
      </title>
     </analytic>
     <monogr>
      <title level="m">
       Полное собрание сочинений. Том 22
      </title>
      <imprint>
       <pubPlace>
        Москва
       </pubPlace>
       <publisher>
        Государственное издательство "Художественная литература"
       </publisher>
       <date when="1871-1872"/>
      </imprint>
     </monogr>
     <series>
      <title level="s">
       Л.Н. Толстой. Полное собрание сочинений
      </title>
      <biblScope unit="vol">
       22
      </biblScope>
     </series>
    </biblStruct>
   </sourceDesc>
  </fileDesc>
  <encodingDesc>
   <classDecl>
    <xi:include href="taxonomy.xml"/>
   </classDecl>
  </encodingDesc>
  <profileDesc>
   <creation>
    <date notAfter="1872" notBefore="1871">
     1871-1872
    </date>
    <rs/>
   </creation>
   <textClass>
    <catRef target="#fiction" type="sphere"/>
    <catRef target="#произведения для детей" type="type"/>
    <catRef target="#works" type="works_letters_diaries"/>
    <catRef target="#азбука" type="ninetyDef"/>
    <catRef target="#Основное" type="main_var"/>
    <catRef target="#азбука" type="type_short"/>
    <catRef target="None" type="translation"/>
    <catRef target="None" type="translation_origin"/>
    <catRef target="#да" type="tolstoy_or_not"/>
    <catRef target="None" type="name_status"/>
   </textClass>
   <preparedness>
    finished
   </preparedness>
   <settingDesc>
    <time>
     XIX век
    </time>
   </settingDesc>
  </profileDesc>
  <xenoData>
   <cyclusName/>
   <p>
    Проект
    <title>
     Толстой.Digital
    </title>
    разрабатывается сотрудниками и студентами
    <orgName>
     Высшей школы экономики
    </orgName>
    в сотрудничестве с
    <orgName>
     Государственным музеем Л.Н. Толстого
    </orgName>
    . Источник текстов –
    <bibl>
     90-томное собрание сочинений Л.Н.Толстого
    </bibl>
    . Разметка основана на стандарте
    <ref target="http://www.tei-c.org">
     TEI (Text Encoding Initiative)
    </ref>
    .
   </p>
   <versionNumber/>
   <isFinished/>
   <isEdited/>
   <fullBibliographicDescription/>
  </xenoData>
 </teiHeader>
 <p rend="left emptyline">
  <pb n="231"/>
 </p>
 <div type="section" xml:id="ref114">
  <head rend="center">
   <hi rend="strong">
    1000
    <choice>
     <reg>
      ЗОЛОТЫХ
     </reg>
    </choice>
    .
   </hi>
  </head>
  <p rend="left" uuid="7861ae61-b7ef-481c-85c1-5cae7d574c34">
   Богатый
   <choice>
    <reg>
     человек
    </reg>
   </choice>
   <choice>
    <reg>
     захотел
    </reg>
   </choice>
   отдать 1000
   <choice>
    <reg>
     золотых
    </reg>
   </choice>
   <choice>
    <reg>
     бедным
    </reg>
   </choice>
   , но не
   <choice>
    <reg>
     знал
    </reg>
   </choice>
   ,
   <choice>
    <reg>
     каким
    </reg>
   </choice>
   <choice>
    <reg>
     бедным
    </reg>
   </choice>
   дать эти деньги.
  </p>
  <p rend="left" uuid="f525dc61-6bc3-4eba-b953-f3bca55c4cb2">
   <choice>
    <reg>
     Он
    </reg>
   </choice>
   <choice>
    <reg>
     пришёл
    </reg>
   </choice>
   <choice>
    <reg>
     к
    </reg>
   </choice>
   священнику и
   <choice>
    <reg>
     говорит
    </reg>
   </choice>
   : я хочу дать 1000
   <choice>
    <reg>
     золотых
    </reg>
   </choice>
   <choice>
    <reg>
     бедным
    </reg>
   </choice>
   , да не знаю, — кому дать. Возьмите деньги и раздайте, кому знаете».
  </p>
  <p rend="left" uuid="0fd18aed-3cd6-461f-9640-d4b42bbf599c">
   <choice>
    <reg>
     Священник
    </reg>
   </choice>
   <choice>
    <reg>
     сказал
    </reg>
   </choice>
   : «деньги
   <choice>
    <reg>
     большия
    </reg>
   </choice>
   , я тоже не знаю, кому дать:
   <choice>
    <reg>
     может
    </reg>
   </choice>
   быть я одному
   <choice>
    <reg>
     дам
    </reg>
   </choice>
   много,
  </p>
  <p rend="left emptyline" uuid="8a7ceef6-fd5e-4a82-a97b-d9e84d4d0825">
   <pb n="232"/>
  </p>
  <p rend="centerline" uuid="4e9168a1-37e5-4779-b885-b710d634911e">
   — 30 —
  </p>
  <p rend="notindent" uuid="5b3bfd1e-1148-4d73-9f4e-2bb27e4d213f">
   а другому мало. Скажите,
   <choice>
    <reg>
     каким
    </reg>
   </choice>
   <choice>
    <reg>
     бедным
    </reg>
   </choice>
   и поскольку дать
   <choice>
    <reg>
     ваших
    </reg>
   </choice>
   <choice>
    <reg>
     денег
    </reg>
   </choice>
   »?
  </p>
  <p rend="left" uuid="c1f548d6-a781-402b-a02b-ddddf952d0ec">
   Богатый
   <choice>
    <reg>
     сказал
    </reg>
   </choice>
   : «если вы не знаете, кому дать деньги, то
   <choice>
    <reg>
     Бог
    </reg>
   </choice>
   <choice>
    <reg>
     знает
    </reg>
   </choice>
   : кто первый
   <choice>
    <reg>
     бедный
    </reg>
   </choice>
   <choice>
    <reg>
     придёт
    </reg>
   </choice>
   <choice>
    <reg>
     к
    </reg>
   </choice>
   <choice>
    <reg>
     вам
    </reg>
   </choice>
   , тому и отдайте деньги».
  </p>
  <p rend="left" uuid="a2f3a6b2-7db1-49a5-8455-cf88367f833f">
   <choice>
    <reg>
     В
    </reg>
   </choice>
   <choice>
    <reg>
     том же
    </reg>
   </choice>
   <choice>
    <reg>
     приходе
    </reg>
   </choice>
   <choice>
    <reg>
     жил
    </reg>
   </choice>
   <choice>
    <reg>
     бедный
    </reg>
   </choice>
   <choice>
    <reg>
     человек
    </reg>
   </choice>
   . У него было много
   <choice>
    <reg>
     детей
    </reg>
   </choice>
   , а
   <choice>
    <reg>
     сам
    </reg>
   </choice>
   <choice>
    <reg>
     он
    </reg>
   </choice>
   <choice>
    <reg>
     был
    </reg>
   </choice>
   <choice>
    <reg>
     болен
    </reg>
   </choice>
   и не
   <choice>
    <reg>
     мог
    </reg>
   </choice>
   работать.
   <choice>
    <reg>
     Бедный
    </reg>
   </choice>
   <choice>
    <reg>
     человек
    </reg>
   </choice>
   <choice>
    <reg>
     читал
    </reg>
   </choice>
   <choice>
    <reg>
     раз
    </reg>
   </choice>
   псалтирь и
   <choice>
    <reg>
     прочёл
    </reg>
   </choice>
   эти слова: «
   <hi rend="italic">
    я
   </hi>
   <hi rend="italic">
    <choice>
     <reg>
      был
     </reg>
    </choice>
    <choice>
     <reg>
      молод
     </reg>
    </choice>
    и
    <choice>
     <reg>
      состарелся
     </reg>
    </choice>
    , и не
    <choice>
     <reg>
      видал
     </reg>
    </choice>
    <choice>
     <reg>
      праведного
     </reg>
    </choice>
    оставленного и
   </hi>
   <hi rend="italic">
    <choice>
     <reg>
      детей
     </reg>
    </choice>
    его
    <choice>
     <reg>
      просящих
     </reg>
    </choice>
    <choice>
     <reg>
      хлеба
     </reg>
    </choice>
    .»
   </hi>
  </p>
  <p rend="left" uuid="5b6ae75f-01db-41fb-9b88-fde86f50e8df">
   <choice>
    <reg>
     Бедный
    </reg>
   </choice>
   <choice>
    <reg>
     подумал
    </reg>
   </choice>
   : я
   <choice>
    <reg>
     вот
    </reg>
   </choice>
   <choice>
    <reg>
     оставлен
    </reg>
   </choice>
   <choice>
    <reg>
     Богом
    </reg>
   </choice>
   ! а я
   <choice>
    <reg>
     дурного
    </reg>
   </choice>
   ничего не
   <choice>
    <reg>
     сделал
    </reg>
   </choice>
   . Дай пойду
   <choice>
    <reg>
     к
    </reg>
   </choice>
   священнику, спрошу его,
   <choice>
    <reg>
     как
    </reg>
   </choice>
   <choice>
    <reg>
     так
    </reg>
   </choice>
   неправда сказана
   <choice>
    <reg>
     в
    </reg>
   </choice>
   <choice>
    <reg>
     Писании
    </reg>
   </choice>
   .
  </p>
  <p rend="left" uuid="9271f84c-c3af-4f41-88ae-3e2cf8afd232">
   <choice>
    <reg>
     Он
    </reg>
   </choice>
   <choice>
    <reg>
     пошёл
    </reg>
   </choice>
   <choice>
    <reg>
     в
    </reg>
   </choice>
   священнику.
  </p>
  <p rend="left" uuid="d3f71f4d-9103-4402-9bb6-e8f7eb6d8879">
   <choice>
    <reg>
     Священник
    </reg>
   </choice>
   <choice>
    <reg>
     увидал
    </reg>
   </choice>
   его и
   <choice>
    <reg>
     сказал
    </reg>
   </choice>
   : «
   <choice>
    <reg>
     этот
    </reg>
   </choice>
   <choice>
    <reg>
     бедный
    </reg>
   </choice>
   первый
   <choice>
    <reg>
     пришёл
    </reg>
   </choice>
   ко
   <choice>
    <reg>
     мне
    </reg>
   </choice>
   », и
   <choice>
    <reg>
     отдал
    </reg>
   </choice>
   ему
   <choice>
    <reg>
     все
    </reg>
   </choice>
   1000
   <choice>
    <reg>
     золотых
    </reg>
   </choice>
   <choice>
    <reg>
     богатого
    </reg>
   </choice>
   <choice>
    <reg>
     человека
    </reg>
   </choice>
   .
  </p>
  <p rend="left emptyline" uuid="6184726e-3f5f-4467-8b36-003b3be3fe69">
   <pb n="233"/>
  </p>
 </div>
</TEI>