<?xml version="1.0" encoding="utf-8"?>
<TEI xmlns="http://www.tei-c.org/ns/1.0" xmlns:xi="http://www.w3.org/2001/XInclude">
 <teiHeader>
  <fileDesc>
   <titleStmt>
    <title>
     Азбука. Книга I
    </title>
    <author>
     Толстой Л.Н.
    </author>
    <respStmt>
     <resp>
      подготовка TEI/XML
     </resp>
     <name>
      Мария Картышева, Евгений Можаев, Даниил Скоринкин, Елена Сидорова, Вероника Файнберг, Кирилл Милинцевич
     </name>
    </respStmt>
    <respStmt>
     <name>
      Анастасия Бонч-Осмоловская, Фёкла Толстая, Борис Орехов
     </name>
     <resp>
      Идея, постановка задач, руководство
     </resp>
    </respStmt>
   </titleStmt>
   <publicationStmt>
    <idno>
     Азбука  | Книга I
    </idno>
    <publisher>
     <orgName>
      Школа лингвистики НИУ ВШЭ
     </orgName>
    </publisher>
    <availability>
     <p>
      Тексты и метатекстовая разметка доступны для свободного использования и распространения по лицензии Creative Commons Attribution Share-Alike (cc by-sa)
     </p>
    </availability>
   </publicationStmt>
   <sourceDesc>
    <biblStruct>
     <analytic>
      <author>
       Толстой Л.Н.
      </author>
      <title level="a">
       Азбука. Книга I
      </title>
     </analytic>
     <monogr>
      <title level="m">
       Полное собрание сочинений. Том 22
      </title>
      <imprint>
       <pubPlace>
        Москва
       </pubPlace>
       <publisher>
        Государственное издательство "Художественная литература"
       </publisher>
       <date when="1871-1872"/>
      </imprint>
     </monogr>
     <series>
      <title level="s">
       Л.Н. Толстой. Полное собрание сочинений
      </title>
      <biblScope unit="vol">
       22
      </biblScope>
     </series>
    </biblStruct>
   </sourceDesc>
  </fileDesc>
  <encodingDesc>
   <classDecl>
    <xi:include href="taxonomy.xml"/>
   </classDecl>
  </encodingDesc>
  <profileDesc>
   <creation>
    <date notAfter="1872" notBefore="1871">
     1871-1872
    </date>
    <rs/>
   </creation>
   <textClass>
    <catRef target="#fiction" type="sphere"/>
    <catRef target="#произведения для детей" type="type"/>
    <catRef target="#works" type="works_letters_diaries"/>
    <catRef target="#азбука" type="ninetyDef"/>
    <catRef target="#Основное" type="main_var"/>
    <catRef target="#азбука" type="type_short"/>
    <catRef target="None" type="translation"/>
    <catRef target="None" type="translation_origin"/>
    <catRef target="#да" type="tolstoy_or_not"/>
    <catRef target="None" type="name_status"/>
   </textClass>
   <preparedness>
    finished
   </preparedness>
   <settingDesc>
    <time>
     XIX век
    </time>
   </settingDesc>
  </profileDesc>
  <xenoData>
   <cyclusName/>
   <p>
    Проект
    <title>
     Толстой.Digital
    </title>
    разрабатывается сотрудниками и студентами
    <orgName>
     Высшей школы экономики
    </orgName>
    в сотрудничестве с
    <orgName>
     Государственным музеем Л.Н. Толстого
    </orgName>
    . Источник текстов –
    <bibl>
     90-томное собрание сочинений Л.Н.Толстого
    </bibl>
    . Разметка основана на стандарте
    <ref target="http://www.tei-c.org">
     TEI (Text Encoding Initiative)
    </ref>
    .
   </p>
   <versionNumber/>
   <isFinished/>
   <isEdited/>
   <fullBibliographicDescription/>
  </xenoData>
 </teiHeader>
 <p rend="left emptyline">
  <pb n="74"/>
 </p>
 <div type="section" xml:id="ref16">
  <head rend="Azbuka left">
   <hi rend="strong">
    <hi rend="italic">
     О
    </hi>
    <choice>
     <reg>
      сёл
     </reg>
    </choice>
    и лоша
    <hi rend="italic">
     д
    </hi>
    ь.
   </hi>
  </head>
  <p rend="Azbuka left" uuid="da5507df-feea-43bf-8c4a-7c3ccfbd7ce0">
   У
   <hi rend="italic">
    о
   </hi>
   дно
   <hi rend="italic">
    г
   </hi>
   о чел
   <hi rend="italic">
    о
   </hi>
   в
   <hi rend="big">
    ѣ
   </hi>
   ка
   <choice>
    <reg>
     был
    </reg>
   </choice>
   <hi rend="italic">
    о
   </hi>
   <choice>
    <reg>
     сёл
    </reg>
   </choice>
   и лоша
   <hi rend="italic">
    д
   </hi>
   ь. Шли они п
   <hi rend="italic">
    о
   </hi>
   д
   <hi rend="italic">
    о
   </hi>
   <choice>
    <reg>
     роге
    </reg>
   </choice>
   ;
   <hi rend="italic">
    о
   </hi>
   <choice>
    <reg>
     сёл
    </reg>
   </choice>
   <choice>
    <reg>
     сказал
    </reg>
   </choice>
   лошади:
   <choice>
    <reg>
     „мне
    </reg>
   </choice>
   <hi rend="italic">
    тя
   </hi>
   жело, не дотащу я все
   <hi rend="italic">
    г
   </hi>
   о; в
   <hi rend="italic">
    о
   </hi>
   зьми
   <choice>
    <reg>
     с
    </reg>
   </choice>
   меня хоть немног
   <hi rend="italic">
    о
   </hi>
   .“ Лоша
   <hi rend="italic">
    д
   </hi>
   ь не п
   <hi rend="italic">
    о
   </hi>
   слушалась.
   <hi rend="italic">
    О
   </hi>
   <choice>
    <reg>
     сёл
    </reg>
   </choice>
   <choice>
    <reg>
     упал
    </reg>
   </choice>
   <choice>
    <reg>
     от
    </reg>
   </choice>
   натуги и
   <choice>
    <reg>
     умер
    </reg>
   </choice>
   . Х
   <hi rend="italic">
    о
   </hi>
   <choice>
    <reg>
     зяин
    </reg>
   </choice>
   <choice>
    <reg>
     как
    </reg>
   </choice>
   нал
   <hi rend="italic">
    о
   </hi>
   <choice>
    <reg>
     жил
    </reg>
   </choice>
   всё
   <choice>
    <reg>
     с
    </reg>
   </choice>
   <hi rend="italic">
    о
   </hi>
   сла на лоша
   <hi rend="italic">
    д
   </hi>
   ь, да еще и шкуру
   <hi rend="italic">
    о
   </hi>
   слиную, лоша
   <hi rend="italic">
    д
   </hi>
   ь и взвыла: ,,
   <choice>
    <reg>
     ох
    </reg>
   </choice>
   , горе
   <choice>
    <reg>
     мне
    </reg>
   </choice>
   б
   <hi rend="big">
    ѣ
   </hi>
   дн
   <hi rend="italic">
    о
   </hi>
   й, горюшк
   <hi rend="italic">
    о
   </hi>
   <choice>
    <reg>
     мне
    </reg>
   </choice>
   несчастной! Не х
   <hi rend="italic">
    о
   </hi>
   <choice>
    <reg>
     тела
    </reg>
   </choice>
   я немно
   <hi rend="italic">
    ж
   </hi>
   ко ему п
   <hi rend="italic">
    од
   </hi>
   с
   <hi rend="italic">
    о
   </hi>
   бить, теперь
   <choice>
    <reg>
     вот
    </reg>
   </choice>
   всё тащу, да ещё и шкуру“.
  </p>
  <p rend="left emptyline" uuid="9db9766e-bd05-4728-a82e-7941efb681a8">
   <pb n="75"/>
  </p>
  <p rend="centerline" uuid="5fdb4d1e-9182-4348-ad66-5c84b6e1bdbc">
   — 65 —
  </p>
 </div>
</TEI>