<?xml version="1.0" encoding="utf-8"?>
<TEI xmlns="http://www.tei-c.org/ns/1.0" xmlns:xi="http://www.w3.org/2001/XInclude">
 <teiHeader>
  <fileDesc>
   <titleStmt>
    <title>
     Азбука. Книга I
    </title>
    <author>
     Толстой Л.Н.
    </author>
    <respStmt>
     <resp>
      подготовка TEI/XML
     </resp>
     <name>
      Мария Картышева, Евгений Можаев, Даниил Скоринкин, Елена Сидорова, Вероника Файнберг, Кирилл Милинцевич
     </name>
    </respStmt>
    <respStmt>
     <name>
      Анастасия Бонч-Осмоловская, Фёкла Толстая, Борис Орехов
     </name>
     <resp>
      Идея, постановка задач, руководство
     </resp>
    </respStmt>
   </titleStmt>
   <publicationStmt>
    <idno>
     Азбука  | Книга I
    </idno>
    <publisher>
     <orgName>
      Школа лингвистики НИУ ВШЭ
     </orgName>
    </publisher>
    <availability>
     <p>
      Тексты и метатекстовая разметка доступны для свободного использования и распространения по лицензии Creative Commons Attribution Share-Alike (cc by-sa)
     </p>
    </availability>
   </publicationStmt>
   <sourceDesc>
    <biblStruct>
     <analytic>
      <author>
       Толстой Л.Н.
      </author>
      <title level="a">
       Азбука. Книга I
      </title>
     </analytic>
     <monogr>
      <title level="m">
       Полное собрание сочинений. Том 22
      </title>
      <imprint>
       <pubPlace>
        Москва
       </pubPlace>
       <publisher>
        Государственное издательство "Художественная литература"
       </publisher>
       <date when="1871-1872"/>
      </imprint>
     </monogr>
     <series>
      <title level="s">
       Л.Н. Толстой. Полное собрание сочинений
      </title>
      <biblScope unit="vol">
       22
      </biblScope>
     </series>
    </biblStruct>
   </sourceDesc>
  </fileDesc>
  <encodingDesc>
   <classDecl>
    <xi:include href="taxonomy.xml"/>
   </classDecl>
  </encodingDesc>
  <profileDesc>
   <creation>
    <date notAfter="1872" notBefore="1871">
     1871-1872
    </date>
    <rs/>
   </creation>
   <textClass>
    <catRef target="#fiction" type="sphere"/>
    <catRef target="#произведения для детей" type="type"/>
    <catRef target="#works" type="works_letters_diaries"/>
    <catRef target="#азбука" type="ninetyDef"/>
    <catRef target="#Основное" type="main_var"/>
    <catRef target="#азбука" type="type_short"/>
    <catRef target="None" type="translation"/>
    <catRef target="None" type="translation_origin"/>
    <catRef target="#да" type="tolstoy_or_not"/>
    <catRef target="None" type="name_status"/>
   </textClass>
   <preparedness>
    finished
   </preparedness>
   <settingDesc>
    <time>
     XIX век
    </time>
   </settingDesc>
  </profileDesc>
  <xenoData>
   <cyclusName/>
   <p>
    Проект
    <title>
     Толстой.Digital
    </title>
    разрабатывается сотрудниками и студентами
    <orgName>
     Высшей школы экономики
    </orgName>
    в сотрудничестве с
    <orgName>
     Государственным музеем Л.Н. Толстого
    </orgName>
    . Источник текстов –
    <bibl>
     90-томное собрание сочинений Л.Н.Толстого
    </bibl>
    . Разметка основана на стандарте
    <ref target="http://www.tei-c.org">
     TEI (Text Encoding Initiative)
    </ref>
    .
   </p>
   <versionNumber/>
   <isFinished/>
   <isEdited/>
   <fullBibliographicDescription/>
  </xenoData>
 </teiHeader>
 <p rend="left emptyline">
  <pb n="564"/>
 </p>
   <div type="section" xml:id="ref240">
    <head rend="center">
     <hi rend="strong">
      НАСЪДКА И ЦЫПЛЯТА.
     </hi>
    </head>
    <p rend="left" uuid="4e1ddee0-4bac-47b5-9847-d888e8b74bff">
     <choice>
      <reg>
       Наседка
      </reg>
      <orig>
       Насѣдка
      </orig>
     </choice>
     вывела
     <choice>
      <reg>
       цыплят
      </reg>
      <orig>
       цыплятъ
      </orig>
     </choice>
     и не знала,
     <choice>
      <reg>
       как
      </reg>
      <orig>
       какъ
      </orig>
     </choice>
     <choice>
      <reg>
       их
      </reg>
      <orig>
       ихъ
      </orig>
     </choice>
     уберечь. Она и сказала
     <choice>
      <reg>
       им
      </reg>
      <orig>
       имъ
      </orig>
     </choice>
     : «
     <choice>
      <reg>
       Полезайте
      </reg>
      <orig>
       Полѣзайте
      </orig>
     </choice>
     опять
     <choice>
      <reg>
       в
      </reg>
      <orig>
       въ
      </orig>
     </choice>
     скорлупу,
    </p>
    <p rend="left emptyline" uuid="ca098908-455e-4082-b62c-50425e2c3198">
     <pb n="565"/>
    </p>
    <p rend="centerline" uuid="8d5bf8a5-356d-4579-8859-f64e768e3d79">
     — 5 —
    </p>
    <p rend="notindent" uuid="6a73c831-8dc3-4625-93d3-6d4e859e9f3a">
     когда вы будете
     <choice>
      <reg>
       в
      </reg>
      <orig>
       въ
      </orig>
     </choice>
     <choice>
      <reg>
       скорлупе
      </reg>
      <orig>
       скорлупѣ
      </orig>
     </choice>
     , я сяду на
     <choice>
      <reg>
       вас
      </reg>
      <orig>
       васъ
      </orig>
     </choice>
     ,
     <choice>
      <reg>
       как
      </reg>
      <orig>
       какъ
      </orig>
     </choice>
     прежде
     <choice>
      <reg>
       сидела
      </reg>
      <orig>
       сидѣла
      </orig>
     </choice>
     , и уберегу
     <choice>
      <reg>
       вас
      </reg>
      <orig>
       васъ
      </orig>
     </choice>
     . Цыплята послушались,
     <choice>
      <reg>
       полезли
      </reg>
      <orig>
       полѣзли
      </orig>
     </choice>
     <choice>
      <reg>
       в
      </reg>
      <orig>
       въ
      </orig>
     </choice>
     скорлупу, но не могли
     <choice>
      <reg>
       никак
      </reg>
      <orig>
       никакъ
      </orig>
     </choice>
     <choice>
      <reg>
       влезть
      </reg>
      <orig>
       влѣзть
      </orig>
     </choice>
     <choice>
      <reg>
       в
      </reg>
      <orig>
       въ
      </orig>
     </choice>
     нее и только помяли
     <choice>
      <reg>
       себе
      </reg>
      <orig>
       себѣ
      </orig>
     </choice>
     крылья. Тогда
     <choice>
      <reg>
       один
      </reg>
      <orig>
       одинъ
      </orig>
     </choice>
     <choice>
      <reg>
       цыпленок
      </reg>
      <orig>
       цыпленокъ
      </orig>
     </choice>
     <choice>
      <reg>
       сказал
      </reg>
      <orig>
       сказалъ
      </orig>
     </choice>
     матери:
    </p>
    <p rend="left" uuid="c6fa203d-ab07-408b-9f0b-bfa23333f9d9">
     «Если
     <choice>
      <reg>
       нам
      </reg>
      <orig>
       намъ
      </orig>
     </choice>
     всегда оставаться
     <choice>
      <reg>
       в
      </reg>
      <orig>
       въ
      </orig>
     </choice>
     <choice>
      <reg>
       скорлупе
      </reg>
      <orig>
       скорлупѣ
      </orig>
     </choice>
     ,
     <choice>
      <reg>
       ты бы
      </reg>
      <orig>
       ты-бы
      </orig>
     </choice>
     лучше и не выводила
     <choice>
      <reg>
       нас
      </reg>
      <orig>
       насъ
      </orig>
     </choice>
     »
    </p>
   </div>
</TEI>