<?xml version="1.0" encoding="utf-8"?>
<TEI xmlns="http://www.tei-c.org/ns/1.0" xmlns:xi="http://www.w3.org/2001/XInclude">
 <teiHeader>
  <fileDesc>
   <titleStmt>
    <title>
     Азбука. Книга I
    </title>
    <author>
     Толстой Л.Н.
    </author>
    <respStmt>
     <resp>
      подготовка TEI/XML
     </resp>
     <name>
      Мария Картышева, Евгений Можаев, Даниил Скоринкин, Елена Сидорова, Вероника Файнберг, Кирилл Милинцевич
     </name>
    </respStmt>
    <respStmt>
     <name>
      Анастасия Бонч-Осмоловская, Фёкла Толстая, Борис Орехов
     </name>
     <resp>
      Идея, постановка задач, руководство
     </resp>
    </respStmt>
   </titleStmt>
   <publicationStmt>
    <idno>
     Азбука  | Книга I
    </idno>
    <publisher>
     <orgName>
      Школа лингвистики НИУ ВШЭ
     </orgName>
    </publisher>
    <availability>
     <p>
      Тексты и метатекстовая разметка доступны для свободного использования и распространения по лицензии Creative Commons Attribution Share-Alike (cc by-sa)
     </p>
    </availability>
   </publicationStmt>
   <sourceDesc>
    <biblStruct>
     <analytic>
      <author>
       Толстой Л.Н.
      </author>
      <title level="a">
       Азбука. Книга I
      </title>
     </analytic>
     <monogr>
      <title level="m">
       Полное собрание сочинений. Том 22
      </title>
      <imprint>
       <pubPlace>
        Москва
       </pubPlace>
       <publisher>
        Государственное издательство "Художественная литература"
       </publisher>
       <date when="1871-1872"/>
      </imprint>
     </monogr>
     <series>
      <title level="s">
       Л.Н. Толстой. Полное собрание сочинений
      </title>
      <biblScope unit="vol">
       22
      </biblScope>
     </series>
    </biblStruct>
   </sourceDesc>
  </fileDesc>
  <encodingDesc>
   <classDecl>
    <xi:include href="taxonomy.xml"/>
   </classDecl>
  </encodingDesc>
  <profileDesc>
   <creation>
    <date notAfter="1872" notBefore="1871">
     1871-1872
    </date>
    <rs/>
   </creation>
   <textClass>
    <catRef target="#fiction" type="sphere"/>
    <catRef target="#произведения для детей" type="type"/>
    <catRef target="#works" type="works_letters_diaries"/>
    <catRef target="#азбука" type="ninetyDef"/>
    <catRef target="#Основное" type="main_var"/>
    <catRef target="#азбука" type="type_short"/>
    <catRef target="None" type="translation"/>
    <catRef target="None" type="translation_origin"/>
    <catRef target="#да" type="tolstoy_or_not"/>
    <catRef target="None" type="name_status"/>
   </textClass>
   <preparedness>
    finished
   </preparedness>
   <settingDesc>
    <time>
     XIX век
    </time>
   </settingDesc>
  </profileDesc>
  <xenoData>
   <cyclusName/>
   <p>
    Проект
    <title>
     Толстой.Digital
    </title>
    разрабатывается сотрудниками и студентами
    <orgName>
     Высшей школы экономики
    </orgName>
    в сотрудничестве с
    <orgName>
     Государственным музеем Л.Н. Толстого
    </orgName>
    . Источник текстов –
    <bibl>
     90-томное собрание сочинений Л.Н.Толстого
    </bibl>
    . Разметка основана на стандарте
    <ref target="http://www.tei-c.org">
     TEI (Text Encoding Initiative)
    </ref>
    .
   </p>
   <versionNumber/>
   <isFinished/>
   <isEdited/>
   <fullBibliographicDescription/>
  </xenoData>
 </teiHeader>
 <p rend="left emptyline">
  <pb n="214"/>
 </p>
 <div type="section" xml:id="ref101">
  <head rend="center">
   <hi rend="strong">
    ВОДЯНОЙ И ЖЕМЧУЖИНА
   </hi>
  </head>
  <p rend="left" uuid="1aea34e8-adce-4a8a-a833-82de0c255fcc">
   <choice>
    <reg>
     Один
    </reg>
   </choice>
   <choice>
    <reg>
     человек
    </reg>
   </choice>
   <choice>
    <reg>
     ехал
    </reg>
   </choice>
   па
   <choice>
    <reg>
     лодке
    </reg>
   </choice>
   и
   <choice>
    <reg>
     уронил
    </reg>
   </choice>
   <choice>
    <reg>
     драгоценный
    </reg>
   </choice>
   <choice>
    <reg>
     жемчуг
    </reg>
   </choice>
   ,
   <choice>
    <reg>
     в
    </reg>
   </choice>
   море.
   <choice>
    <reg>
     Человек
    </reg>
   </choice>
   вернулся
   <choice>
    <reg>
     к
    </reg>
   </choice>
   берегу,
   <choice>
    <reg>
     взял
    </reg>
   </choice>
   ведро и
   <choice>
    <reg>
     стал
    </reg>
   </choice>
   черпать воду и выливать на землю.
   <choice>
    <reg>
     Он
    </reg>
   </choice>
   <choice>
    <reg>
     черпал
    </reg>
   </choice>
   и
   <choice>
    <reg>
     выливал
    </reg>
   </choice>
   три дня
   <choice>
    <reg>
     без
    </reg>
   </choice>
   устали.
  </p>
  <p rend="left" uuid="7b698a36-2983-4b28-adac-4bb93fe4e55f">
   На четвертый день
   <choice>
    <reg>
     вышел
    </reg>
   </choice>
   <choice>
    <reg>
     из
    </reg>
   </choice>
   моря водяной и
   <choice>
    <reg>
     спросил
    </reg>
   </choice>
   :
  </p>
  <p rend="left" uuid="fe2c9b1e-f742-415d-bd19-5b99563248fb">
   «
   <choice>
    <reg>
     Зачем
    </reg>
   </choice>
   ты черпаешь»?
  </p>
  <p rend="left" uuid="363d7d3a-0eed-44a3-8957-6146ae5a10bd">
   <choice>
    <reg>
     Человек
    </reg>
   </choice>
   <choice>
    <reg>
     говорит
    </reg>
   </choice>
   :
  </p>
  <p rend="left" uuid="fe30d576-81e4-41d0-8637-26e026aef35f">
   «Я черпаю
   <choice>
    <reg>
     затем
    </reg>
   </choice>
   , что
   <choice>
    <reg>
     уронил
    </reg>
   </choice>
   <choice>
    <reg>
     жемчуг
    </reg>
   </choice>
   »
  </p>
  <p rend="left" uuid="0b707aad-e266-443e-8094-4f17b8f847d2">
   Водяной
   <choice>
    <reg>
     спросил
    </reg>
   </choice>
   :
  </p>
  <p rend="left" uuid="fdf74f14-d55f-4bf0-82a4-ada852db89ef">
   «А скоро-ли ты перестанешь?»
  </p>
  <p rend="left" uuid="5eaf0c8c-9637-4828-9d3e-eaa587aeb458">
   <choice>
    <reg>
     Человек
    </reg>
   </choice>
   <choice>
    <reg>
     говорит
    </reg>
   </choice>
   :
  </p>
  <p rend="left" uuid="d5c4d1f1-ff25-4c8a-acf3-eecbcb7e2e6d">
   «Когда высушу море, тогда перестану»
  </p>
  <p rend="left" uuid="298f5c44-6b96-41f3-9ec7-71f7211c7c5d">
   Тогда водяной вернулся
   <choice>
    <reg>
     в
    </reg>
   </choice>
   море,
   <choice>
    <reg>
     принёс
    </reg>
   </choice>
   <choice>
    <reg>
     тот
    </reg>
   </choice>
   самый
   <choice>
    <reg>
     жемчуг
    </reg>
   </choice>
   и
   <choice>
    <reg>
     отдал
    </reg>
   </choice>
   <choice>
    <reg>
     чедовеку
    </reg>
   </choice>
   .
  </p>
  <p rend="left emptyline" uuid="e203d3a9-9ea3-4d5f-a844-ece4cf6a5a31">
   <pb n="215"/>
  </p>
 </div>
</TEI>