<?xml version="1.0" encoding="utf-8"?>
<TEI xmlns="http://www.tei-c.org/ns/1.0" xmlns:xi="http://www.w3.org/2001/XInclude">
 <teiHeader>
  <fileDesc>
   <titleStmt>
    <title>
     Азбука. Книга I
    </title>
    <author>
     Толстой Л.Н.
    </author>
    <respStmt>
     <resp>
      подготовка TEI/XML
     </resp>
     <name>
      Мария Картышева, Евгений Можаев, Даниил Скоринкин, Елена Сидорова, Вероника Файнберг, Кирилл Милинцевич
     </name>
    </respStmt>
    <respStmt>
     <name>
      Анастасия Бонч-Осмоловская, Фёкла Толстая, Борис Орехов
     </name>
     <resp>
      Идея, постановка задач, руководство
     </resp>
    </respStmt>
   </titleStmt>
   <publicationStmt>
    <idno>
     Азбука  | Книга I
    </idno>
    <publisher>
     <orgName>
      Школа лингвистики НИУ ВШЭ
     </orgName>
    </publisher>
    <availability>
     <p>
      Тексты и метатекстовая разметка доступны для свободного использования и распространения по лицензии Creative Commons Attribution Share-Alike (cc by-sa)
     </p>
    </availability>
   </publicationStmt>
   <sourceDesc>
    <biblStruct>
     <analytic>
      <author>
       Толстой Л.Н.
      </author>
      <title level="a">
       Азбука. Книга I
      </title>
     </analytic>
     <monogr>
      <title level="m">
       Полное собрание сочинений. Том 22
      </title>
      <imprint>
       <pubPlace>
        Москва
       </pubPlace>
       <publisher>
        Государственное издательство "Художественная литература"
       </publisher>
       <date when="1871-1872"/>
      </imprint>
     </monogr>
     <series>
      <title level="s">
       Л.Н. Толстой. Полное собрание сочинений
      </title>
      <biblScope unit="vol">
       22
      </biblScope>
     </series>
    </biblStruct>
   </sourceDesc>
  </fileDesc>
  <encodingDesc>
   <classDecl>
    <xi:include href="taxonomy.xml"/>
   </classDecl>
  </encodingDesc>
  <profileDesc>
   <creation>
    <date notAfter="1872" notBefore="1871">
     1871-1872
    </date>
    <rs/>
   </creation>
   <textClass>
    <catRef target="#fiction" type="sphere"/>
    <catRef target="#произведения для детей" type="type"/>
    <catRef target="#works" type="works_letters_diaries"/>
    <catRef target="#азбука" type="ninetyDef"/>
    <catRef target="#Основное" type="main_var"/>
    <catRef target="#азбука" type="type_short"/>
    <catRef target="None" type="translation"/>
    <catRef target="None" type="translation_origin"/>
    <catRef target="#да" type="tolstoy_or_not"/>
    <catRef target="None" type="name_status"/>
   </textClass>
   <preparedness>
    finished
   </preparedness>
   <settingDesc>
    <time>
     XIX век
    </time>
   </settingDesc>
  </profileDesc>
  <xenoData>
   <cyclusName/>
   <p>
    Проект
    <title>
     Толстой.Digital
    </title>
    разрабатывается сотрудниками и студентами
    <orgName>
     Высшей школы экономики
    </orgName>
    в сотрудничестве с
    <orgName>
     Государственным музеем Л.Н. Толстого
    </orgName>
    . Источник текстов –
    <bibl>
     90-томное собрание сочинений Л.Н.Толстого
    </bibl>
    . Разметка основана на стандарте
    <ref target="http://www.tei-c.org">
     TEI (Text Encoding Initiative)
    </ref>
    .
   </p>
   <versionNumber/>
   <isFinished/>
   <isEdited/>
   <fullBibliographicDescription/>
  </xenoData>
 </teiHeader>
 <p rend="left emptyline">
  <pb n="84"/>
 </p>
 <div type="section" xml:id="ref34">
  <head rend="Azbuka left">
   <hi rend="strong">
    Камень.
   </hi>
  </head>
  <p rend="Azbuka left" uuid="75b19cf0-a814-4673-84d8-41cae4d88b5e">
   <choice>
    <reg>
     Один
    </reg>
   </choice>
   б
   <hi rend="big">
    ѣ
   </hi>
   дный
   <choice>
    <reg>
     пришел
    </reg>
   </choice>
   <choice>
    <reg>
     к
    </reg>
   </choice>
   богатому и
   <choice>
    <reg>
     стал
    </reg>
   </choice>
   просить милостыню. Богатый не
   <choice>
    <reg>
     дал
    </reg>
   </choice>
   ничего и
   <choice>
    <reg>
     сказал
    </reg>
   </choice>
   <hi rend="big">
    :
   </hi>
   „поди вонъ“! но б
   <hi rend="big">
    ѣ
   </hi>
   дный не
   <choice>
    <reg>
     уходил
    </reg>
   </choice>
   . Тогда богатый
   <choice>
    <reg>
     рассердился
    </reg>
   </choice>
   ,
   <choice>
    <reg>
     поднял
    </reg>
   </choice>
   камень и
   <choice>
    <reg>
     бросил
    </reg>
   </choice>
   <choice>
    <reg>
     им
    </reg>
   </choice>
   <choice>
    <reg>
     в
    </reg>
   </choice>
   б
   <hi rend="big">
    ѣ
   </hi>
   днаго. Б
   <hi rend="big">
    ѣ
   </hi>
   дный
   <choice>
    <reg>
     поднял
    </reg>
   </choice>
   камень,
   <choice>
    <reg>
     положил
    </reg>
   </choice>
   за пазуху и
   <choice>
    <reg>
     сказал
    </reg>
   </choice>
   <hi rend="big">
    :
   </hi>
   „до
   <choice>
    <reg>
     тех
    </reg>
   </choice>
   <choice>
    <reg>
     пор
    </reg>
   </choice>
   буду носить
   <choice>
    <reg>
     этот
    </reg>
   </choice>
   камень, пока не придётся и
   <choice>
    <reg>
     мне
    </reg>
   </choice>
   бросить
   <choice>
    <reg>
     в
    </reg>
   </choice>
   него“. И пришло это время. Богатый сд
   <hi rend="big">
    ѣ
   </hi>
   <choice>
    <reg>
     лал
    </reg>
   </choice>
   дурное д
   <hi rend="big">
    ѣ
   </hi>
   ло
   <hi rend="big">
    :
   </hi>
   у него отняли всё, что у него было, и повезли
   <choice>
    <reg>
     в
    </reg>
   </choice>
   тюрьму. Когда его везли
   <choice>
    <reg>
     в
    </reg>
   </choice>
   тюрьму,
   <choice>
    <reg>
     бедный
    </reg>
   </choice>
   <choice>
    <reg>
     подошёл
    </reg>
   </choice>
   <choice>
    <reg>
     к
    </reg>
   </choice>
   нему,
   <choice>
    <reg>
     вынул
    </reg>
   </choice>
   <choice>
    <reg>
     из
    </reg>
   </choice>
   за пазухи камень и замахнулся;
   <choice>
    <reg>
     потом
    </reg>
   </choice>
   пораздумался,
   <choice>
    <reg>
     бросил
    </reg>
   </choice>
  </p>
  <p rend="left emptyline" uuid="dd5e04b1-fcc8-4dba-8646-54ab9672aabf">
   <pb n="85"/>
  </p>
  <p rend="centerline" uuid="1defb0db-adf1-4b0b-8e7a-dc9b5d77af6b">
   — 75 —
  </p>
  <p rend="Azbuka notindent" uuid="fa802279-ddae-4ac3-a39c-b45ad4c1e045">
   камень на земь и
   <choice>
    <reg>
     сказал
    </reg>
   </choice>
   <hi rend="big">
    :
   </hi>
   „напрасно я
   <choice>
    <reg>
     так
    </reg>
   </choice>
   долго
   <choice>
    <reg>
     носил
    </reg>
   </choice>
   <choice>
    <reg>
     этот
    </reg>
   </choice>
   камень
   <hi rend="big">
    :
   </hi>
   когда
   <choice>
    <reg>
     он
    </reg>
   </choice>
   <choice>
    <reg>
     был
    </reg>
   </choice>
   <choice>
    <reg>
     богат
    </reg>
   </choice>
   и
   <choice>
    <reg>
     силен
    </reg>
   </choice>
   , я боялся его; а теперь
   <choice>
    <reg>
     мне
    </reg>
   </choice>
   жалко его“.
  </p>
 </div>
</TEI>