<?xml version="1.0" encoding="utf-8"?>
<TEI xmlns="http://www.tei-c.org/ns/1.0" xmlns:xi="http://www.w3.org/2001/XInclude">
 <teiHeader>
  <fileDesc>
   <titleStmt>
    <title>
     Азбука. Книга I
    </title>
    <author>
     Толстой Л.Н.
    </author>
    <respStmt>
     <resp>
      подготовка TEI/XML
     </resp>
     <name>
      Мария Картышева, Евгений Можаев, Даниил Скоринкин, Елена Сидорова, Вероника Файнберг, Кирилл Милинцевич
     </name>
    </respStmt>
    <respStmt>
     <name>
      Анастасия Бонч-Осмоловская, Фёкла Толстая, Борис Орехов
     </name>
     <resp>
      Идея, постановка задач, руководство
     </resp>
    </respStmt>
   </titleStmt>
   <publicationStmt>
    <idno>
     Азбука  | Книга I
    </idno>
    <publisher>
     <orgName>
      Школа лингвистики НИУ ВШЭ
     </orgName>
    </publisher>
    <availability>
     <p>
      Тексты и метатекстовая разметка доступны для свободного использования и распространения по лицензии Creative Commons Attribution Share-Alike (cc by-sa)
     </p>
    </availability>
   </publicationStmt>
   <sourceDesc>
    <biblStruct>
     <analytic>
      <author>
       Толстой Л.Н.
      </author>
      <title level="a">
       Азбука. Книга I
      </title>
     </analytic>
     <monogr>
      <title level="m">
       Полное собрание сочинений. Том 22
      </title>
      <imprint>
       <pubPlace>
        Москва
       </pubPlace>
       <publisher>
        Государственное издательство "Художественная литература"
       </publisher>
       <date when="1871-1872"/>
      </imprint>
     </monogr>
     <series>
      <title level="s">
       Л.Н. Толстой. Полное собрание сочинений
      </title>
      <biblScope unit="vol">
       22
      </biblScope>
     </series>
    </biblStruct>
   </sourceDesc>
  </fileDesc>
  <encodingDesc>
   <classDecl>
    <xi:include href="taxonomy.xml"/>
   </classDecl>
  </encodingDesc>
  <profileDesc>
   <creation>
    <date notAfter="1872" notBefore="1871">
     1871-1872
    </date>
    <rs/>
   </creation>
   <textClass>
    <catRef target="#fiction" type="sphere"/>
    <catRef target="#произведения для детей" type="type"/>
    <catRef target="#works" type="works_letters_diaries"/>
    <catRef target="#азбука" type="ninetyDef"/>
    <catRef target="#Основное" type="main_var"/>
    <catRef target="#азбука" type="type_short"/>
    <catRef target="None" type="translation"/>
    <catRef target="None" type="translation_origin"/>
    <catRef target="#да" type="tolstoy_or_not"/>
    <catRef target="None" type="name_status"/>
   </textClass>
   <preparedness>
    finished
   </preparedness>
   <settingDesc>
    <time>
     XIX век
    </time>
   </settingDesc>
  </profileDesc>
  <xenoData>
   <cyclusName/>
   <p>
    Проект
    <title>
     Толстой.Digital
    </title>
    разрабатывается сотрудниками и студентами
    <orgName>
     Высшей школы экономики
    </orgName>
    в сотрудничестве с
    <orgName>
     Государственным музеем Л.Н. Толстого
    </orgName>
    . Источник текстов –
    <bibl>
     90-томное собрание сочинений Л.Н.Толстого
    </bibl>
    . Разметка основана на стандарте
    <ref target="http://www.tei-c.org">
     TEI (Text Encoding Initiative)
    </ref>
    .
   </p>
   <versionNumber/>
   <isFinished/>
   <isEdited/>
   <fullBibliographicDescription/>
  </xenoData>
 </teiHeader>
 <p rend="left emptyline">
  <pb n="398"/>
 </p>
 <div type="section" xml:id="ref185">
  <head rend="center">
   <hi rend="strong">
    БУЛЬКА.
   </hi>
  </head>
  <p rend="left" uuid="f8d9fc43-91ac-4514-bc83-b6172942de4a">
   У меня была мордашка. Её звали Булька. Она была вся чёрная, только кончики
   <choice>
    <reg>
     передних
    </reg>
   </choice>
   <choice>
    <reg>
     лап
    </reg>
   </choice>
   были
   <choice>
    <reg>
     белые
    </reg>
   </choice>
   . У
   <choice>
    <reg>
     всех
    </reg>
   </choice>
   <choice>
    <reg>
     мордашек
    </reg>
   </choice>
   нижняя челюсть
   <choice>
    <reg>
     длиннее
    </reg>
   </choice>
   верхней и
   <choice>
    <reg>
     верхние
    </reg>
   </choice>
   зубы
   <choice>
    <reg>
     заходят
    </reg>
   </choice>
   за
   <choice>
    <reg>
     нижние
    </reg>
   </choice>
   ; но у Бульки
  </p>
  <p rend="left emptyline" uuid="551b8094-531e-4ffa-8da1-8e6fd3101ad3">
   <pb n="399"/>
  </p>
  <p rend="centerline" uuid="585663a3-823c-4b80-81fc-7e57f9d39114">
   — 31 —
  </p>
  <p rend="notindent" uuid="63a6122d-ed4e-4490-9ae6-bec279a8ac90">
   нижняя челюсть
   <choice>
    <reg>
     так
    </reg>
   </choice>
   выдавалась
   <choice>
    <reg>
     вперёд
    </reg>
   </choice>
   , что
   <choice>
    <reg>
     палец
    </reg>
   </choice>
   можно было заложить между нижними и верхними зубами. Лицо у Бульки было широкое, глаза
   <choice>
    <reg>
     большие
    </reg>
   </choice>
   , черные и
   <choice>
    <reg>
     блестящие
    </reg>
   </choice>
   ; и зубы и клыки
   <choice>
    <reg>
     белые
    </reg>
   </choice>
   всегда торчали наружу.
   <choice>
    <reg>
     Он
    </reg>
   </choice>
   <choice>
    <reg>
     был
    </reg>
   </choice>
   <choice>
    <reg>
     похож
    </reg>
   </choice>
   на арапа. Булька
   <choice>
    <reg>
     был
    </reg>
   </choice>
   смирный и не кусался, но
   <choice>
    <reg>
     он
    </reg>
   </choice>
   <choice>
    <reg>
     был
    </reg>
   </choice>
   очень
   <choice>
    <reg>
     силен
    </reg>
   </choice>
   и
   <choice>
    <reg>
     цепок
    </reg>
   </choice>
   . Когда
   <choice>
    <reg>
     он
    </reg>
   </choice>
   бывало
   <choice>
    <reg>
     уцепится
    </reg>
   </choice>
   за что-нибудь, то
   <choice>
    <reg>
     стиснет
    </reg>
   </choice>
   зубы и
   <choice>
    <reg>
     повиснет
    </reg>
   </choice>
   ,
   <choice>
    <reg>
     как
    </reg>
   </choice>
   тряпка, и его,
   <choice>
    <reg>
     как
    </reg>
   </choice>
   клещука, нельзя
   <choice>
    <reg>
     никак
    </reg>
   </choice>
   оторвать.
  </p>
  <p rend="left" uuid="f28cd6ee-eb3b-4966-abf7-3befeadb11d4">
   <choice>
    <reg>
     Один
    </reg>
   </choice>
   <choice>
    <reg>
     раз
    </reg>
   </choice>
   его пускали на
   <choice>
    <reg>
     медведя
    </reg>
   </choice>
   и
   <choice>
    <reg>
     он
    </reg>
   </choice>
   <choice>
    <reg>
     вцепился
    </reg>
   </choice>
   <choice>
    <reg>
     медведю
    </reg>
   </choice>
   <choice>
    <reg>
     в
    </reg>
   </choice>
   ухо и
   <choice>
    <reg>
     повис
    </reg>
   </choice>
   ,
   <choice>
    <reg>
     как
    </reg>
   </choice>
   <choice>
    <reg>
     пиявка
    </reg>
   </choice>
   .
   <choice>
    <reg>
     Медведь
    </reg>
   </choice>
   <choice>
    <reg>
     бил
    </reg>
   </choice>
   его лапами,
   <choice>
    <reg>
     прижимал
    </reg>
   </choice>
   <choice>
    <reg>
     к
    </reg>
   </choice>
   <choice>
    <reg>
     себе
    </reg>
   </choice>
   ,
   <choice>
    <reg>
     кидал
    </reg>
   </choice>
   <choice>
    <reg>
     из
    </reg>
   </choice>
   стороны
   <choice>
    <reg>
     в
    </reg>
   </choice>
   сторону, но не
   <choice>
    <reg>
     мог
    </reg>
   </choice>
   оторвать и повалился на голову, чтобы раздавить Бульку; но Булька до
   <choice>
    <reg>
     тех
    </reg>
   </choice>
   <choice>
    <reg>
     пор
    </reg>
   </choice>
   на
   <choice>
    <reg>
     нём
    </reg>
   </choice>
   держался, пока его не отлили холодной водой.
  </p>
  <p rend="left" uuid="40ea79b8-860f-4544-91c3-2fe0b72f78e2">
   Я
   <choice>
    <reg>
     взял
    </reg>
   </choice>
   его
   <choice>
    <reg>
     щенком
    </reg>
   </choice>
   и
   <choice>
    <reg>
     сам
    </reg>
   </choice>
   <choice>
    <reg>
     выкормил
    </reg>
   </choice>
   . Когда я
   <choice>
    <reg>
     ехал
    </reg>
   </choice>
   на
   <choice>
    <reg>
     Кавказ
    </reg>
   </choice>
   , я не
   <choice>
    <reg>
     хотел
    </reg>
   </choice>
   брать его, и
   <choice>
    <reg>
     ушёл
    </reg>
   </choice>
   <choice>
    <reg>
     от
    </reg>
   </choice>
   него потихоньку, а его
   <choice>
    <reg>
     велел
    </reg>
   </choice>
   запереть. На первой
   <choice>
    <reg>
     станции
    </reg>
   </choice>
   я
   <choice>
    <reg>
     хотел
    </reg>
   </choice>
   уже садиться на другую перекладную,
   <choice>
    <reg>
     как
    </reg>
   </choice>
   <choice>
    <reg>
     вдруг
    </reg>
   </choice>
   <choice>
    <reg>
     увидал
    </reg>
   </choice>
   , что по
   <choice>
    <reg>
     дороге
    </reg>
   </choice>
   катится что-то чёрное и блестящее. Это
   <choice>
    <reg>
     был
    </reg>
   </choice>
   Булька
   <choice>
    <reg>
     в
    </reg>
   </choice>
   <choice>
    <reg>
     своём
    </reg>
   </choice>
   <choice>
    <reg>
     медном
    </reg>
   </choice>
   <choice>
    <reg>
     ошейнике
    </reg>
   </choice>
   .
   <choice>
    <reg>
     Он
    </reg>
   </choice>
   <choice>
    <reg>
     летел
    </reg>
   </choice>
   во весь
   <choice>
    <reg>
     дух
    </reg>
   </choice>
   <choice>
    <reg>
     к
    </reg>
   </choice>
   <choice>
    <reg>
     станции
    </reg>
   </choice>
   .
   <choice>
    <reg>
     Он
    </reg>
   </choice>
   бросился ко
   <choice>
    <reg>
     мне
    </reg>
   </choice>
   ,
   <choice>
    <reg>
     лизнул
    </reg>
   </choice>
   мою руку и растянулся
   <choice>
    <reg>
     в
    </reg>
   </choice>
   <choice>
    <reg>
     тени
    </reg>
   </choice>
   <choice>
    <reg>
     под
    </reg>
   </choice>
   <choice>
    <reg>
     телегой
    </reg>
   </choice>
   .
   <choice>
    <reg>
     Язык
    </reg>
   </choice>
   его высунулся на
   <choice>
    <reg>
     целую
    </reg>
   </choice>
   ладонь.
   <choice>
    <reg>
     Он
    </reg>
   </choice>
   то
   <choice>
    <reg>
     втягивал
    </reg>
   </choice>
   его
   <choice>
    <reg>
     назад
    </reg>
   </choice>
   ,
   <choice>
    <reg>
     глотал
    </reg>
   </choice>
   слюни, то опять
   <choice>
    <reg>
     высовывал
    </reg>
   </choice>
   на
   <choice>
    <reg>
     целую
    </reg>
   </choice>
   ладонь.
   <choice>
    <reg>
     Он
    </reg>
   </choice>
   торопился, не
   <choice>
    <reg>
     поспевал
    </reg>
   </choice>
   дышать, бока его
   <choice>
    <reg>
     так
    </reg>
   </choice>
   и прыгали.
   <choice>
    <reg>
     Он
    </reg>
   </choice>
   поворачивался
   <choice>
    <reg>
     с
    </reg>
   </choice>
   боку на
   <choice>
    <reg>
     бок
    </reg>
   </choice>
   и
   <choice>
    <reg>
     постукивал
    </reg>
   </choice>
   <choice>
    <reg>
     хвостом
    </reg>
   </choice>
   о землю.
  </p>
  <p rend="left" uuid="3abc9b64-1ee0-4464-b868-0c7ca583c041">
   Я
   <choice>
    <reg>
     узнал
    </reg>
   </choice>
   <choice>
    <reg>
     потом
    </reg>
   </choice>
   , что
   <choice>
    <reg>
     он
    </reg>
   </choice>
   <choice>
    <reg>
     после
    </reg>
   </choice>
   меня
   <choice>
    <reg>
     пробил
    </reg>
   </choice>
   раму
  </p>
  <p rend="left emptyline" uuid="7bd084ca-4a5b-418f-966c-634fedfccc56">
   <pb n="400"/>
  </p>
  <p rend="centerline" uuid="f7858e5f-bcfd-4a20-852c-680529cf890d">
   — 32 —
  </p>
  <p rend="notindent" uuid="c98a8a0c-2fe2-4461-8029-46043a09e651">
   и
   <choice>
    <reg>
     выскочил
    </reg>
   </choice>
   <choice>
    <reg>
     из
    </reg>
   </choice>
   окна, и прямо по моему
   <choice>
    <reg>
     следу
    </reg>
   </choice>
   <choice>
    <reg>
     поскакал
    </reg>
   </choice>
   по
   <choice>
    <reg>
     дороге
    </reg>
   </choice>
   , и
   <choice>
    <reg>
     проскакал
    </reg>
   </choice>
   <choice>
    <reg>
     так
    </reg>
   </choice>
   <choice>
    <reg>
     вёрст
    </reg>
   </choice>
   20-ть
   <choice>
    <reg>
     в
    </reg>
   </choice>
   самый
   <choice>
    <reg>
     жар
    </reg>
   </choice>
   .
  </p>
 </div>
</TEI>