<?xml version="1.0" encoding="utf-8"?>
<TEI xmlns="http://www.tei-c.org/ns/1.0" xmlns:xi="http://www.w3.org/2001/XInclude">
 <teiHeader>
  <fileDesc>
   <titleStmt>
    <title>
     Азбука. Книга I
    </title>
    <author>
     Толстой Л.Н.
    </author>
    <respStmt>
     <resp>
      подготовка TEI/XML
     </resp>
     <name>
      Мария Картышева, Евгений Можаев, Даниил Скоринкин, Елена Сидорова, Вероника Файнберг, Кирилл Милинцевич
     </name>
    </respStmt>
    <respStmt>
     <name>
      Анастасия Бонч-Осмоловская, Фёкла Толстая, Борис Орехов
     </name>
     <resp>
      Идея, постановка задач, руководство
     </resp>
    </respStmt>
   </titleStmt>
   <publicationStmt>
    <idno>
     Азбука  | Книга I
    </idno>
    <publisher>
     <orgName>
      Школа лингвистики НИУ ВШЭ
     </orgName>
    </publisher>
    <availability>
     <p>
      Тексты и метатекстовая разметка доступны для свободного использования и распространения по лицензии Creative Commons Attribution Share-Alike (cc by-sa)
     </p>
    </availability>
   </publicationStmt>
   <sourceDesc>
    <biblStruct>
     <analytic>
      <author>
       Толстой Л.Н.
      </author>
      <title level="a">
       Азбука. Книга I
      </title>
     </analytic>
     <monogr>
      <title level="m">
       Полное собрание сочинений. Том 22
      </title>
      <imprint>
       <pubPlace>
        Москва
       </pubPlace>
       <publisher>
        Государственное издательство "Художественная литература"
       </publisher>
       <date when="1871-1872"/>
      </imprint>
     </monogr>
     <series>
      <title level="s">
       Л.Н. Толстой. Полное собрание сочинений
      </title>
      <biblScope unit="vol">
       22
      </biblScope>
     </series>
    </biblStruct>
   </sourceDesc>
  </fileDesc>
  <encodingDesc>
   <classDecl>
    <xi:include href="taxonomy.xml"/>
   </classDecl>
  </encodingDesc>
  <profileDesc>
   <creation>
    <date notAfter="1872" notBefore="1871">
     1871-1872
    </date>
    <rs/>
   </creation>
   <textClass>
    <catRef target="#fiction" type="sphere"/>
    <catRef target="#произведения для детей" type="type"/>
    <catRef target="#works" type="works_letters_diaries"/>
    <catRef target="#азбука" type="ninetyDef"/>
    <catRef target="#Основное" type="main_var"/>
    <catRef target="#азбука" type="type_short"/>
    <catRef target="None" type="translation"/>
    <catRef target="None" type="translation_origin"/>
    <catRef target="#да" type="tolstoy_or_not"/>
    <catRef target="None" type="name_status"/>
   </textClass>
   <preparedness>
    finished
   </preparedness>
   <settingDesc>
    <time>
     XIX век
    </time>
   </settingDesc>
  </profileDesc>
  <xenoData>
   <cyclusName/>
   <p>
    Проект
    <title>
     Толстой.Digital
    </title>
    разрабатывается сотрудниками и студентами
    <orgName>
     Высшей школы экономики
    </orgName>
    в сотрудничестве с
    <orgName>
     Государственным музеем Л.Н. Толстого
    </orgName>
    . Источник текстов –
    <bibl>
     90-томное собрание сочинений Л.Н.Толстого
    </bibl>
    . Разметка основана на стандарте
    <ref target="http://www.tei-c.org">
     TEI (Text Encoding Initiative)
    </ref>
    .
   </p>
   <versionNumber/>
   <isFinished/>
   <isEdited/>
   <fullBibliographicDescription/>
  </xenoData>
 </teiHeader>
 <p rend="left emptyline">
  <pb n="623"/>
 </p>
 <div type="section" xml:id="ref254">
  <head rend="center">
   <hi rend="strong">
    <hi rend="Razradka">
     ЛИСІЙ
    </hi>
    <hi rend="Razradka">
     <choice>
      <reg>
       ХВОСТ
      </reg>
     </choice>
    </hi>
    .
   </hi>
  </head>
  <p rend="left" uuid="fca57cbe-721c-4628-99f7-118abab98fef">
   <choice>
    <reg>
     Человек
    </reg>
   </choice>
   <choice>
    <reg>
     поймал
    </reg>
   </choice>
   лисицу и
   <choice>
    <reg>
     спросил
    </reg>
   </choice>
   ее: «кто
   <choice>
    <reg>
     научил
    </reg>
   </choice>
   <choice>
    <reg>
     лисиц
    </reg>
   </choice>
   обманывать
   <choice>
    <reg>
     хвостом
    </reg>
   </choice>
   <choice>
    <reg>
     собак
    </reg>
   </choice>
   »? Лисица спросила: «
   <choice>
    <reg>
     Как
    </reg>
   </choice>
   обманывать? Мы не
   <choice>
    <reg>
     обманываем
    </reg>
   </choice>
   <choice>
    <reg>
     собак
    </reg>
   </choice>
   , а просто
   <choice>
    <reg>
     бежим
    </reg>
   </choice>
   <choice>
    <reg>
     от
    </reg>
   </choice>
   <choice>
    <reg>
     них
    </reg>
   </choice>
   что есть силы».
   <choice>
    <reg>
     Человек
    </reg>
   </choice>
   <choice>
    <reg>
     сказал
    </reg>
   </choice>
   : «
   <choice>
    <reg>
     Нет
    </reg>
   </choice>
   , вы обманываете
   <choice>
    <reg>
     хвостом
    </reg>
   </choice>
   . Когда собаки
   <choice>
    <reg>
     догоняют
    </reg>
   </choice>
   <choice>
    <reg>
     вас
    </reg>
   </choice>
   и
   <choice>
    <reg>
     хотят
    </reg>
   </choice>
   схватить, — вы поворачиваете
   <choice>
    <reg>
     хвостом
    </reg>
   </choice>
   <choice>
    <reg>
     в
    </reg>
   </choice>
   одну сторону; собака круто
   <choice>
    <reg>
     поворачивает
    </reg>
   </choice>
   за
   <choice>
    <reg>
     хвостом
    </reg>
   </choice>
   , — а вы тогда
   <choice>
    <reg>
     бежите
    </reg>
   </choice>
   <choice>
    <reg>
     в
    </reg>
   </choice>
   противную сторону». Лисица
   <choice>
    <reg>
     засмеялась
    </reg>
   </choice>
   и сказала: «мы
   <choice>
    <reg>
     делаем
    </reg>
   </choice>
   это не для того, чтобы обманывать
   <choice>
    <reg>
     собак
    </reg>
   </choice>
   ; a
   <choice>
    <reg>
     делаем
    </reg>
   </choice>
   это только для того, чтобы поворачиваться: когда собака
   <choice>
    <reg>
     догоняет
    </reg>
   </choice>
   <choice>
    <reg>
     нас
    </reg>
   </choice>
   , и мы
   <choice>
    <reg>
     видим
    </reg>
   </choice>
   , что не
   <choice>
    <reg>
     можем
    </reg>
   </choice>
   уйти прямо, — мы
   <choice>
    <reg>
     поворачиваем
    </reg>
   </choice>
   <choice>
    <reg>
     в
    </reg>
   </choice>
   сторону; а для того, чтобы поворотиться
   <choice>
    <reg>
     вдруг
    </reg>
   </choice>
   <choice>
    <reg>
     в
    </reg>
   </choice>
   одну сторону,
   <choice>
    <reg>
     нам
    </reg>
   </choice>
   нужно взмахнуть
   <choice>
    <reg>
     хвостом
    </reg>
   </choice>
   <choice>
    <reg>
     в
    </reg>
   </choice>
   другую, —
   <choice>
    <reg>
     так
    </reg>
   </choice>
   <choice>
    <reg>
     как
    </reg>
   </choice>
   вы это
   <choice>
    <reg>
     делаете
    </reg>
   </choice>
   руками, когда хотите на
   <choice>
    <reg>
     бегу
    </reg>
   </choice>
   поворотиться. Это не наша выдумка; это
   <choice>
    <reg>
     придумал
    </reg>
   </choice>
   <choice>
    <reg>
     сам
    </reg>
   </choice>
   <choice>
    <reg>
     Бог
    </reg>
   </choice>
   еще тогда, когда
   <choice>
    <reg>
     он
    </reg>
   </choice>
   <choice>
    <reg>
     сотворял
    </reg>
   </choice>
   <choice>
    <reg>
     нас
    </reg>
   </choice>
   , — для того, чтобы собаки не могли переловить
   <choice>
    <reg>
     всех
    </reg>
   </choice>
   <choice>
    <reg>
     лисиц
    </reg>
   </choice>
   ».
  </p>
 </div>
</TEI>