<?xml version="1.0" encoding="utf-8"?>
<TEI xmlns="http://www.tei-c.org/ns/1.0" xmlns:xi="http://www.w3.org/2001/XInclude">
 <teiHeader>
  <fileDesc>
   <titleStmt>
    <title>
     Азбука. Книга I
    </title>
    <author>
     Толстой Л.Н.
    </author>
    <respStmt>
     <resp>
      подготовка TEI/XML
     </resp>
     <name>
      Мария Картышева, Евгений Можаев, Даниил Скоринкин, Елена Сидорова, Вероника Файнберг, Кирилл Милинцевич
     </name>
    </respStmt>
    <respStmt>
     <name>
      Анастасия Бонч-Осмоловская, Фёкла Толстая, Борис Орехов
     </name>
     <resp>
      Идея, постановка задач, руководство
     </resp>
    </respStmt>
   </titleStmt>
   <publicationStmt>
    <idno>
     Азбука  | Книга I
    </idno>
    <publisher>
     <orgName>
      Школа лингвистики НИУ ВШЭ
     </orgName>
    </publisher>
    <availability>
     <p>
      Тексты и метатекстовая разметка доступны для свободного использования и распространения по лицензии Creative Commons Attribution Share-Alike (cc by-sa)
     </p>
    </availability>
   </publicationStmt>
   <sourceDesc>
    <biblStruct>
     <analytic>
      <author>
       Толстой Л.Н.
      </author>
      <title level="a">
       Азбука. Книга I
      </title>
     </analytic>
     <monogr>
      <title level="m">
       Полное собрание сочинений. Том 22
      </title>
      <imprint>
       <pubPlace>
        Москва
       </pubPlace>
       <publisher>
        Государственное издательство "Художественная литература"
       </publisher>
       <date when="1871-1872"/>
      </imprint>
     </monogr>
     <series>
      <title level="s">
       Л.Н. Толстой. Полное собрание сочинений
      </title>
      <biblScope unit="vol">
       22
      </biblScope>
     </series>
    </biblStruct>
   </sourceDesc>
  </fileDesc>
  <encodingDesc>
   <classDecl>
    <xi:include href="taxonomy.xml"/>
   </classDecl>
  </encodingDesc>
  <profileDesc>
   <creation>
    <date notAfter="1872" notBefore="1871">
     1871-1872
    </date>
    <rs/>
   </creation>
   <textClass>
    <catRef target="#fiction" type="sphere"/>
    <catRef target="#произведения для детей" type="type"/>
    <catRef target="#works" type="works_letters_diaries"/>
    <catRef target="#азбука" type="ninetyDef"/>
    <catRef target="#Основное" type="main_var"/>
    <catRef target="#азбука" type="type_short"/>
    <catRef target="None" type="translation"/>
    <catRef target="None" type="translation_origin"/>
    <catRef target="#да" type="tolstoy_or_not"/>
    <catRef target="None" type="name_status"/>
   </textClass>
   <preparedness>
    finished
   </preparedness>
   <settingDesc>
    <time>
     XIX век
    </time>
   </settingDesc>
  </profileDesc>
  <xenoData>
   <cyclusName/>
   <p>
    Проект
    <title>
     Толстой.Digital
    </title>
    разрабатывается сотрудниками и студентами
    <orgName>
     Высшей школы экономики
    </orgName>
    в сотрудничестве с
    <orgName>
     Государственным музеем Л.Н. Толстого
    </orgName>
    . Источник текстов –
    <bibl>
     90-томное собрание сочинений Л.Н.Толстого
    </bibl>
    . Разметка основана на стандарте
    <ref target="http://www.tei-c.org">
     TEI (Text Encoding Initiative)
    </ref>
    .
   </p>
   <versionNumber/>
   <isFinished/>
   <isEdited/>
   <fullBibliographicDescription/>
  </xenoData>
 </teiHeader>
 <p rend="left emptyline">
  <pb n="92"/>
 </p>
   <div type="section" xml:id="ref41">
    <head rend="Azbuka left">
     <hi rend="strong">
      (.)
      <choice>
       <reg>
        Пожар
       </reg>
       <orig>
        Пожаръ
       </orig>
      </choice>
      .
     </hi>
    </head>
    <p rend="Azbuka left" uuid="e6986c31-cb9e-443a-90da-5ef61c184b7d">
     <choice>
      <reg>
       В
      </reg>
      <orig>
       Въ
      </orig>
     </choice>
     жнитво мужики и бабы ушли на работу.
     <choice>
      <reg>
       В
      </reg>
      <orig>
       Въ
      </orig>
     </choice>
     <choice>
      <reg>
       деревне
      </reg>
      <orig>
       деревнѣ
      </orig>
     </choice>
     остались только
    </p>
    <p rend="left emptyline" uuid="a21b94cc-defd-4ce8-9142-ba9918845d0e">
     <pb n="93"/>
    </p>
    <p rend="centerline" uuid="5fab0ebd-40ca-4159-9be2-f0f97e84f1c6">
     — 83 —
    </p>
    <p rend="Azbuka notindent" uuid="2ceefbfc-e228-41a8-9239-a54f338c683b">
     старые да малые.
     <choice>
      <reg>
       В
      </reg>
      <orig>
       Въ
      </orig>
     </choice>
     одной
     <choice>
      <reg>
       избе
      </reg>
      <orig>
       избѣ
      </orig>
     </choice>
     оставались бабушка и трое
     <choice>
      <reg>
       внучат
      </reg>
      <orig>
       внучатъ
      </orig>
     </choice>
     . Бабушка истопила печку и легла отдохнуть. На неё садились мухи и кусали её. Она закрыла голову
     <choice>
      <reg>
       полотенцем
      </reg>
      <orig>
       полотенцемъ
      </orig>
     </choice>
     и заснула. Одна
     <choice>
      <reg>
       из
      </reg>
      <orig>
       изъ
      </orig>
     </choice>
     <choice>
      <reg>
       внучек
      </reg>
      <orig>
       внучекъ
      </orig>
     </choice>
     , Маша
     <hi rend="big">
      (
     </hi>
     ей было три года
     <hi rend="big">
      )
     </hi>
     , открыла печку, нагребла
     <choice>
      <reg>
       угольев
      </reg>
      <orig>
       угольевъ
      </orig>
     </choice>
     <choice>
      <reg>
       в
      </reg>
      <orig>
       въ
      </orig>
     </choice>
     <choice>
      <reg>
       черепок
      </reg>
      <orig>
       черепокъ
      </orig>
     </choice>
     и пошла
     <choice>
      <reg>
       в
      </reg>
      <orig>
       въ
      </orig>
     </choice>
     с
     <hi rend="big">
      ѣ
     </hi>
     ни. А
     <choice>
      <reg>
       в
      </reg>
      <orig>
       въ
      </orig>
     </choice>
     с
     <hi rend="big">
      ѣ
     </hi>
     <choice>
      <reg>
       нях
      </reg>
      <orig>
       няхъ
      </orig>
     </choice>
     лежали снопы. Бабы приготовили эти снопы на свясла
     <note n="n3">
      <div type="section" xml:id="n3">
       <head>
        <ref target="#backn3">
         3
        </ref>
       </head>
       <p uuid="02fae1b6-f20c-48bf-a489-8b802b22997e">
        Соломенные жгуты,
        <choice>
         <reg>
          чтоб
         </reg>
         <orig>
          чтобъ
         </orig>
        </choice>
        вязать снопы.
       </p>
      </div>
     </note>
     . Маша принесла уголья, положила
     <choice>
      <reg>
       под
      </reg>
      <orig>
       подъ
      </orig>
     </choice>
     снопы и стала дуть. Когда солома стала загораться, она обрадовалась, пошла
     <choice>
      <reg>
       в
      </reg>
      <orig>
       въ
      </orig>
     </choice>
     избу и привела за руку брата, Кирюшку
     <hi rend="big">
      (
     </hi>
     ему было полтора года, и
     <choice>
      <reg>
       он
      </reg>
      <orig>
       онъ
      </orig>
     </choice>
     только-что выучился ходить
     <hi rend="big">
      )
     </hi>
     , и сказала: „глянь, Килюска, какую я печку вздула“. Снопы уже
     <choice>
      <reg>
       горели
      </reg>
      <orig>
       горѣли
      </orig>
     </choice>
     и трещали. Когда застлало
     <choice>
      <reg>
       сени
      </reg>
      <orig>
       сѣни
      </orig>
     </choice>
     <choice>
      <reg>
       дымом
      </reg>
      <orig>
       дымомъ
      </orig>
     </choice>
     , Маша испугалась и
     <choice>
      <reg>
       побежала
      </reg>
      <orig>
       побѣжала
      </orig>
     </choice>
     <choice>
      <reg>
       назад
      </reg>
      <orig>
       назадъ
      </orig>
     </choice>
     <choice>
      <reg>
       в
      </reg>
      <orig>
       въ
      </orig>
     </choice>
     избу. Кирюшка
     <choice>
      <reg>
       упал
      </reg>
      <orig>
       упалъ
      </orig>
     </choice>
     на
     <choice>
      <reg>
       пороге
      </reg>
      <orig>
       порогѣ
      </orig>
     </choice>
     ,
     <choice>
      <reg>
       расшиб
      </reg>
      <orig>
       расшибъ
      </orig>
     </choice>
     <choice>
      <reg>
       нос
      </reg>
      <orig>
       носъ
      </orig>
     </choice>
     и
     <choice>
      <reg>
       заплакал
      </reg>
      <orig>
       заплакалъ
      </orig>
     </choice>
     ; Маша втащила его
     <choice>
      <reg>
       в
      </reg>
      <orig>
       въ
      </orig>
     </choice>
     избу, и они оба спрятались
     <choice>
      <reg>
       под
      </reg>
      <orig>
       подъ
      </orig>
     </choice>
     лавку. Бабушка ничего не слыхала и спала.
     <choice>
      <reg>
       Старший
      </reg>
      <orig>
       Старшiй
      </orig>
     </choice>
     <choice>
      <reg>
       мальчик
      </reg>
      <orig>
       мальчикъ
      </orig>
     </choice>
     , Ваня
     <hi rend="big">
      (
     </hi>
     ему было восемь
    </p>
    <p rend="left emptyline" uuid="f47afb0d-2d43-4922-b977-b5111a180aad">
     <pb n="94"/>
    </p>
    <p rend="centerline" uuid="8475ef83-0c8e-4c5e-bfa1-ad3c1b3ff967">
     — 84 —
    </p>
    <p rend="Azbuka notindent" uuid="661d6c8c-6ca9-42ae-a893-edfdd4d453a6">
     л
     <hi rend="big">
      ѣ
     </hi>
     <choice>
      <reg>
       т
      </reg>
      <orig>
       тъ
      </orig>
     </choice>
     <hi rend="big">
      )
     </hi>
     ,
     <choice>
      <reg>
       был
      </reg>
      <orig>
       былъ
      </orig>
     </choice>
     на
     <choice>
      <reg>
       улице
      </reg>
      <orig>
       улицѣ
      </orig>
     </choice>
     . Когда
     <choice>
      <reg>
       он
      </reg>
      <orig>
       онъ
      </orig>
     </choice>
     <choice>
      <reg>
       увидал
      </reg>
      <orig>
       увидалъ
      </orig>
     </choice>
     , что
     <choice>
      <reg>
       из
      </reg>
      <orig>
       изъ
      </orig>
     </choice>
     с
     <hi rend="big">
      ѣ
     </hi>
     ней
     <choice>
      <reg>
       валит
      </reg>
      <orig>
       валитъ
      </orig>
     </choice>
     <choice>
      <reg>
       дым
      </reg>
      <orig>
       дымъ
      </orig>
     </choice>
     ,
     <choice>
      <reg>
       он
      </reg>
      <orig>
       онъ
      </orig>
     </choice>
     вб
     <hi rend="big">
      ѣ
     </hi>
     <choice>
      <reg>
       жал
      </reg>
      <orig>
       жалъ
      </orig>
     </choice>
     <choice>
      <reg>
       в
      </reg>
      <orig>
       въ
      </orig>
     </choice>
     дверь, сквозь
     <choice>
      <reg>
       дым
      </reg>
      <orig>
       дымъ
      </orig>
     </choice>
     <choice>
      <reg>
       проскочил
      </reg>
      <orig>
       проскочилъ
      </orig>
     </choice>
     <choice>
      <reg>
       в
      </reg>
      <orig>
       въ
      </orig>
     </choice>
     избу и
     <choice>
      <reg>
       стал
      </reg>
      <orig>
       сталъ
      </orig>
     </choice>
     будить бабушку; но бабушка
     <choice>
      <reg>
       с
      </reg>
      <orig>
       съ
      </orig>
     </choice>
     <choice>
      <reg>
       просонков
      </reg>
      <orig>
       просонковъ
      </orig>
     </choice>
     <choice>
      <reg>
       ошалела
      </reg>
      <orig>
       ошалѣла
      </orig>
     </choice>
     и забыла про д
     <hi rend="big">
      ѣ
     </hi>
     тей, выскочила и поб
     <hi rend="big">
      ѣ
     </hi>
     жала по
     <choice>
      <reg>
       дворам
      </reg>
      <orig>
       дворамъ
      </orig>
     </choice>
     за
     <choice>
      <reg>
       народом
      </reg>
      <orig>
       народомъ
      </orig>
     </choice>
     . Маша
     <choice>
      <reg>
       тем
      </reg>
      <orig>
       тѣмъ
      </orig>
     </choice>
     <choice>
      <reg>
       временем
      </reg>
      <orig>
       временемъ
      </orig>
     </choice>
     <choice>
      <reg>
       сидела
      </reg>
      <orig>
       сидѣла
      </orig>
     </choice>
     <choice>
      <reg>
       под
      </reg>
      <orig>
       подъ
      </orig>
     </choice>
     лавкой и молчала; только
     <choice>
      <reg>
       маленький
      </reg>
      <orig>
       маленькiй
      </orig>
     </choice>
     <choice>
      <reg>
       мальчик
      </reg>
      <orig>
       мальчикъ
      </orig>
     </choice>
     <choice>
      <reg>
       кричал
      </reg>
      <orig>
       кричалъ
      </orig>
     </choice>
     , потому что больно
     <choice>
      <reg>
       разбил
      </reg>
      <orig>
       разбилъ
      </orig>
     </choice>
     <choice>
      <reg>
       себе
      </reg>
      <orig>
       себѣ
      </orig>
     </choice>
     <choice>
      <reg>
       нос
      </reg>
      <orig>
       носъ
      </orig>
     </choice>
     . Ваня
     <choice>
      <reg>
       услыхал
      </reg>
      <orig>
       услыхалъ
      </orig>
     </choice>
     его
     <choice>
      <reg>
       крик
      </reg>
      <orig>
       крикъ
      </orig>
     </choice>
     ,
     <choice>
      <reg>
       поглядел
      </reg>
      <orig>
       поглядѣлъ
      </orig>
     </choice>
     <choice>
      <reg>
       под
      </reg>
      <orig>
       подъ
      </orig>
     </choice>
     лавку и
     <choice>
      <reg>
       закричал
      </reg>
      <orig>
       закричалъ
      </orig>
     </choice>
     <choice>
      <reg>
       Маше
      </reg>
      <orig>
       Машѣ
      </orig>
     </choice>
     : „б
     <hi rend="big">
      ѣ
     </hi>
     ги, сгоришь!“ Маша поб
     <hi rend="big">
      ѣ
     </hi>
     жала
     <choice>
      <reg>
       в
      </reg>
      <orig>
       въ
      </orig>
     </choice>
     с
     <hi rend="big">
      ѣ
     </hi>
     ни, но
     <choice>
      <reg>
       от
      </reg>
      <orig>
       отъ
      </orig>
     </choice>
     дыма и
     <choice>
      <reg>
       от
      </reg>
      <orig>
       отъ
      </orig>
     </choice>
     огня нельзя было пройти. Она вернулась
     <choice>
      <reg>
       назад
      </reg>
      <orig>
       назадъ
      </orig>
     </choice>
     . Тогда Ваня
     <choice>
      <reg>
       поднял
      </reg>
      <orig>
       поднялъ
      </orig>
     </choice>
     окно и
     <choice>
      <reg>
       велел
      </reg>
      <orig>
       велѣлъ
      </orig>
     </choice>
     ей л
     <hi rend="big">
      ѣ
     </hi>
     зть. Когда она прол
     <hi rend="big">
      ѣ
     </hi>
     зла, Ваня
     <choice>
      <reg>
       схватил
      </reg>
      <orig>
       схватилъ
      </orig>
     </choice>
     брата и
     <choice>
      <reg>
       потащил
      </reg>
      <orig>
       потащилъ
      </orig>
     </choice>
     его. Но
     <choice>
      <reg>
       мальчик
      </reg>
      <orig>
       мальчикъ
      </orig>
     </choice>
     <choice>
      <reg>
       был
      </reg>
      <orig>
       былъ
      </orig>
     </choice>
     <choice>
      <reg>
       тяжёл
      </reg>
      <orig>
       тяжёлъ
      </orig>
     </choice>
     и не давался брату.
     <choice>
      <reg>
       Он
      </reg>
      <orig>
       Онъ
      </orig>
     </choice>
     <choice>
      <reg>
       плакал
      </reg>
      <orig>
       плакалъ
      </orig>
     </choice>
     и
     <choice>
      <reg>
       толкал
      </reg>
      <orig>
       толкалъ
      </orig>
     </choice>
     Ваню. Ваня два раза
     <choice>
      <reg>
       упал
      </reg>
      <orig>
       упалъ
      </orig>
     </choice>
     , пока
     <choice>
      <reg>
       дотащил
      </reg>
      <orig>
       дотащилъ
      </orig>
     </choice>
     его
     <choice>
      <reg>
       к
      </reg>
      <orig>
       къ
      </orig>
     </choice>
     окну; дверь
     <choice>
      <reg>
       в
      </reg>
      <orig>
       въ
      </orig>
     </choice>
     <choice>
      <reg>
       избе
      </reg>
      <orig>
       избѣ
      </orig>
     </choice>
     уже
     <choice>
      <reg>
       загорелась
      </reg>
      <orig>
       загорѣлась
      </orig>
     </choice>
     . Ваня
     <choice>
      <reg>
       просунул
      </reg>
      <orig>
       просунулъ
      </orig>
     </choice>
     мальчикову голову
     <choice>
      <reg>
       в
      </reg>
      <orig>
       въ
      </orig>
     </choice>
     окно и
     <choice>
      <reg>
       хотел
      </reg>
      <orig>
       хотѣлъ
      </orig>
     </choice>
     протолкнуть его; но
     <choice>
      <reg>
       мальчик
      </reg>
      <orig>
       мальчикъ
      </orig>
     </choice>
     <hi rend="big">
      (
     </hi>
     <choice>
      <reg>
       он
      </reg>
      <orig>
       онъ
      </orig>
     </choice>
     очень испугался
     <hi rend="big">
      )
     </hi>
     ухватился ручёнками и не
     <choice>
      <reg>
       пускал
      </reg>
      <orig>
       пускалъ
      </orig>
     </choice>
     <choice>
      <reg>
       их
      </reg>
      <orig>
       ихъ
      </orig>
     </choice>
     . Тогда Ваня
     <choice>
      <reg>
       закричал
      </reg>
      <orig>
       закричалъ
      </orig>
     </choice>
    </p>
    <p rend="left emptyline" uuid="7237f21c-2e06-4711-901b-35b075553b3c">
     <pb n="95"/>
    </p>
    <p rend="centerline" uuid="00418ad6-73a4-463f-bdbb-b2d227f82f02">
     — 85 —
    </p>
    <p rend="Azbuka left" uuid="f01d3cc3-acf9-4bee-b0a3-b4d579ccd06c">
     <choice>
      <reg>
       Маше
      </reg>
      <orig>
       Машѣ
      </orig>
     </choice>
     : „тащи его за голову!“ а
     <choice>
      <reg>
       сам
      </reg>
      <orig>
       самъ
      </orig>
     </choice>
     <choice>
      <reg>
       толкал
      </reg>
      <orig>
       толкалъ
      </orig>
     </choice>
     сзади. И
     <choice>
      <reg>
       так
      </reg>
      <orig>
       такъ
      </orig>
     </choice>
     они вытащили его
     <choice>
      <reg>
       в
      </reg>
      <orig>
       въ
      </orig>
     </choice>
     окно на улицу.
    </p>
   </div>
</TEI>