<?xml version="1.0" encoding="utf-8"?>
<TEI xmlns="http://www.tei-c.org/ns/1.0" xmlns:xi="http://www.w3.org/2001/XInclude">
 <teiHeader>
  <fileDesc>
   <titleStmt>
    <title>
     Азбука. Книга I
    </title>
    <author>
     Толстой Л.Н.
    </author>
    <respStmt>
     <resp>
      подготовка TEI/XML
     </resp>
     <name>
      Мария Картышева, Евгений Можаев, Даниил Скоринкин, Елена Сидорова, Вероника Файнберг, Кирилл Милинцевич
     </name>
    </respStmt>
    <respStmt>
     <name>
      Анастасия Бонч-Осмоловская, Фёкла Толстая, Борис Орехов
     </name>
     <resp>
      Идея, постановка задач, руководство
     </resp>
    </respStmt>
   </titleStmt>
   <publicationStmt>
    <idno>
     Азбука  | Книга I
    </idno>
    <publisher>
     <orgName>
      Школа лингвистики НИУ ВШЭ
     </orgName>
    </publisher>
    <availability>
     <p>
      Тексты и метатекстовая разметка доступны для свободного использования и распространения по лицензии Creative Commons Attribution Share-Alike (cc by-sa)
     </p>
    </availability>
   </publicationStmt>
   <sourceDesc>
    <biblStruct>
     <analytic>
      <author>
       Толстой Л.Н.
      </author>
      <title level="a">
       Азбука. Книга I
      </title>
     </analytic>
     <monogr>
      <title level="m">
       Полное собрание сочинений. Том 22
      </title>
      <imprint>
       <pubPlace>
        Москва
       </pubPlace>
       <publisher>
        Государственное издательство "Художественная литература"
       </publisher>
       <date when="1871-1872"/>
      </imprint>
     </monogr>
     <series>
      <title level="s">
       Л.Н. Толстой. Полное собрание сочинений
      </title>
      <biblScope unit="vol">
       22
      </biblScope>
     </series>
    </biblStruct>
   </sourceDesc>
  </fileDesc>
  <encodingDesc>
   <classDecl>
    <xi:include href="taxonomy.xml"/>
   </classDecl>
  </encodingDesc>
  <profileDesc>
   <creation>
    <date notAfter="1872" notBefore="1871">
     1871-1872
    </date>
    <rs/>
   </creation>
   <textClass>
    <catRef target="#fiction" type="sphere"/>
    <catRef target="#произведения для детей" type="type"/>
    <catRef target="#works" type="works_letters_diaries"/>
    <catRef target="#азбука" type="ninetyDef"/>
    <catRef target="#Основное" type="main_var"/>
    <catRef target="#азбука" type="type_short"/>
    <catRef target="None" type="translation"/>
    <catRef target="None" type="translation_origin"/>
    <catRef target="#да" type="tolstoy_or_not"/>
    <catRef target="None" type="name_status"/>
   </textClass>
   <preparedness>
    finished
   </preparedness>
   <settingDesc>
    <time>
     XIX век
    </time>
   </settingDesc>
  </profileDesc>
  <xenoData>
   <cyclusName/>
   <p>
    Проект
    <title>
     Толстой.Digital
    </title>
    разрабатывается сотрудниками и студентами
    <orgName>
     Высшей школы экономики
    </orgName>
    в сотрудничестве с
    <orgName>
     Государственным музеем Л.Н. Толстого
    </orgName>
    . Источник текстов –
    <bibl>
     90-томное собрание сочинений Л.Н.Толстого
    </bibl>
    . Разметка основана на стандарте
    <ref target="http://www.tei-c.org">
     TEI (Text Encoding Initiative)
    </ref>
    .
   </p>
   <versionNumber/>
   <isFinished/>
   <isEdited/>
   <fullBibliographicDescription/>
  </xenoData>
 </teiHeader>
 <p rend="left emptyline">
  <pb n="565"/>
 </p>
 <div type="section" xml:id="ref236">
  <head rend="center">
   <hi rend="strong">
    <choice>
     <reg>
      ДУБ
     </reg>
    </choice>
    И
    <choice>
     <reg>
      ОРЕШНИК
     </reg>
    </choice>
    .
   </hi>
  </head>
  <p rend="left" uuid="d2c37684-047e-49f1-b2d2-17996bff4803">
   Старый
   <choice>
    <reg>
     дуб
    </reg>
   </choice>
   <choice>
    <reg>
     уронил
    </reg>
   </choice>
   <choice>
    <reg>
     с
    </reg>
   </choice>
   себя жолудь
   <choice>
    <reg>
     под
    </reg>
   </choice>
   <choice>
    <reg>
     куст
    </reg>
   </choice>
   <choice>
    <reg>
     орешника
    </reg>
   </choice>
   .
   <choice>
    <reg>
     Орешник
    </reg>
   </choice>
   <choice>
    <reg>
     сказал
    </reg>
   </choice>
   дубу: «
   <choice>
    <reg>
     Разве
    </reg>
   </choice>
   мало простора
   <choice>
    <reg>
     под
    </reg>
   </choice>
   твоими сучьями?
   <choice>
    <reg>
     Ты бы
    </reg>
   </choice>
   <choice>
    <reg>
     ронял
    </reg>
   </choice>
   свои жолуди на чистое
   <choice>
    <reg>
     место
    </reg>
   </choice>
   .
   <choice>
    <reg>
     Здесь
    </reg>
   </choice>
   <choice>
    <reg>
     мне
    </reg>
   </choice>
   самому
   <choice>
    <reg>
     тесно
    </reg>
   </choice>
   для
   <choice>
    <reg>
     моих
    </reg>
   </choice>
   <choice>
    <reg>
     отростков
    </reg>
   </choice>
   , и я
   <choice>
    <reg>
     сам
    </reg>
   </choice>
   не бросаю на земь
   <choice>
    <reg>
     своих
    </reg>
   </choice>
   <choice>
    <reg>
     орехов
    </reg>
   </choice>
   , а отдаю
   <choice>
    <reg>
     их
    </reg>
   </choice>
   <choice>
    <reg>
     людям
    </reg>
   </choice>
   »
  </p>
  <p rend="left" uuid="e8b4c9ff-edff-4844-833e-779b97af2d1c">
   «Я живу 200
   <choice>
    <reg>
     лет
    </reg>
   </choice>
   »,
   <choice>
    <reg>
     сказал
    </reg>
   </choice>
   на это
   <choice>
    <reg>
     дуб
    </reg>
   </choice>
   , «и
   <choice>
    <reg>
     дубок
    </reg>
   </choice>
   <choice>
    <reg>
     из
    </reg>
   </choice>
   этого жолудя
   <choice>
    <reg>
     проживет
    </reg>
   </choice>
   <choice>
    <reg>
     столько же
    </reg>
   </choice>
   ».
  </p>
  <p rend="left" uuid="a4f9b6fa-0577-4a55-8cf6-20fcbf9b24eb">
   Тогда
   <choice>
    <reg>
     орешник
    </reg>
   </choice>
   <choice>
    <reg>
     рассердился
    </reg>
   </choice>
   и
   <choice>
    <reg>
     сказал
    </reg>
   </choice>
   : «
   <choice>
    <reg>
     так
    </reg>
   </choice>
   я заглушу твой
   <choice>
    <reg>
     дубок
    </reg>
   </choice>
   , и
   <choice>
    <reg>
     он
    </reg>
   </choice>
   не
   <choice>
    <reg>
     проживет
    </reg>
   </choice>
   и
   <choice>
    <reg>
     трех
    </reg>
   </choice>
   дней».
   <choice>
    <reg>
     Дуб
    </reg>
   </choice>
   ничего не
   <choice>
    <reg>
     ответил
    </reg>
   </choice>
   , a
   <choice>
    <reg>
     велел
    </reg>
   </choice>
   расти своему сынку
   <choice>
    <reg>
     из
    </reg>
   </choice>
   жолудя.
  </p>
  <p rend="left" uuid="9639651d-d181-47b4-8481-eed885fcc25b">
   Жолудь
   <choice>
    <reg>
     намок
    </reg>
   </choice>
   ,
   <choice>
    <reg>
     лопнул
    </reg>
   </choice>
   и
   <choice>
    <reg>
     уцепился
    </reg>
   </choice>
   <choice>
    <reg>
     крючком
    </reg>
   </choice>
   . ростка
   <choice>
    <reg>
     в
    </reg>
   </choice>
   землю, а другой
   <choice>
    <reg>
     росток
    </reg>
   </choice>
   кверху.
  </p>
  <p rend="left" uuid="ff7b21e6-47c8-4f62-85e2-d5e5201c0d15">
   <choice>
    <reg>
     Орешник
    </reg>
   </choice>
   <choice>
    <reg>
     глушил
    </reg>
   </choice>
   его и не
   <choice>
    <reg>
     давал
    </reg>
   </choice>
   солнца. Но
   <choice>
    <reg>
     дубок
    </reg>
   </choice>
   тянулся
   <choice>
    <reg>
     к
    </reg>
   </choice>
   верху и
   <choice>
    <reg>
     стал
    </reg>
   </choice>
   <choice>
    <reg>
     сильнее
    </reg>
   </choice>
   <choice>
    <reg>
     в
    </reg>
   </choice>
   <choice>
    <reg>
     тени
    </reg>
   </choice>
   <choice>
    <reg>
     орешника
    </reg>
   </choice>
   . Прошло сто
   <choice>
    <reg>
     лет
    </reg>
   </choice>
   .
   <choice>
    <reg>
     Орешник
    </reg>
   </choice>
   давно
   <choice>
    <reg>
     засох
    </reg>
   </choice>
   , а
   <choice>
    <reg>
     дуб
    </reg>
   </choice>
   <choice>
    <reg>
     из
    </reg>
   </choice>
   жолудя поднялся до неба и
   <choice>
    <reg>
     раскинул
    </reg>
   </choice>
   <choice>
    <reg>
     шатер
    </reg>
   </choice>
   на
   <choice>
    <reg>
     все
    </reg>
   </choice>
   стороны.
  </p>
 </div>
</TEI>