<?xml version="1.0" encoding="utf-8"?>
<TEI xmlns="http://www.tei-c.org/ns/1.0" xmlns:xi="http://www.w3.org/2001/XInclude">
 <teiHeader>
  <fileDesc>
   <titleStmt>
    <title>
     Азбука. Книга I
    </title>
    <author>
     Толстой Л.Н.
    </author>
    <respStmt>
     <resp>
      подготовка TEI/XML
     </resp>
     <name>
      Мария Картышева, Евгений Можаев, Даниил Скоринкин, Елена Сидорова, Вероника Файнберг, Кирилл Милинцевич
     </name>
    </respStmt>
    <respStmt>
     <name>
      Анастасия Бонч-Осмоловская, Фёкла Толстая, Борис Орехов
     </name>
     <resp>
      Идея, постановка задач, руководство
     </resp>
    </respStmt>
   </titleStmt>
   <publicationStmt>
    <idno>
     Азбука  | Книга I
    </idno>
    <publisher>
     <orgName>
      Школа лингвистики НИУ ВШЭ
     </orgName>
    </publisher>
    <availability>
     <p>
      Тексты и метатекстовая разметка доступны для свободного использования и распространения по лицензии Creative Commons Attribution Share-Alike (cc by-sa)
     </p>
    </availability>
   </publicationStmt>
   <sourceDesc>
    <biblStruct>
     <analytic>
      <author>
       Толстой Л.Н.
      </author>
      <title level="a">
       Азбука. Книга I
      </title>
     </analytic>
     <monogr>
      <title level="m">
       Полное собрание сочинений. Том 22
      </title>
      <imprint>
       <pubPlace>
        Москва
       </pubPlace>
       <publisher>
        Государственное издательство "Художественная литература"
       </publisher>
       <date when="1871-1872"/>
      </imprint>
     </monogr>
     <series>
      <title level="s">
       Л.Н. Толстой. Полное собрание сочинений
      </title>
      <biblScope unit="vol">
       22
      </biblScope>
     </series>
    </biblStruct>
   </sourceDesc>
  </fileDesc>
  <encodingDesc>
   <classDecl>
    <xi:include href="taxonomy.xml"/>
   </classDecl>
  </encodingDesc>
  <profileDesc>
   <creation>
    <date notAfter="1872" notBefore="1871">
     1871-1872
    </date>
    <rs/>
   </creation>
   <textClass>
    <catRef target="#fiction" type="sphere"/>
    <catRef target="#произведения для детей" type="type"/>
    <catRef target="#works" type="works_letters_diaries"/>
    <catRef target="#азбука" type="ninetyDef"/>
    <catRef target="#Основное" type="main_var"/>
    <catRef target="#азбука" type="type_short"/>
    <catRef target="None" type="translation"/>
    <catRef target="None" type="translation_origin"/>
    <catRef target="#да" type="tolstoy_or_not"/>
    <catRef target="None" type="name_status"/>
   </textClass>
   <preparedness>
    finished
   </preparedness>
   <settingDesc>
    <time>
     XIX век
    </time>
   </settingDesc>
  </profileDesc>
  <xenoData>
   <cyclusName/>
   <p>
    Проект
    <title>
     Толстой.Digital
    </title>
    разрабатывается сотрудниками и студентами
    <orgName>
     Высшей школы экономики
    </orgName>
    в сотрудничестве с
    <orgName>
     Государственным музеем Л.Н. Толстого
    </orgName>
    . Источник текстов –
    <bibl>
     90-томное собрание сочинений Л.Н.Толстого
    </bibl>
    . Разметка основана на стандарте
    <ref target="http://www.tei-c.org">
     TEI (Text Encoding Initiative)
    </ref>
    .
   </p>
   <versionNumber/>
   <isFinished/>
   <isEdited/>
   <fullBibliographicDescription/>
  </xenoData>
 </teiHeader>
 <p rend="left emptyline">
  <pb n="249"/>
 </p>
 <div type="section" xml:id="ref126">
  <head rend="center">
   <hi rend="strong">
    <choice>
     <reg>
      ЕРМАК
     </reg>
    </choice>
    .
   </hi>
  </head>
  <p rend="left" uuid="282b25dc-22c5-4d0e-b161-3d3ed7ed43e4">
   При
   <choice>
    <reg>
     Царе
    </reg>
   </choice>
   <choice>
    <reg>
     Иване
    </reg>
   </choice>
   <choice>
    <reg>
     Васильевиче
    </reg>
   </choice>
   <choice>
    <reg>
     Грозном
    </reg>
   </choice>
   были богатые купцы Строгоновы и жили они
   <choice>
    <reg>
     в
    </reg>
   </choice>
   Перми на
   <choice>
    <reg>
     реке
    </reg>
   </choice>
   <choice>
    <reg>
     Каме
    </reg>
   </choice>
   . Прослышали они, что по
   <choice>
    <reg>
     реке
    </reg>
   </choice>
   <choice>
    <reg>
     Каме
    </reg>
   </choice>
   на 140
   <choice>
    <reg>
     верст
    </reg>
   </choice>
   <choice>
    <reg>
     в
    </reg>
   </choice>
   кругу есть хороша земля: пашня не пахана
   <choice>
    <reg>
     от
    </reg>
   </choice>
   <choice>
    <reg>
     века
    </reg>
   </choice>
   ,
   <choice>
    <reg>
     леса
    </reg>
   </choice>
   черные
   <choice>
    <reg>
     от
    </reg>
   </choice>
   <choice>
    <reg>
     века
    </reg>
   </choice>
   не рублены.
   <choice>
    <reg>
     В
    </reg>
   </choice>
   <choice>
    <reg>
     лесах
    </reg>
   </choice>
   <choice>
    <reg>
     зверя
    </reg>
   </choice>
   много, и по
   <choice>
    <reg>
     реке
    </reg>
   </choice>
   озёра
   <choice>
    <reg>
     рыбные
    </reg>
   </choice>
   , и никто на той
   <choice>
    <reg>
     земле
    </reg>
   </choice>
   не
   <choice>
    <reg>
     живёт
    </reg>
   </choice>
   , только
   <choice>
    <reg>
     захаживают
    </reg>
   </choice>
   Татары.
  </p>
  <p rend="left" uuid="a2f45c33-d6b0-4255-a1d1-9b477013cb11">
   Строгоновы написали Царю письмо «Отдай
   <choice>
    <reg>
     нам
    </reg>
   </choice>
   эту землю, а мы сами по ней городки
   <choice>
    <reg>
     построим
    </reg>
   </choice>
   и
   <choice>
    <reg>
     народ
    </reg>
   </choice>
   <choice>
    <reg>
     соберём
    </reg>
   </choice>
   ,
   <choice>
    <reg>
     заселим
    </reg>
   </choice>
   и не
   <choice>
    <reg>
     будем
    </reg>
   </choice>
   давать
   <choice>
    <reg>
     через
    </reg>
   </choice>
   эту землю ходу
   <choice>
    <reg>
     Татарам
    </reg>
   </choice>
   .»
  </p>
  <p rend="left" uuid="afab2235-9d30-4ead-8b41-1079a65aa8bd">
   Царь согласился и
   <choice>
    <reg>
     отдал
    </reg>
   </choice>
   <choice>
    <reg>
     им
    </reg>
   </choice>
   землю Строгоновы послали
   <choice>
    <reg>
     прикащиков
    </reg>
   </choice>
   собирать
   <choice>
    <reg>
     народ
    </reg>
   </choice>
   . И сошлось
   <choice>
    <reg>
     к
    </reg>
   </choice>
   <choice>
    <reg>
     ним
    </reg>
   </choice>
   много
   <choice>
    <reg>
     гулящего
    </reg>
   </choice>
   народа. Кто
   <choice>
    <reg>
     приходил
    </reg>
   </choice>
   ,
   <choice>
    <reg>
     тем
    </reg>
   </choice>
   Строгоновы отводили землю,
   <choice>
    <reg>
     лес
    </reg>
   </choice>
   , давали скотину, и
   <choice>
    <reg>
     никаких
    </reg>
   </choice>
   <choice>
    <reg>
     оброков
    </reg>
   </choice>
   не брали, только живи и, когда нужда, выходи
   <choice>
    <reg>
     с
    </reg>
   </choice>
   <choice>
    <reg>
     народом
    </reg>
   </choice>
   биться
   <choice>
    <reg>
     с
    </reg>
   </choice>
   Татарами.
   <choice>
    <reg>
     Так
    </reg>
   </choice>
   и заселились эта земля
   <choice>
    <reg>
     русским
    </reg>
   </choice>
   <choice>
    <reg>
     народом
    </reg>
   </choice>
   .
  </p>
  <p rend="left" uuid="4aaf07a7-9b68-47b0-bc78-b466621e748a">
   Прошло
   <choice>
    <reg>
     лет
    </reg>
   </choice>
   20-ть. Строгоновы купцы ещё
   <choice>
    <reg>
     сильнее
    </reg>
   </choice>
   <choice>
    <reg>
     разбогатели
    </reg>
   </choice>
   , и мало
   <choice>
    <reg>
     им
    </reg>
   </choice>
   стало той земли на 140
   <choice>
    <reg>
     вёрст
    </reg>
   </choice>
   .
   <choice>
    <reg>
     Захотели
    </reg>
   </choice>
   они ещё
   <choice>
    <reg>
     более
    </reg>
   </choice>
   земли.
   <choice>
    <reg>
     Вёрст
    </reg>
   </choice>
   за 100
   <choice>
    <reg>
     от
    </reg>
   </choice>
   <choice>
    <reg>
     них
    </reg>
   </choice>
   были
   <choice>
    <reg>
     высокия
    </reg>
   </choice>
   горы,
   <choice>
    <reg>
     Уральския
    </reg>
   </choice>
   , и за этими горами, прослышали они, есть
   <choice>
    <reg>
     прекраснейшая
    </reg>
   </choice>
   земля, и
   <choice>
    <reg>
     земле
    </reg>
   </choice>
   той конца
   <choice>
    <reg>
     нет
    </reg>
   </choice>
   .
   <choice>
    <reg>
     Владел
    </reg>
   </choice>
   этой землёй
   <choice>
    <reg>
     Сибирский
    </reg>
   </choice>
   <choice>
    <reg>
     князёк
    </reg>
   </choice>
   <choice>
    <reg>
     Кучум
    </reg>
   </choice>
   .
   <choice>
    <reg>
     Кучум
    </reg>
   </choice>
   <choice>
    <reg>
     в
    </reg>
   </choice>
   прежнее время покорился Царю Русскому, а
   <choice>
    <reg>
     потом
    </reg>
   </choice>
   <choice>
    <reg>
     стал
    </reg>
   </choice>
   бунтовать и
   <choice>
    <reg>
     грозил
    </reg>
   </choice>
   разорить
   <choice>
    <reg>
     Строгоновские
    </reg>
   </choice>
   городки.
  </p>
  <p rend="left emptyline" uuid="956be7b2-6fb3-4f5f-b09a-a17a12b950b4">
   <pb n="250"/>
  </p>
  <p rend="centerline" uuid="f72c4951-7a8f-4907-a702-b4311618cdbc">
   — 48 —
  </p>
  <p rend="left" uuid="98a229e2-8753-4d5f-b25d-308e1a6992bf">
   <choice>
    <reg>
     Вот
    </reg>
   </choice>
   Строгоновы и написали Царю: «
   <choice>
    <reg>
     отдал
    </reg>
   </choice>
   ты
   <choice>
    <reg>
     нам
    </reg>
   </choice>
   землю, мы её
   <choice>
    <reg>
     под
    </reg>
   </choice>
   твою руку покорили; теперь воровской
   <choice>
    <reg>
     царёк
    </reg>
   </choice>
   <choice>
    <reg>
     Кучум
    </reg>
   </choice>
   <choice>
    <reg>
     против
    </reg>
   </choice>
   тебя
   <choice>
    <reg>
     бунтует
    </reg>
   </choice>
   и
   <choice>
    <reg>
     хочет
    </reg>
   </choice>
   и эту землю отнять и
   <choice>
    <reg>
     нас
    </reg>
   </choice>
   разорить. Вели ты
   <choice>
    <reg>
     нам
    </reg>
   </choice>
   занять землю за Уралскими горами; мы Кучума
   <choice>
    <reg>
     завоюем
    </reg>
   </choice>
   и всю его землю
   <choice>
    <reg>
     под
    </reg>
   </choice>
   твою руку
   <choice>
    <reg>
     подведём
    </reg>
   </choice>
   .» Царь согласился и
   <choice>
    <reg>
     отписал
    </reg>
   </choice>
   : «Если сила у
   <choice>
    <reg>
     вас
    </reg>
   </choice>
   есть, отберите у Кучума землю. Только
   <choice>
    <reg>
     из
    </reg>
   </choice>
   <choice>
    <reg>
     России
    </reg>
   </choice>
   много народу не сманивайте.»
  </p>
  <p rend="left" uuid="b0fa4226-a72d-44e7-a962-efa0bf03e822">
   <choice>
    <reg>
     Вот
    </reg>
   </choice>
   Строгоновы
   <choice>
    <reg>
     как
    </reg>
   </choice>
   получили
   <choice>
    <reg>
     от
    </reg>
   </choice>
   Царя письмо, послали
   <choice>
    <reg>
     прикащиков
    </reg>
   </choice>
   ещё собирать
   <choice>
    <reg>
     народ
    </reg>
   </choice>
   <choice>
    <reg>
     к
    </reg>
   </choice>
   <choice>
    <reg>
     себе
    </reg>
   </choice>
   . И больше
   <choice>
    <reg>
     велели
    </reg>
   </choice>
   подговаривать
   <choice>
    <reg>
     казаков
    </reg>
   </choice>
   <choice>
    <reg>
     с
    </reg>
   </choice>
   Волги и
   <choice>
    <reg>
     с
    </reg>
   </choice>
   Дону. А
   <choice>
    <reg>
     в
    </reg>
   </choice>
   то время по
   <choice>
    <reg>
     Волге
    </reg>
   </choice>
   , по Дону
   <choice>
    <reg>
     казаков
    </reg>
   </choice>
   много ходило. Соберутся шайками
   <choice>
    <reg>
     в
    </reg>
   </choice>
   200, 300, 600
   <choice>
    <reg>
     человек
    </reg>
   </choice>
   ,
   <choice>
    <reg>
     выберут
    </reg>
   </choice>
   Атамана и
   <choice>
    <reg>
     плавают
    </reg>
   </choice>
   на
   <choice>
    <reg>
     стругах
    </reg>
   </choice>
   ,
   <choice>
    <reg>
     перехватывают
    </reg>
   </choice>
   суда,
   <choice>
    <reg>
     грабят
    </reg>
   </choice>
   , а на зиму становятся
   <choice>
    <reg>
     городком
    </reg>
   </choice>
   на берегу.
  </p>
  <p rend="left" uuid="73d1aa2c-a77a-4dff-98c4-a0ff9f8cb821">
   <choice>
    <reg>
     Приехали
    </reg>
   </choice>
   прикащики на Волгу и стали спрашивать:
   <choice>
    <reg>
     какие
    </reg>
   </choice>
   <choice>
    <reg>
     тут
    </reg>
   </choice>
   казаки
   <choice>
    <reg>
     слывут
    </reg>
   </choice>
   .
   <choice>
    <reg>
     Им
    </reg>
   </choice>
   и
   <choice>
    <reg>
     говорят
    </reg>
   </choice>
   : «
   <choice>
    <reg>
     казаков
    </reg>
   </choice>
   много. Житья
   <choice>
    <reg>
     от
    </reg>
   </choice>
   <choice>
    <reg>
     них
    </reg>
   </choice>
   не стало. Есть Мишка
   <choice>
    <reg>
     Черкашенин
    </reg>
   </choice>
   , есть
   <choice>
    <reg>
     Сары-Азман
    </reg>
   </choice>
   ... Но
   <choice>
    <reg>
     нет
    </reg>
   </choice>
   <choice>
    <reg>
     злее
    </reg>
   </choice>
   Ермака Тимофеича, Атамана. У того
   <choice>
    <reg>
     человек
    </reg>
   </choice>
   1000 народа и его нетолько
   <choice>
    <reg>
     народ
    </reg>
   </choice>
   и купцы боятся, а царское войско
   <choice>
    <reg>
     к
    </reg>
   </choice>
   нему приступить не
   <choice>
    <reg>
     смеет
    </reg>
   </choice>
   ».
  </p>
  <p rend="left" uuid="031b055d-34e4-474f-aecb-298c3bcf4e26">
   И
   <choice>
    <reg>
     поехали
    </reg>
   </choice>
   прикащики
   <choice>
    <reg>
     к
    </reg>
   </choice>
   Ермаку Атаману и стали его уговаривать идти
   <choice>
    <reg>
     к
    </reg>
   </choice>
   Строгонову.
   <choice>
    <reg>
     Ермак
    </reg>
   </choice>
   <choice>
    <reg>
     принял
    </reg>
   </choice>
   <choice>
    <reg>
     прикащиков
    </reg>
   </choice>
   ,
   <choice>
    <reg>
     отслушал
    </reg>
   </choice>
   <choice>
    <reg>
     их
    </reg>
   </choice>
   <choice>
    <reg>
     речи
    </reg>
   </choice>
   и
   <choice>
    <reg>
     обещал
    </reg>
   </choice>
   придти
   <choice>
    <reg>
     с
    </reg>
   </choice>
   <choice>
    <reg>
     народом
    </reg>
   </choice>
   <choice>
    <reg>
     своим
    </reg>
   </choice>
   <choice>
    <reg>
     к
    </reg>
   </choice>
   Успенью.
  </p>
  <p rend="left" uuid="271f3122-0575-47e6-9dac-8c8b1b4c68dc">
   <choice>
    <reg>
     К
    </reg>
   </choice>
   Успенью пришли
   <choice>
    <reg>
     к
    </reg>
   </choice>
   <choice>
    <reg>
     Строгоновым
    </reg>
   </choice>
   казаки
   <choice>
    <reg>
     человек
    </reg>
   </choice>
   600
   <choice>
    <reg>
     с
    </reg>
   </choice>
   <choice>
    <reg>
     Атаманом
    </reg>
   </choice>
   <choice>
    <reg>
     Ермаком
    </reg>
   </choice>
   <choice>
    <reg>
     Тимофеевичем
    </reg>
   </choice>
   .
   <choice>
    <reg>
     Напустил
    </reg>
   </choice>
   <choice>
    <reg>
     их
    </reg>
   </choice>
   сначала
   <choice>
    <reg>
     Строгонов
    </reg>
   </choice>
   на
   <choice>
    <reg>
     ближних
    </reg>
   </choice>
   <choice>
    <reg>
     Татар
    </reg>
   </choice>
   .
  </p>
  <p rend="left emptyline" uuid="f4adb6f5-ccd2-457e-a805-0237d255decb">
   <pb n="251"/>
  </p>
  <p rend="centerline" uuid="ae31b0e2-81a3-4937-9b00-6388e51a8519">
   — 49 —
  </p>
  <p rend="left" uuid="5980d455-074b-4415-8b62-aff5035f077c">
   Казаки
   <choice>
    <reg>
     их
    </reg>
   </choice>
   побили.
   <choice>
    <reg>
     Потом
    </reg>
   </choice>
   когда нечего было
   <choice>
    <reg>
     делать
    </reg>
   </choice>
   , стали казаки по округу ходить и грабить.
  </p>
  <p rend="left" uuid="60e6d020-6def-4a08-a06d-459ecaa0caf6">
   <choice>
    <reg>
     Призывает
    </reg>
   </choice>
   <choice>
    <reg>
     Строгонов
    </reg>
   </choice>
   Ермака и
   <choice>
    <reg>
     говорит
    </reg>
   </choice>
   : «Я
   <choice>
    <reg>
     вас
    </reg>
   </choice>
   теперь больше держать не стану, если вы
   <choice>
    <reg>
     так
    </reg>
   </choice>
   шалить будете». А
   <choice>
    <reg>
     Ермак
    </reg>
   </choice>
   говорить: «Я и
   <choice>
    <reg>
     сам
    </reg>
   </choice>
   не
   <choice>
    <reg>
     рад
    </reg>
   </choice>
   , да
   <choice>
    <reg>
     с
    </reg>
   </choice>
   <choice>
    <reg>
     народом
    </reg>
   </choice>
   <choice>
    <reg>
     моим
    </reg>
   </choice>
   не совладаешь, набаловались. Дай
   <choice>
    <reg>
     нам
    </reg>
   </choice>
   работу».
   <choice>
    <reg>
     Строгонов
    </reg>
   </choice>
   и
   <choice>
    <reg>
     говорит
    </reg>
   </choice>
   : «Идите за
   <choice>
    <reg>
     Урал
    </reg>
   </choice>
   воевать
   <choice>
    <reg>
     с
    </reg>
   </choice>
   <choice>
    <reg>
     Кучумом
    </reg>
   </choice>
   ,
   <choice>
    <reg>
     завладейте
    </reg>
   </choice>
   его землёю.
   <choice>
    <reg>
     Вас
    </reg>
   </choice>
   и Царь
   <choice>
    <reg>
     наградит
    </reg>
   </choice>
   .» И
   <choice>
    <reg>
     показал
    </reg>
   </choice>
   Ермаку царское письмо.
   <choice>
    <reg>
     Ермак
    </reg>
   </choice>
   обрадовался,
   <choice>
    <reg>
     собрал
    </reg>
   </choice>
   <choice>
    <reg>
     казаков
    </reg>
   </choice>
   и
   <choice>
    <reg>
     говорит
    </reg>
   </choice>
   :
  </p>
  <p rend="left" uuid="9e0edec3-c5cd-49f0-8c3a-9a44f230c4b4">
   «Вы меня срамите
   <choice>
    <reg>
     перед
    </reg>
   </choice>
   хозяиномъ—всё
   <choice>
    <reg>
     без
    </reg>
   </choice>
   толку грабите. Если не бросите,
   <choice>
    <reg>
     он
    </reg>
   </choice>
   <choice>
    <reg>
     вас
    </reg>
   </choice>
   <choice>
    <reg>
     прогонит
    </reg>
   </choice>
   , а куда пойдёте? На
   <choice>
    <reg>
     Волге
    </reg>
   </choice>
   <choice>
    <reg>
     царского
    </reg>
   </choice>
   войска много,
   <choice>
    <reg>
     нас
    </reg>
   </choice>
   <choice>
    <reg>
     переловят
    </reg>
   </choice>
   и за
   <choice>
    <reg>
     прежния
    </reg>
   </choice>
   <choice>
    <reg>
     дела
    </reg>
   </choice>
   худо
   <choice>
    <reg>
     будет
    </reg>
   </choice>
   . А если скучно
   <choice>
    <reg>
     вам
    </reg>
   </choice>
   , то
   <choice>
    <reg>
     вот
    </reg>
   </choice>
   <choice>
    <reg>
     вам
    </reg>
   </choice>
   работа».
  </p>
  <p rend="left" uuid="5cc9fbe3-2ce5-40f9-b76c-e9af32bab658">
   И
   <choice>
    <reg>
     показал
    </reg>
   </choice>
   <choice>
    <reg>
     им
    </reg>
   </choice>
   Царское письмо, что позволено Строгонову за
   <choice>
    <reg>
     Уралом
    </reg>
   </choice>
   землю завоевать. Поговорили казаки и согласились идти.
   <choice>
    <reg>
     Пошёл
    </reg>
   </choice>
   <choice>
    <reg>
     Ермак
    </reg>
   </choice>
   <choice>
    <reg>
     к
    </reg>
   </choice>
   Строгонову,
   <choice>
    <reg>
     стал
    </reg>
   </choice>
   <choice>
    <reg>
     с
    </reg>
   </choice>
   <choice>
    <reg>
     ним
    </reg>
   </choice>
   думать,
   <choice>
    <reg>
     как
    </reg>
   </choice>
   <choice>
    <reg>
     им
    </reg>
   </choice>
   идти.
  </p>
  <p rend="left" uuid="e7c23a2e-2da4-4832-b6bd-6bc3e70a42ff">
   Обсудили, сколько
   <choice>
    <reg>
     стругов
    </reg>
   </choice>
   надо, сколько
   <choice>
    <reg>
     хлеба
    </reg>
   </choice>
   , скотины, ружей, пороху, свинцу, сколько
   <choice>
    <reg>
     переводчиков
    </reg>
   </choice>
   <choice>
    <reg>
     татар
    </reg>
   </choice>
   <choice>
    <reg>
     пленных
    </reg>
   </choice>
   , сколько
   <choice>
    <reg>
     немцев
    </reg>
   </choice>
   <choice>
    <reg>
     мастеров
    </reg>
   </choice>
   <choice>
    <reg>
     ружейных
    </reg>
   </choice>
   .
  </p>
  <p rend="left" uuid="73cc080a-9937-4c28-a0e4-1b1806427d68">
   <choice>
    <reg>
     Строгонов
    </reg>
   </choice>
   <choice>
    <reg>
     думает
    </reg>
   </choice>
   : хоть и дорого
   <choice>
    <reg>
     мне
    </reg>
   </choice>
   <choice>
    <reg>
     станет
    </reg>
   </choice>
   , а надо дать ему всего, а то
   <choice>
    <reg>
     здесь
    </reg>
   </choice>
   останутся,
   <choice>
    <reg>
     разорят
    </reg>
   </choice>
   меня. Согласился
   <choice>
    <reg>
     Строгонов
    </reg>
   </choice>
   ,
   <choice>
    <reg>
     собрал
    </reg>
   </choice>
   всего и
   <choice>
    <reg>
     снарядил
    </reg>
   </choice>
   Ермака
   <choice>
    <reg>
     с
    </reg>
   </choice>
   казаками.
  </p>
  <p rend="left" uuid="ad938a23-2a05-4e02-8886-c321b81cdbc2">
   1-го Сентября поплыли казаки
   <choice>
    <reg>
     с
    </reg>
   </choice>
   <choice>
    <reg>
     Ермаком
    </reg>
   </choice>
   <choice>
    <reg>
     вверх
    </reg>
   </choice>
   по
   <choice>
    <reg>
     реке
    </reg>
   </choice>
   Чусовой на
   <choice>
    <reg>
     32-х
    </reg>
   </choice>
   <choice>
    <reg>
     стругах
    </reg>
   </choice>
   , на
   <choice>
    <reg>
     каждом
    </reg>
   </choice>
   <choice>
    <reg>
     струге
    </reg>
   </choice>
   было 20-ть
   <choice>
    <reg>
     человек
    </reg>
   </choice>
   . Плыли они четыре дня
  </p>
  <p rend="left emptyline" uuid="93832d62-c734-4ad4-b403-76450c277c61">
   <pb n="252"/>
  </p>
  <p rend="centerline" uuid="1a5bec80-9b38-4b80-b81a-96e02043eb36">
   — 50 —
  </p>
  <p rend="notindent" uuid="b5fe9651-6867-4852-b91d-084b69711b46">
   на
   <choice>
    <reg>
     вёслах
    </reg>
   </choice>
   <choice>
    <reg>
     вверх
    </reg>
   </choice>
   по
   <choice>
    <reg>
     реке
    </reg>
   </choice>
   и выплыли
   <choice>
    <reg>
     в
    </reg>
   </choice>
   Серебряную
   <choice>
    <reg>
     реку
    </reg>
   </choice>
   . Оттуда
   <choice>
    <reg>
     уж
    </reg>
   </choice>
   плыть нельзя.
   <choice>
    <reg>
     Расспросили
    </reg>
   </choice>
   <choice>
    <reg>
     проводников
    </reg>
   </choice>
   и узнали, что надо
   <choice>
    <reg>
     им
    </reg>
   </choice>
   <choice>
    <reg>
     тут
    </reg>
   </choice>
   перевалиться
   <choice>
    <reg>
     через
    </reg>
   </choice>
   горы и
   <choice>
    <reg>
     вёрст
    </reg>
   </choice>
   200
   <choice>
    <reg>
     сухопутьем
    </reg>
   </choice>
   пройти а
   <choice>
    <reg>
     потом
    </reg>
   </choice>
   <choice>
    <reg>
     пойдут
    </reg>
   </choice>
   опять
   <choice>
    <reg>
     реки
    </reg>
   </choice>
   . Остановились
   <choice>
    <reg>
     тут
    </reg>
   </choice>
   казаки, построили
   <choice>
    <reg>
     город
    </reg>
   </choice>
   , и выгрузили всю снасть; и струга побросали, а наладили
   <choice>
    <reg>
     телеги
    </reg>
   </choice>
   , уложили всё и пошли
   <choice>
    <reg>
     сухопутьем
    </reg>
   </choice>
   —
   <choice>
    <reg>
     через
    </reg>
   </choice>
   горы.
   <choice>
    <reg>
     Места
    </reg>
   </choice>
   всё были
   <choice>
    <reg>
     лесные
    </reg>
   </choice>
   и народу не жило никакого. Прошли они 10 дней
   <choice>
    <reg>
     сухопутьем
    </reg>
   </choice>
   , попали на Жаровню на
   <choice>
    <reg>
     реку
    </reg>
   </choice>
   .
   <choice>
    <reg>
     Тут
    </reg>
   </choice>
   опять постояли, и стали ладить струги. Наладили и поплыли по
   <choice>
    <reg>
     реке
    </reg>
   </choice>
   <choice>
    <reg>
     вниз
    </reg>
   </choice>
   . Проплыли пять дней, и пришли
   <choice>
    <reg>
     места
    </reg>
   </choice>
   еще
   <choice>
    <reg>
     веселее
    </reg>
   </choice>
   : луга,
   <choice>
    <reg>
     леса
    </reg>
   </choice>
   , озёра. И рыбы и
   <choice>
    <reg>
     зверя
    </reg>
   </choice>
   много; и
   <choice>
    <reg>
     зверь
    </reg>
   </choice>
   непуганный. Проплыли ещё день, выплыли
   <choice>
    <reg>
     в
    </reg>
   </choice>
   Туру
   <choice>
    <reg>
     реку
    </reg>
   </choice>
   .
   <choice>
    <reg>
     Тут
    </reg>
   </choice>
   по
   <choice>
    <reg>
     Туре
    </reg>
   </choice>
   <choice>
    <reg>
     реке
    </reg>
   </choice>
   <choice>
    <reg>
     стал
    </reg>
   </choice>
   попадаться
   <choice>
    <reg>
     народ
    </reg>
   </choice>
   и городки
   <choice>
    <reg>
     татарские
    </reg>
   </choice>
   .
  </p>
  <p rend="left" uuid="e190fbf4-3f0a-4cba-b7b4-6597fd7e0308">
   <choice>
    <reg>
     Послал
    </reg>
   </choice>
   <choice>
    <reg>
     Ермак
    </reg>
   </choice>
   <choice>
    <reg>
     казаков
    </reg>
   </choice>
   <choice>
    <reg>
     посмотреть
    </reg>
   </choice>
   <choice>
    <reg>
     один
    </reg>
   </choice>
   <choice>
    <reg>
     городок
    </reg>
   </choice>
   , что за
   <choice>
    <reg>
     городок
    </reg>
   </choice>
   и много ли
   <choice>
    <reg>
     в
    </reg>
   </choice>
   <choice>
    <reg>
     нём
    </reg>
   </choice>
   силы: Пошли 20
   <choice>
    <reg>
     казаков
    </reg>
   </choice>
   , распугали
   <choice>
    <reg>
     всех
    </reg>
   </choice>
   <choice>
    <reg>
     татар
    </reg>
   </choice>
   и забрали весь
   <choice>
    <reg>
     городок
    </reg>
   </choice>
   , и скотину всю забрали.
   <choice>
    <reg>
     Каких
    </reg>
   </choice>
   <choice>
    <reg>
     татар
    </reg>
   </choice>
   перебили, а
   <choice>
    <reg>
     каких
    </reg>
   </choice>
   привели
   <choice>
    <reg>
     живьём
    </reg>
   </choice>
   .
  </p>
  <p rend="left" uuid="f12c7f1e-5439-421f-b282-453c5e867d4f">
   <choice>
    <reg>
     Стал
    </reg>
   </choice>
   <choice>
    <reg>
     Ермак
    </reg>
   </choice>
   <choice>
    <reg>
     через
    </reg>
   </choice>
   <choice>
    <reg>
     переводчиков
    </reg>
   </choice>
   спрашивать
   <choice>
    <reg>
     татар
    </reg>
   </choice>
   :
   <choice>
    <reg>
     какие
    </reg>
   </choice>
   они люди и
   <choice>
    <reg>
     под
    </reg>
   </choice>
   чьей рукой
   <choice>
    <reg>
     живут
    </reg>
   </choice>
   ? Татары
   <choice>
    <reg>
     говорят
    </reg>
   </choice>
   , что они
   <choice>
    <reg>
     Сибирского
    </reg>
   </choice>
   царства и царь
   <choice>
    <reg>
     их
    </reg>
   </choice>
   <choice>
    <reg>
     Кучум
    </reg>
   </choice>
   .
  </p>
  <p rend="left" uuid="311f22ef-7f89-45d0-a9e3-7d541b7bd16f">
   <choice>
    <reg>
     Ермак
    </reg>
   </choice>
   <choice>
    <reg>
     отпустил
    </reg>
   </choice>
   <choice>
    <reg>
     татар
    </reg>
   </choice>
   , а
   <choice>
    <reg>
     троих
    </reg>
   </choice>
   <choice>
    <reg>
     поумнее
    </reg>
   </choice>
   <choice>
    <reg>
     взял
    </reg>
   </choice>
   <choice>
    <reg>
     с
    </reg>
   </choice>
   собой, чтобы они ему дорогу показывали.
  </p>
  <p rend="left" uuid="26bc4846-2873-4c10-a986-a9bd4f907f34">
   Поплыли дальше. Что дальше
   <choice>
    <reg>
     плывут
    </reg>
   </choice>
   , то
   <choice>
    <reg>
     река
    </reg>
   </choice>
   всё больше становится; a
   <choice>
    <reg>
     места
    </reg>
   </choice>
   , что дальше, то лучше.
  </p>
  <p rend="left" uuid="a82b4cd4-45ab-496d-bc33-c9a4664a85cb">
   И народа стало больше попадаться. Только
   <choice>
    <reg>
     народ
    </reg>
   </choice>
   не сильный. И
   <choice>
    <reg>
     все
    </reg>
   </choice>
   городки,
   <choice>
    <reg>
     какие
    </reg>
   </choice>
   были по
   <choice>
    <reg>
     реке
    </reg>
   </choice>
   , казаки повоевали.
  </p>
  <p rend="left emptyline" uuid="4f3ab7d7-38e3-4959-a924-7137a68de4cd">
   <pb n="253"/>
  </p>
  <p rend="centerline" uuid="ac91edc0-a933-494c-8304-856744b1f477">
   — 51 —
  </p>
  <p rend="left" uuid="6a77ba5b-fcb2-4437-8388-9d383cd72a01">
   Забрали они
   <choice>
    <reg>
     в
    </reg>
   </choice>
   <choice>
    <reg>
     одном
    </reg>
   </choice>
   <choice>
    <reg>
     городке
    </reg>
   </choice>
   много
   <choice>
    <reg>
     татар
    </reg>
   </choice>
   и одного
   <choice>
    <reg>
     почётного
    </reg>
   </choice>
   ,
   <choice>
    <reg>
     старого
    </reg>
   </choice>
   татарина. Стали спрашивать татарина, чтó
   <choice>
    <reg>
     он
    </reg>
   </choice>
   за
   <choice>
    <reg>
     человек
    </reg>
   </choice>
   ?
   <choice>
    <reg>
     Он
    </reg>
   </choice>
   и
   <choice>
    <reg>
     говорит
    </reg>
   </choice>
   : «Я
   <choice>
    <reg>
     Таузик
    </reg>
   </choice>
   , я своего царя Кучума слуга, и
   <choice>
    <reg>
     от
    </reg>
   </choice>
   него
   <choice>
    <reg>
     начальником
    </reg>
   </choice>
   <choice>
    <reg>
     в
    </reg>
   </choice>
   <choice>
    <reg>
     этом
    </reg>
   </choice>
   <choice>
    <reg>
     городе
    </reg>
   </choice>
   ».
  </p>
  <p rend="left" uuid="ddd0483f-158e-4236-ab40-f05816e2dfb8">
   <choice>
    <reg>
     Ермак
    </reg>
   </choice>
   сталь спрашивать Таузика про его царя. Далеко ли его
   <choice>
    <reg>
     город
    </reg>
   </choice>
   Сибирь? Много ли у Кучума силы, много ли у него богатства?
   <choice>
    <reg>
     Таузик
    </reg>
   </choice>
   всё
   <choice>
    <reg>
     рассказал
    </reg>
   </choice>
   .
   <choice>
    <reg>
     Говорит
    </reg>
   </choice>
   : «
   <choice>
    <reg>
     Кучум
    </reg>
   </choice>
   <choice>
    <reg>
     первейший
    </reg>
   </choice>
   царь на
   <choice>
    <reg>
     свете
    </reg>
   </choice>
   .
   <choice>
    <reg>
     Город
    </reg>
   </choice>
   его Сибирь — самый большой
   <choice>
    <reg>
     город
    </reg>
   </choice>
   на
   <choice>
    <reg>
     свете
    </reg>
   </choice>
   .
   <choice>
    <reg>
     В
    </reg>
   </choice>
   <choice>
    <reg>
     городе
    </reg>
   </choice>
   <choice>
    <reg>
     этом
    </reg>
   </choice>
   ,
   <choice>
    <reg>
     говорит
    </reg>
   </choice>
   , людей и скотины столько, сколько
   <choice>
    <reg>
     звезд
    </reg>
   </choice>
   на
   <choice>
    <reg>
     небе
    </reg>
   </choice>
   . А силы у Кучума царя счёту
   <choice>
    <reg>
     нет
    </reg>
   </choice>
   , его
   <choice>
    <reg>
     все
    </reg>
   </choice>
   цари
   <choice>
    <reg>
     вместе
    </reg>
   </choice>
   не
   <choice>
    <reg>
     завоюют
    </reg>
   </choice>
   .
  </p>
  <p rend="left" uuid="2d536989-56bd-4c4f-8988-f9a88281e133">
   А
   <choice>
    <reg>
     Ермак
    </reg>
   </choice>
   говорить: «Мы,
   <choice>
    <reg>
     русские
    </reg>
   </choice>
   , пришли сюда твоего царя завоевать и его
   <choice>
    <reg>
     город
    </reg>
   </choice>
   взять; русскому Царю
   <choice>
    <reg>
     под
    </reg>
   </choice>
   руку подвести. Силы у
   <choice>
    <reg>
     нас
    </reg>
   </choice>
   : много. Чтó со мной пришли — это только
   <choice>
    <reg>
     передние
    </reg>
   </choice>
   , а сзади
   <choice>
    <reg>
     плывут
    </reg>
   </choice>
   <choice>
    <reg>
     в
    </reg>
   </choice>
   <choice>
    <reg>
     стругах
    </reg>
   </choice>
   — счёту
   <choice>
    <reg>
     им
    </reg>
   </choice>
   <choice>
    <reg>
     нет
    </reg>
   </choice>
   , и у
   <choice>
    <reg>
     всех
    </reg>
   </choice>
   ружья. А ружья наши насквозь дерево
   <choice>
    <reg>
     пробивают
    </reg>
   </choice>
   , не то что ваши луки и
   <choice>
    <reg>
     стрелы
    </reg>
   </choice>
   .
   <choice>
    <reg>
     Вот
    </reg>
   </choice>
   смотри».
  </p>
  <p rend="left" uuid="9e60bd03-89b0-43ce-9dbb-0b88d48e2417">
   И
   <choice>
    <reg>
     Ермак
    </reg>
   </choice>
   <choice>
    <reg>
     выпалил
    </reg>
   </choice>
   <choice>
    <reg>
     в
    </reg>
   </choice>
   дерево, и дерево раскололось, и со
   <choice>
    <reg>
     всех
    </reg>
   </choice>
   <choice>
    <reg>
     сторон
    </reg>
   </choice>
   стали палить казаки,
   <choice>
    <reg>
     Таузик
    </reg>
   </choice>
   <choice>
    <reg>
     от
    </reg>
   </choice>
   страха на
   <choice>
    <reg>
     колени
    </reg>
   </choice>
   <choice>
    <reg>
     упал
    </reg>
   </choice>
   .
   <choice>
    <reg>
     Ермак
    </reg>
   </choice>
   и
   <choice>
    <reg>
     говорит
    </reg>
   </choice>
   ему: «ступай же ты
   <choice>
    <reg>
     к
    </reg>
   </choice>
   своему царю Кучуму и скажи ему, чтó ты
   <choice>
    <reg>
     видел
    </reg>
   </choice>
   . Пускай
   <choice>
    <reg>
     он
    </reg>
   </choice>
   покоряется, а не покорится,
   <choice>
    <reg>
     так
    </reg>
   </choice>
   и его
   <choice>
    <reg>
     погубим
    </reg>
   </choice>
   ». И
   <choice>
    <reg>
     отпустил
    </reg>
   </choice>
   Таузика.
  </p>
  <p rend="left" uuid="6ffc5c88-e65f-4b14-a77d-4d37b91c1772">
   Поплыли казаки дальше. Выплыли
   <choice>
    <reg>
     в
    </reg>
   </choice>
   большую
   <choice>
    <reg>
     реку
    </reg>
   </choice>
   Тоболь, и всё
   <choice>
    <reg>
     к
    </reg>
   </choice>
   Сибири городу приближаются. Подплыли они
   <choice>
    <reg>
     к
    </reg>
   </choice>
   <choice>
    <reg>
     речке
    </reg>
   </choice>
   <choice>
    <reg>
     Бабасан
    </reg>
   </choice>
   ,
   <choice>
    <reg>
     смотрят
    </reg>
   </choice>
   — на берегу
   <choice>
    <reg>
     городок
    </reg>
   </choice>
   <choice>
    <reg>
     стоит
    </reg>
   </choice>
   , и
   <choice>
    <reg>
     кругом
    </reg>
   </choice>
   городка
   <choice>
    <reg>
     татар
    </reg>
   </choice>
   много.
  </p>
  <p rend="left emptyline" uuid="075339e9-7851-43ee-b9b9-7427e428e379">
   <pb n="254"/>
  </p>
  <p rend="centerline" uuid="8f6fabe7-b633-457f-b557-03cb5fca0b27">
   — 52 —
  </p>
  <p rend="left" uuid="056eaa5a-f5ee-4483-b01e-215954427162">
   Послали они переводчика
   <choice>
    <reg>
     к
    </reg>
   </choice>
   <choice>
    <reg>
     татарам
    </reg>
   </choice>
   — узнать, чтó за люди.
   <choice>
    <reg>
     Приходит
    </reg>
   </choice>
   <choice>
    <reg>
     назад
    </reg>
   </choice>
   <choice>
    <reg>
     переводчик
    </reg>
   </choice>
   ,
   <choice>
    <reg>
     говорит
    </reg>
   </choice>
   : «Это войско Кучумово собралось. А
   <choice>
    <reg>
     начальником
    </reg>
   </choice>
   <choice>
    <reg>
     над
    </reg>
   </choice>
   <choice>
    <reg>
     войском
    </reg>
   </choice>
   <choice>
    <reg>
     сам
    </reg>
   </choice>
   зять
   <choice>
    <reg>
     Кучумов
    </reg>
   </choice>
   —
   <choice>
    <reg>
     Маметкул
    </reg>
   </choice>
   .
   <choice>
    <reg>
     Он
    </reg>
   </choice>
   меня
   <choice>
    <reg>
     призывал
    </reg>
   </choice>
   и
   <choice>
    <reg>
     велел
    </reg>
   </choice>
   <choice>
    <reg>
     вам
    </reg>
   </choice>
   сказать, чтобы вы
   <choice>
    <reg>
     назад
    </reg>
   </choice>
   шли, а то
   <choice>
    <reg>
     он
    </reg>
   </choice>
   <choice>
    <reg>
     вас
    </reg>
   </choice>
   <choice>
    <reg>
     перебьёт
    </reg>
   </choice>
   ».
  </p>
  <p rend="left" uuid="4c266742-6224-4099-ae7b-f1034739931e">
   <choice>
    <reg>
     Ермак
    </reg>
   </choice>
   <choice>
    <reg>
     собрал
    </reg>
   </choice>
   <choice>
    <reg>
     казаков
    </reg>
   </choice>
   ,
   <choice>
    <reg>
     вышел
    </reg>
   </choice>
   на
   <choice>
    <reg>
     берег
    </reg>
   </choice>
   и
   <choice>
    <reg>
     начал
    </reg>
   </choice>
   <choice>
    <reg>
     стрелять
    </reg>
   </choice>
   <choice>
    <reg>
     в
    </reg>
   </choice>
   <choice>
    <reg>
     татар
    </reg>
   </choice>
   .
   <choice>
    <reg>
     Как
    </reg>
   </choice>
   услыхали татары пальбу,
   <choice>
    <reg>
     так
    </reg>
   </choice>
   и
   <choice>
    <reg>
     побежали
    </reg>
   </choice>
   . Стали
   <choice>
    <reg>
     их
    </reg>
   </choice>
   казаки догонять, и
   <choice>
    <reg>
     каких
    </reg>
   </choice>
   перебили, а
   <choice>
    <reg>
     каких
    </reg>
   </choice>
   забрали. Насилу
   <choice>
    <reg>
     сам
    </reg>
   </choice>
   <choice>
    <reg>
     Маметкул
    </reg>
   </choice>
   <choice>
    <reg>
     ушел
    </reg>
   </choice>
   .
  </p>
  <p rend="left" uuid="c3d7b88a-6023-463c-b156-6aa0291360fa">
   Поплыли казаки дальше. Выплыли
   <choice>
    <reg>
     в
    </reg>
   </choice>
   широкую, быструю
   <choice>
    <reg>
     реку
    </reg>
   </choice>
   <choice>
    <reg>
     Иртыш
    </reg>
   </choice>
   . По
   <choice>
    <reg>
     Иртышу-реке
    </reg>
   </choice>
   проплыли день, подплыли
   <choice>
    <reg>
     к
    </reg>
   </choice>
   городку хорошему и остановились. Пошли казаки
   <choice>
    <reg>
     в
    </reg>
   </choice>
   <choice>
    <reg>
     городок
    </reg>
   </choice>
   . Только стали подходить, начали
   <choice>
    <reg>
     в
    </reg>
   </choice>
   <choice>
    <reg>
     них
    </reg>
   </choice>
   татары
   <choice>
    <reg>
     стрелы
    </reg>
   </choice>
   пускать и поранили
   <choice>
    <reg>
     трёх
    </reg>
   </choice>
   <choice>
    <reg>
     казаков
    </reg>
   </choice>
   .
   <choice>
    <reg>
     Послал
    </reg>
   </choice>
   <choice>
    <reg>
     Ермак
    </reg>
   </choice>
   переводчика сказать
   <choice>
    <reg>
     татарам
    </reg>
   </choice>
   , чтобы сдали
   <choice>
    <reg>
     город
    </reg>
   </choice>
   , а то
   <choice>
    <reg>
     всех
    </reg>
   </choice>
   <choice>
    <reg>
     перебьют
    </reg>
   </choice>
   .
   <choice>
    <reg>
     Переводчик
    </reg>
   </choice>
   <choice>
    <reg>
     пошёл
    </reg>
   </choice>
   , вернулся и
   <choice>
    <reg>
     говорит
    </reg>
   </choice>
   : «
   <choice>
    <reg>
     Тут
    </reg>
   </choice>
   <choice>
    <reg>
     живёт
    </reg>
   </choice>
   <choice>
    <reg>
     Кучумов
    </reg>
   </choice>
   слуга
   <choice>
    <reg>
     Атик
    </reg>
   </choice>
   Мурза Качара. У него силы много, и
   <choice>
    <reg>
     он
    </reg>
   </choice>
   <choice>
    <reg>
     говорит
    </reg>
   </choice>
   , что не
   <choice>
    <reg>
     сдаст
    </reg>
   </choice>
   городка».
  </p>
  <p rend="left" uuid="75c82941-8aed-4bc7-8297-5a480ba60286">
   <choice>
    <reg>
     Ермак
    </reg>
   </choice>
   <choice>
    <reg>
     собрал
    </reg>
   </choice>
   <choice>
    <reg>
     казаков
    </reg>
   </choice>
   и
   <choice>
    <reg>
     говорит
    </reg>
   </choice>
   :
  </p>
  <p rend="left" uuid="d6c9b995-e5fd-48be-b93a-c24dd075aa73">
   «Ну, ребята, если не
   <choice>
    <reg>
     возьмём
    </reg>
   </choice>
   этого городка, татары
   <choice>
    <reg>
     запируют
    </reg>
   </choice>
   . И
   <choice>
    <reg>
     нам
    </reg>
   </choice>
   ходу не
   <choice>
    <reg>
     дадут
    </reg>
   </choice>
   . Что
   <choice>
    <reg>
     скорее
    </reg>
   </choice>
   страха
   <choice>
    <reg>
     зададим
    </reg>
   </choice>
   , то
   <choice>
    <reg>
     нам
    </reg>
   </choice>
   легче
   <choice>
    <reg>
     будет
    </reg>
   </choice>
   . Выходи
   <choice>
    <reg>
     все
    </reg>
   </choice>
   . Кидайся
   <choice>
    <reg>
     все
    </reg>
   </choice>
   <choice>
    <reg>
     разом
    </reg>
   </choice>
   .»
   <choice>
    <reg>
     Так
    </reg>
   </choice>
   и
   <choice>
    <reg>
     сделали
    </reg>
   </choice>
   .
   <choice>
    <reg>
     Татар
    </reg>
   </choice>
   много
   <choice>
    <reg>
     тут
    </reg>
   </choice>
   было, и татары
   <choice>
    <reg>
     лихие
    </reg>
   </choice>
   .
  </p>
  <p rend="left" uuid="f55c5ee1-6a25-44d5-be2d-f0eda47407a3">
   <choice>
    <reg>
     Как
    </reg>
   </choice>
   бросились казаки, стали татары
   <choice>
    <reg>
     стрелять
    </reg>
   </choice>
   <choice>
    <reg>
     из
    </reg>
   </choice>
   <choice>
    <reg>
     луков
    </reg>
   </choice>
   . Засыпали
   <choice>
    <reg>
     казаков
    </reg>
   </choice>
   <choice>
    <reg>
     стрелами
    </reg>
   </choice>
   .
   <choice>
    <reg>
     Которых
    </reg>
   </choice>
   до смерти перебили,
   <choice>
    <reg>
     которых
    </reg>
   </choice>
   переранили.
  </p>
  <p rend="left emptyline" uuid="bbdeece4-db4c-4171-9bec-661555b5e4f4">
   <pb n="255"/>
  </p>
  <p rend="centerline" uuid="48870ac9-f810-4b2a-9c8f-74d529a3b63c">
   — 53 —
  </p>
  <p rend="left" uuid="09a4302c-cff8-4525-8687-22321d97dcfb">
   Озлились и казаки, добрались до
   <choice>
    <reg>
     татар
    </reg>
   </choice>
   , и
   <choice>
    <reg>
     какие
    </reg>
   </choice>
   попались,
   <choice>
    <reg>
     всех
    </reg>
   </choice>
   перебили.
  </p>
  <p rend="left" uuid="bb3e0c55-69f6-4511-87dd-2d9ee4acfe96">
   <choice>
    <reg>
     В
    </reg>
   </choice>
   <choice>
    <reg>
     городке
    </reg>
   </choice>
   <choice>
    <reg>
     этом
    </reg>
   </choice>
   нашли казаки много добра, скотины,
   <choice>
    <reg>
     ковров
    </reg>
   </choice>
   ,
   <choice>
    <reg>
     мехов
    </reg>
   </choice>
   и мёду много. Похоронили
   <choice>
    <reg>
     мёртвых
    </reg>
   </choice>
   , отдохнули, забрали добро
   <choice>
    <reg>
     с
    </reg>
   </choice>
   собой и поплыли дальше Не далеко проплыли,
   <choice>
    <reg>
     смотрят
    </reg>
   </choice>
   — на берегу
   <choice>
    <reg>
     как
    </reg>
   </choice>
   <choice>
    <reg>
     город
    </reg>
   </choice>
   <choice>
    <reg>
     стоит
    </reg>
   </choice>
   , войска конца-края невидать, и все войско окопано канавой, и канава
   <choice>
    <reg>
     лесом
    </reg>
   </choice>
   завалена. Остановились казаки Стали думать;
   <choice>
    <reg>
     собрал
    </reg>
   </choice>
   <choice>
    <reg>
     Ермак
    </reg>
   </choice>
   <choice>
    <reg>
     круг
    </reg>
   </choice>
   . «Ну что, ребята, как быть?»
  </p>
  <p rend="left" uuid="cbeda4b7-5c71-4836-87f7-61013efebfbc">
   Казаки
   <choice>
    <reg>
     заробели
    </reg>
   </choice>
   . Одни
   <choice>
    <reg>
     говорят
    </reg>
   </choice>
   : надо мимо плыть;
   <choice>
    <reg>
     другие
    </reg>
   </choice>
   <choice>
    <reg>
     говорят
    </reg>
   </choice>
   :
   <choice>
    <reg>
     назад
    </reg>
   </choice>
   идти.
  </p>
  <p rend="left" uuid="46eb21b2-1dfe-4dc5-842d-db9d277ae9a1">
   И стали они скучать, бранить Ермака.
   <choice>
    <reg>
     Говорят
    </reg>
   </choice>
   : «
   <choice>
    <reg>
     зачем
    </reg>
   </choice>
   ты
   <choice>
    <reg>
     нас
    </reg>
   </choice>
   <choice>
    <reg>
     завёл
    </reg>
   </choice>
   сюда?
   <choice>
    <reg>
     Вот
    </reg>
   </choice>
   перебили ужь
   <choice>
    <reg>
     из
    </reg>
   </choice>
   <choice>
    <reg>
     нас
    </reg>
   </choice>
   сколько, да переранили; и
   <choice>
    <reg>
     все
    </reg>
   </choice>
   мы
   <choice>
    <reg>
     тут
    </reg>
   </choice>
   <choice>
    <reg>
     пропадём
    </reg>
   </choice>
   .» Стали плакать.
  </p>
  <p rend="left" uuid="3fc448ef-4f55-4ad9-8f7a-d78c3bd72ae6">
   <choice>
    <reg>
     Ермак
    </reg>
   </choice>
   и
   <choice>
    <reg>
     говорит
    </reg>
   </choice>
   своему подъатаманью, Ивану Кольцо: «Ну, а ты, Ваня,
   <choice>
    <reg>
     как
    </reg>
   </choice>
   думаешь?» А Кольцо и
   <choice>
    <reg>
     говорит
    </reg>
   </choice>
   : «А я что думаю? Не нынче
   <choice>
    <reg>
     убьют
    </reg>
   </choice>
   ,
   <choice>
    <reg>
     так
    </reg>
   </choice>
   завтра; а не завтра,
   <choice>
    <reg>
     так
    </reg>
   </choice>
   <choice>
    <reg>
     даром
    </reg>
   </choice>
   на печи
   <choice>
    <reg>
     помрём
    </reg>
   </choice>
   . По
   <choice>
    <reg>
     мне
    </reg>
   </choice>
   — выйти на
   <choice>
    <reg>
     берег
    </reg>
   </choice>
   , да и валить прямо лавой на
   <choice>
    <reg>
     Татар
    </reg>
   </choice>
   , — чтó
   <choice>
    <reg>
     Бог
    </reg>
   </choice>
   <choice>
    <reg>
     даст
    </reg>
   </choice>
   ?»
  </p>
  <p rend="left" uuid="a8b129bb-3ae6-44d5-bfd2-bc32961664e4">
   <choice>
    <reg>
     Ермак
    </reg>
   </choice>
   и
   <choice>
    <reg>
     говорит
    </reg>
   </choice>
   : «Ай
   <choice>
    <reg>
     молодец
    </reg>
   </choice>
   , Ваня!
   <choice>
    <reg>
     Так
    </reg>
   </choice>
   и надо.
   <choice>
    <reg>
     Эх
    </reg>
   </choice>
   вы, ребята! Не казаки вы, а бабы. Видно
   <choice>
    <reg>
     белужину
    </reg>
   </choice>
   ловить, да
   <choice>
    <reg>
     баб
    </reg>
   </choice>
   <choice>
    <reg>
     татарских
    </reg>
   </choice>
   пугать, только на то
   <choice>
    <reg>
     вас
    </reg>
   </choice>
   и взять.
   <choice>
    <reg>
     Разве
    </reg>
   </choice>
   не видите сами?
   <choice>
    <reg>
     Назад
    </reg>
   </choice>
   идти —
   <choice>
    <reg>
     перебьют
    </reg>
   </choice>
   ; мимо плыть —
   <choice>
    <reg>
     перебьют
    </reg>
   </choice>
   ;
   <choice>
    <reg>
     здесь
    </reg>
   </choice>
   <choice>
    <reg>
     стоять—перебьют
    </reg>
   </choice>
   . Куда же
   <choice>
    <reg>
     нам
    </reg>
   </choice>
   попятиться?
   <choice>
    <reg>
     Раз
    </reg>
   </choice>
   потрудишься,
   <choice>
    <reg>
     после
    </reg>
   </choice>
   <choice>
    <reg>
     полегчает
    </reg>
   </choice>
   .
   <choice>
    <reg>
     Так-то
    </reg>
   </choice>
   , ребята, у батюшки кобыла здоровая была.
   <choice>
    <reg>
     Как
    </reg>
   </choice>
   <choice>
    <reg>
     под
    </reg>
   </choice>
   горку —
   <choice>
    <reg>
     везёт
    </reg>
   </choice>
   , и по ровному
   <choice>
    <reg>
     везёт
    </reg>
   </choice>
   , а
   <choice>
    <reg>
     как
    </reg>
   </choice>
   придётся
   <choice>
    <reg>
     в
    </reg>
   </choice>
   гору,
  </p>
  <p rend="left emptyline" uuid="2d365fbc-780b-4248-9e22-1a531ef759f4">
   <pb n="256"/>
  </p>
  <p rend="centerline" uuid="9dea4a68-aad7-47a2-8fe2-79728c114ada">
   — 54 —
  </p>
  <p rend="notindent" uuid="4fb84432-9f6b-4ff1-93a4-6fb15730bcc6">
   заноровится,
   <choice>
    <reg>
     назад
    </reg>
   </choice>
   <choice>
    <reg>
     воротит
    </reg>
   </choice>
   ,
   <choice>
    <reg>
     думает
    </reg>
   </choice>
   легче
   <choice>
    <reg>
     будет
    </reg>
   </choice>
   .
   <choice>
    <reg>
     Так
    </reg>
   </choice>
   <choice>
    <reg>
     взял
    </reg>
   </choice>
   батюшка
   <choice>
    <reg>
     кол
    </reg>
   </choice>
   ,
   <choice>
    <reg>
     возил-возил
    </reg>
   </choice>
   её
   <choice>
    <reg>
     колом-то
    </reg>
   </choice>
   .
   <choice>
    <reg>
     Уж
    </reg>
   </choice>
   она крутилась, билась, всю
   <choice>
    <reg>
     телегу
    </reg>
   </choice>
   разбила.
   <choice>
    <reg>
     Выпряг
    </reg>
   </choice>
   её батюшка
   <choice>
    <reg>
     из
    </reg>
   </choice>
   воза и
   <choice>
    <reg>
     ободрал
    </reg>
   </choice>
   . А везла бы
   <choice>
    <reg>
     воз
    </reg>
   </choice>
   , никакой бы муки не видала.
   <choice>
    <reg>
     Так-то
    </reg>
   </choice>
   и
   <choice>
    <reg>
     нам
    </reg>
   </choice>
   , ребята. Одно только
   <choice>
    <reg>
     место
    </reg>
   </choice>
   осталось, прямо на
   <choice>
    <reg>
     татар
    </reg>
   </choice>
   ломить».
  </p>
  <p rend="left" uuid="bd25f31a-f55d-4b18-a5e9-bbdddc795ce1">
   <choice>
    <reg>
     Засмеялись
    </reg>
   </choice>
   казаки,
   <choice>
    <reg>
     говорят
    </reg>
   </choice>
   : «видно ты
   <choice>
    <reg>
     Тимофеич
    </reg>
   </choice>
   <choice>
    <reg>
     умнее
    </reg>
   </choice>
   нашего;
   <choice>
    <reg>
     нас
    </reg>
   </choice>
   <choice>
    <reg>
     дураков
    </reg>
   </choice>
   и спрашивать нечего. Веди куда знаешь.
   <choice>
    <reg>
     Двух
    </reg>
   </choice>
   смертей не бывать, а одной не миновать».
   <choice>
    <reg>
     Ермак
    </reg>
   </choice>
   и
   <choice>
    <reg>
     говорит
    </reg>
   </choice>
   : «Ну, слушай, ребята!
   <choice>
    <reg>
     Вот
    </reg>
   </choice>
   <choice>
    <reg>
     как
    </reg>
   </choice>
   <choice>
    <reg>
     делать
    </reg>
   </choice>
   . Они ещё
   <choice>
    <reg>
     нас
    </reg>
   </choice>
   <choice>
    <reg>
     всех
    </reg>
   </choice>
   не видали. Разобьёмтесь мы на три кучки. Одни
   <choice>
    <reg>
     в
    </reg>
   </choice>
   середину прямо на
   <choice>
    <reg>
     них
    </reg>
   </choice>
   <choice>
    <reg>
     пойдут
    </reg>
   </choice>
   , a
   <choice>
    <reg>
     другие
    </reg>
   </choice>
   <choice>
    <reg>
     две
    </reg>
   </choice>
   кучи
   <choice>
    <reg>
     в
    </reg>
   </choice>
   <choice>
    <reg>
     обход
    </reg>
   </choice>
   <choice>
    <reg>
     зайдут
    </reg>
   </choice>
   справа и
   <choice>
    <reg>
     слева
    </reg>
   </choice>
   .
   <choice>
    <reg>
     Вот
    </reg>
   </choice>
   <choice>
    <reg>
     как
    </reg>
   </choice>
   <choice>
    <reg>
     станут
    </reg>
   </choice>
   <choice>
    <reg>
     средние
    </reg>
   </choice>
   подходить, они
   <choice>
    <reg>
     подумают
    </reg>
   </choice>
   , что мы
   <choice>
    <reg>
     все
    </reg>
   </choice>
   <choice>
    <reg>
     тут
    </reg>
   </choice>
   —
   <choice>
    <reg>
     выскочат
    </reg>
   </choice>
   . А тогда
   <choice>
    <reg>
     с
    </reg>
   </choice>
   <choice>
    <reg>
     боков
    </reg>
   </choice>
   и
   <choice>
    <reg>
     ударим
    </reg>
   </choice>
   .
   <choice>
    <reg>
     Так-то
    </reg>
   </choice>
   , ребята. А
   <choice>
    <reg>
     этих
    </reg>
   </choice>
   <choice>
    <reg>
     перебьём
    </reg>
   </choice>
   ,
   <choice>
    <reg>
     уж
    </reg>
   </choice>
   бояться некого. Царями сами
   <choice>
    <reg>
     будем
    </reg>
   </choice>
   ».
  </p>
  <p rend="left" uuid="6d96609b-512f-4611-8825-49bad5f09359">
   <choice>
    <reg>
     Так
    </reg>
   </choice>
   и
   <choice>
    <reg>
     сделали
    </reg>
   </choice>
   .
   <choice>
    <reg>
     Как
    </reg>
   </choice>
   пошли
   <choice>
    <reg>
     средние
    </reg>
   </choice>
   <choice>
    <reg>
     с
    </reg>
   </choice>
   <choice>
    <reg>
     Ермаком
    </reg>
   </choice>
   , татары завизжали, выскочили;
   <choice>
    <reg>
     тут
    </reg>
   </choice>
   ударили — справа
   <choice>
    <reg>
     Иван
    </reg>
   </choice>
   Кольцо,
   <choice>
    <reg>
     слева
    </reg>
   </choice>
   —
   <choice>
    <reg>
     Мещеряк
    </reg>
   </choice>
   <choice>
    <reg>
     атаман
    </reg>
   </choice>
   . Испугались татары,
   <choice>
    <reg>
     побежали
    </reg>
   </choice>
   . Перебили
   <choice>
    <reg>
     их
    </reg>
   </choice>
   казаки.
   <choice>
    <reg>
     Тут
    </reg>
   </choice>
   <choice>
    <reg>
     уж
    </reg>
   </choice>
   Ермаку никто противиться не
   <choice>
    <reg>
     смел
    </reg>
   </choice>
   . И
   <choice>
    <reg>
     так
    </reg>
   </choice>
   онь
   <choice>
    <reg>
     вошёл
    </reg>
   </choice>
   <choice>
    <reg>
     в
    </reg>
   </choice>
   самый
   <choice>
    <reg>
     город
    </reg>
   </choice>
   Сибирь. И
   <choice>
    <reg>
     насел
    </reg>
   </choice>
   туда
   <choice>
    <reg>
     Ермак
    </reg>
   </choice>
   всё равно
   <choice>
    <reg>
     как
    </reg>
   </choice>
   <choice>
    <reg>
     Царём
    </reg>
   </choice>
   .
  </p>
  <p rend="left" uuid="1a6fadcd-880b-4ccb-b168-791fd943cf69">
   Стали
   <choice>
    <reg>
     приезжать
    </reg>
   </choice>
   <choice>
    <reg>
     к
    </reg>
   </choice>
   Ермаку царьки
   <choice>
    <reg>
     с
    </reg>
   </choice>
   поклонами. Стали татары
   <choice>
    <reg>
     приезжать
    </reg>
   </choice>
   селиться
   <choice>
    <reg>
     в
    </reg>
   </choice>
   Сибири: а
   <choice>
    <reg>
     Кучум
    </reg>
   </choice>
   <choice>
    <reg>
     с
    </reg>
   </choice>
   <choice>
    <reg>
     зятем
    </reg>
   </choice>
   <choice>
    <reg>
     Маметкулом
    </reg>
   </choice>
   боялись на Ермака прямо идти, а только
   <choice>
    <reg>
     кругом
    </reg>
   </choice>
   ходили, придумывали,
   <choice>
    <reg>
     как
    </reg>
   </choice>
   бы его погубить.
  </p>
  <p rend="left emptyline" uuid="07a5c481-a74f-48a5-a89a-05a3ecc2690c">
   <pb n="257"/>
  </p>
  <p rend="centerline" uuid="dd9c09a2-c3d8-458e-b1ba-386eec2178e8">
   — 55 —
  </p>
  <p rend="left" uuid="3e7941b9-63c0-4265-81cd-c8f2ca783bb0">
   Весною по водополью
   <choice>
    <reg>
     прибежали
    </reg>
   </choice>
   <choice>
    <reg>
     к
    </reg>
   </choice>
   Ермаку татары,
   <choice>
    <reg>
     говорят
    </reg>
   </choice>
   :
   <choice>
    <reg>
     Маметкул
    </reg>
   </choice>
   опять на тебя
   <choice>
    <reg>
     идёт
    </reg>
   </choice>
   ,
   <choice>
    <reg>
     собрал
    </reg>
   </choice>
   войска много,
   <choice>
    <reg>
     стоит
    </reg>
   </choice>
   на
   <choice>
    <reg>
     Вагае
    </reg>
   </choice>
   <choice>
    <reg>
     реке
    </reg>
   </choice>
   .
  </p>
  <p rend="left" uuid="0e9819bf-108a-457f-8f5a-ab40e9a516da">
   <choice>
    <reg>
     Ермак
    </reg>
   </choice>
   собрался
   <choice>
    <reg>
     через
    </reg>
   </choice>
   <choice>
    <reg>
     реки
    </reg>
   </choice>
   , болота, ручьи,
   <choice>
    <reg>
     леса
    </reg>
   </choice>
   , подкрался
   <choice>
    <reg>
     с
    </reg>
   </choice>
   казаками, бросился на Маметкула и
   <choice>
    <reg>
     побил
    </reg>
   </choice>
   много
   <choice>
    <reg>
     татар
    </reg>
   </choice>
   и
   <choice>
    <reg>
     самого
    </reg>
   </choice>
   Маметкула
   <choice>
    <reg>
     забрал
    </reg>
   </choice>
   <choice>
    <reg>
     живьём
    </reg>
   </choice>
   и
   <choice>
    <reg>
     привёз
    </reg>
   </choice>
   <choice>
    <reg>
     в
    </reg>
   </choice>
   Сибирь.
   <choice>
    <reg>
     Тут
    </reg>
   </choice>
   <choice>
    <reg>
     уж
    </reg>
   </choice>
   мало
   <choice>
    <reg>
     немирных
    </reg>
   </choice>
   <choice>
    <reg>
     Татар
    </reg>
   </choice>
   осталось, a
   <choice>
    <reg>
     какие
    </reg>
   </choice>
   не покорялись, на
   <choice>
    <reg>
     тех
    </reg>
   </choice>
   <choice>
    <reg>
     Ермак
    </reg>
   </choice>
   <choice>
    <reg>
     ходил
    </reg>
   </choice>
   <choice>
    <reg>
     в
    </reg>
   </choice>
   это
   <choice>
    <reg>
     лето
    </reg>
   </choice>
   ; и по Иртышу, по Оби
   <choice>
    <reg>
     рекам
    </reg>
   </choice>
   <choice>
    <reg>
     завоевал
    </reg>
   </choice>
   <choice>
    <reg>
     Ермак
    </reg>
   </choice>
   столько земли, что
   <choice>
    <reg>
     в
    </reg>
   </choice>
   два
   <choice>
    <reg>
     месяца
    </reg>
   </choice>
   не обойдёшь.
  </p>
  <p rend="left" uuid="afa277b2-4b29-4098-9360-1a11d6b2dcad">
   <choice>
    <reg>
     Как
    </reg>
   </choice>
   <choice>
    <reg>
     забрал
    </reg>
   </choice>
   <choice>
    <reg>
     Ермак
    </reg>
   </choice>
   всю эту землю,
   <choice>
    <reg>
     послал
    </reg>
   </choice>
   <choice>
    <reg>
     Ермак
    </reg>
   </choice>
   посла
   <choice>
    <reg>
     к
    </reg>
   </choice>
   <choice>
    <reg>
     Строгоновым
    </reg>
   </choice>
   и письмо. «Я,
   <choice>
    <reg>
     говорит
    </reg>
   </choice>
   , Кучума
   <choice>
    <reg>
     город
    </reg>
   </choice>
   <choice>
    <reg>
     взял
    </reg>
   </choice>
   и Маметкула
   <choice>
    <reg>
     в
    </reg>
   </choice>
   <choice>
    <reg>
     плен
    </reg>
   </choice>
   <choice>
    <reg>
     забрал
    </reg>
   </choice>
   , и весь
   <choice>
    <reg>
     здешний
    </reg>
   </choice>
   <choice>
    <reg>
     народ
    </reg>
   </choice>
   <choice>
    <reg>
     под
    </reg>
   </choice>
   свою руку
   <choice>
    <reg>
     привёл
    </reg>
   </choice>
   . Только
   <choice>
    <reg>
     казаков
    </reg>
   </choice>
   много истратилось. Присылайте народа, чтобы
   <choice>
    <reg>
     нам
    </reg>
   </choice>
   <choice>
    <reg>
     веселее
    </reg>
   </choice>
   было. А добра
   <choice>
    <reg>
     в
    </reg>
   </choice>
   <choice>
    <reg>
     здешней
    </reg>
   </choice>
   <choice>
    <reg>
     земле
    </reg>
   </choice>
   и конца
   <choice>
    <reg>
     нет
    </reg>
   </choice>
   ».
  </p>
  <p rend="left" uuid="1cac44f5-ff2a-4967-a26f-9e8237a0ce68">
   И
   <choice>
    <reg>
     послал
    </reg>
   </choice>
   <choice>
    <reg>
     он
    </reg>
   </choice>
   <choice>
    <reg>
     дорогих
    </reg>
   </choice>
   <choice>
    <reg>
     мехов
    </reg>
   </choice>
   :
   <choice>
    <reg>
     лисиц
    </reg>
   </choice>
   ,
   <choice>
    <reg>
     куниц
    </reg>
   </choice>
   и соболей.
  </p>
  <p rend="left" uuid="8135f32e-f47c-4258-b6c7-bd86bcbab98a">
   Прошло тому
   <choice>
    <reg>
     делу
    </reg>
   </choice>
   два года.
   <choice>
    <reg>
     Ермак
    </reg>
   </choice>
   всё
   <choice>
    <reg>
     держал
    </reg>
   </choice>
   Сибирь, а помощь
   <choice>
    <reg>
     из
    </reg>
   </choice>
   <choice>
    <reg>
     России
    </reg>
   </choice>
   всё не приходила, и стало у Ермака мало
   <choice>
    <reg>
     русского
    </reg>
   </choice>
   народа.
  </p>
  <p rend="left" uuid="c5583cb9-998a-4518-b057-06474e71a05b">
   <choice>
    <reg>
     Прислал
    </reg>
   </choice>
   <choice>
    <reg>
     раз
    </reg>
   </choice>
   <choice>
    <reg>
     к
    </reg>
   </choice>
   Ермаку
   <choice>
    <reg>
     татарин
    </reg>
   </choice>
   Карача посла,
   <choice>
    <reg>
     говорит
    </reg>
   </choice>
   : «мы
   <choice>
    <reg>
     тебе
    </reg>
   </choice>
   покорились, а
   <choice>
    <reg>
     нас
    </reg>
   </choice>
   Ногайцы
   <choice>
    <reg>
     обижают
    </reg>
   </choice>
   , пришли
   <choice>
    <reg>
     к
    </reg>
   </choice>
   <choice>
    <reg>
     нам
    </reg>
   </choice>
   <choice>
    <reg>
     своих
    </reg>
   </choice>
   <choice>
    <reg>
     молодцов
    </reg>
   </choice>
   на помощь. Мы
   <choice>
    <reg>
     вместе
    </reg>
   </choice>
   <choice>
    <reg>
     Ногайцев
    </reg>
   </choice>
   <choice>
    <reg>
     покорим
    </reg>
   </choice>
   . А что мы
   <choice>
    <reg>
     твоих
    </reg>
   </choice>
   <choice>
    <reg>
     молодцов
    </reg>
   </choice>
   не
   <choice>
    <reg>
     обидим
    </reg>
   </choice>
   ,
   <choice>
    <reg>
     так
    </reg>
   </choice>
   мы
   <choice>
    <reg>
     тебе
    </reg>
   </choice>
   клятву
   <choice>
    <reg>
     дадим
    </reg>
   </choice>
   ».
  </p>
  <p rend="left" uuid="2e75fc2a-1700-4205-8959-839c64bb4a93">
   <choice>
    <reg>
     Ермак
    </reg>
   </choice>
   <choice>
    <reg>
     поверил
    </reg>
   </choice>
   <choice>
    <reg>
     их
    </reg>
   </choice>
   <choice>
    <reg>
     клятве
    </reg>
   </choice>
   и
   <choice>
    <reg>
     отпустил
    </reg>
   </choice>
   <choice>
    <reg>
     с
    </reg>
   </choice>
   <choice>
    <reg>
     Иваном
    </reg>
   </choice>
   <choice>
    <reg>
     Кольцом
    </reg>
   </choice>
   40
   <choice>
    <reg>
     человек
    </reg>
   </choice>
   .
   <choice>
    <reg>
     Как
    </reg>
   </choice>
   пришли эти
   <choice>
    <reg>
     сорок
    </reg>
   </choice>
  </p>
  <p rend="left emptyline" uuid="0e2d6062-4dec-4d9d-920b-a57b14bb1d02">
   <pb n="258"/>
  </p>
  <p rend="centerline" uuid="f298046d-7fff-4232-bce7-23522e487499">
   — 56 —
  </p>
  <p rend="notindent" uuid="620d6efb-e82c-436c-bd64-36f57a17b144">
   <choice>
    <reg>
     человек
    </reg>
   </choice>
   , татары бросились на
   <choice>
    <reg>
     них
    </reg>
   </choice>
   и побили;
   <choice>
    <reg>
     казаков
    </reg>
   </choice>
   ещё меньше стало.
  </p>
  <p rend="left" uuid="de7b366a-cddf-40f7-862b-5c51988bd1ab">
   Прислали другой
   <choice>
    <reg>
     раз
    </reg>
   </choice>
   <choice>
    <reg>
     бухарские
    </reg>
   </choice>
   купцы
   <choice>
    <reg>
     весть
    </reg>
   </choice>
   Ермаку, что они собрались
   <choice>
    <reg>
     к
    </reg>
   </choice>
   нему
   <choice>
    <reg>
     в
    </reg>
   </choice>
   Сибирь
   <choice>
    <reg>
     город
    </reg>
   </choice>
   товары везти, да что
   <choice>
    <reg>
     им
    </reg>
   </choice>
   на
   <choice>
    <reg>
     дороге
    </reg>
   </choice>
   <choice>
    <reg>
     Кучум
    </reg>
   </choice>
   <choice>
    <reg>
     с
    </reg>
   </choice>
   <choice>
    <reg>
     войском
    </reg>
   </choice>
   <choice>
    <reg>
     стоит
    </reg>
   </choice>
   и не
   <choice>
    <reg>
     пускает
    </reg>
   </choice>
   <choice>
    <reg>
     их
    </reg>
   </choice>
   пройти.
  </p>
  <p rend="left" uuid="6afaa09c-4b7b-4126-a69f-717a38f996d9">
   <choice>
    <reg>
     Ермак
    </reg>
   </choice>
   <choice>
    <reg>
     взял
    </reg>
   </choice>
   <choice>
    <reg>
     с
    </reg>
   </choice>
   собой 50
   <choice>
    <reg>
     человек
    </reg>
   </choice>
   и
   <choice>
    <reg>
     пошёл
    </reg>
   </choice>
   очистить дорогу
   <choice>
    <reg>
     Бухарцам
    </reg>
   </choice>
   .
   <choice>
    <reg>
     Пришёл
    </reg>
   </choice>
   <choice>
    <reg>
     он
    </reg>
   </choice>
   <choice>
    <reg>
     к
    </reg>
   </choice>
   Иртышу
   <choice>
    <reg>
     реке
    </reg>
   </choice>
   , не
   <choice>
    <reg>
     нашёл
    </reg>
   </choice>
   <choice>
    <reg>
     Бухарцев
    </reg>
   </choice>
   . Остановился ночевать. Ночь была тёмная и дождь. Только полегли спать казаки, откуда ни взялись татары, бросились на
   <choice>
    <reg>
     сонных
    </reg>
   </choice>
   , начали
   <choice>
    <reg>
     их
    </reg>
   </choice>
   бить.
   <choice>
    <reg>
     Вскочил
    </reg>
   </choice>
   <choice>
    <reg>
     Ермак
    </reg>
   </choice>
   ,
   <choice>
    <reg>
     стал
    </reg>
   </choice>
   биться. Ранили его
   <choice>
    <reg>
     ножом
    </reg>
   </choice>
   <choice>
    <reg>
     в
    </reg>
   </choice>
   руку. Бросился
   <choice>
    <reg>
     он
    </reg>
   </choice>
   <choice>
    <reg>
     бежать
    </reg>
   </choice>
   <choice>
    <reg>
     к
    </reg>
   </choice>
   <choice>
    <reg>
     реке
    </reg>
   </choice>
   . Татары за
   <choice>
    <reg>
     ним
    </reg>
   </choice>
   .
   <choice>
    <reg>
     Он
    </reg>
   </choice>
   <choice>
    <reg>
     в
    </reg>
   </choice>
   <choice>
    <reg>
     реку
    </reg>
   </choice>
   . Только его и
   <choice>
    <reg>
     видели
    </reg>
   </choice>
   . И
   <choice>
    <reg>
     тела
    </reg>
   </choice>
   его не нашли, и никто не
   <choice>
    <reg>
     узнал
    </reg>
   </choice>
   ,
   <choice>
    <reg>
     как
    </reg>
   </choice>
   <choice>
    <reg>
     он
    </reg>
   </choice>
   <choice>
    <reg>
     умер
    </reg>
   </choice>
   .
  </p>
  <p rend="left" uuid="c8cbb4eb-fcad-472b-8f14-7ceaf097ad42">
   На другой
   <choice>
    <reg>
     год
    </reg>
   </choice>
   пришло царское войско, и Татары замирились.
  </p>
 </div>
</TEI>