<?xml version="1.0" encoding="utf-8"?>
<TEI xmlns="http://www.tei-c.org/ns/1.0" xmlns:xi="http://www.w3.org/2001/XInclude">
 <teiHeader>
  <fileDesc>
   <titleStmt>
    <title>
     Азбука. Книга I
    </title>
    <author>
     Толстой Л.Н.
    </author>
    <respStmt>
     <resp>
      подготовка TEI/XML
     </resp>
     <name>
      Мария Картышева, Евгений Можаев, Даниил Скоринкин, Елена Сидорова, Вероника Файнберг, Кирилл Милинцевич
     </name>
    </respStmt>
    <respStmt>
     <name>
      Анастасия Бонч-Осмоловская, Фёкла Толстая, Борис Орехов
     </name>
     <resp>
      Идея, постановка задач, руководство
     </resp>
    </respStmt>
   </titleStmt>
   <publicationStmt>
    <idno>
     Азбука  | Книга I
    </idno>
    <publisher>
     <orgName>
      Школа лингвистики НИУ ВШЭ
     </orgName>
    </publisher>
    <availability>
     <p>
      Тексты и метатекстовая разметка доступны для свободного использования и распространения по лицензии Creative Commons Attribution Share-Alike (cc by-sa)
     </p>
    </availability>
   </publicationStmt>
   <sourceDesc>
    <biblStruct>
     <analytic>
      <author>
       Толстой Л.Н.
      </author>
      <title level="a">
       Азбука. Книга I
      </title>
     </analytic>
     <monogr>
      <title level="m">
       Полное собрание сочинений. Том 22
      </title>
      <imprint>
       <pubPlace>
        Москва
       </pubPlace>
       <publisher>
        Государственное издательство "Художественная литература"
       </publisher>
       <date when="1871-1872"/>
      </imprint>
     </monogr>
     <series>
      <title level="s">
       Л.Н. Толстой. Полное собрание сочинений
      </title>
      <biblScope unit="vol">
       22
      </biblScope>
     </series>
    </biblStruct>
   </sourceDesc>
  </fileDesc>
  <encodingDesc>
   <classDecl>
    <xi:include href="taxonomy.xml"/>
   </classDecl>
  </encodingDesc>
  <profileDesc>
   <creation>
    <date notAfter="1872" notBefore="1871">
     1871-1872
    </date>
    <rs/>
   </creation>
   <textClass>
    <catRef target="#fiction" type="sphere"/>
    <catRef target="#произведения для детей" type="type"/>
    <catRef target="#works" type="works_letters_diaries"/>
    <catRef target="#азбука" type="ninetyDef"/>
    <catRef target="#Основное" type="main_var"/>
    <catRef target="#азбука" type="type_short"/>
    <catRef target="None" type="translation"/>
    <catRef target="None" type="translation_origin"/>
    <catRef target="#да" type="tolstoy_or_not"/>
    <catRef target="None" type="name_status"/>
   </textClass>
   <preparedness>
    finished
   </preparedness>
   <settingDesc>
    <time>
     XIX век
    </time>
   </settingDesc>
  </profileDesc>
  <xenoData>
   <cyclusName/>
   <p>
    Проект
    <title>
     Толстой.Digital
    </title>
    разрабатывается сотрудниками и студентами
    <orgName>
     Высшей школы экономики
    </orgName>
    в сотрудничестве с
    <orgName>
     Государственным музеем Л.Н. Толстого
    </orgName>
    . Источник текстов –
    <bibl>
     90-томное собрание сочинений Л.Н.Толстого
    </bibl>
    . Разметка основана на стандарте
    <ref target="http://www.tei-c.org">
     TEI (Text Encoding Initiative)
    </ref>
    .
   </p>
   <versionNumber/>
   <isFinished/>
   <isEdited/>
   <fullBibliographicDescription/>
  </xenoData>
 </teiHeader>
 <p rend="left emptyline">
  <pb n="109"/>
 </p>
 <div type="section" xml:id="ref52">
  <head rend="center">
   <hi rend="strong">
    <hi rend="Razradka">
     ДУРЕНЬ
    </hi>
    .
   </hi>
  </head>
  <table>
   <row>
    <cell rend="noborder_left noborder_top noborder_bottom w40">
     <p rend="left" uuid="3fc83b5c-6ac0-43ea-901f-6a6614cbf8b0">
      <choice>
       <reg>
        Задумал
       </reg>
      </choice>
      ду̀рень
      <lb/>
      На Русь гуля̀ти,
      <lb/>
      Людей видàти.
      <lb/>
      Себя казàти.
      <lb/>
      <choice>
       <reg>
        Увидел
       </reg>
      </choice>
      ду̀рень
      <lb/>
      <choice>
       <reg>
        Две
       </reg>
      </choice>
      избы пу̀сты;
      <lb/>
      <choice>
       <reg>
        Глянул
       </reg>
      </choice>
      <choice>
       <reg>
        в
       </reg>
      </choice>
      подпòлье:
      <lb/>
      <choice>
       <reg>
        В
       </reg>
      </choice>
      <choice>
       <reg>
        подполье
       </reg>
      </choice>
      чèрти,
      <lb/>
      Востроголòвы,
      <lb/>
      Глаза, что лòжки,
      <lb/>
      Усы, что вѝлы,
      <lb/>
      Руки, что грàбли,
      <lb/>
      <choice>
       <reg>
        В
       </reg>
      </choice>
      карты
      <choice>
       <reg>
        игрàют
       </reg>
      </choice>
      ,
      <lb/>
      Костью
      <choice>
       <reg>
        бросàют
       </reg>
      </choice>
      ,
      <lb/>
      Деньги
      <choice>
       <reg>
        считàют
       </reg>
      </choice>
      .
      <lb/>
      Дурень
      <choice>
       <reg>
        им
       </reg>
      </choice>
      <choice>
       <reg>
        мòлвил
       </reg>
      </choice>
      :
      <lb/>
      «
      <choice>
       <reg>
        Бог
       </reg>
      </choice>
      да на пòмочь
      <lb/>
      <choice>
       <reg>
        Вам
       </reg>
      </choice>
      ,
      <choice>
       <reg>
        добрым
       </reg>
      </choice>
      <choice>
       <reg>
        лю̀дям
       </reg>
      </choice>
      ».
      <lb/>
      Черти не
      <choice>
       <reg>
        лю̀бят
       </reg>
      </choice>
      ,—
      <lb/>
      Схватили ду̀рня,
      <lb/>
      Зачади бѝти,
     </p>
    </cell>
    <cell rend="noborder_right noborder_top noborder_bottom padding20 w50">
     <p rend="notindentleft" uuid="f4c1c224-53ff-49fa-b282-be6add66ad3c">
      Стали давѝти,
      <lb/>
      Еле живàго
      <lb/>
      Дурня пустѝли.
      <lb/>
      <choice>
       <reg>
        Приходит
       </reg>
      </choice>
      ду̀рень
      <lb/>
      Домой,
      <choice>
       <reg>
        сам
       </reg>
      </choice>
      <choice>
       <reg>
        плàчет
       </reg>
      </choice>
      ,
      <lb/>
      На
      <choice>
       <reg>
        голос
       </reg>
      </choice>
      <choice>
       <reg>
        вòет
       </reg>
      </choice>
      .
      <lb/>
      А мать бранѝти,
      <lb/>
      Жена
      <choice>
       <reg>
        пеня̀ти
       </reg>
      </choice>
      ,
      <lb/>
      Сестра-то тòже:
      <lb/>
      «Дурень, ты, ду̀рень,
      <lb/>
      «Глупый ты
      <choice>
       <reg>
        Бàбин
       </reg>
      </choice>
      ,
      <lb/>
      «Тоже ты слòво
      <lb/>
      «Не
      <choice>
       <reg>
        так
       </reg>
      </choice>
      бы
      <choice>
       <reg>
        мòлвил
       </reg>
      </choice>
      ;
      <lb/>
      «А ты бы
      <choice>
       <reg>
        мòлвил
       </reg>
      </choice>
      :
      <lb/>
      «Будь ты,
      <choice>
       <reg>
        враг
       </reg>
      </choice>
      , прòклят
      <lb/>
      «
      <choice>
       <reg>
        Имем
       </reg>
      </choice>
      <choice>
       <reg>
        Госпòдним
       </reg>
      </choice>
      !
      <lb/>
      «Черти ушлѝ бы,
      <lb/>
      «
      <choice>
       <reg>
        Тебе
       </reg>
      </choice>
      бы, ду̀рню,
      <lb/>
      «Деньги достàлись
      <lb/>
      «За
      <choice>
       <reg>
        место
       </reg>
      </choice>
      клàда»
      <lb/>
      — «Добро же, бàба,
      <lb/>
     </p>
    </cell>
   </row>
  </table>
  <p rend="left emptyline" uuid="036ee08f-df9c-453c-b8a1-e17a75cc5272">
   <pb n="110"/>
  </p>
  <p rend="centerline" uuid="75d79d1d-05bb-4ca0-bb96-fe85d734e456">
   — 100 —
  </p>
  <table>
   <row>
    <cell rend="noborder_left noborder_top noborder_bottom w40">
     <p rend="notindentleft" uuid="4db545d7-6cd2-4c4e-aa3c-8dd1b561936f">
      «Ты, бабарѝха,
      <lb/>
      «Матерь Лукèрья,
      <lb/>
      «Сестра Чернàва,
      <lb/>
      «
      <choice>
       <reg>
        Вперёд
       </reg>
      </choice>
      я, ду̀рень,
      <lb/>
      «
      <choice>
       <reg>
        Таков
       </reg>
      </choice>
      не бу̀ду».
      <lb/>
      <choice>
       <reg>
        Пошёл
       </reg>
      </choice>
      <choice>
       <reg>
        он
       </reg>
      </choice>
      , ду̀рень,
      <lb/>
      На Русь гуля̀ти,
      <lb/>
      Людей видàти,
      <lb/>
      Себя казàти.
      <lb/>
      <choice>
       <reg>
        Увидел
       </reg>
      </choice>
      ду̀рень
      <lb/>
      <choice>
       <reg>
        Четырёх
       </reg>
      </choice>
      <choice>
       <reg>
        брàтов
       </reg>
      </choice>
      , —
      <lb/>
      Ячмень
      <choice>
       <reg>
        молòтят
       </reg>
      </choice>
      .
      <lb/>
      <choice>
       <reg>
        Он
       </reg>
      </choice>
      <choice>
       <reg>
        братьям
       </reg>
      </choice>
      <choice>
       <reg>
        мòлвил
       </reg>
      </choice>
      :
      <lb/>
      «Будь ты,
      <choice>
       <reg>
        враг
       </reg>
      </choice>
      ,
      <choice>
       <reg>
        прòклят
       </reg>
      </choice>
      <lb/>
      «
      <choice>
       <reg>
        Имем
       </reg>
      </choice>
      <choice>
       <reg>
        Госпòдним
       </reg>
      </choice>
      !»
      <lb/>
      <choice>
       <reg>
        Как
       </reg>
      </choice>
      <choice>
       <reg>
        сграбят
       </reg>
      </choice>
      ду̀рня
      <lb/>
      Четыре брàта,
      <lb/>
      Зачали бѝти,
      <lb/>
      Еле живàго
      <lb/>
      Дурня пустѝли.
      <lb/>
      <choice>
       <reg>
        Приходит
       </reg>
      </choice>
      ду̀рень
      <lb/>
      Домой,
      <choice>
       <reg>
        сам
       </reg>
      </choice>
      <choice>
       <reg>
        плàчет
       </reg>
      </choice>
      ,
      <lb/>
      На
      <choice>
       <reg>
        голос
       </reg>
      </choice>
      <choice>
       <reg>
        вòет
       </reg>
      </choice>
      .
      <lb/>
      А мать бранѝти,
      <lb/>
      Жена
      <choice>
       <reg>
        пеня̀ти
       </reg>
      </choice>
      ,
      <lb/>
      Сестра-то тàкже:
      <lb/>
      «Дурень, ты, ду̀рень,
      <lb/>
      «Глупый ты
      <choice>
       <reg>
        Бàбин
       </reg>
      </choice>
      ,
      <lb/>
      «То-же ты слòво
      <lb/>
      «Не
      <choice>
       <reg>
        так
       </reg>
      </choice>
      бы
      <choice>
       <reg>
        мòлвил
       </reg>
      </choice>
      .
      <lb/>
      «Ты бы
      <choice>
       <reg>
        им
       </reg>
      </choice>
      <choice>
       <reg>
        мòлвил
       </reg>
      </choice>
      :
      <lb/>
     </p>
    </cell>
    <cell rend="noborder_right noborder_top noborder_bottom padding20 w50">
     <p rend="notindentleft" uuid="df11a7f2-5e25-4ffc-b17f-d8ffe196719e">
      «
      <choice>
       <reg>
        Бог
       </reg>
      </choice>
      <choice>
       <reg>
        вам
       </reg>
      </choice>
      на пòмочь,
      <lb/>
      «
      <choice>
       <reg>
        Чтоб
       </reg>
      </choice>
      по сту нà день,
      <lb/>
      «
      <choice>
       <reg>
        Чтоб
       </reg>
      </choice>
      не сносѝти»
      <lb/>
      — «Добро же, бàба,
      <lb/>
      «Ты, бабарѝха,
      <lb/>
      «Матерь Лукèрья,
      <lb/>
      «Сестра Чернàва,
      <lb/>
      «
      <choice>
       <reg>
        Вперед
       </reg>
      </choice>
      я ду̀рень
      <lb/>
      «
      <choice>
       <reg>
        Таков
       </reg>
      </choice>
      не бу̀ду».
      <lb/>
      <choice>
       <reg>
        Пошёл
       </reg>
      </choice>
      <choice>
       <reg>
        он
       </reg>
      </choice>
      , ду̀рень,
      <lb/>
      На Русь гуля̀ти,
      <lb/>
      Людей видàти,
      <lb/>
      Себя казàти.
      <lb/>
      <choice>
       <reg>
        Увидел
       </reg>
      </choice>
      ду̀рень, —
      <lb/>
      Семеро
      <choice>
       <reg>
        брàтьев
       </reg>
      </choice>
      <lb/>
      Матерь
      <choice>
       <reg>
        хорòнят
       </reg>
      </choice>
      ;
      <lb/>
      <choice>
       <reg>
        Все
       </reg>
      </choice>
      они
      <choice>
       <reg>
        плàчут
       </reg>
      </choice>
      ,
      <lb/>
      <choice>
       <reg>
        Голосом
       </reg>
      </choice>
      <choice>
       <reg>
        вòют
       </reg>
      </choice>
      .
      <lb/>
      <choice>
       <reg>
        Он
       </reg>
      </choice>
      <choice>
       <reg>
        им
       </reg>
      </choice>
      и
      <choice>
       <reg>
        мòлвил
       </reg>
      </choice>
      :
      <lb/>
      «
      <choice>
       <reg>
        Бог
       </reg>
      </choice>
      <choice>
       <reg>
        вам
       </reg>
      </choice>
      на пòмочь,
      <lb/>
      «Семеро
      <choice>
       <reg>
        брàтьев
       </reg>
      </choice>
      ,
      <lb/>
      «Мать хоронѝти,
      <lb/>
      «
      <choice>
       <reg>
        Чтоб
       </reg>
      </choice>
      по сту нà день,
      <lb/>
      «
      <choice>
       <reg>
        Чтоб
       </reg>
      </choice>
      не сносѝти».
      <lb/>
      Сграбили ду̀рня
      <lb/>
      Семеро
      <choice>
       <reg>
        брàтьев
       </reg>
      </choice>
      ,
      <lb/>
      Зачали бѝти,
      <lb/>
      Стали таскàти,
      <lb/>
      <choice>
       <reg>
        В
       </reg>
      </choice>
      грязи валя̀ти,
      <lb/>
      Еле живàго
      <lb/>
      Дурня пустѝли.
      <lb/>
     </p>
    </cell>
   </row>
  </table>
  <p rend="left emptyline" uuid="6d76fd30-fd5e-4e9f-816f-eb80cd5c79db">
   <pb n="111"/>
  </p>
  <p rend="centerline" uuid="61b548cc-4235-4ada-97a1-ae78bcaf4f7a">
   — 101 —
  </p>
  <table>
   <row>
    <cell rend="noborder_left noborder_top noborder_bottom w40">
     <p rend="notindentleft" uuid="ce099bb9-e71b-4004-9ea2-99c00716f2ac">
      <choice>
       <reg>
        Идёт
       </reg>
      </choice>
      <choice>
       <reg>
        он
       </reg>
      </choice>
      , ду̀рень,
      <lb/>
      Домой, да
      <choice>
       <reg>
        плàчет
       </reg>
      </choice>
      ,
      <lb/>
      На
      <choice>
       <reg>
        голос
       </reg>
      </choice>
      <choice>
       <reg>
        вòет
       </reg>
      </choice>
      .
      <lb/>
      А мать бранѝти,
      <lb/>
      Жена
      <choice>
       <reg>
        пеня̀ти
       </reg>
      </choice>
      ,
      <lb/>
      Сестра-то тàкже:
      <lb/>
      «Дурень, ты, ду̀рень,
      <lb/>
      «Тоже ты слòво
      <lb/>
      «Не
      <choice>
       <reg>
        так
       </reg>
      </choice>
      бы
      <choice>
       <reg>
        мòлвил
       </reg>
      </choice>
      ,
      <lb/>
      «А ты бы
      <choice>
       <reg>
        мòлвил
       </reg>
      </choice>
      :
      <lb/>
      «
      <choice>
       <reg>
        Канун
       </reg>
      </choice>
      да
      <choice>
       <reg>
        лàдан
       </reg>
      </choice>
      ,
      <lb/>
      «Дай же Госпòдь
      <choice>
       <reg>
        Бог
       </reg>
      </choice>
      <lb/>
      «Царство небèсно,
      <lb/>
      «
      <choice>
       <reg>
        Пресветлый
       </reg>
      </choice>
      рàй ей
      <lb/>
      «Тебя бы ду̀рня
      <lb/>
      «
      <choice>
       <reg>
        Там
       </reg>
      </choice>
      накормили
      <lb/>
      «Кутьёй
      <choice>
       <reg>
        с
       </reg>
      </choice>
      блинами».
      <lb/>
      — «Добро же бàбa,
      <lb/>
      «Ты, бабарѝха,
      <lb/>
      «Матерь Лукèрья,
      <lb/>
      «
      <choice>
       <reg>
        Вперёд
       </reg>
      </choice>
      я ду̀рень
      <lb/>
      «
      <choice>
       <reg>
        Таков
       </reg>
      </choice>
      не бу̀ду».
      <lb/>
      <choice>
       <reg>
        Пошёл
       </reg>
      </choice>
      <choice>
       <reg>
        он
       </reg>
      </choice>
      , ду̀рень,
      <lb/>
      На Русь гуля̀ти,
      <lb/>
      Людей видàти,
      <lb/>
      Себя казàти;
      <lb/>
      На
      <choice>
       <reg>
        встречу
       </reg>
      </choice>
      свàдьба, —
      <lb/>
      <choice>
       <reg>
        Он
       </reg>
      </choice>
      <choice>
       <reg>
        им
       </reg>
      </choice>
      и
      <choice>
       <reg>
        молвил
       </reg>
      </choice>
      :
      <lb/>
      «
      <choice>
       <reg>
        Канун
       </reg>
      </choice>
      да
      <choice>
       <reg>
        лàдан
       </reg>
      </choice>
      ,
      <lb/>
      «Дай Господь
      <choice>
       <reg>
        Бòг
       </reg>
      </choice>
      <choice>
       <reg>
        вам
       </reg>
      </choice>
      ,
      <lb/>
      «Царство небèсно,
      <lb/>
     </p>
    </cell>
    <cell rend="noborder_right noborder_top noborder_bottom padding20 w50">
     <p rend="notindentleft" uuid="423b490a-a5d7-48bf-ab35-4fbe797f4f69">
      «
      <choice>
       <reg>
        Пресветлый
       </reg>
      </choice>
      рàй
      <choice>
       <reg>
        всем
       </reg>
      </choice>
      ».
      <lb/>
      Скочили дру̀жки,
      <lb/>
      Схватили ду̀рня,
      <lb/>
      Зачали бѝти,
      <lb/>
      Плетьми стегàти,
      <lb/>
      <choice>
       <reg>
        В
       </reg>
      </choice>
      лицо хлестàти.
      <lb/>
      <choice>
       <reg>
        Пошёл
       </reg>
      </choice>
      ,
      <choice>
       <reg>
        заплàкал
       </reg>
      </choice>
      ,
      <lb/>
      <choice>
       <reg>
        Идёт
       </reg>
      </choice>
      да
      <choice>
       <reg>
        вòет
       </reg>
      </choice>
      ;
      <lb/>
      А мать бранѝти,
      <lb/>
      Жена
      <choice>
       <reg>
        пеня̀ти
       </reg>
      </choice>
      ,
      <lb/>
      Сестра-то тàкже:
      <lb/>
      «Дурень, ты, ду̀рень,
      <lb/>
      «Ты глупый
      <choice>
       <reg>
        Бàбин
       </reg>
      </choice>
      ,
      <lb/>
      «Ты тоже слòво
      <lb/>
      «Не
      <choice>
       <reg>
        так
       </reg>
      </choice>
      бы
      <choice>
       <reg>
        мòлвил
       </reg>
      </choice>
      ;
      <lb/>
      «А ты бы
      <choice>
       <reg>
        молвил
       </reg>
      </choice>
      :
      <lb/>
      «Дай Господь
      <choice>
       <reg>
        Бòг
       </reg>
      </choice>
      <choice>
       <reg>
        вам
       </reg>
      </choice>
      ,
      <lb/>
      «Князю
      <choice>
       <reg>
        с
       </reg>
      </choice>
      княгѝней,
      <lb/>
      «
      <choice>
       <reg>
        Закон
       </reg>
      </choice>
      приня̀ти,
      <lb/>
      «Любовно жѝти,
      <lb/>
      «
      <choice>
       <reg>
        Детей
       </reg>
      </choice>
      сводѝти».
      <lb/>
      — «
      <choice>
       <reg>
        Вперёд
       </reg>
      </choice>
      я ду̀рень
      <lb/>
      «
      <choice>
       <reg>
        Таков
       </reg>
      </choice>
      не бу̀ду».
      <lb/>
      <choice>
       <reg>
        Пошёл
       </reg>
      </choice>
      <choice>
       <reg>
        он
       </reg>
      </choice>
      , ду̀рень,
      <lb/>
      На Русь гуля̀ти,
      <lb/>
      Людей видàти,
      <lb/>
      Себя казàти.
      <lb/>
      Попался ду̀рню
      <lb/>
      На
      <choice>
       <reg>
        встречу
       </reg>
      </choice>
      <choice>
       <reg>
        стàрец
       </reg>
      </choice>
      ;
      <lb/>
      <choice>
       <reg>
        Он
       </reg>
      </choice>
      ему
      <choice>
       <reg>
        мòлвил
       </reg>
      </choice>
      :
      <lb/>
      «Дай
      <choice>
       <reg>
        Бог
       </reg>
      </choice>
      <choice>
       <reg>
        те
       </reg>
      </choice>
      старцу
      <lb/>
     </p>
    </cell>
   </row>
  </table>
  <p rend="left emptyline" uuid="d2e9661a-7600-4175-8a47-8f686cd723dc">
   <pb n="112"/>
  </p>
  <p rend="centerline" uuid="e36664d8-6b53-49b6-82fc-7b446c776317">
   — 102 —
  </p>
  <table>
   <row>
    <cell rend="noborder_left noborder_top noborder_bottom w40">
     <p rend="notindentleft" uuid="25a32b48-8a9a-42a4-b4cb-1630906d8802">
      «
      <choice>
       <reg>
        Закон
       </reg>
      </choice>
      приня̀ти,
      <lb/>
      «Любовно жѝти,
      <lb/>
      «
      <choice>
       <reg>
        Детей
       </reg>
      </choice>
      сводѝти».
      <lb/>
      <choice>
       <reg>
        Как
       </reg>
      </choice>
      <choice>
       <reg>
        схватит
       </reg>
      </choice>
      <choice>
       <reg>
        стàрец
       </reg>
      </choice>
      <lb/>
      За
      <choice>
       <reg>
        ворот
       </reg>
      </choice>
      ду̀рня,
      <lb/>
      <choice>
       <reg>
        Стал
       </reg>
      </choice>
      его бѝти,
      <lb/>
      <choice>
       <reg>
        Стал
       </reg>
      </choice>
      колотѝти,
      <lb/>
      <choice>
       <reg>
        Сломал
       </reg>
      </choice>
      костыль весь.
      <lb/>
      <choice>
       <reg>
        Пошёл
       </reg>
      </choice>
      <choice>
       <reg>
        он
       </reg>
      </choice>
      , ду̀рень,
      <lb/>
      Домой,
      <choice>
       <reg>
        сам
       </reg>
      </choice>
      <choice>
       <reg>
        плàчет
       </reg>
      </choice>
      ,
      <lb/>
      А мать бранѝти,
      <lb/>
      Жена журѝти,
      <lb/>
      Сестра-то тàкже:
      <lb/>
      «Ты дурень, ду̀рень,
      <lb/>
      «Ты глупый
      <choice>
       <reg>
        Бàбин
       </reg>
      </choice>
      ,
      <lb/>
      «Ты тоже слòво,
      <lb/>
      «Не
      <choice>
       <reg>
        так
       </reg>
      </choice>
      бы
      <choice>
       <reg>
        мòлвил
       </reg>
      </choice>
      .
      <lb/>
      «А ты бы
      <choice>
       <reg>
        мòлвил
       </reg>
      </choice>
      :
      <lb/>
      «Благословѝ мя,
      <lb/>
      «Святой
      <choice>
       <reg>
        Игу̀мен
       </reg>
      </choice>
      ».
      <lb/>
      — «Добро же, бàба,
      <lb/>
      «Ты бабарѝха,
      <lb/>
      «Матерь Лукèрья,
      <lb/>
      «
      <choice>
       <reg>
        Вперёд
       </reg>
      </choice>
      я, ду̀рень,
      <lb/>
      «
      <choice>
       <reg>
        Таков
       </reg>
      </choice>
      не бу̀ду».
      <lb/>
      <choice>
       <reg>
        Пошёл
       </reg>
      </choice>
      <choice>
       <reg>
        он
       </reg>
      </choice>
      , ду̀рень,
      <lb/>
      На Русь гуля̀ти,
      <lb/>
      <choice>
       <reg>
        В
       </reg>
      </choice>
      <choice>
       <reg>
        лесу
       </reg>
      </choice>
      ходѝти.
      <lb/>
      <choice>
       <reg>
        Увидел
       </reg>
      </choice>
      ду̀рень
      <lb/>
      <choice>
       <reg>
        В
       </reg>
      </choice>
      бору
      <choice>
       <reg>
        медведя
       </reg>
      </choice>
      , —
      <lb/>
      <choice>
       <reg>
        Медведь
       </reg>
      </choice>
      за èлью
      <lb/>
     </p>
    </cell>
    <cell rend="noborder_right noborder_top noborder_bottom padding20 w50">
     <p rend="notindentleft" uuid="8cbf5e8d-b6c0-4061-b1b1-6b55cb5b7156">
      <choice>
       <reg>
        Дерёт
       </reg>
      </choice>
      корòву.
      <lb/>
      <choice>
       <reg>
        Он
       </reg>
      </choice>
      ему
      <choice>
       <reg>
        мòлвит
       </reg>
      </choice>
      :
      <lb/>
      «Благословѝ мя,
      <lb/>
      «Святой
      <choice>
       <reg>
        Игу̀мен
       </reg>
      </choice>
      ».
      <lb/>
      <choice>
       <reg>
        Медведь
       </reg>
      </choice>
      на ду̀рня
      <lb/>
      Кинулся,
      <choice>
       <reg>
        сгрàбил
       </reg>
      </choice>
      ,
      <lb/>
      <choice>
       <reg>
        Зачал
       </reg>
      </choice>
      ковèркать,
      <lb/>
      <choice>
       <reg>
        Зачал
       </reg>
      </choice>
      ломàти,
      <lb/>
      Едва живàго
      <lb/>
      Дурня
      <choice>
       <reg>
        остàвил
       </reg>
      </choice>
      .
      <lb/>
      <choice>
       <reg>
        Приходит
       </reg>
      </choice>
      ду̀рень
      <lb/>
      Домой,
      <choice>
       <reg>
        сам
       </reg>
      </choice>
      <choice>
       <reg>
        плàчет
       </reg>
      </choice>
      ,
      <lb/>
      На
      <choice>
       <reg>
        голос
       </reg>
      </choice>
      <choice>
       <reg>
        вòет
       </reg>
      </choice>
      ,
      <lb/>
      Матери
      <choice>
       <reg>
        скàжет
       </reg>
      </choice>
      .
      <lb/>
      А мать бранѝти,
      <lb/>
      Жена
      <choice>
       <reg>
        пеня̀ти
       </reg>
      </choice>
      ,
      <lb/>
      Сестра-то тàкже:
      <lb/>
      «Ты дурень, ду̀рень,
      <lb/>
      «Ты глупый
      <choice>
       <reg>
        Бàбин
       </reg>
      </choice>
      ,
      <lb/>
      «Ты тоже слòво
      <lb/>
      «Не
      <choice>
       <reg>
        так
       </reg>
      </choice>
      бы
      <choice>
       <reg>
        мòлвил
       </reg>
      </choice>
      <lb/>
      «Ты бы
      <choice>
       <reg>
        зау̀ськал
       </reg>
      </choice>
      ,
      <lb/>
      «Ты бы
      <choice>
       <reg>
        загàйкал
       </reg>
      </choice>
      <lb/>
      «
      <choice>
       <reg>
        Заулюлю̀кал
       </reg>
      </choice>
      ».
      <lb/>
      — «Добро же, бàбa,
      <lb/>
      «Ты, бабарѝха,
      <lb/>
      «Матерь Лукèрья,
      <lb/>
      «Сестра Чернàва.
      <lb/>
      «
      <choice>
       <reg>
        Вперёд
       </reg>
      </choice>
      я, ду̀рень,
      <lb/>
      «
      <choice>
       <reg>
        Таков
       </reg>
      </choice>
      не бу̀ду».
      <lb/>
      <choice>
       <reg>
        Пошёл
       </reg>
      </choice>
      <choice>
       <reg>
        он
       </reg>
      </choice>
      ду̀рень
      <lb/>
     </p>
    </cell>
   </row>
  </table>
  <p rend="left emptyline" uuid="bac2a003-44a2-45e6-9620-fc3fa4a8d6b6">
   <pb n="113"/>
  </p>
  <p rend="centerline" uuid="5e1ad920-42f2-4509-bac9-aea772421538">
   — 103 —
  </p>
  <table>
   <row>
    <cell rend="noborder_left noborder_top noborder_bottom w40">
     <p rend="notindentleft" uuid="3cbc8fcc-3e76-44e2-99e9-1260721f7a86">
      На Русь гуля̀ти,
      <lb/>
      Людей видàти,
      <lb/>
      Себя казàти.
      <lb/>
      <choice>
       <reg>
        Идёт
       </reg>
      </choice>
      <choice>
       <reg>
        он
       </reg>
      </choice>
      , ду̀рень,
      <lb/>
      Во
      <choice>
       <reg>
        чистом
       </reg>
      </choice>
      <choice>
       <reg>
        пòле
       </reg>
      </choice>
      , —
      <lb/>
      На
      <choice>
       <reg>
        встречу
       </reg>
      </choice>
      ду̀рню
      <lb/>
      <choice>
       <reg>
        Идёт
       </reg>
      </choice>
      <choice>
       <reg>
        полкòвник
       </reg>
      </choice>
      .
      <lb/>
      <choice>
       <reg>
        Зауськал
       </reg>
      </choice>
      ду̀рень,
      <lb/>
     </p>
    </cell>
    <cell rend="noborder_right noborder_top noborder_bottom padding20 w50">
     <p rend="notindentleft" uuid="6cf213b4-7de4-420f-b806-abc19fccab0f">
      <choice>
       <reg>
        Загайкал
       </reg>
      </choice>
      ду̀рень,
      <lb/>
      <choice>
       <reg>
        Заулюлю̀кал
       </reg>
      </choice>
      .
      <lb/>
      <choice>
       <reg>
        Сказал
       </reg>
      </choice>
      <choice>
       <reg>
        полкòвник
       </reg>
      </choice>
      <lb/>
      <choice>
       <reg>
        Своим
       </reg>
      </choice>
      <choice>
       <reg>
        солдàтам
       </reg>
      </choice>
      ,
      <lb/>
      Схватили ду̀рня, —
      <lb/>
      Зачали бити,
      <lb/>
      До смерти ду̀рня
      <lb/>
      <choice>
       <reg>
        Тут
       </reg>
      </choice>
      и убѝли.
     </p>
    </cell>
   </row>
  </table>
 </div>
</TEI>