<?xml version="1.0" encoding="utf-8"?>
<TEI xmlns="http://www.tei-c.org/ns/1.0" xmlns:xi="http://www.w3.org/2001/XInclude">
 <teiHeader>
  <fileDesc>
   <titleStmt>
    <title>
     Азбука. Книга I
    </title>
    <author>
     Толстой Л.Н.
    </author>
    <respStmt>
     <resp>
      подготовка TEI/XML
     </resp>
     <name>
      Мария Картышева, Евгений Можаев, Даниил Скоринкин, Елена Сидорова, Вероника Файнберг, Кирилл Милинцевич
     </name>
    </respStmt>
    <respStmt>
     <name>
      Анастасия Бонч-Осмоловская, Фёкла Толстая, Борис Орехов
     </name>
     <resp>
      Идея, постановка задач, руководство
     </resp>
    </respStmt>
   </titleStmt>
   <publicationStmt>
    <idno>
     Азбука  | Книга I
    </idno>
    <publisher>
     <orgName>
      Школа лингвистики НИУ ВШЭ
     </orgName>
    </publisher>
    <availability>
     <p>
      Тексты и метатекстовая разметка доступны для свободного использования и распространения по лицензии Creative Commons Attribution Share-Alike (cc by-sa)
     </p>
    </availability>
   </publicationStmt>
   <sourceDesc>
    <biblStruct>
     <analytic>
      <author>
       Толстой Л.Н.
      </author>
      <title level="a">
       Азбука. Книга I
      </title>
     </analytic>
     <monogr>
      <title level="m">
       Полное собрание сочинений. Том 22
      </title>
      <imprint>
       <pubPlace>
        Москва
       </pubPlace>
       <publisher>
        Государственное издательство "Художественная литература"
       </publisher>
       <date when="1871-1872"/>
      </imprint>
     </monogr>
     <series>
      <title level="s">
       Л.Н. Толстой. Полное собрание сочинений
      </title>
      <biblScope unit="vol">
       22
      </biblScope>
     </series>
    </biblStruct>
   </sourceDesc>
  </fileDesc>
  <encodingDesc>
   <classDecl>
    <xi:include href="taxonomy.xml"/>
   </classDecl>
  </encodingDesc>
  <profileDesc>
   <creation>
    <date notAfter="1872" notBefore="1871">
     1871-1872
    </date>
    <rs/>
   </creation>
   <textClass>
    <catRef target="#fiction" type="sphere"/>
    <catRef target="#произведения для детей" type="type"/>
    <catRef target="#works" type="works_letters_diaries"/>
    <catRef target="#азбука" type="ninetyDef"/>
    <catRef target="#Основное" type="main_var"/>
    <catRef target="#азбука" type="type_short"/>
    <catRef target="None" type="translation"/>
    <catRef target="None" type="translation_origin"/>
    <catRef target="#да" type="tolstoy_or_not"/>
    <catRef target="None" type="name_status"/>
   </textClass>
   <preparedness>
    finished
   </preparedness>
   <settingDesc>
    <time>
     XIX век
    </time>
   </settingDesc>
  </profileDesc>
  <xenoData>
   <cyclusName/>
   <p>
    Проект
    <title>
     Толстой.Digital
    </title>
    разрабатывается сотрудниками и студентами
    <orgName>
     Высшей школы экономики
    </orgName>
    в сотрудничестве с
    <orgName>
     Государственным музеем Л.Н. Толстого
    </orgName>
    . Источник текстов –
    <bibl>
     90-томное собрание сочинений Л.Н.Толстого
    </bibl>
    . Разметка основана на стандарте
    <ref target="http://www.tei-c.org">
     TEI (Text Encoding Initiative)
    </ref>
    .
   </p>
   <versionNumber/>
   <isFinished/>
   <isEdited/>
   <fullBibliographicDescription/>
  </xenoData>
 </teiHeader>
 <p rend="left emptyline">
  <pb n="223"/>
 </p>
 <div type="section" xml:id="ref110">
  <head rend="center">
   <hi rend="strong">
    <choice>
     <reg>
      ЛЕВ
     </reg>
    </choice>
    И СОБАЧКА.
   </hi>
  </head>
  <p rend="left" uuid="d3cff7df-3c58-40bd-b679-e4c51f4be7df">
   <choice>
    <reg>
     В
    </reg>
   </choice>
   <choice>
    <reg>
     Лондоне
    </reg>
   </choice>
   показывали
   <choice>
    <reg>
     диких
    </reg>
   </choice>
   <choice>
    <reg>
     зверей
    </reg>
   </choice>
   и за
   <choice>
    <reg>
     смотренье
    </reg>
   </choice>
   брали деньгами, или собаками и кошками; на
   <choice>
    <reg>
     корм
    </reg>
   </choice>
   <choice>
    <reg>
     диким
    </reg>
   </choice>
   <choice>
    <reg>
     зверям
    </reg>
   </choice>
  </p>
  <p rend="left" uuid="2ed7bc34-0a1f-4aff-ae26-597ca387db44">
   Одному
   <choice>
    <reg>
     человеку
    </reg>
   </choice>
   <choice>
    <reg>
     захотелось
    </reg>
   </choice>
   <choice>
    <reg>
     поглядеть
    </reg>
   </choice>
   <choice>
    <reg>
     зверей
    </reg>
   </choice>
   ,
   <choice>
    <reg>
     он
    </reg>
   </choice>
   <choice>
    <reg>
     ухватил
    </reg>
   </choice>
   на
   <choice>
    <reg>
     улице
    </reg>
   </choice>
   собачёнку и
   <choice>
    <reg>
     принес
    </reg>
   </choice>
   её
   <choice>
    <reg>
     в
    </reg>
   </choice>
   <choice>
    <reg>
     зверинец
    </reg>
   </choice>
   . Его впустили
   <choice>
    <reg>
     смотреть
    </reg>
   </choice>
   , а собачёнку взяли и бросили
   <choice>
    <reg>
     в
    </reg>
   </choice>
   <choice>
    <reg>
     клетку
    </reg>
   </choice>
   <choice>
    <reg>
     к
    </reg>
   </choice>
   льву на
   <choice>
    <reg>
     съеденье
    </reg>
   </choice>
  </p>
  <p rend="left" uuid="6b793443-3631-4f0d-826c-ba4f8ac56a45">
   Собачка поджала
   <choice>
    <reg>
     хвост
    </reg>
   </choice>
   и прижалась
   <choice>
    <reg>
     в
    </reg>
   </choice>
   <choice>
    <reg>
     угол
    </reg>
   </choice>
   <choice>
    <reg>
     клетки
    </reg>
   </choice>
   .
   <choice>
    <reg>
     Лев
    </reg>
   </choice>
   <choice>
    <reg>
     подошел
    </reg>
   </choice>
   <choice>
    <reg>
     к
    </reg>
   </choice>
   ней и
   <choice>
    <reg>
     понюхал
    </reg>
   </choice>
   её.
  </p>
  <p rend="left emptyline" uuid="ca71317e-daa0-490d-9b8d-11ad9170bb2c">
   <pb n="224"/>
  </p>
  <p rend="centerline" uuid="86543046-9683-46fa-a653-c4ed29fe0c8b">
   — 22 —
  </p>
  <p rend="left" uuid="353e476e-7369-480b-a118-a721043b561d">
   Собачка легла на спину, подняла лапки и стала махать
   <choice>
    <reg>
     хвостиком
    </reg>
   </choice>
   .
  </p>
  <p rend="left" uuid="f692d955-abe8-47d9-ace4-5cb2e6becea7">
   <choice>
    <reg>
     Лев
    </reg>
   </choice>
   <choice>
    <reg>
     тронул
    </reg>
   </choice>
   её лапой и
   <choice>
    <reg>
     перевернул
    </reg>
   </choice>
   .
  </p>
  <p rend="left" uuid="4778e965-3c0f-4d52-9571-1615994f5b30">
   Собачка вскочила и стала
   <choice>
    <reg>
     перед
    </reg>
   </choice>
   <choice>
    <reg>
     львом
    </reg>
   </choice>
   на
   <choice>
    <reg>
     задния
    </reg>
   </choice>
   лапки.
  </p>
  <p rend="left" uuid="c5ce9dc3-ebb8-4b64-bf70-097aa4c9773d">
   Левъ смотрѣлъ на собачку, поворачивалъ голову со стороны на сторону и не трогалъ ея.
  </p>
  <p rend="left" uuid="61d3b977-05a1-4d76-928e-d748b83f48c6">
   Когда
   <choice>
    <reg>
     хозяин
    </reg>
   </choice>
   <choice>
    <reg>
     бросил
    </reg>
   </choice>
   льву мяса,
   <choice>
    <reg>
     лев
    </reg>
   </choice>
   <choice>
    <reg>
     оторвал
    </reg>
   </choice>
   <choice>
    <reg>
     кусок
    </reg>
   </choice>
   и
   <choice>
    <reg>
     оставил
    </reg>
   </choice>
   <choice>
    <reg>
     собачке
    </reg>
   </choice>
   .
  </p>
  <p rend="left" uuid="ef91143f-c3e6-40a3-ad57-3ef8969cd9c9">
   <choice>
    <reg>
     Вечером
    </reg>
   </choice>
   , когда
   <choice>
    <reg>
     лев
    </reg>
   </choice>
   <choice>
    <reg>
     лёг
    </reg>
   </choice>
   спать, собачка легла
   <choice>
    <reg>
     подле
    </reg>
   </choice>
   него и положила свою голову ему на лапу.
  </p>
  <p rend="left" uuid="824129d7-6b51-4e4c-8d76-625264e91f5d">
   <choice>
    <reg>
     С
    </reg>
   </choice>
   <choice>
    <reg>
     тех
    </reg>
   </choice>
   <choice>
    <reg>
     пор
    </reg>
   </choice>
   собачка жила
   <choice>
    <reg>
     в
    </reg>
   </choice>
   одной
   <choice>
    <reg>
     клетке
    </reg>
   </choice>
   со
   <choice>
    <reg>
     львом
    </reg>
   </choice>
   .
   <choice>
    <reg>
     Лев
    </reg>
   </choice>
   не
   <choice>
    <reg>
     трогал
    </reg>
   </choice>
   её,
   <choice>
    <reg>
     ел
    </reg>
   </choice>
   <choice>
    <reg>
     корм
    </reg>
   </choice>
   ,
   <choice>
    <reg>
     спал
    </reg>
   </choice>
   <choice>
    <reg>
     с
    </reg>
   </choice>
   ней
   <choice>
    <reg>
     вместе
    </reg>
   </choice>
   , а иногда
   <choice>
    <reg>
     играл
    </reg>
   </choice>
   <choice>
    <reg>
     с
    </reg>
   </choice>
   ней.
  </p>
  <p rend="left" uuid="6ff2576b-0756-4088-a46a-3c655821acc7">
   <choice>
    <reg>
     Один
    </reg>
   </choice>
   <choice>
    <reg>
     раз
    </reg>
   </choice>
   <choice>
    <reg>
     барин
    </reg>
   </choice>
   <choice>
    <reg>
     пришел
    </reg>
   </choice>
   <choice>
    <reg>
     в
    </reg>
   </choice>
   <choice>
    <reg>
     зверинец
    </reg>
   </choice>
   и
   <choice>
    <reg>
     узнал
    </reg>
   </choice>
   свою собачку;
   <choice>
    <reg>
     он
    </reg>
   </choice>
   <choice>
    <reg>
     сказал
    </reg>
   </choice>
   , что собачка его собственная, и
   <choice>
    <reg>
     попросил
    </reg>
   </choice>
   хозяина
   <choice>
    <reg>
     зверинца
    </reg>
   </choice>
   отдать ему.
   <choice>
    <reg>
     Хозяин
    </reg>
   </choice>
   <choice>
    <reg>
     хотел
    </reg>
   </choice>
   отдать, но
   <choice>
    <reg>
     как
    </reg>
   </choice>
   только стали звать собачку, чтобы взять её
   <choice>
    <reg>
     из
    </reg>
   </choice>
   <choice>
    <reg>
     клетки
    </reg>
   </choice>
   ,
   <choice>
    <reg>
     лев
    </reg>
   </choice>
   ощетинился и
   <choice>
    <reg>
     зарычал
    </reg>
   </choice>
   .
  </p>
  <p rend="left" uuid="5679f9e0-3fbd-4fc0-a9bc-4c0f8253c939">
   <choice>
    <reg>
     Так
    </reg>
   </choice>
   прожили
   <choice>
    <reg>
     лев
    </reg>
   </choice>
   и собачка
   <choice>
    <reg>
     целый
    </reg>
   </choice>
   <choice>
    <reg>
     год
    </reg>
   </choice>
   <choice>
    <reg>
     в
    </reg>
   </choice>
   одной
   <choice>
    <reg>
     клетке
    </reg>
   </choice>
   .
  </p>
  <p rend="left" uuid="7d283b25-a26d-4d4d-abac-19e97484ddf7">
   <choice>
    <reg>
     Через
    </reg>
   </choice>
   <choice>
    <reg>
     год
    </reg>
   </choice>
   собачка
   <choice>
    <reg>
     заболела
    </reg>
   </choice>
   и издохла.
   <choice>
    <reg>
     Лев
    </reg>
   </choice>
   <choice>
    <reg>
     перестал
    </reg>
   </choice>
   <choice>
    <reg>
     есть
    </reg>
   </choice>
   , а всё
   <choice>
    <reg>
     нюхал
    </reg>
   </choice>
   ,
   <choice>
    <reg>
     лизал
    </reg>
   </choice>
   собачку и
   <choice>
    <reg>
     трогал
    </reg>
   </choice>
   её лапой.
  </p>
  <p rend="left" uuid="0cebf7ac-4bdd-4807-b0ca-1e1f78a19e3a">
   Когда
   <choice>
    <reg>
     он
    </reg>
   </choice>
   <choice>
    <reg>
     понял
    </reg>
   </choice>
   , что она умерла,
   <choice>
    <reg>
     он
    </reg>
   </choice>
   <choice>
    <reg>
     вдруг
    </reg>
   </choice>
   <choice>
    <reg>
     вспрыгнул
    </reg>
   </choice>
   , ощетинился,
   <choice>
    <reg>
     стал
    </reg>
   </choice>
   хлестать себя
   <choice>
    <reg>
     хвостом
    </reg>
   </choice>
   по
   <choice>
    <reg>
     бокам
    </reg>
   </choice>
   , бросился на
   <choice>
    <reg>
     стену
    </reg>
   </choice>
   <choice>
    <reg>
     клетки
    </reg>
   </choice>
   и
   <choice>
    <reg>
     стал
    </reg>
   </choice>
   грызть засовы и
   <choice>
    <reg>
     пол
    </reg>
   </choice>
   .
  </p>
  <p rend="left" uuid="9ba49de9-bfba-44b7-8a9e-3c8390c09957">
   <choice>
    <reg>
     Целый
    </reg>
   </choice>
   день
   <choice>
    <reg>
     он
    </reg>
   </choice>
   бился, метался по
   <choice>
    <reg>
     клетке
    </reg>
   </choice>
   и
   <choice>
    <reg>
     ревел
    </reg>
   </choice>
   ;
   <choice>
    <reg>
     потом
    </reg>
   </choice>
   <choice>
    <reg>
     лёг
    </reg>
   </choice>
   <choice>
    <reg>
     подле
    </reg>
   </choice>
   мёртвой собачки и
   <choice>
    <reg>
     затих
    </reg>
   </choice>
   .
  </p>
  <p rend="left emptyline" uuid="c896e4c6-26e2-4d7c-95c8-f6b7ac4827b4">
   <pb n="225"/>
  </p>
  <p rend="centerline" uuid="f935c2c0-2428-451b-a30b-659ceb5ccb10">
   — 23 —
  </p>
  <p rend="left" uuid="341fcb89-4ca0-4448-8d0a-5f4a1efe23b0">
   <choice>
    <reg>
     Хозяин
    </reg>
   </choice>
   <choice>
    <reg>
     хотел
    </reg>
   </choice>
   унести мёртвую собачку, но
   <choice>
    <reg>
     лев
    </reg>
   </choice>
   ни кого не
   <choice>
    <reg>
     подпускал
    </reg>
   </choice>
   <choice>
    <reg>
     к
    </reg>
   </choice>
   ней.
  </p>
  <p rend="left" uuid="e4ee199e-62b4-4992-9f28-9b573d0acccb">
   <choice>
    <reg>
     Хозяин
    </reg>
   </choice>
   <choice>
    <reg>
     думал
    </reg>
   </choice>
   , что
   <choice>
    <reg>
     лев
    </reg>
   </choice>
   <choice>
    <reg>
     забудет
    </reg>
   </choice>
   свое горе, если ему дать другую собачку, и
   <choice>
    <reg>
     пустил
    </reg>
   </choice>
   <choice>
    <reg>
     к
    </reg>
   </choice>
   нему
   <choice>
    <reg>
     в
    </reg>
   </choice>
   <choice>
    <reg>
     клетку
    </reg>
   </choice>
   живую собачку, но
   <choice>
    <reg>
     лев
    </reg>
   </choice>
   <choice>
    <reg>
     тотчас
    </reg>
   </choice>
   <choice>
    <reg>
     разорвал
    </reg>
   </choice>
   её на куски.
   <choice>
    <reg>
     Потом
    </reg>
   </choice>
   <choice>
    <reg>
     он
    </reg>
   </choice>
   <choice>
    <reg>
     обнял
    </reg>
   </choice>
   своими лапами мёртвую собачку и
   <choice>
    <reg>
     так
    </reg>
   </choice>
   <choice>
    <reg>
     лежал
    </reg>
   </choice>
   пять дней.
  </p>
  <p rend="left" uuid="3a386d96-3f8e-4036-b8be-8bcf965fe6cf">
   На шестой день
   <choice>
    <reg>
     лев
    </reg>
   </choice>
   <choice>
    <reg>
     умер
    </reg>
   </choice>
   .
  </p>
 </div>
</TEI>