<?xml version="1.0" encoding="utf-8"?>
<TEI xmlns="http://www.tei-c.org/ns/1.0" xmlns:xi="http://www.w3.org/2001/XInclude">
 <teiHeader>
  <fileDesc>
   <titleStmt>
    <title>
     Азбука. Книга I
    </title>
    <author>
     Толстой Л.Н.
    </author>
    <respStmt>
     <resp>
      подготовка TEI/XML
     </resp>
     <name>
      Мария Картышева, Евгений Можаев, Даниил Скоринкин, Елена Сидорова, Вероника Файнберг, Кирилл Милинцевич
     </name>
    </respStmt>
    <respStmt>
     <name>
      Анастасия Бонч-Осмоловская, Фёкла Толстая, Борис Орехов
     </name>
     <resp>
      Идея, постановка задач, руководство
     </resp>
    </respStmt>
   </titleStmt>
   <publicationStmt>
    <idno>
     Азбука  | Книга I
    </idno>
    <publisher>
     <orgName>
      Школа лингвистики НИУ ВШЭ
     </orgName>
    </publisher>
    <availability>
     <p>
      Тексты и метатекстовая разметка доступны для свободного использования и распространения по лицензии Creative Commons Attribution Share-Alike (cc by-sa)
     </p>
    </availability>
   </publicationStmt>
   <sourceDesc>
    <biblStruct>
     <analytic>
      <author>
       Толстой Л.Н.
      </author>
      <title level="a">
       Азбука. Книга I
      </title>
     </analytic>
     <monogr>
      <title level="m">
       Полное собрание сочинений. Том 22
      </title>
      <imprint>
       <pubPlace>
        Москва
       </pubPlace>
       <publisher>
        Государственное издательство "Художественная литература"
       </publisher>
       <date when="1871-1872"/>
      </imprint>
     </monogr>
     <series>
      <title level="s">
       Л.Н. Толстой. Полное собрание сочинений
      </title>
      <biblScope unit="vol">
       22
      </biblScope>
     </series>
    </biblStruct>
   </sourceDesc>
  </fileDesc>
  <encodingDesc>
   <classDecl>
    <xi:include href="taxonomy.xml"/>
   </classDecl>
  </encodingDesc>
  <profileDesc>
   <creation>
    <date notAfter="1872" notBefore="1871">
     1871-1872
    </date>
    <rs/>
   </creation>
   <textClass>
    <catRef target="#fiction" type="sphere"/>
    <catRef target="#произведения для детей" type="type"/>
    <catRef target="#works" type="works_letters_diaries"/>
    <catRef target="#азбука" type="ninetyDef"/>
    <catRef target="#Основное" type="main_var"/>
    <catRef target="#азбука" type="type_short"/>
    <catRef target="None" type="translation"/>
    <catRef target="None" type="translation_origin"/>
    <catRef target="#да" type="tolstoy_or_not"/>
    <catRef target="None" type="name_status"/>
   </textClass>
   <preparedness>
    finished
   </preparedness>
   <settingDesc>
    <time>
     XIX век
    </time>
   </settingDesc>
  </profileDesc>
  <xenoData>
   <cyclusName/>
   <p>
    Проект
    <title>
     Толстой.Digital
    </title>
    разрабатывается сотрудниками и студентами
    <orgName>
     Высшей школы экономики
    </orgName>
    в сотрудничестве с
    <orgName>
     Государственным музеем Л.Н. Толстого
    </orgName>
    . Источник текстов –
    <bibl>
     90-томное собрание сочинений Л.Н.Толстого
    </bibl>
    . Разметка основана на стандарте
    <ref target="http://www.tei-c.org">
     TEI (Text Encoding Initiative)
    </ref>
    .
   </p>
   <versionNumber/>
   <isFinished/>
   <isEdited/>
   <fullBibliographicDescription/>
  </xenoData>
 </teiHeader>
 <p rend="left emptyline">
  <pb n="216"/>
 </p>
 <div type="section" xml:id="ref104">
  <head rend="center">
   <hi rend="strong">
    <choice>
     <reg>
      ИНДЕЕЦ
     </reg>
    </choice>
    И
    <choice>
     <reg>
      АНГЛИЧАНИН
     </reg>
    </choice>
    .
   </hi>
  </head>
  <p rend="left" uuid="145b10c9-e090-423b-b1ad-279f604a3725">
   <choice>
    <reg>
     Индейцы
    </reg>
   </choice>
   взяли на
   <choice>
    <reg>
     войне
    </reg>
   </choice>
   <choice>
    <reg>
     в
    </reg>
   </choice>
   <choice>
    <reg>
     плен
    </reg>
   </choice>
   <choice>
    <reg>
     молодого
    </reg>
   </choice>
   англичанина, привязали
   <choice>
    <reg>
     к
    </reg>
   </choice>
   дереву и
   <choice>
    <reg>
     хотели
    </reg>
   </choice>
   убить.
  </p>
  <p rend="left" uuid="acfa751c-fbdc-48dc-b718-6c466c828d17">
   Старый
   <choice>
    <reg>
     индеец
    </reg>
   </choice>
   <choice>
    <reg>
     подошёл
    </reg>
   </choice>
   и
   <choice>
    <reg>
     сказал
    </reg>
   </choice>
   : «не убивайте, его, а отдайте
   <choice>
    <reg>
     мне
    </reg>
   </choice>
   ».
  </p>
  <p rend="left emptyline" uuid="f115124b-ba85-45c6-a6c7-4d1a61c4b007">
   <pb n="217"/>
  </p>
  <p rend="centerline" uuid="104a4a9c-8174-483a-a87f-8104799fe2aa">
   — 15 —
  </p>
  <p rend="left" uuid="be0ef20c-d37b-428c-b15f-193226857cfb">
   Его отдали.
  </p>
  <p rend="left" uuid="9f7d5fec-a39c-4363-be68-a6b5e2a85907">
   Старый
   <choice>
    <reg>
     индеец
    </reg>
   </choice>
   <choice>
    <reg>
     отвязал
    </reg>
   </choice>
   англичанина,
   <choice>
    <reg>
     свёл
    </reg>
   </choice>
   <choice>
    <reg>
     в
    </reg>
   </choice>
   свой
   <choice>
    <reg>
     шалаш
    </reg>
   </choice>
   ,
   <choice>
    <reg>
     накормил
    </reg>
   </choice>
   и
   <choice>
    <reg>
     положил
    </reg>
   </choice>
   ночевать.
  </p>
  <p rend="left" uuid="a263a858-3d89-476d-9602-ee2071705516">
   На другое утро
   <choice>
    <reg>
     индеец
    </reg>
   </choice>
   <choice>
    <reg>
     велел
    </reg>
   </choice>
   англичанину идти за собой. Они шли долго, и когда подошли близко
   <choice>
    <reg>
     к
    </reg>
   </choice>
   <choice>
    <reg>
     английскому
    </reg>
   </choice>
   лагерю,
   <choice>
    <reg>
     индеец
    </reg>
   </choice>
   <choice>
    <reg>
     сказал
    </reg>
   </choice>
   :
  </p>
  <p rend="left" uuid="e2a53134-92fa-4bb9-a376-0ac8a50f4424">
   «Ваши убили моего сына, я
   <choice>
    <reg>
     спас
    </reg>
   </choice>
   <choice>
    <reg>
     тебе
    </reg>
   </choice>
   жизнь; иди
   <choice>
    <reg>
     к
    </reg>
   </choice>
   <choice>
    <reg>
     своим
    </reg>
   </choice>
   и убивай
   <choice>
    <reg>
     нас
    </reg>
   </choice>
   ».
  </p>
  <p rend="left" uuid="3d8e7e30-5277-4077-94c6-fab8cb2e64c4">
   <choice>
    <reg>
     Англичанин
    </reg>
   </choice>
   удивился и
   <choice>
    <reg>
     сказал
    </reg>
   </choice>
   : «
   <choice>
    <reg>
     зачем
    </reg>
   </choice>
   ты
   <choice>
    <reg>
     смеёшься
    </reg>
   </choice>
   надо мною? Я знаю, что наши убили твоего сына: убивай же меня
   <choice>
    <reg>
     скорее
    </reg>
   </choice>
   ».
  </p>
  <p rend="left" uuid="ddb785e3-2682-4379-b930-04216609d55e">
   Тогда
   <choice>
    <reg>
     индеец
    </reg>
   </choice>
   <choice>
    <reg>
     сказал
    </reg>
   </choice>
   : «когда тебя стали убивать, я
   <choice>
    <reg>
     вспомнил
    </reg>
   </choice>
   о
   <choice>
    <reg>
     своем
    </reg>
   </choice>
   <choice>
    <reg>
     сыне
    </reg>
   </choice>
   , и
   <choice>
    <reg>
     мне
    </reg>
   </choice>
   стало жаль тебя. Я не
   <choice>
    <reg>
     смеюсь
    </reg>
   </choice>
   : иди
   <choice>
    <reg>
     к
    </reg>
   </choice>
   <choice>
    <reg>
     своим
    </reg>
   </choice>
   и убивай
   <choice>
    <reg>
     нас
    </reg>
   </choice>
   , если хочешь». И
   <choice>
    <reg>
     индеец
    </reg>
   </choice>
   <choice>
    <reg>
     отпустил
    </reg>
   </choice>
   англичанина.
  </p>
 </div>
</TEI>