<?xml version="1.0" encoding="utf-8"?>
<TEI xmlns="http://www.tei-c.org/ns/1.0" xmlns:xi="http://www.w3.org/2001/XInclude">
 <teiHeader>
  <fileDesc>
   <titleStmt>
    <title>
     Азбука. Книга I
    </title>
    <author>
     Толстой Л.Н.
    </author>
    <respStmt>
     <resp>
      подготовка TEI/XML
     </resp>
     <name>
      Мария Картышева, Евгений Можаев, Даниил Скоринкин, Елена Сидорова, Вероника Файнберг, Кирилл Милинцевич
     </name>
    </respStmt>
    <respStmt>
     <name>
      Анастасия Бонч-Осмоловская, Фёкла Толстая, Борис Орехов
     </name>
     <resp>
      Идея, постановка задач, руководство
     </resp>
    </respStmt>
   </titleStmt>
   <publicationStmt>
    <idno>
     Азбука  | Книга I
    </idno>
    <publisher>
     <orgName>
      Школа лингвистики НИУ ВШЭ
     </orgName>
    </publisher>
    <availability>
     <p>
      Тексты и метатекстовая разметка доступны для свободного использования и распространения по лицензии Creative Commons Attribution Share-Alike (cc by-sa)
     </p>
    </availability>
   </publicationStmt>
   <sourceDesc>
    <biblStruct>
     <analytic>
      <author>
       Толстой Л.Н.
      </author>
      <title level="a">
       Азбука. Книга I
      </title>
     </analytic>
     <monogr>
      <title level="m">
       Полное собрание сочинений. Том 22
      </title>
      <imprint>
       <pubPlace>
        Москва
       </pubPlace>
       <publisher>
        Государственное издательство "Художественная литература"
       </publisher>
       <date when="1871-1872"/>
      </imprint>
     </monogr>
     <series>
      <title level="s">
       Л.Н. Толстой. Полное собрание сочинений
      </title>
      <biblScope unit="vol">
       22
      </biblScope>
     </series>
    </biblStruct>
   </sourceDesc>
  </fileDesc>
  <encodingDesc>
   <classDecl>
    <xi:include href="taxonomy.xml"/>
   </classDecl>
  </encodingDesc>
  <profileDesc>
   <creation>
    <date notAfter="1872" notBefore="1871">
     1871-1872
    </date>
    <rs/>
   </creation>
   <textClass>
    <catRef target="#fiction" type="sphere"/>
    <catRef target="#произведения для детей" type="type"/>
    <catRef target="#works" type="works_letters_diaries"/>
    <catRef target="#азбука" type="ninetyDef"/>
    <catRef target="#Основное" type="main_var"/>
    <catRef target="#азбука" type="type_short"/>
    <catRef target="None" type="translation"/>
    <catRef target="None" type="translation_origin"/>
    <catRef target="#да" type="tolstoy_or_not"/>
    <catRef target="None" type="name_status"/>
   </textClass>
   <preparedness>
    finished
   </preparedness>
   <settingDesc>
    <time>
     XIX век
    </time>
   </settingDesc>
  </profileDesc>
  <xenoData>
   <cyclusName/>
   <p>
    Проект
    <title>
     Толстой.Digital
    </title>
    разрабатывается сотрудниками и студентами
    <orgName>
     Высшей школы экономики
    </orgName>
    в сотрудничестве с
    <orgName>
     Государственным музеем Л.Н. Толстого
    </orgName>
    . Источник текстов –
    <bibl>
     90-томное собрание сочинений Л.Н.Толстого
    </bibl>
    . Разметка основана на стандарте
    <ref target="http://www.tei-c.org">
     TEI (Text Encoding Initiative)
    </ref>
    .
   </p>
   <versionNumber/>
   <isFinished/>
   <isEdited/>
   <fullBibliographicDescription/>
  </xenoData>
 </teiHeader>
 <p rend="left emptyline">
  <pb n="566"/>
 </p>
 <div type="section" xml:id="ref243">
  <head rend="center">
   <hi rend="strong">
    КОРОВА И
    <choice>
     <reg>
      КОЗЕЛ
     </reg>
    </choice>
    .
   </hi>
  </head>
  <p rend="left" uuid="3b72b8fb-d37f-4a80-9546-ed381bff6139">
   У старухи была корова и
   <choice>
    <reg>
     козел
    </reg>
   </choice>
   . Корова и
   <choice>
    <reg>
     козел
    </reg>
   </choice>
   .
   <choice>
    <reg>
     вместе
    </reg>
   </choice>
   ходили
   <choice>
    <reg>
     в
    </reg>
   </choice>
   стадо. Корова все ворочалась, когда ее доили. Старуха вынесла
   <choice>
    <reg>
     хлеба
    </reg>
   </choice>
   <choice>
    <reg>
     с
    </reg>
   </choice>
   солью, дала
   <choice>
    <reg>
     корове
    </reg>
   </choice>
   и приговаривала: «да стой же, матушка; на, на, еще вынесу, только стой смирно».
  </p>
  <p rend="left" uuid="83b4fff2-5921-4a20-b2c8-860b1bb7ce2b">
   На другой
   <choice>
    <reg>
     вечер
    </reg>
   </choice>
   <choice>
    <reg>
     козел
    </reg>
   </choice>
   <choice>
    <reg>
     вперед
    </reg>
   </choice>
   коровы вернулся
   <choice>
    <reg>
     с
    </reg>
   </choice>
   поля,
   <choice>
    <reg>
     расставил
    </reg>
   </choice>
   ноги и
   <choice>
    <reg>
     стал
    </reg>
   </choice>
   <choice>
    <reg>
     перед
    </reg>
   </choice>
   старухой. Старуха замахнулась на него
   <choice>
    <reg>
     полотенцем
    </reg>
   </choice>
   ; но
   <choice>
    <reg>
     козел
    </reg>
   </choice>
   <choice>
    <reg>
     стоял
    </reg>
   </choice>
   не шевелился.
   <choice>
    <reg>
     Он
    </reg>
   </choice>
   <choice>
    <reg>
     помнил
    </reg>
   </choice>
   , что старуха
   <choice>
    <reg>
     обещала
    </reg>
   </choice>
   <choice>
    <reg>
     хлеба
    </reg>
   </choice>
   <choice>
    <reg>
     корове
    </reg>
   </choice>
   ,
   <choice>
    <reg>
     чтоб
    </reg>
   </choice>
   стояла смирно. Старуха
   <choice>
    <reg>
     видит
    </reg>
   </choice>
   , что
   <choice>
    <reg>
     козел
    </reg>
   </choice>
   не пронимается, взяла палку и прибила его.
  </p>
  <p rend="left" uuid="eea376bb-57bd-45f4-ad64-db28be9656d2">
   Когда
   <choice>
    <reg>
     козел
    </reg>
   </choice>
   <choice>
    <reg>
     отошел
    </reg>
   </choice>
   , старуха опять стала кормить корову
   <choice>
    <reg>
     хлебом
    </reg>
   </choice>
   и уговаривать ее.
  </p>
  <p rend="left" uuid="9ff01025-993d-4b99-bc18-b1ba82408a2d">
   «Нѣтъ въ людяхъ правды!» подумалъ козелъ. «Я смирнѣе ея стоялъ, а меня прибили»
  </p>
  <p rend="left" uuid="0edf1ca4-90d6-41e6-a272-f8029ad4cbf7">
   <choice>
    <reg>
     Он
    </reg>
   </choice>
   <choice>
    <reg>
     отошел
    </reg>
   </choice>
   <choice>
    <reg>
     к
    </reg>
   </choice>
   <choice>
    <reg>
     сторонке
    </reg>
   </choice>
   ,
   <choice>
    <reg>
     разбежался
    </reg>
   </choice>
   ,
   <choice>
    <reg>
     ударил
    </reg>
   </choice>
   <choice>
    <reg>
     в
    </reg>
   </choice>
   <choice>
    <reg>
     подойник
    </reg>
   </choice>
   ,
   <choice>
    <reg>
     разлил
    </reg>
   </choice>
   молоко и
   <choice>
    <reg>
     зашиб
    </reg>
   </choice>
   старуху.
  </p>
 </div>
</TEI>