<?xml version="1.0" encoding="utf-8"?>
<TEI xmlns="http://www.tei-c.org/ns/1.0" xmlns:xi="http://www.w3.org/2001/XInclude">
 <teiHeader>
  <fileDesc>
   <titleStmt>
    <title>
     Азбука. Книга I
    </title>
    <author>
     Толстой Л.Н.
    </author>
    <respStmt>
     <resp>
      подготовка TEI/XML
     </resp>
     <name>
      Мария Картышева, Евгений Можаев, Даниил Скоринкин, Елена Сидорова, Вероника Файнберг, Кирилл Милинцевич
     </name>
    </respStmt>
    <respStmt>
     <name>
      Анастасия Бонч-Осмоловская, Фёкла Толстая, Борис Орехов
     </name>
     <resp>
      Идея, постановка задач, руководство
     </resp>
    </respStmt>
   </titleStmt>
   <publicationStmt>
    <idno>
     Азбука  | Книга I
    </idno>
    <publisher>
     <orgName>
      Школа лингвистики НИУ ВШЭ
     </orgName>
    </publisher>
    <availability>
     <p>
      Тексты и метатекстовая разметка доступны для свободного использования и распространения по лицензии Creative Commons Attribution Share-Alike (cc by-sa)
     </p>
    </availability>
   </publicationStmt>
   <sourceDesc>
    <biblStruct>
     <analytic>
      <author>
       Толстой Л.Н.
      </author>
      <title level="a">
       Азбука. Книга I
      </title>
     </analytic>
     <monogr>
      <title level="m">
       Полное собрание сочинений. Том 22
      </title>
      <imprint>
       <pubPlace>
        Москва
       </pubPlace>
       <publisher>
        Государственное издательство "Художественная литература"
       </publisher>
       <date when="1871-1872"/>
      </imprint>
     </monogr>
     <series>
      <title level="s">
       Л.Н. Толстой. Полное собрание сочинений
      </title>
      <biblScope unit="vol">
       22
      </biblScope>
     </series>
    </biblStruct>
   </sourceDesc>
  </fileDesc>
  <encodingDesc>
   <classDecl>
    <xi:include href="taxonomy.xml"/>
   </classDecl>
  </encodingDesc>
  <profileDesc>
   <creation>
    <date notAfter="1872" notBefore="1871">
     1871-1872
    </date>
    <rs/>
   </creation>
   <textClass>
    <catRef target="#fiction" type="sphere"/>
    <catRef target="#произведения для детей" type="type"/>
    <catRef target="#works" type="works_letters_diaries"/>
    <catRef target="#азбука" type="ninetyDef"/>
    <catRef target="#Основное" type="main_var"/>
    <catRef target="#азбука" type="type_short"/>
    <catRef target="None" type="translation"/>
    <catRef target="None" type="translation_origin"/>
    <catRef target="#да" type="tolstoy_or_not"/>
    <catRef target="None" type="name_status"/>
   </textClass>
   <preparedness>
    finished
   </preparedness>
   <settingDesc>
    <time>
     XIX век
    </time>
   </settingDesc>
  </profileDesc>
  <xenoData>
   <cyclusName/>
   <p>
    Проект
    <title>
     Толстой.Digital
    </title>
    разрабатывается сотрудниками и студентами
    <orgName>
     Высшей школы экономики
    </orgName>
    в сотрудничестве с
    <orgName>
     Государственным музеем Л.Н. Толстого
    </orgName>
    . Источник текстов –
    <bibl>
     90-томное собрание сочинений Л.Н.Толстого
    </bibl>
    . Разметка основана на стандарте
    <ref target="http://www.tei-c.org">
     TEI (Text Encoding Initiative)
    </ref>
    .
   </p>
   <versionNumber/>
   <isFinished/>
   <isEdited/>
   <fullBibliographicDescription/>
  </xenoData>
 </teiHeader>
 <p rend="left emptyline">
  <pb n="372"/>
 </p>
 <div type="section" xml:id="ref165">
  <head rend="center">
   <hi rend="strong">
    <choice>
     <reg>
      КОМАР
     </reg>
    </choice>
    И
    <choice>
     <reg>
      ЛЕВ
     </reg>
    </choice>
    .
   </hi>
  </head>
  <p rend="left" uuid="532195ef-a523-427f-819c-d6912e5cb420">
   <choice>
    <reg>
     Комар
    </reg>
   </choice>
   <choice>
    <reg>
     прилетел
    </reg>
   </choice>
   ко льву и
   <choice>
    <reg>
     говорит
    </reg>
   </choice>
   : «ты думаешь,
   <choice>
    <reg>
     в
    </reg>
   </choice>
   <choice>
    <reg>
     тебе
    </reg>
   </choice>
   силы больше моего?
   <choice>
    <reg>
     Как
    </reg>
   </choice>
   бы не
   <choice>
    <reg>
     так
    </reg>
   </choice>
   ! Какая
   <choice>
    <reg>
     в
    </reg>
   </choice>
   <choice>
    <reg>
     тебе
    </reg>
   </choice>
   сила? Что царапаешь ногтями и грызёшь зубами; — это и бабы
   <choice>
    <reg>
     так-то
    </reg>
   </choice>
   <choice>
    <reg>
     с
    </reg>
   </choice>
   мужиками дерутся. Я
   <choice>
    <reg>
     сильнее
    </reg>
   </choice>
   тебя: хочешь, выходи на войну!» И
   <choice>
    <reg>
     комар
    </reg>
   </choice>
   <choice>
    <reg>
     затрубил
    </reg>
   </choice>
   и
   <choice>
    <reg>
     стал
    </reg>
   </choice>
   кусать льва
   <choice>
    <reg>
     в
    </reg>
   </choice>
   <choice>
    <reg>
     голые
    </reg>
   </choice>
   щёки и
   <choice>
    <reg>
     в
    </reg>
   </choice>
   <choice>
    <reg>
     нос
    </reg>
   </choice>
   .
   <choice>
    <reg>
     Лев
    </reg>
   </choice>
   <choice>
    <reg>
     стал
    </reg>
   </choice>
   бить себя по лицу лапами и драть когтями;
   <choice>
    <reg>
     изодрал
    </reg>
   </choice>
   <choice>
    <reg>
     себе
    </reg>
   </choice>
   <choice>
    <reg>
     в
    </reg>
   </choice>
   кровь всё лицо и
   <choice>
    <reg>
     из
    </reg>
   </choice>
   <choice>
    <reg>
     сил
    </reg>
   </choice>
   выбился.
  </p>
  <p rend="left" uuid="fc6609ea-37a8-4411-a5d1-f3dcd6617b61">
   <choice>
    <reg>
     Комар
    </reg>
   </choice>
   <choice>
    <reg>
     затрубил
    </reg>
   </choice>
   <choice>
    <reg>
     с
    </reg>
   </choice>
   радости и
   <choice>
    <reg>
     улетел
    </reg>
   </choice>
   .
   <choice>
    <reg>
     Потом
    </reg>
   </choice>
   запутался
   <choice>
    <reg>
     в
    </reg>
   </choice>
   паутину
   <choice>
    <reg>
     к
    </reg>
   </choice>
   пауку, и
   <choice>
    <reg>
     стал
    </reg>
   </choice>
   <choice>
    <reg>
     паук
    </reg>
   </choice>
   его сосать.
   <choice>
    <reg>
     Комар
    </reg>
   </choice>
   и
   <choice>
    <reg>
     говорит
    </reg>
   </choice>
   : «
   <choice>
    <reg>
     сильного
    </reg>
   </choice>
   <choice>
    <reg>
     зверя
    </reg>
   </choice>
   , льва,
   <choice>
    <reg>
     одолел
    </reg>
   </choice>
   , а
   <choice>
    <reg>
     вот
    </reg>
   </choice>
   <choice>
    <reg>
     от
    </reg>
   </choice>
   <choice>
    <reg>
     дрянного
    </reg>
   </choice>
   паука погибаю.»
  </p>
 </div>
</TEI>