<?xml version="1.0" encoding="utf-8"?>
<TEI xmlns="http://www.tei-c.org/ns/1.0" xmlns:xi="http://www.w3.org/2001/XInclude">
 <teiHeader>
  <fileDesc>
   <titleStmt>
    <title>
     Азбука. Книга I
    </title>
    <author>
     Толстой Л.Н.
    </author>
    <respStmt>
     <resp>
      подготовка TEI/XML
     </resp>
     <name>
      Мария Картышева, Евгений Можаев, Даниил Скоринкин, Елена Сидорова, Вероника Файнберг, Кирилл Милинцевич
     </name>
    </respStmt>
    <respStmt>
     <name>
      Анастасия Бонч-Осмоловская, Фёкла Толстая, Борис Орехов
     </name>
     <resp>
      Идея, постановка задач, руководство
     </resp>
    </respStmt>
   </titleStmt>
   <publicationStmt>
    <idno>
     Азбука  | Книга I
    </idno>
    <publisher>
     <orgName>
      Школа лингвистики НИУ ВШЭ
     </orgName>
    </publisher>
    <availability>
     <p>
      Тексты и метатекстовая разметка доступны для свободного использования и распространения по лицензии Creative Commons Attribution Share-Alike (cc by-sa)
     </p>
    </availability>
   </publicationStmt>
   <sourceDesc>
    <biblStruct>
     <analytic>
      <author>
       Толстой Л.Н.
      </author>
      <title level="a">
       Азбука. Книга I
      </title>
     </analytic>
     <monogr>
      <title level="m">
       Полное собрание сочинений. Том 22
      </title>
      <imprint>
       <pubPlace>
        Москва
       </pubPlace>
       <publisher>
        Государственное издательство "Художественная литература"
       </publisher>
       <date when="1871-1872"/>
      </imprint>
     </monogr>
     <series>
      <title level="s">
       Л.Н. Толстой. Полное собрание сочинений
      </title>
      <biblScope unit="vol">
       22
      </biblScope>
     </series>
    </biblStruct>
   </sourceDesc>
  </fileDesc>
  <encodingDesc>
   <classDecl>
    <xi:include href="taxonomy.xml"/>
   </classDecl>
  </encodingDesc>
  <profileDesc>
   <creation>
    <date notAfter="1872" notBefore="1871">
     1871-1872
    </date>
    <rs/>
   </creation>
   <textClass>
    <catRef target="#fiction" type="sphere"/>
    <catRef target="#произведения для детей" type="type"/>
    <catRef target="#works" type="works_letters_diaries"/>
    <catRef target="#азбука" type="ninetyDef"/>
    <catRef target="#Основное" type="main_var"/>
    <catRef target="#азбука" type="type_short"/>
    <catRef target="None" type="translation"/>
    <catRef target="None" type="translation_origin"/>
    <catRef target="#да" type="tolstoy_or_not"/>
    <catRef target="None" type="name_status"/>
   </textClass>
   <preparedness>
    finished
   </preparedness>
   <settingDesc>
    <time>
     XIX век
    </time>
   </settingDesc>
  </profileDesc>
  <xenoData>
   <cyclusName/>
   <p>
    Проект
    <title>
     Толстой.Digital
    </title>
    разрабатывается сотрудниками и студентами
    <orgName>
     Высшей школы экономики
    </orgName>
    в сотрудничестве с
    <orgName>
     Государственным музеем Л.Н. Толстого
    </orgName>
    . Источник текстов –
    <bibl>
     90-томное собрание сочинений Л.Н.Толстого
    </bibl>
    . Разметка основана на стандарте
    <ref target="http://www.tei-c.org">
     TEI (Text Encoding Initiative)
    </ref>
    .
   </p>
   <versionNumber/>
   <isFinished/>
   <isEdited/>
   <fullBibliographicDescription/>
  </xenoData>
 </teiHeader>
 <p rend="left emptyline">
  <pb n="76"/>
 </p>
 <div type="section" xml:id="ref20">
  <head rend="Azbuka left">
   <hi rend="strong">
    Ле
    <hi rend="italic">
     в
    </hi>
    ъ,
    <choice>
     <reg>
      медве
     </reg>
    </choice>
    <hi rend="italic">
     д
    </hi>
    ь и лисица.
   </hi>
  </head>
  <p rend="Azbuka left" uuid="2f21c8ed-f006-406c-9c73-f566a8dd6a5d">
   Ле
   <hi rend="italic">
    в
   </hi>
   ъ и медв
   <hi rend="big">
    ѣ
   </hi>
   <hi rend="italic">
    д
   </hi>
   ь д
   <hi rend="italic">
    о
   </hi>
   были мяса и стали за не
   <hi rend="italic">
    г
   </hi>
   о дра
   <hi rend="italic">
    ться.
   </hi>
   Медв
   <hi rend="big">
    ѣ
   </hi>
   <hi rend="italic">
    д
   </hi>
   ь не х
   <hi rend="italic">
    о
   </hi>
   <choice>
    <reg>
     тел
    </reg>
   </choice>
   уступить и ле
   <hi rend="italic">
    в
   </hi>
   ъ не
   <choice>
    <reg>
     уступал
    </reg>
   </choice>
   .
   <hi rend="italic">
    О
   </hi>
   ни
   <choice>
    <reg>
     так
    </reg>
   </choice>
   долго бились,
   <hi rend="italic">
    ч
   </hi>
   то
   <hi rend="italic">
    о
   </hi>
   <choice>
    <reg>
     слабели
    </reg>
   </choice>
   оба и легли. Лисица увидала пр
   <hi rend="italic">
    о
   </hi>
   ме
   <hi rend="italic">
    ж
   </hi>
   ь
   <choice>
    <reg>
     их
    </reg>
   </choice>
   мясо, п
   <hi rend="italic">
    од
   </hi>
   хватила е
   <hi rend="italic">
    г
   </hi>
   о и уб
   <hi rend="big">
    ѣ
   </hi>
   жала.
  </p>
 </div>
</TEI>