<?xml version="1.0" encoding="utf-8"?>
<TEI xmlns="http://www.tei-c.org/ns/1.0" xmlns:xi="http://www.w3.org/2001/XInclude">
 <teiHeader>
  <fileDesc>
   <titleStmt>
    <title>
     Азбука. Книга I
    </title>
    <author>
     Толстой Л.Н.
    </author>
    <respStmt>
     <resp>
      подготовка TEI/XML
     </resp>
     <name>
      Мария Картышева, Евгений Можаев, Даниил Скоринкин, Елена Сидорова, Вероника Файнберг, Кирилл Милинцевич
     </name>
    </respStmt>
    <respStmt>
     <name>
      Анастасия Бонч-Осмоловская, Фёкла Толстая, Борис Орехов
     </name>
     <resp>
      Идея, постановка задач, руководство
     </resp>
    </respStmt>
   </titleStmt>
   <publicationStmt>
    <idno>
     Азбука  | Книга I
    </idno>
    <publisher>
     <orgName>
      Школа лингвистики НИУ ВШЭ
     </orgName>
    </publisher>
    <availability>
     <p>
      Тексты и метатекстовая разметка доступны для свободного использования и распространения по лицензии Creative Commons Attribution Share-Alike (cc by-sa)
     </p>
    </availability>
   </publicationStmt>
   <sourceDesc>
    <biblStruct>
     <analytic>
      <author>
       Толстой Л.Н.
      </author>
      <title level="a">
       Азбука. Книга I
      </title>
     </analytic>
     <monogr>
      <title level="m">
       Полное собрание сочинений. Том 22
      </title>
      <imprint>
       <pubPlace>
        Москва
       </pubPlace>
       <publisher>
        Государственное издательство "Художественная литература"
       </publisher>
       <date when="1871-1872"/>
      </imprint>
     </monogr>
     <series>
      <title level="s">
       Л.Н. Толстой. Полное собрание сочинений
      </title>
      <biblScope unit="vol">
       22
      </biblScope>
     </series>
    </biblStruct>
   </sourceDesc>
  </fileDesc>
  <encodingDesc>
   <classDecl>
    <xi:include href="taxonomy.xml"/>
   </classDecl>
  </encodingDesc>
  <profileDesc>
   <creation>
    <date notAfter="1872" notBefore="1871">
     1871-1872
    </date>
    <rs/>
   </creation>
   <textClass>
    <catRef target="#fiction" type="sphere"/>
    <catRef target="#произведения для детей" type="type"/>
    <catRef target="#works" type="works_letters_diaries"/>
    <catRef target="#азбука" type="ninetyDef"/>
    <catRef target="#Основное" type="main_var"/>
    <catRef target="#азбука" type="type_short"/>
    <catRef target="None" type="translation"/>
    <catRef target="None" type="translation_origin"/>
    <catRef target="#да" type="tolstoy_or_not"/>
    <catRef target="None" type="name_status"/>
   </textClass>
   <preparedness>
    finished
   </preparedness>
   <settingDesc>
    <time>
     XIX век
    </time>
   </settingDesc>
  </profileDesc>
  <xenoData>
   <cyclusName/>
   <p>
    Проект
    <title>
     Толстой.Digital
    </title>
    разрабатывается сотрудниками и студентами
    <orgName>
     Высшей школы экономики
    </orgName>
    в сотрудничестве с
    <orgName>
     Государственным музеем Л.Н. Толстого
    </orgName>
    . Источник текстов –
    <bibl>
     90-томное собрание сочинений Л.Н.Толстого
    </bibl>
    . Разметка основана на стандарте
    <ref target="http://www.tei-c.org">
     TEI (Text Encoding Initiative)
    </ref>
    .
   </p>
   <versionNumber/>
   <isFinished/>
   <isEdited/>
   <fullBibliographicDescription/>
  </xenoData>
 </teiHeader>
 <p rend="left emptyline">
  <pb n="230"/>
 </p>
 <div type="section" xml:id="ref113">
  <head rend="center">
   <hi rend="strong">
    ЛОЗИНА.
   </hi>
  </head>
  <p rend="left" uuid="f1865194-ff53-4bbb-b523-456e8d341e67">
   На Святой
   <choice>
    <reg>
     мужик
    </reg>
   </choice>
   <choice>
    <reg>
     пошёл
    </reg>
   </choice>
   <choice>
    <reg>
     посмотреть
    </reg>
   </choice>
   — оттаяла ли земля?
  </p>
  <p rend="left" uuid="a0aefa2d-6846-4110-bd83-d0ba6b420763">
   <choice>
    <reg>
     Он
    </reg>
   </choice>
   <choice>
    <reg>
     вышел
    </reg>
   </choice>
   на
   <choice>
    <reg>
     огород
    </reg>
   </choice>
   и
   <choice>
    <reg>
     колом
    </reg>
   </choice>
   <choice>
    <reg>
     ощупал
    </reg>
   </choice>
   землю. Земля раскисла.
   <choice>
    <reg>
     Мужик
    </reg>
   </choice>
   <choice>
    <reg>
     пошёл
    </reg>
   </choice>
   <choice>
    <reg>
     в
    </reg>
   </choice>
   <choice>
    <reg>
     лес
    </reg>
   </choice>
   .
   <choice>
    <reg>
     В
    </reg>
   </choice>
   <choice>
    <reg>
     лесу
    </reg>
   </choice>
   на
   <choice>
    <reg>
     лозине
    </reg>
   </choice>
   уже надулись почки.
   <choice>
    <reg>
     Мужик
    </reg>
   </choice>
   и
   <choice>
    <reg>
     подумал
    </reg>
   </choice>
   : «дай обсажу
   <choice>
    <reg>
     огород
    </reg>
   </choice>
   лозиной;
   <choice>
    <reg>
     выростет
    </reg>
   </choice>
   — защита
   <choice>
    <reg>
     будет
    </reg>
   </choice>
   !»
   <choice>
    <reg>
     Взял
    </reg>
   </choice>
   <choice>
    <reg>
     топор
    </reg>
   </choice>
   ,
   <choice>
    <reg>
     нарубил
    </reg>
   </choice>
   <choice>
    <reg>
     десяток
    </reg>
   </choice>
   лозиннику,
   <choice>
    <reg>
     затесал
    </reg>
   </choice>
   <choice>
    <reg>
     с
    </reg>
   </choice>
   <choice>
    <reg>
     толстых
    </reg>
   </choice>
   <choice>
    <reg>
     концов
    </reg>
   </choice>
   кольями и
   <choice>
    <reg>
     воткнул
    </reg>
   </choice>
   <choice>
    <reg>
     в
    </reg>
   </choice>
   землю.
  </p>
  <p rend="left" uuid="5ed9fc14-5e54-414f-8af3-7efef2eed4c1">
   Всѣ лозинки выпустили побѣги вверху съ листьями и внизу подъ землёю выпустили такіе же побѣги замѣсто кореньевъ; и однѣ зацѣпились за землю и принялись, a другія неловко зацѣпились за землю кореньями — замерли и повалились.
  </p>
  <p rend="left" uuid="715ad752-1e56-4ec7-bfff-0a646fb7eec8">
   Къ осени мужикъ порадовался на свои лозины: шесть штукъ принялось. На другую весну овцы обгрызли четыре лозины, и двѣ только остались. На другую весну и эти обгрызли овцы. Одна совсѣмъ пропала, а другая справилась, стала окореняться и разрослась деревомъ. По веснамъ пчёлы гудмя гудѣли на лозинѣ. Въ роевщину часто на лозину сажались рои, и мужики огребали ихъ. Бабы и мужики часто завтракали и спали подъ лозиной; а ребята лазили на неё и выламывали изъ нея прутья.
  </p>
  <p rend="left" uuid="5bb0b94e-a404-4de8-8e34-ea576ba0922e">
   Мужикъ. — тотъ, что посадилъ лозину, давно уже умеръ, а она всё росла. Старшій сынъ два раза срубалъ съ нея сучья и топилъ ими. Лозина всё росла. Обрубятъ ее кругомъ, сдѣлаютъ шишку, а она на весну выпуститъ опять сучья, хоть и тоньше, но вдвое больше прежнихъ, какъ вихоръ у жеребёнка.
  </p>
  <p rend="left emptyline" uuid="1ef6c4af-5033-4750-a5a5-4b92b3481a21">
   <pb n="231"/>
  </p>
  <p rend="centerline" uuid="50574b4f-0c62-4a2d-8b6b-13db469e29a9">
   — 29 —
  </p>
  <p rend="left" uuid="cea81bb8-3d94-44ca-b5c4-94765d64e5d8">
   И старшій сынъ пересталъ хозяйничать, и деревню сселили, а лозина всё росла на чистомъ полѣ. Чужіе мужики ѣздили, рубили её — она всё росла. Грозой ударило въ лозину; она справилась боковыми сучьями, и всё росла и цвѣла. Одинъ мужикъ хотѣлъ срубить её на колоду, да бросилъ: она была дюже гнила. Лозина свалилась на бокъ и держалась только однимъ бокомъ, а всё росла, и всё каждый годъ прилетали пчёлы обирать съ ея цвѣтовъ поноску.
  </p>
  <p rend="left" uuid="aaa5944b-282d-422b-867a-c3f7399d47c3">
   Собрались разъ ребята рано весной стеречь лошадей подъ лозину. Показалось имъ холодно, они стали разводить огонь, набрали жнивья, чернобылу, хворосту. Одинъ влѣзъ на лозину, съ нея же наломалъ сучьевъ. Склали они всё въ дупло лозины и зажгли. Зашипѣла лозина, закипѣлъ въ ней сокъ, пошелъ дымъ и сталъ перебѣгать огонь; все нутро ея почернѣло. Сморщились молодые побѣги, цвѣты завяли. Ребята угнали домой лошадей. Обгорѣлая лозина осталась одна въ полѣ. Прилетѣлъ черный воронъ, сѣлъ на неё и закричалъ: что издохла старая кочерга, давно пора было.
  </p>
 </div>
</TEI>