<?xml version="1.0" encoding="utf-8"?>
<TEI xmlns="http://www.tei-c.org/ns/1.0" xmlns:xi="http://www.w3.org/2001/XInclude">
 <teiHeader>
  <fileDesc>
   <titleStmt>
    <title>
     Азбука. Книга I
    </title>
    <author>
     Толстой Л.Н.
    </author>
    <respStmt>
     <resp>
      подготовка TEI/XML
     </resp>
     <name>
      Мария Картышева, Евгений Можаев, Даниил Скоринкин, Елена Сидорова, Вероника Файнберг, Кирилл Милинцевич
     </name>
    </respStmt>
    <respStmt>
     <name>
      Анастасия Бонч-Осмоловская, Фёкла Толстая, Борис Орехов
     </name>
     <resp>
      Идея, постановка задач, руководство
     </resp>
    </respStmt>
   </titleStmt>
   <publicationStmt>
    <idno>
     Азбука  | Книга I
    </idno>
    <publisher>
     <orgName>
      Школа лингвистики НИУ ВШЭ
     </orgName>
    </publisher>
    <availability>
     <p>
      Тексты и метатекстовая разметка доступны для свободного использования и распространения по лицензии Creative Commons Attribution Share-Alike (cc by-sa)
     </p>
    </availability>
   </publicationStmt>
   <sourceDesc>
    <biblStruct>
     <analytic>
      <author>
       Толстой Л.Н.
      </author>
      <title level="a">
       Азбука. Книга I
      </title>
     </analytic>
     <monogr>
      <title level="m">
       Полное собрание сочинений. Том 22
      </title>
      <imprint>
       <pubPlace>
        Москва
       </pubPlace>
       <publisher>
        Государственное издательство "Художественная литература"
       </publisher>
       <date when="1871-1872"/>
      </imprint>
     </monogr>
     <series>
      <title level="s">
       Л.Н. Толстой. Полное собрание сочинений
      </title>
      <biblScope unit="vol">
       22
      </biblScope>
     </series>
    </biblStruct>
   </sourceDesc>
  </fileDesc>
  <encodingDesc>
   <classDecl>
    <xi:include href="taxonomy.xml"/>
   </classDecl>
  </encodingDesc>
  <profileDesc>
   <creation>
    <date notAfter="1872" notBefore="1871">
     1871-1872
    </date>
    <rs/>
   </creation>
   <textClass>
    <catRef target="#fiction" type="sphere"/>
    <catRef target="#произведения для детей" type="type"/>
    <catRef target="#works" type="works_letters_diaries"/>
    <catRef target="#азбука" type="ninetyDef"/>
    <catRef target="#Основное" type="main_var"/>
    <catRef target="#азбука" type="type_short"/>
    <catRef target="None" type="translation"/>
    <catRef target="None" type="translation_origin"/>
    <catRef target="#да" type="tolstoy_or_not"/>
    <catRef target="None" type="name_status"/>
   </textClass>
   <preparedness>
    finished
   </preparedness>
   <settingDesc>
    <time>
     XIX век
    </time>
   </settingDesc>
  </profileDesc>
  <xenoData>
   <cyclusName/>
   <p>
    Проект
    <title>
     Толстой.Digital
    </title>
    разрабатывается сотрудниками и студентами
    <orgName>
     Высшей школы экономики
    </orgName>
    в сотрудничестве с
    <orgName>
     Государственным музеем Л.Н. Толстого
    </orgName>
    . Источник текстов –
    <bibl>
     90-томное собрание сочинений Л.Н.Толстого
    </bibl>
    . Разметка основана на стандарте
    <ref target="http://www.tei-c.org">
     TEI (Text Encoding Initiative)
    </ref>
    .
   </p>
   <versionNumber/>
   <isFinished/>
   <isEdited/>
   <fullBibliographicDescription/>
  </xenoData>
 </teiHeader>
 <p rend="left emptyline">
  <pb n="66"/>
 </p>
 <p rend="Azbuka left" uuid="0af20e5a-aad8-4127-a4e8-5bbc530bdbeb">
  О
  <hi rend="over">
   <lb/>
   в
  </hi>
  цы х
  <hi rend="over">
   <lb/>
   о
  </hi>
  дили п
  <hi rend="over">
   <lb/>
   од
  </hi>
  ъ л
  <hi rend="big">
   ѣ
  </hi>
  с
  <hi rend="over">
   <lb/>
   о
  </hi>
  <choice>
   <reg>
    м
   </reg>
  </choice>
  ; два
  <hi rend="over">
   <lb/>
   я
  </hi>
  гнёнка
  <hi rend="over">
   <lb/>
   о
  </hi>
  тб
  <hi rend="big">
   ѣ
  </hi>
  жали
  <choice>
   <reg>
    от
   </reg>
  </choice>
  стада. Старая
  <hi rend="over">
   <lb/>
   ов
  </hi>
  ца сказала: „Не ш
  <hi rend="over">
   <lb/>
   а
  </hi>
  лите
  <hi rend="over">
   <lb/>
   я
  </hi>
  гнята, д
  <hi rend="over">
   <lb/>
   о
  </hi>
  ш
  <hi rend="over">
   <lb/>
   а
  </hi>
  литесь до б
  <hi rend="big">
   ѣ
  </hi>
  ды.“ А
  <choice>
   <reg>
    волк
   </reg>
  </choice>
  ст
  <hi rend="over">
   <lb/>
   о
  </hi>
  <choice>
   <reg>
    ял
   </reg>
  </choice>
  за
  <choice>
   <reg>
    кустом
   </reg>
  </choice>
  и
  <choice>
   <reg>
    сказал
   </reg>
  </choice>
  : „Не в
  <hi rend="big">
   ѣ
  </hi>
  рьте,
  <hi rend="over">
   <lb/>
   я
  </hi>
  гнята, старой
  <hi rend="over">
   <lb/>
   ов
  </hi>
  <choice>
   <reg>
    це
   </reg>
  </choice>
  ;
  <hi rend="over">
   <lb/>
   о
  </hi>
  на г
  <hi rend="over">
   <lb/>
   о
  </hi>
  в
  <hi rend="over">
   <lb/>
   о
  </hi>
  <choice>
   <reg>
    рит
   </reg>
  </choice>
  <choice>
   <reg>
    так
   </reg>
  </choice>
  п
  <hi rend="over">
   <lb/>
   о
  </hi>
  т
  <hi rend="over">
   <lb/>
   о
  </hi>
  му,
  <hi rend="over">
   <lb/>
   ч
  </hi>
  то у не
  <hi rend="over">
   <lb/>
   я
  </hi>
  ноги
  <choice>
   <reg>
    неходят
   </reg>
  </choice>
  <hi rend="over">
   <lb/>
   о
  </hi>
  <choice>
   <reg>
    т
   </reg>
  </choice>
  стар
  <hi rend="over">
   <lb/>
   о
  </hi>
  сти и ей завидно.
  <choice>
   <reg>
    Зачем
   </reg>
  </choice>
  <choice>
   <reg>
    вам
   </reg>
  </choice>
  скучать? — б
  <hi rend="big">
   ѣ
  </hi>
  гайте больше.“
  <hi rend="over">
   <lb/>
   Я
  </hi>
  гнята п
  <hi rend="over">
   <lb/>
   о
  </hi>
  слушали волка и поб
  <hi rend="big">
   ѣ
  </hi>
  жали, а
  <choice>
   <reg>
    волк
   </reg>
  </choice>
  п
  <hi rend="over">
   <lb/>
   о
  </hi>
  <choice>
   <reg>
    ймал
   </reg>
  </choice>
  <choice>
   <reg>
    их
   </reg>
  </choice>
  и зар
  <hi rend="big">
   ѣ
  </hi>
  <choice>
   <reg>
    зал
   </reg>
  </choice>
  . Ш
  <hi rend="over">
   <lb/>
   а
  </hi>
  л
  <hi rend="over">
   <lb/>
   о
  </hi>
  вливая
  <hi rend="over">
   <lb/>
   ов
  </hi>
  ца волку к
  <hi rend="over">
   <lb/>
   о
  </hi>
  рысть.
 </p>
</TEI>