<?xml version="1.0" encoding="utf-8"?>
<TEI xmlns="http://www.tei-c.org/ns/1.0" xmlns:xi="http://www.w3.org/2001/XInclude">
 <teiHeader>
  <fileDesc>
   <titleStmt>
    <title>
     Азбука. Книга I
    </title>
    <author>
     Толстой Л.Н.
    </author>
    <respStmt>
     <resp>
      подготовка TEI/XML
     </resp>
     <name>
      Мария Картышева, Евгений Можаев, Даниил Скоринкин, Елена Сидорова, Вероника Файнберг, Кирилл Милинцевич
     </name>
    </respStmt>
    <respStmt>
     <name>
      Анастасия Бонч-Осмоловская, Фёкла Толстая, Борис Орехов
     </name>
     <resp>
      Идея, постановка задач, руководство
     </resp>
    </respStmt>
   </titleStmt>
   <publicationStmt>
    <idno>
     Азбука  | Книга I
    </idno>
    <publisher>
     <orgName>
      Школа лингвистики НИУ ВШЭ
     </orgName>
    </publisher>
    <availability>
     <p>
      Тексты и метатекстовая разметка доступны для свободного использования и распространения по лицензии Creative Commons Attribution Share-Alike (cc by-sa)
     </p>
    </availability>
   </publicationStmt>
   <sourceDesc>
    <biblStruct>
     <analytic>
      <author>
       Толстой Л.Н.
      </author>
      <title level="a">
       Азбука. Книга I
      </title>
     </analytic>
     <monogr>
      <title level="m">
       Полное собрание сочинений. Том 22
      </title>
      <imprint>
       <pubPlace>
        Москва
       </pubPlace>
       <publisher>
        Государственное издательство "Художественная литература"
       </publisher>
       <date when="1871-1872"/>
      </imprint>
     </monogr>
     <series>
      <title level="s">
       Л.Н. Толстой. Полное собрание сочинений
      </title>
      <biblScope unit="vol">
       22
      </biblScope>
     </series>
    </biblStruct>
   </sourceDesc>
  </fileDesc>
  <encodingDesc>
   <classDecl>
    <xi:include href="taxonomy.xml"/>
   </classDecl>
  </encodingDesc>
  <profileDesc>
   <creation>
    <date notAfter="1872" notBefore="1871">
     1871-1872
    </date>
    <rs/>
   </creation>
   <textClass>
    <catRef target="#fiction" type="sphere"/>
    <catRef target="#произведения для детей" type="type"/>
    <catRef target="#works" type="works_letters_diaries"/>
    <catRef target="#азбука" type="ninetyDef"/>
    <catRef target="#Основное" type="main_var"/>
    <catRef target="#азбука" type="type_short"/>
    <catRef target="None" type="translation"/>
    <catRef target="None" type="translation_origin"/>
    <catRef target="#да" type="tolstoy_or_not"/>
    <catRef target="None" type="name_status"/>
   </textClass>
   <preparedness>
    finished
   </preparedness>
   <settingDesc>
    <time>
     XIX век
    </time>
   </settingDesc>
  </profileDesc>
  <xenoData>
   <cyclusName/>
   <p>
    Проект
    <title>
     Толстой.Digital
    </title>
    разрабатывается сотрудниками и студентами
    <orgName>
     Высшей школы экономики
    </orgName>
    в сотрудничестве с
    <orgName>
     Государственным музеем Л.Н. Толстого
    </orgName>
    . Источник текстов –
    <bibl>
     90-томное собрание сочинений Л.Н.Толстого
    </bibl>
    . Разметка основана на стандарте
    <ref target="http://www.tei-c.org">
     TEI (Text Encoding Initiative)
    </ref>
    .
   </p>
   <versionNumber/>
   <isFinished/>
   <isEdited/>
   <fullBibliographicDescription/>
  </xenoData>
 </teiHeader>
 <p rend="left emptyline">
  <pb n="579"/>
 </p>
 <div type="section" xml:id="ref252">
  <head rend="center">
   <hi rend="strong">
    ОХОТА ПУЩЕ НЕВОЛИ.
   </hi>
  </head>
  <p rend="left" uuid="bfa094d9-7cbd-414f-8461-93b30a797565">
   Мы были на
   <choice>
    <reg>
     охоте
    </reg>
   </choice>
   за
   <choice>
    <reg>
     медведями
    </reg>
   </choice>
   . Товарищу пришлось
   <choice>
    <reg>
     стрелять
    </reg>
   </choice>
   по
   <choice>
    <reg>
     медведю
    </reg>
   </choice>
   ;
   <choice>
    <reg>
     он
    </reg>
   </choice>
   <choice>
    <reg>
     ранил
    </reg>
   </choice>
   его, да
   <choice>
    <reg>
     в
    </reg>
   </choice>
   мягкое
   <choice>
    <reg>
     место
    </reg>
   </choice>
   . Осталось немного крови на
   <choice>
    <reg>
     снегу
    </reg>
   </choice>
   , а
   <choice>
    <reg>
     медведь
    </reg>
   </choice>
   <choice>
    <reg>
     ушел
    </reg>
   </choice>
   .
  </p>
  <p rend="left" uuid="b69fd11a-cc5b-4bb4-9275-8a57af1ecacf">
   Мы сошлись
   <choice>
    <reg>
     в
    </reg>
   </choice>
   <choice>
    <reg>
     лесу
    </reg>
   </choice>
   и стали судить,
   <choice>
    <reg>
     как
    </reg>
   </choice>
   <choice>
    <reg>
     нам
    </reg>
   </choice>
   быть: идти ли теперь
   <choice>
    <reg>
     отыскивать
    </reg>
   </choice>
   этого
   <choice>
    <reg>
     медведя
    </reg>
   </choice>
   , или подождать дня три, пока
   <choice>
    <reg>
     медведь
    </reg>
   </choice>
   уляжется.
  </p>
  <p rend="left" uuid="c07ea6c1-fd40-4303-bf23-b746bf168357">
   Стали мы спрашивать
   <choice>
    <reg>
     мужиков
    </reg>
   </choice>
   <choice>
    <reg>
     медвежатников
    </reg>
   </choice>
   , можно или нельзя обойти теперь этого
   <choice>
    <reg>
     медведя
    </reg>
   </choice>
   ?
   <choice>
    <reg>
     Старик
    </reg>
   </choice>
   <choice>
    <reg>
     медвежатник
    </reg>
   </choice>
   <choice>
    <reg>
     говорил
    </reg>
   </choice>
   : «нельзя, надо
   <choice>
    <reg>
     медведю
    </reg>
   </choice>
   дать остепениться; дней
   <choice>
    <reg>
     через
    </reg>
   </choice>
   пять обойти можно, а
  </p>
  <p rend="left emptyline" uuid="18701b47-def3-430c-832a-c32aa2b77298">
   <pb n="580"/>
  </p>
  <p rend="centerline" uuid="522097f0-0966-47b0-a2d2-1be0537739ae">
   — 20 —
  </p>
  <p rend="notindent" uuid="649393c2-bb65-42c0-9dab-bdf1af38af3f">
   теперь за
   <choice>
    <reg>
     ним
    </reg>
   </choice>
   ходить — только напугаешь,
   <choice>
    <reg>
     он
    </reg>
   </choice>
   и не
   <choice>
    <reg>
     ляжет
    </reg>
   </choice>
   ».
  </p>
  <p rend="left" uuid="79673fb4-da92-4819-baa1-a12a76555cd5">
   А молодой
   <choice>
    <reg>
     мужик
    </reg>
   </choice>
   <choice>
    <reg>
     медвежатник
    </reg>
   </choice>
   <choice>
    <reg>
     спорил
    </reg>
   </choice>
   <choice>
    <reg>
     с
    </reg>
   </choice>
   <choice>
    <reg>
     стариком
    </reg>
   </choice>
   и
   <choice>
    <reg>
     говорил
    </reg>
   </choice>
   , что обойти теперь можно. «По этому
   <choice>
    <reg>
     снегу
    </reg>
   </choice>
   », говорить, «
   <choice>
    <reg>
     медведь
    </reg>
   </choice>
   далеко не
   <choice>
    <reg>
     уйдет
    </reg>
   </choice>
   , —
   <choice>
    <reg>
     медведь
    </reg>
   </choice>
   жирный.
   <choice>
    <reg>
     Он
    </reg>
   </choice>
   нынче же
   <choice>
    <reg>
     ляжет
    </reg>
   </choice>
   . А не
   <choice>
    <reg>
     ляжет
    </reg>
   </choice>
   ,
   <choice>
    <reg>
     так
    </reg>
   </choice>
   я его на
   <choice>
    <reg>
     лыжах
    </reg>
   </choice>
   догоню».
  </p>
  <p rend="left" uuid="ea1abefb-b589-4186-b520-b1b547cf4454">
   И
   <choice>
    <reg>
     товарищ
    </reg>
   </choice>
   мой тоже не
   <choice>
    <reg>
     хотел
    </reg>
   </choice>
   теперь обходить и
   <choice>
    <reg>
     советовал
    </reg>
   </choice>
   подождать.
  </p>
  <p rend="left" uuid="f718b51c-adcc-4b34-83e3-9fd55a983d7b">
   Я и говорю: «Да что спорить. Вы
   <choice>
    <reg>
     делайте
    </reg>
   </choice>
   <choice>
    <reg>
     как
    </reg>
   </choice>
   хотите, а я пойду
   <choice>
    <reg>
     с
    </reg>
   </choice>
   <choice>
    <reg>
     Демьяном
    </reg>
   </choice>
   по
   <choice>
    <reg>
     следу
    </reg>
   </choice>
   .
   <choice>
    <reg>
     Обойдем
    </reg>
   </choice>
   — хорошо, не
   <choice>
    <reg>
     обойдем
    </reg>
   </choice>
   — все равно
   <choice>
    <reg>
     делать
    </reg>
   </choice>
   нынче нечего, а еще не поздно».
  </p>
  <p rend="left" uuid="88480c8e-5952-4d96-b1ef-4b42a45ef95e">
   <choice>
    <reg>
     Так
    </reg>
   </choice>
   и
   <choice>
    <reg>
     сделали
    </reg>
   </choice>
   .
  </p>
  <p rend="left" uuid="8603c09e-6576-41d3-bdb9-ec8f0f4aa3ad">
   Товарищи пошли
   <choice>
    <reg>
     к
    </reg>
   </choice>
   <choice>
    <reg>
     саням
    </reg>
   </choice>
   , да
   <choice>
    <reg>
     в
    </reg>
   </choice>
   деревню, а мы
   <choice>
    <reg>
     с
    </reg>
   </choice>
   <choice>
    <reg>
     Демьяном
    </reg>
   </choice>
   взяли
   <choice>
    <reg>
     с
    </reg>
   </choice>
   собой
   <choice>
    <reg>
     хлеба
    </reg>
   </choice>
   и остались
   <choice>
    <reg>
     в
    </reg>
   </choice>
   <choice>
    <reg>
     лесу
    </reg>
   </choice>
   .
  </p>
  <p rend="left" uuid="4c178025-d7a4-4f7e-bfbd-24207a964411">
   <choice>
    <reg>
     Как
    </reg>
   </choice>
   ушли
   <choice>
    <reg>
     все
    </reg>
   </choice>
   <choice>
    <reg>
     от
    </reg>
   </choice>
   <choice>
    <reg>
     нас
    </reg>
   </choice>
   , мы
   <choice>
    <reg>
     с
    </reg>
   </choice>
   <choice>
    <reg>
     Демьяном
    </reg>
   </choice>
   <choice>
    <reg>
     осмотрели
    </reg>
   </choice>
   ружья, подоткнули шубы за пояса и пошли по
   <choice>
    <reg>
     следу
    </reg>
   </choice>
   .
  </p>
  <p rend="left" uuid="dd753b86-5453-42c0-92b3-1eb24bab5962">
   Погода была хорошая: морозно и тихо. Но ходьба на
   <choice>
    <reg>
     лыжах
    </reg>
   </choice>
   была трудная:
   <choice>
    <reg>
     снег
    </reg>
   </choice>
   <choice>
    <reg>
     был
    </reg>
   </choice>
   <choice>
    <reg>
     глубокий
    </reg>
   </choice>
   и праховый. Осадки
   <choice>
    <reg>
     снега
    </reg>
   </choice>
   <choice>
    <reg>
     в
    </reg>
   </choice>
   <choice>
    <reg>
     лесу
    </reg>
   </choice>
   не было, да еще
   <choice>
    <reg>
     снежок
    </reg>
   </choice>
   <choice>
    <reg>
     выпал
    </reg>
   </choice>
   <choice>
    <reg>
     накануне
    </reg>
   </choice>
   ,
   <choice>
    <reg>
     так
    </reg>
   </choice>
   что лыжи уходили
   <choice>
    <reg>
     в
    </reg>
   </choice>
   <choice>
    <reg>
     снег
    </reg>
   </choice>
   на четверть, a
   <choice>
    <reg>
     где
    </reg>
   </choice>
   и больше.
  </p>
  <p rend="left" uuid="a0f4d2e5-e086-4b89-aed4-0112d9775fdb">
   <choice>
    <reg>
     Медвежий
    </reg>
   </choice>
   <choice>
    <reg>
     след
    </reg>
   </choice>
   издалека
   <choice>
    <reg>
     был
    </reg>
   </choice>
   <choice>
    <reg>
     виден
    </reg>
   </choice>
   . Видно было,
   <choice>
    <reg>
     как
    </reg>
   </choice>
   <choice>
    <reg>
     шел
    </reg>
   </choice>
   <choice>
    <reg>
     медведь
    </reg>
   </choice>
   ,
   <choice>
    <reg>
     как
    </reg>
   </choice>
   <choice>
    <reg>
     местами
    </reg>
   </choice>
   по брюхо проваливался и
   <choice>
    <reg>
     выворачивал
    </reg>
   </choice>
   <choice>
    <reg>
     снег
    </reg>
   </choice>
   . Мы шли сначала
   <choice>
    <reg>
     в
    </reg>
   </choice>
   виду
   <choice>
    <reg>
     от
    </reg>
   </choice>
   <choice>
    <reg>
     следа
    </reg>
   </choice>
   ,
   <choice>
    <reg>
     крупным
    </reg>
   </choice>
   <choice>
    <reg>
     лесом
    </reg>
   </choice>
   ; а
   <choice>
    <reg>
     потом
    </reg>
   </choice>
   ,
   <choice>
    <reg>
     как
    </reg>
   </choice>
   <choice>
    <reg>
     пошел
    </reg>
   </choice>
   <choice>
    <reg>
     след
    </reg>
   </choice>
   <choice>
    <reg>
     в
    </reg>
   </choice>
   <choice>
    <reg>
     мелкий
    </reg>
   </choice>
   <choice>
    <reg>
     ельник
    </reg>
   </choice>
   ,
   <choice>
    <reg>
     Демьян
    </reg>
   </choice>
   остановился. «Надо»,
   <choice>
    <reg>
     говорит
    </reg>
   </choice>
   , «бросать
   <choice>
    <reg>
     след
    </reg>
   </choice>
   . Должно быть
   <choice>
    <reg>
     здесь
    </reg>
   </choice>
   <choice>
    <reg>
     ляжет
    </reg>
   </choice>
   .
  </p>
  <p rend="left emptyline" uuid="ba9e3dc7-385c-4af2-8fed-ea1d9201a2f7">
   <pb n="581"/>
  </p>
  <p rend="centerline" uuid="833f8544-fbfd-4fad-ad47-26187fb96b29">
   — 21 —
  </p>
  <p rend="left" uuid="98bce44c-e21a-4f87-8a39-13d0aad540c6">
   Присаживаться
   <choice>
    <reg>
     стал
    </reg>
   </choice>
   — на
   <choice>
    <reg>
     снегу
    </reg>
   </choice>
   видно.
   <choice>
    <reg>
     Пойдем
    </reg>
   </choice>
   прочь
   <choice>
    <reg>
     от
    </reg>
   </choice>
   <choice>
    <reg>
     следа
    </reg>
   </choice>
   и
   <choice>
    <reg>
     круг
    </reg>
   </choice>
   <choice>
    <reg>
     дадим
    </reg>
   </choice>
   . Только тише идти надо; не кричать, не кашлять, а то спугнешь».
  </p>
  <p rend="left" uuid="7170d207-cdb6-425e-957e-43bd82fc3e8a">
   Пошли мы прочь
   <choice>
    <reg>
     от
    </reg>
   </choice>
   <choice>
    <reg>
     следа
    </reg>
   </choice>
   ,
   <choice>
    <reg>
     влево
    </reg>
   </choice>
   . Прошли
   <choice>
    <reg>
     шагов
    </reg>
   </choice>
   <choice>
    <reg>
     пятьсот
    </reg>
   </choice>
   ,
   <choice>
    <reg>
     глядим
    </reg>
   </choice>
   —
   <choice>
    <reg>
     след
    </reg>
   </choice>
   <choice>
    <reg>
     медвежий
    </reg>
   </choice>
   опять
   <choice>
    <reg>
     перед
    </reg>
   </choice>
   нами. Пошли мы опять по
   <choice>
    <reg>
     следу
    </reg>
   </choice>
   , и
   <choice>
    <reg>
     вывел
    </reg>
   </choice>
   <choice>
    <reg>
     нас
    </reg>
   </choice>
   <choice>
    <reg>
     этот
    </reg>
   </choice>
   <choice>
    <reg>
     след
    </reg>
   </choice>
   на дорогу. Остановились мы на
   <choice>
    <reg>
     дороге
    </reg>
   </choice>
   и стали
   <choice>
    <reg>
     рассматривать
    </reg>
   </choice>
   ,
   <choice>
    <reg>
     в
    </reg>
   </choice>
   какую сторону
   <choice>
    <reg>
     пошел
    </reg>
   </choice>
   <choice>
    <reg>
     медведь
    </reg>
   </choice>
   .
   <choice>
    <reg>
     Кое-где
    </reg>
   </choice>
   по
   <choice>
    <reg>
     дороге
    </reg>
   </choice>
   видно было,
   <choice>
    <reg>
     как
    </reg>
   </choice>
   всю лапу
   <choice>
    <reg>
     с
    </reg>
   </choice>
   пальцами
   <choice>
    <reg>
     отпечатал
    </reg>
   </choice>
   <choice>
    <reg>
     медведь
    </reg>
   </choice>
   , a
   <choice>
    <reg>
     кое-где
    </reg>
   </choice>
   —
   <choice>
    <reg>
     как
    </reg>
   </choice>
   <choice>
    <reg>
     в
    </reg>
   </choice>
   <choice>
    <reg>
     лаптях
    </reg>
   </choice>
   <choice>
    <reg>
     мужик
    </reg>
   </choice>
   <choice>
    <reg>
     ступал
    </reg>
   </choice>
   по
   <choice>
    <reg>
     дороге
    </reg>
   </choice>
   . Видно что
   <choice>
    <reg>
     пошел
    </reg>
   </choice>
   <choice>
    <reg>
     он
    </reg>
   </choice>
   <choice>
    <reg>
     к
    </reg>
   </choice>
   <choice>
    <reg>
     деревне
    </reg>
   </choice>
   .
  </p>
  <p rend="left" uuid="5f469bb0-7af3-4914-b652-30cadec97bdd">
   Пошли мы по
   <choice>
    <reg>
     дороге
    </reg>
   </choice>
   .
   <choice>
    <reg>
     Демьян
    </reg>
   </choice>
   и
   <choice>
    <reg>
     говорит
    </reg>
   </choice>
   : «Теперь
   <choice>
    <reg>
     смотреть
    </reg>
   </choice>
   нечего на дорогу,
   <choice>
    <reg>
     где
    </reg>
   </choice>
   <choice>
    <reg>
     сойдет
    </reg>
   </choice>
   <choice>
    <reg>
     с
    </reg>
   </choice>
   дороги вправо или
   <choice>
    <reg>
     влево
    </reg>
   </choice>
   — видно
   <choice>
    <reg>
     будет
    </reg>
   </choice>
   <choice>
    <reg>
     в
    </reg>
   </choice>
   <choice>
    <reg>
     снегу
    </reg>
   </choice>
   .
   <choice>
    <reg>
     Где-нибудь
    </reg>
   </choice>
   <choice>
    <reg>
     своротит
    </reg>
   </choice>
   , не
   <choice>
    <reg>
     пойдет
    </reg>
   </choice>
   же
   <choice>
    <reg>
     в
    </reg>
   </choice>
   деревню».
  </p>
  <p rend="left" uuid="ced742fd-5303-4cd9-9d3f-e9b1c97d0bfd">
   Прошли мы
   <choice>
    <reg>
     так
    </reg>
   </choice>
   по
   <choice>
    <reg>
     дороге
    </reg>
   </choice>
   <choice>
    <reg>
     с
    </reg>
   </choice>
   версту;
   <choice>
    <reg>
     видим
    </reg>
   </choice>
   впереди —
   <choice>
    <reg>
     след
    </reg>
   </choice>
   <choice>
    <reg>
     с
    </reg>
   </choice>
   дороги.
   <choice>
    <reg>
     Посмотрели
    </reg>
   </choice>
   — что за чудо!
   <choice>
    <reg>
     След
    </reg>
   </choice>
   <choice>
    <reg>
     медвежий
    </reg>
   </choice>
   , да не
   <choice>
    <reg>
     с
    </reg>
   </choice>
   дороги
   <choice>
    <reg>
     в
    </reg>
   </choice>
   <choice>
    <reg>
     лес
    </reg>
   </choice>
   , а
   <choice>
    <reg>
     из
    </reg>
   </choice>
   <choice>
    <reg>
     лесу
    </reg>
   </choice>
   на дорогу
   <choice>
    <reg>
     идет
    </reg>
   </choice>
   : пальцами
   <choice>
    <reg>
     к
    </reg>
   </choice>
   <choice>
    <reg>
     дороге
    </reg>
   </choice>
   . Я говорю: «это другой
   <choice>
    <reg>
     медведь
    </reg>
   </choice>
   ».
   <choice>
    <reg>
     Демьян
    </reg>
   </choice>
   <choice>
    <reg>
     посмотрел
    </reg>
   </choice>
   ,
   <choice>
    <reg>
     подумал
    </reg>
   </choice>
   . «
   <choice>
    <reg>
     Нет
    </reg>
   </choice>
   »,
   <choice>
    <reg>
     говорит
    </reg>
   </choice>
   , «это
   <choice>
    <reg>
     он
    </reg>
   </choice>
   самый, только обманывать
   <choice>
    <reg>
     начал
    </reg>
   </choice>
   .
   <choice>
    <reg>
     Он
    </reg>
   </choice>
   <choice>
    <reg>
     задом
    </reg>
   </choice>
   <choice>
    <reg>
     с
    </reg>
   </choice>
   дороги
   <choice>
    <reg>
     сошел
    </reg>
   </choice>
   ». Пошли мы по
   <choice>
    <reg>
     следу
    </reg>
   </choice>
   —
   <choice>
    <reg>
     так
    </reg>
   </choice>
   и есть. Видно
   <choice>
    <reg>
     медведь
    </reg>
   </choice>
   <choice>
    <reg>
     прошел
    </reg>
   </choice>
   <choice>
    <reg>
     с
    </reg>
   </choice>
   дороги
   <choice>
    <reg>
     шагов
    </reg>
   </choice>
   десять
   <choice>
    <reg>
     задом
    </reg>
   </choice>
   ,
   <choice>
    <reg>
     зашел
    </reg>
   </choice>
   за сосну, повернулся и
   <choice>
    <reg>
     пошел
    </reg>
   </choice>
   прямо.
   <choice>
    <reg>
     Демьян
    </reg>
   </choice>
   остановился и
   <choice>
    <reg>
     говорит
    </reg>
   </choice>
   : «Теперь
   <choice>
    <reg>
     верно
    </reg>
   </choice>
   <choice>
    <reg>
     обойдем
    </reg>
   </choice>
   . Больше ему и лечь
   <choice>
    <reg>
     негде
    </reg>
   </choice>
   ,
   <choice>
    <reg>
     как
    </reg>
   </choice>
   <choice>
    <reg>
     в
    </reg>
   </choice>
   <choice>
    <reg>
     этом
    </reg>
   </choice>
   <choice>
    <reg>
     болоте
    </reg>
   </choice>
   .
   <choice>
    <reg>
     Пойдем
    </reg>
   </choice>
   <choice>
    <reg>
     в
    </reg>
   </choice>
   <choice>
    <reg>
     обход
    </reg>
   </choice>
   ».
  </p>
  <p rend="left" uuid="5cffe461-ff3e-4cd5-94bf-650228621737">
   Пошли мы
   <choice>
    <reg>
     в
    </reg>
   </choice>
   <choice>
    <reg>
     обход
    </reg>
   </choice>
   , по частому ельнику. Я
   <choice>
    <reg>
     уж
    </reg>
   </choice>
   уморился, да и
   <choice>
    <reg>
     труднее
    </reg>
   </choice>
   стало
   <choice>
    <reg>
     ехать
    </reg>
   </choice>
   . То на
   <choice>
    <reg>
     куст
    </reg>
   </choice>
   можжевеловый
   <choice>
    <reg>
     наедешь
    </reg>
   </choice>
   ,
   <choice>
    <reg>
     зацепишь
    </reg>
   </choice>
   ; то
   <choice>
    <reg>
     промеж
    </reg>
   </choice>
   <choice>
    <reg>
     ног
    </reg>
   </choice>
  </p>
  <p rend="left emptyline" uuid="53b56253-cc82-4c8b-93a2-5bf71db33272">
   <pb n="582"/>
  </p>
  <p rend="centerline" uuid="250fbbb0-e3a3-4fe8-a5e7-bc2eb194e253">
   — 22 —
  </p>
  <p rend="notindent" uuid="0b13cdf1-f5d9-404c-aab4-b77a2f304101">
   елочка подвернется, то лыжа свернется
   <choice>
    <reg>
     без
    </reg>
   </choice>
   привычки, то на пень, то на колоду
   <choice>
    <reg>
     наедешь
    </reg>
   </choice>
   <choice>
    <reg>
     под
    </reg>
   </choice>
   <choice>
    <reg>
     снегом
    </reg>
   </choice>
   .
   <choice>
    <reg>
     Стал
    </reg>
   </choice>
   <choice>
    <reg>
     уж
    </reg>
   </choice>
   я уставать.
   <choice>
    <reg>
     Снял
    </reg>
   </choice>
   я шубу, и
   <choice>
    <reg>
     пот
    </reg>
   </choice>
   <choice>
    <reg>
     с
    </reg>
   </choice>
   меня
   <choice>
    <reg>
     так
    </reg>
   </choice>
   и
   <choice>
    <reg>
     льет
    </reg>
   </choice>
   . А
   <choice>
    <reg>
     Демьян
    </reg>
   </choice>
   —
   <choice>
    <reg>
     как
    </reg>
   </choice>
   на
   <choice>
    <reg>
     лодке
    </reg>
   </choice>
   <choice>
    <reg>
     плывет
    </reg>
   </choice>
   . Точно сами
   <choice>
    <reg>
     под
    </reg>
   </choice>
   <choice>
    <reg>
     ним
    </reg>
   </choice>
   лыжи
   <choice>
    <reg>
     ходят
    </reg>
   </choice>
   . Не
   <choice>
    <reg>
     зацепит
    </reg>
   </choice>
   <choice>
    <reg>
     нигде
    </reg>
   </choice>
   , не свернется. И мою шубу еще
   <choice>
    <reg>
     себе
    </reg>
   </choice>
   за плечи
   <choice>
    <reg>
     перекинул
    </reg>
   </choice>
   , и все меня
   <choice>
    <reg>
     понукивает
    </reg>
   </choice>
   .
  </p>
  <p rend="left" uuid="738d83f1-f7a3-4a26-8f42-c2e8ba025835">
   Дали мы
   <choice>
    <reg>
     круг
    </reg>
   </choice>
   версты
   <choice>
    <reg>
     в
    </reg>
   </choice>
   три, обошли болото. Я уже отставать
   <choice>
    <reg>
     стал
    </reg>
   </choice>
   , — лыжи сворачиваются, ноги путаются. Остановился
   <choice>
    <reg>
     вдруг
    </reg>
   </choice>
   впе́реди меня
   <choice>
    <reg>
     Демьян
    </reg>
   </choice>
   и
   <choice>
    <reg>
     машет
    </reg>
   </choice>
   рукой. Я
   <choice>
    <reg>
     подошел
    </reg>
   </choice>
   , —
   <choice>
    <reg>
     Демьян
    </reg>
   </choice>
   пригнулся,
   <choice>
    <reg>
     шепчет
    </reg>
   </choice>
   и
   <choice>
    <reg>
     показывает
    </reg>
   </choice>
   : «Видишь, сорока
   <choice>
    <reg>
     над
    </reg>
   </choice>
   <choice>
    <reg>
     ломом
    </reg>
   </choice>
   <choice>
    <reg>
     щекочет
    </reg>
   </choice>
   ; птица издалече его
   <choice>
    <reg>
     дух
    </reg>
   </choice>
   <choice>
    <reg>
     слышит
    </reg>
   </choice>
   . Это
   <choice>
    <reg>
     он
    </reg>
   </choice>
   ».
  </p>
  <p rend="left" uuid="0f6677d6-9ec3-4901-b2a8-186a9a0a3f03">
   Взяли мы прочь, прошли еще
   <choice>
    <reg>
     с
    </reg>
   </choice>
   версту и нашли опять на старый
   <choice>
    <reg>
     след
    </reg>
   </choice>
   .
   <choice>
    <reg>
     Так
    </reg>
   </choice>
   что мы
   <choice>
    <reg>
     кругом
    </reg>
   </choice>
   обошли
   <choice>
    <reg>
     медведя
    </reg>
   </choice>
   , и
   <choice>
    <reg>
     он
    </reg>
   </choice>
   <choice>
    <reg>
     в
    </reg>
   </choice>
   <choice>
    <reg>
     середине
    </reg>
   </choice>
   нашего обхода остался. Остановились мы. Я и шапку
   <choice>
    <reg>
     снял
    </reg>
   </choice>
   и
   <choice>
    <reg>
     расстегнулся
    </reg>
   </choice>
   весь: жарко
   <choice>
    <reg>
     мне
    </reg>
   </choice>
   <choice>
    <reg>
     как
    </reg>
   </choice>
   <choice>
    <reg>
     в
    </reg>
   </choice>
   <choice>
    <reg>
     бане
    </reg>
   </choice>
   , и весь
   <choice>
    <reg>
     как
    </reg>
   </choice>
   мышь мокрый. И
   <choice>
    <reg>
     Демьян
    </reg>
   </choice>
   <choice>
    <reg>
     раскраснелся
    </reg>
   </choice>
   ,
   <choice>
    <reg>
     рукавом
    </reg>
   </choice>
   утирается. «Ну»,
   <choice>
    <reg>
     говорит
    </reg>
   </choice>
   , «
   <choice>
    <reg>
     барин
    </reg>
   </choice>
   ,
   <choice>
    <reg>
     дело
    </reg>
   </choice>
   <choice>
    <reg>
     сделали
    </reg>
   </choice>
   , теперь отдохнуть надо».
  </p>
  <p rend="left" uuid="04718849-8bfe-44c5-b63c-fafecd7a1457">
   А
   <choice>
    <reg>
     уж
    </reg>
   </choice>
   заря сквозь
   <choice>
    <reg>
     лес
    </reg>
   </choice>
   <choice>
    <reg>
     краснеться
    </reg>
   </choice>
   стала.
   <choice>
    <reg>
     Сели
    </reg>
   </choice>
   мы на лыжи отдыхать. Достали
   <choice>
    <reg>
     хлеб
    </reg>
   </choice>
   <choice>
    <reg>
     из
    </reg>
   </choice>
   <choice>
    <reg>
     мешка
    </reg>
   </choice>
   и соль;
   <choice>
    <reg>
     поел
    </reg>
   </choice>
   я сначала
   <choice>
    <reg>
     снегу
    </reg>
   </choice>
   , а
   <choice>
    <reg>
     потом
    </reg>
   </choice>
   <choice>
    <reg>
     хлеба
    </reg>
   </choice>
   . И такой
   <choice>
    <reg>
     мне
    </reg>
   </choice>
   <choice>
    <reg>
     хлеб
    </reg>
   </choice>
   вкусный показался, что я
   <choice>
    <reg>
     в
    </reg>
   </choice>
   жизнь такого не
   <choice>
    <reg>
     ел
    </reg>
   </choice>
   .
   <choice>
    <reg>
     Посидели
    </reg>
   </choice>
   мы;
   <choice>
    <reg>
     уж
    </reg>
   </choice>
   и смеркаться стало. Я
   <choice>
    <reg>
     спросил
    </reg>
   </choice>
   Демьяна, далеко ли до деревни. «Да
   <choice>
    <reg>
     верст
    </reg>
   </choice>
   12 ть
   <choice>
    <reg>
     будет
    </reg>
   </choice>
   .
   <choice>
    <reg>
     Дойдем
    </reg>
   </choice>
   ночью; а теперь отдохнуть надо.
   <choice>
    <reg>
     Надевай-ка
    </reg>
   </choice>
   шубу,
   <choice>
    <reg>
     барин
    </reg>
   </choice>
   , а то остудишься».
  </p>
  <p rend="left" uuid="264a3712-ad5b-4c1d-856f-5a4f8b992c74">
   <choice>
    <reg>
     Наломал
    </reg>
   </choice>
   <choice>
    <reg>
     Демьян
    </reg>
   </choice>
   <choice>
    <reg>
     ветвей
    </reg>
   </choice>
   <choice>
    <reg>
     еловых
    </reg>
   </choice>
   ,
   <choice>
    <reg>
     обил
    </reg>
   </choice>
   <choice>
    <reg>
     снег
    </reg>
   </choice>
   ,
   <choice>
    <reg>
     настлал
    </reg>
   </choice>
   кровать, и легли мы
   <choice>
    <reg>
     с
    </reg>
   </choice>
   <choice>
    <reg>
     ним
    </reg>
   </choice>
   <choice>
    <reg>
     рядышком
    </reg>
   </choice>
   , руки
   <choice>
    <reg>
     под
    </reg>
   </choice>
   головы подложили. И
   <choice>
    <reg>
     сам
    </reg>
   </choice>
   не помню я,
  </p>
  <p rend="left emptyline" uuid="65544f38-f8a5-48cc-a743-ec970c46b1bc">
   <pb n="583"/>
  </p>
  <p rend="centerline" uuid="aa94a3ab-9b84-41eb-88ee-73cd51c6ffde">
   — 23 —
  </p>
  <p rend="notindent" uuid="3c06bd39-d0f7-4043-90dc-a1167623faa3">
   <choice>
    <reg>
     как
    </reg>
   </choice>
   <choice>
    <reg>
     заснул
    </reg>
   </choice>
   . Проснулся я часа
   <choice>
    <reg>
     через
    </reg>
   </choice>
   два. Треснуло что-то.
  </p>
  <p rend="left" uuid="90521108-34ab-4e68-b3c5-d254526de0d3">
   Я
   <choice>
    <reg>
     так
    </reg>
   </choice>
   <choice>
    <reg>
     креко
    </reg>
   </choice>
   <choice>
    <reg>
     спал
    </reg>
   </choice>
   , что и
   <choice>
    <reg>
     забыл
    </reg>
   </choice>
   ,
   <choice>
    <reg>
     где
    </reg>
   </choice>
   я
   <choice>
    <reg>
     заснул
    </reg>
   </choice>
   . Оглянулся я — что за чудо?
   <choice>
    <reg>
     Где
    </reg>
   </choice>
   я? Палаты
   <choice>
    <reg>
     какие-то
    </reg>
   </choice>
   <choice>
    <reg>
     белые
    </reg>
   </choice>
   <choice>
    <reg>
     над
    </reg>
   </choice>
   мной, и столбы
   <choice>
    <reg>
     белые
    </reg>
   </choice>
   , и на
   <choice>
    <reg>
     всем
    </reg>
   </choice>
   блестки
   <choice>
    <reg>
     блестят
    </reg>
   </choice>
   .
   <choice>
    <reg>
     Глянул
    </reg>
   </choice>
   <choice>
    <reg>
     вверх
    </reg>
   </choice>
   — разводы
   <choice>
    <reg>
     белые
    </reg>
   </choice>
   , а
   <choice>
    <reg>
     промеж
    </reg>
   </choice>
   <choice>
    <reg>
     разводов
    </reg>
   </choice>
   <choice>
    <reg>
     свод
    </reg>
   </choice>
   какой-то вороненый, и огни
   <choice>
    <reg>
     разноцветные
    </reg>
   </choice>
   <choice>
    <reg>
     горят
    </reg>
   </choice>
   .
   <choice>
    <reg>
     Огляделся
    </reg>
   </choice>
   я,
   <choice>
    <reg>
     вспомнил
    </reg>
   </choice>
   , что мы
   <choice>
    <reg>
     в
    </reg>
   </choice>
   <choice>
    <reg>
     лесу
    </reg>
   </choice>
   , и что это деревья
   <choice>
    <reg>
     в
    </reg>
   </choice>
   <choice>
    <reg>
     снегу
    </reg>
   </choice>
   и
   <choice>
    <reg>
     в
    </reg>
   </choice>
   <choice>
    <reg>
     инее
    </reg>
   </choice>
   <choice>
    <reg>
     мне
    </reg>
   </choice>
   за палаты показались, а огни — это
   <choice>
    <reg>
     звезды
    </reg>
   </choice>
   на
   <choice>
    <reg>
     небе
    </reg>
   </choice>
   <choice>
    <reg>
     промеж
    </reg>
   </choice>
   <choice>
    <reg>
     сучьев
    </reg>
   </choice>
   <choice>
    <reg>
     дрожат
    </reg>
   </choice>
   .
  </p>
  <p rend="left" uuid="81ad5a8d-ffdd-446e-8168-80b4e4b8460f">
   <choice>
    <reg>
     В
    </reg>
   </choice>
   ночь иней
   <choice>
    <reg>
     выпал
    </reg>
   </choice>
   ; и на
   <choice>
    <reg>
     сучьях
    </reg>
   </choice>
   иней, и на
   <choice>
    <reg>
     шубе
    </reg>
   </choice>
   моей иней, и
   <choice>
    <reg>
     Демьян
    </reg>
   </choice>
   весь
   <choice>
    <reg>
     под
    </reg>
   </choice>
   <choice>
    <reg>
     инеем
    </reg>
   </choice>
   , и сыплется сверху иней.
   <choice>
    <reg>
     Разбудил
    </reg>
   </choice>
   я Демьяна. Стали мы на лыжи и пошли. Тихо
   <choice>
    <reg>
     в
    </reg>
   </choice>
   <choice>
    <reg>
     лесу
    </reg>
   </choice>
   ; только слышно,
   <choice>
    <reg>
     как
    </reg>
   </choice>
   мы лыжами по мягкому
   <choice>
    <reg>
     снегу
    </reg>
   </choice>
   <choice>
    <reg>
     посовываем
    </reg>
   </choice>
   , да
   <choice>
    <reg>
     кое-где
    </reg>
   </choice>
   <choice>
    <reg>
     треснет
    </reg>
   </choice>
   дерево
   <choice>
    <reg>
     от
    </reg>
   </choice>
   мороза, и по всему
   <choice>
    <reg>
     лесу
    </reg>
   </choice>
   <choice>
    <reg>
     голк
    </reg>
   </choice>
   раздастся.
   <choice>
    <reg>
     Один
    </reg>
   </choice>
   <choice>
    <reg>
     раз
    </reg>
   </choice>
   только — живое что-то
   <choice>
    <reg>
     зашумело
    </reg>
   </choice>
   близехонько
   <choice>
    <reg>
     от
    </reg>
   </choice>
   <choice>
    <reg>
     нас
    </reg>
   </choice>
   и прочь
   <choice>
    <reg>
     побежало
    </reg>
   </choice>
   . Я
   <choice>
    <reg>
     так
    </reg>
   </choice>
   и
   <choice>
    <reg>
     думал
    </reg>
   </choice>
   , что
   <choice>
    <reg>
     медведь
    </reg>
   </choice>
   . Подошли
   <choice>
    <reg>
     к
    </reg>
   </choice>
   тому
   <choice>
    <reg>
     месту
    </reg>
   </choice>
   , откуда
   <choice>
    <reg>
     зашумело
    </reg>
   </choice>
   , — увидали
   <choice>
    <reg>
     следы
    </reg>
   </choice>
   заячьи. И осинки обглоданы. Это зайцы кормились.
  </p>
  <p rend="left" uuid="5045c5e5-e723-4f73-b1ff-27740004e9a1">
   Вышли мы на дорогу, привязали лыжи за собой и пошли по
   <choice>
    <reg>
     дороге
    </reg>
   </choice>
   . Идти легко стало. Льши сзади по накатанной
   <choice>
    <reg>
     дороге
    </reg>
   </choice>
   раскатываются,
   <choice>
    <reg>
     громыхают
    </reg>
   </choice>
   ,
   <choice>
    <reg>
     снежок
    </reg>
   </choice>
   <choice>
    <reg>
     под
    </reg>
   </choice>
   сапогами
   <choice>
    <reg>
     поскрипывает
    </reg>
   </choice>
   , холодный иней на лицо
   <choice>
    <reg>
     как
    </reg>
   </choice>
   <choice>
    <reg>
     пушок
    </reg>
   </choice>
   <choice>
    <reg>
     липнет
    </reg>
   </choice>
   . A
   <choice>
    <reg>
     звезды
    </reg>
   </choice>
   вдоль по
   <choice>
    <reg>
     сучьям
    </reg>
   </choice>
   точно на
   <choice>
    <reg>
     встречу
    </reg>
   </choice>
   <choice>
    <reg>
     бегут
    </reg>
   </choice>
   ,
   <choice>
    <reg>
     засветятся
    </reg>
   </choice>
   ,
   <choice>
    <reg>
     потухнут
    </reg>
   </choice>
   , — точно все небо
   <choice>
    <reg>
     ходуном
    </reg>
   </choice>
   <choice>
    <reg>
     ходит
    </reg>
   </choice>
   .
  </p>
  <p rend="left" uuid="a3956ff9-d9da-4c63-8bc8-f1dcf92ef5b9">
   <choice>
    <reg>
     Товарищ
    </reg>
   </choice>
   <choice>
    <reg>
     спал
    </reg>
   </choice>
   , — я
   <choice>
    <reg>
     разбудил
    </reg>
   </choice>
   его. Мы
   <choice>
    <reg>
     рассказали
    </reg>
   </choice>
   ,
   <choice>
    <reg>
     как
    </reg>
   </choice>
   обошли
   <choice>
    <reg>
     медведя
    </reg>
   </choice>
   , и
   <choice>
    <reg>
     велели
    </reg>
   </choice>
   хозяину
   <choice>
    <reg>
     к
    </reg>
   </choice>
   утру собрать
  </p>
  <p rend="left emptyline" uuid="033ede57-2e6c-4746-9865-4e4fdaa5c39e">
   <pb n="584"/>
  </p>
  <p rend="centerline" uuid="cc950616-2f44-47fe-8508-c85b30b504ed">
   — 24 —
  </p>
  <p rend="notindent" uuid="a30bba42-615d-42a6-9930-035a9f13cbf2">
   <choice>
    <reg>
     загонщиков
    </reg>
   </choice>
   <choice>
    <reg>
     мужиков
    </reg>
   </choice>
   . Поужинали и легли спать.
  </p>
  <p rend="left" uuid="f1e3ba89-c7b5-437b-afb8-994a6c2d8909">
   Я бы
   <choice>
    <reg>
     с
    </reg>
   </choice>
   усталости
   <choice>
    <reg>
     проспал
    </reg>
   </choice>
   до
   <choice>
    <reg>
     обеда
    </reg>
   </choice>
   , да
   <choice>
    <reg>
     товарищ
    </reg>
   </choice>
   <choice>
    <reg>
     разбудил
    </reg>
   </choice>
   меня.
   <choice>
    <reg>
     Вскочил
    </reg>
   </choice>
   я, смотрю:
   <choice>
    <reg>
     товарищ
    </reg>
   </choice>
   <choice>
    <reg>
     уж
    </reg>
   </choice>
   <choice>
    <reg>
     одет
    </reg>
   </choice>
   ,
   <choice>
    <reg>
     с
    </reg>
   </choice>
   <choice>
    <reg>
     ружьем
    </reg>
   </choice>
   что-то возится.
  </p>
  <p rend="left" uuid="7937c190-4c72-4235-929c-21b83c75db25">
   — «А
   <choice>
    <reg>
     где
    </reg>
   </choice>
   <choice>
    <reg>
     Демьян
    </reg>
   </choice>
   ?» — «
   <choice>
    <reg>
     Он
    </reg>
   </choice>
   <choice>
    <reg>
     уж
    </reg>
   </choice>
   давно
   <choice>
    <reg>
     в
    </reg>
   </choice>
   <choice>
    <reg>
     лесу
    </reg>
   </choice>
   .
   <choice>
    <reg>
     Уж
    </reg>
   </choice>
   и
   <choice>
    <reg>
     обклад
    </reg>
   </choice>
   <choice>
    <reg>
     поверил
    </reg>
   </choice>
   , сюда
   <choice>
    <reg>
     прибегал
    </reg>
   </choice>
   , а теперь
   <choice>
    <reg>
     повел
    </reg>
   </choice>
   <choice>
    <reg>
     загонщиков
    </reg>
   </choice>
   заводить». Умылся я,
   <choice>
    <reg>
     оделся
    </reg>
   </choice>
   ,
   <choice>
    <reg>
     зарядил
    </reg>
   </choice>
   свои ружья;
   <choice>
    <reg>
     сели
    </reg>
   </choice>
   <choice>
    <reg>
     в
    </reg>
   </choice>
   сани,
   <choice>
    <reg>
     поехали
    </reg>
   </choice>
   .
  </p>
  <p rend="left" uuid="1c68d7c4-9837-4fa1-b166-215e7dc75a3e">
   <choice>
    <reg>
     Мороз
    </reg>
   </choice>
   все
   <choice>
    <reg>
     держал
    </reg>
   </choice>
   <choice>
    <reg>
     крепкий
    </reg>
   </choice>
   , тихо было и солнца не видать было;
   <choice>
    <reg>
     туман
    </reg>
   </choice>
   <choice>
    <reg>
     стоял
    </reg>
   </choice>
   на верху и иней садился.
  </p>
  <p rend="left" uuid="e5839083-d047-4ff3-8d12-c32d4897f30b">
   <choice>
    <reg>
     Проехали
    </reg>
   </choice>
   мы версты три по
   <choice>
    <reg>
     дороге
    </reg>
   </choice>
   ,
   <choice>
    <reg>
     подъехали
    </reg>
   </choice>
   <choice>
    <reg>
     к
    </reg>
   </choice>
   <choice>
    <reg>
     лесу
    </reg>
   </choice>
   .
   <choice>
    <reg>
     Видим
    </reg>
   </choice>
   —
   <choice>
    <reg>
     в
    </reg>
   </choice>
   <choice>
    <reg>
     низочке
    </reg>
   </choice>
   <choice>
    <reg>
     дымок
    </reg>
   </choice>
   <choice>
    <reg>
     синеет
    </reg>
   </choice>
   и
   <choice>
    <reg>
     народ
    </reg>
   </choice>
   стоить, — мужики и бабы
   <choice>
    <reg>
     с
    </reg>
   </choice>
   дубинами.
  </p>
  <p rend="left" uuid="a1ff2e7d-5c67-46ef-8e10-994fe05bd815">
   <choice>
    <reg>
     Слезли
    </reg>
   </choice>
   мы, подошли
   <choice>
    <reg>
     к
    </reg>
   </choice>
   народу. Мужики
   <choice>
    <reg>
     сидят
    </reg>
   </choice>
   , кортошки
   <choice>
    <reg>
     жарят
    </reg>
   </choice>
   ,
   <choice>
    <reg>
     смеются
    </reg>
   </choice>
   <choice>
    <reg>
     с
    </reg>
   </choice>
   бабами.
  </p>
  <p rend="left" uuid="8a5a31ce-9dc8-4796-a0ee-a3959f93ef17">
   И
   <choice>
    <reg>
     Демьян
    </reg>
   </choice>
   <choice>
    <reg>
     с
    </reg>
   </choice>
   ними. Поднялся
   <choice>
    <reg>
     народ
    </reg>
   </choice>
   ,
   <choice>
    <reg>
     повел
    </reg>
   </choice>
   <choice>
    <reg>
     их
    </reg>
   </choice>
   <choice>
    <reg>
     Демьян
    </reg>
   </choice>
   <choice>
    <reg>
     расставлять
    </reg>
   </choice>
   <choice>
    <reg>
     кругом
    </reg>
   </choice>
   по нашему вчерашнему обходу. Вытянулись мужики и бабы ниткой, 30-ть
   <choice>
    <reg>
     человек
    </reg>
   </choice>
   — только по
   <choice>
    <reg>
     пояс
    </reg>
   </choice>
   <choice>
    <reg>
     их
    </reg>
   </choice>
   видно, — зашли
   <choice>
    <reg>
     в
    </reg>
   </choice>
   <choice>
    <reg>
     лес
    </reg>
   </choice>
   ;
   <choice>
    <reg>
     потом
    </reg>
   </choice>
   пошли мы
   <choice>
    <reg>
     с
    </reg>
   </choice>
   <choice>
    <reg>
     товарищем
    </reg>
   </choice>
   по
   <choice>
    <reg>
     их
    </reg>
   </choice>
   <choice>
    <reg>
     следу
    </reg>
   </choice>
   .
  </p>
  <p rend="left" uuid="0d59f600-9002-4145-bab9-ff423b934c6b">
   Дорожка хоть и натоптана, да тяжело идти; за то падать нèкуда, —
   <choice>
    <reg>
     как
    </reg>
   </choice>
   промежду
   <choice>
    <reg>
     двух
    </reg>
   </choice>
   <choice>
    <reg>
     стен
    </reg>
   </choice>
   идешь.
  </p>
  <p rend="left" uuid="83d5618a-f05d-4081-8dc5-3d860da26398">
   Прошли мы
   <choice>
    <reg>
     так
    </reg>
   </choice>
   <choice>
    <reg>
     с
    </reg>
   </choice>
   полверсть;
   <choice>
    <reg>
     смотрим
    </reg>
   </choice>
   —
   <choice>
    <reg>
     уж
    </reg>
   </choice>
   <choice>
    <reg>
     Демьян
    </reg>
   </choice>
   <choice>
    <reg>
     с
    </reg>
   </choice>
   другой стороны
   <choice>
    <reg>
     к
    </reg>
   </choice>
   <choice>
    <reg>
     нам
    </reg>
   </choice>
   <choice>
    <reg>
     бежит
    </reg>
   </choice>
   на
   <choice>
    <reg>
     лыжах
    </reg>
   </choice>
   ,
   <choice>
    <reg>
     машет
    </reg>
   </choice>
   рукой,
   <choice>
    <reg>
     чтоб
    </reg>
   </choice>
   <choice>
    <reg>
     к
    </reg>
   </choice>
   нему шли.
  </p>
  <p rend="left" uuid="63cdc679-ed60-46e2-bf30-2cc4d575a626">
   Подошли мы
   <choice>
    <reg>
     к
    </reg>
   </choice>
   нему,
   <choice>
    <reg>
     показал
    </reg>
   </choice>
   <choice>
    <reg>
     нам
    </reg>
   </choice>
   <choice>
    <reg>
     места
    </reg>
   </choice>
   .
   <choice>
    <reg>
     Стал
    </reg>
   </choice>
   я на свое
   <choice>
    <reg>
     место
    </reg>
   </choice>
   ,
   <choice>
    <reg>
     огляделся
    </reg>
   </choice>
   .
  </p>
  <p rend="left" uuid="f0e18af2-76f4-43ad-8304-a90cd02dd1d4">
   На
   <choice>
    <reg>
     лево
    </reg>
   </choice>
   <choice>
    <reg>
     от
    </reg>
   </choice>
   меня
   <choice>
    <reg>
     высокий
    </reg>
   </choice>
   <choice>
    <reg>
     ельник
    </reg>
   </choice>
   ; сквозь него далеко видно, и за деревьями
   <choice>
    <reg>
     чернеется
    </reg>
   </choice>
   <choice>
    <reg>
     мне
    </reg>
   </choice>
   <choice>
    <reg>
     мужик
    </reg>
   </choice>
  </p>
  <p rend="left emptyline" uuid="b0d04c72-185c-45d9-813a-3717725cb185">
   <pb n="585"/>
  </p>
  <p rend="centerline" uuid="c33fcb1e-ac48-427c-a9b6-f1818b08fe64">
   — 25 —
  </p>
  <p rend="notindent" uuid="356e3cb7-09b0-40fa-b252-abf91d97b4d2">
   <choice>
    <reg>
     загонщик
    </reg>
   </choice>
   .
   <choice>
    <reg>
     Против
    </reg>
   </choice>
   меня частый, молодой
   <choice>
    <reg>
     ельник
    </reg>
   </choice>
   <choice>
    <reg>
     в
    </reg>
   </choice>
   <choice>
    <reg>
     рост
    </reg>
   </choice>
   <choice>
    <reg>
     человека
    </reg>
   </choice>
   . И на
   <choice>
    <reg>
     ельнике
    </reg>
   </choice>
   сучья повисли и слиплись
   <choice>
    <reg>
     от
    </reg>
   </choice>
   <choice>
    <reg>
     снега
    </reg>
   </choice>
   .
   <choice>
    <reg>
     В
    </reg>
   </choice>
   <choice>
    <reg>
     середине
    </reg>
   </choice>
   ельника дорожка засыпана
   <choice>
    <reg>
     снегом
    </reg>
   </choice>
   . Дорожка эта прямо на меня
   <choice>
    <reg>
     идет
    </reg>
   </choice>
   . На право
   <choice>
    <reg>
     от
    </reg>
   </choice>
   меня частый
   <choice>
    <reg>
     ельник
    </reg>
   </choice>
   , а на
   <choice>
    <reg>
     конце
    </reg>
   </choice>
   ельника полянка. И на этой
   <choice>
    <reg>
     полянке
    </reg>
   </choice>
   , вижу я, что
   <choice>
    <reg>
     Демъян
    </reg>
   </choice>
   <choice>
    <reg>
     ставит
    </reg>
   </choice>
   товарища.
  </p>
  <p rend="left" uuid="24c04f91-686f-4f46-b257-6632e85d0eaa">
   <choice>
    <reg>
     Осмотрел
    </reg>
   </choice>
   я свои два ружья,
   <choice>
    <reg>
     взвел
    </reg>
   </choice>
   курки и
   <choice>
    <reg>
     стал
    </reg>
   </choice>
   раздумывать,
   <choice>
    <reg>
     где
    </reg>
   </choice>
   бы
   <choice>
    <reg>
     мне
    </reg>
   </choice>
   получше стать. Сзади меня
   <choice>
    <reg>
     к
    </reg>
   </choice>
   <choice>
    <reg>
     трех
    </reg>
   </choice>
   <choice>
    <reg>
     шагах
    </reg>
   </choice>
   большая сосна. «Дай стану у сосны, и ружье другое
   <choice>
    <reg>
     к
    </reg>
   </choice>
   ней прислоню».
   <choice>
    <reg>
     Полез
    </reg>
   </choice>
   я
   <choice>
    <reg>
     к
    </reg>
   </choice>
   <choice>
    <reg>
     сосне
    </reg>
   </choice>
   , провалился выше
   <choice>
    <reg>
     колен
    </reg>
   </choice>
   ,
   <choice>
    <reg>
     обтоптал
    </reg>
   </choice>
   у сосны площадку аршина
   <choice>
    <reg>
     в
    </reg>
   </choice>
   полтора и на ней устроился. Одно ружье
   <choice>
    <reg>
     взял
    </reg>
   </choice>
   <choice>
    <reg>
     в
    </reg>
   </choice>
   руки, а другое,
   <choice>
    <reg>
     с
    </reg>
   </choice>
   взведенными курками
   <choice>
    <reg>
     прислонил
    </reg>
   </choice>
   <choice>
    <reg>
     к
    </reg>
   </choice>
   <choice>
    <reg>
     сосне
    </reg>
   </choice>
   .
   <choice>
    <reg>
     Кинжал
    </reg>
   </choice>
   я
   <choice>
    <reg>
     вынул
    </reg>
   </choice>
   и
   <choice>
    <reg>
     вложил
    </reg>
   </choice>
   , чтобы знать, что
   <choice>
    <reg>
     в
    </reg>
   </choice>
   <choice>
    <reg>
     случае
    </reg>
   </choice>
   нужды
   <choice>
    <reg>
     он
    </reg>
   </choice>
   легко вынимается.
  </p>
  <p rend="left" uuid="6381bc1c-958d-496b-92e8-00af68cbe1d9">
   Только я устроился, слышу —
   <choice>
    <reg>
     кричит
    </reg>
   </choice>
   <choice>
    <reg>
     в
    </reg>
   </choice>
   <choice>
    <reg>
     лесу
    </reg>
   </choice>
   <choice>
    <reg>
     Демьян
    </reg>
   </choice>
   : «
   <choice>
    <reg>
     Пошел
    </reg>
   </choice>
   !
   <choice>
    <reg>
     в
    </reg>
   </choice>
   <choice>
    <reg>
     ход
    </reg>
   </choice>
   <choice>
    <reg>
     пошел
    </reg>
   </choice>
   !
   <choice>
    <reg>
     пошел
    </reg>
   </choice>
   !» И
   <choice>
    <reg>
     как
    </reg>
   </choice>
   <choice>
    <reg>
     закричал
    </reg>
   </choice>
   <choice>
    <reg>
     Демьян
    </reg>
   </choice>
   , на кругу закричали мужики разными голосами: «
   <choice>
    <reg>
     Пошел
    </reg>
   </choice>
   ! Уууу!..» кричали мужики. «Ай!
   <choice>
    <reg>
     Иих
    </reg>
   </choice>
   !» кричали бабы тонкими голосами.
  </p>
  <p rend="left" uuid="270a3c5c-416d-46c6-bee3-4fa102fdd0bc">
   <choice>
    <reg>
     Медведь
    </reg>
   </choice>
   <choice>
    <reg>
     был
    </reg>
   </choice>
   <choice>
    <reg>
     в
    </reg>
   </choice>
   кругу.
   <choice>
    <reg>
     Демьян
    </reg>
   </choice>
   <choice>
    <reg>
     гнал
    </reg>
   </choice>
   его.
   <choice>
    <reg>
     Кругом
    </reg>
   </choice>
   <choice>
    <reg>
     везде
    </reg>
   </choice>
   <choice>
    <reg>
     кричал
    </reg>
   </choice>
   <choice>
    <reg>
     народ
    </reg>
   </choice>
   , только я и
   <choice>
    <reg>
     товарищ
    </reg>
   </choice>
   стояли молчали и не шевелились, ждали
   <choice>
    <reg>
     медведя
    </reg>
   </choice>
   . Стою я, смотрю, слушаю, сердце у меня
   <choice>
    <reg>
     так
    </reg>
   </choice>
   и
   <choice>
    <reg>
     стучит
    </reg>
   </choice>
   . Держусь за ружье, подрагиваю.
   <choice>
    <reg>
     Вот-вот
    </reg>
   </choice>
   , думаю, выскочить,
   <choice>
    <reg>
     прицелюсь
    </reg>
   </choice>
   ,
   <choice>
    <reg>
     выстрелю
    </reg>
   </choice>
   ,
   <choice>
    <reg>
     упадет
    </reg>
   </choice>
   ...
   <choice>
    <reg>
     Вдруг
    </reg>
   </choice>
   на
   <choice>
    <reg>
     лево
    </reg>
   </choice>
   слышу я —
   <choice>
    <reg>
     в
    </reg>
   </choice>
   <choice>
    <reg>
     снегу
    </reg>
   </choice>
   обваливается что-то; только далеко.
   <choice>
    <reg>
     Глянул
    </reg>
   </choice>
   я
   <choice>
    <reg>
     в
    </reg>
   </choice>
   <choice>
    <reg>
     высокий
    </reg>
   </choice>
   <choice>
    <reg>
     ельник
    </reg>
   </choice>
   :
   <choice>
    <reg>
     шагов
    </reg>
   </choice>
   на 50, за деревьями,
   <choice>
    <reg>
     стоит
    </reg>
   </choice>
   что-то черное, большое. Приложился
  </p>
  <p rend="left emptyline" uuid="25ee129c-518c-40c6-9fab-05138b74d0fb">
   <pb n="586"/>
  </p>
  <p rend="centerline" uuid="f9e32a9f-aa94-476a-b1d3-628838d0bfc7">
   — 26 —
  </p>
  <p rend="notindent" uuid="af230801-13c4-42fa-8b27-487f5a852715">
   я и жду. Думаю, не
   <choice>
    <reg>
     подбежит
    </reg>
   </choice>
   ли ближе. Смотрю —
   <choice>
    <reg>
     шевельнул
    </reg>
   </choice>
   <choice>
    <reg>
     он
    </reg>
   </choice>
   ушами, повернулся и
   <choice>
    <reg>
     назад
    </reg>
   </choice>
   .
   <choice>
    <reg>
     С
    </reg>
   </choice>
   боку
   <choice>
    <reg>
     мне
    </reg>
   </choice>
   его всего видно стало. Здоровенный
   <choice>
    <reg>
     зверище
    </reg>
   </choice>
   !
   <choice>
    <reg>
     Нацелился
    </reg>
   </choice>
   я
   <choice>
    <reg>
     с
    </reg>
   </choice>
   горяча.
   <choice>
    <reg>
     Хлоп
    </reg>
   </choice>
   ! — слышу: шлепнулась
   <choice>
    <reg>
     об
    </reg>
   </choice>
   дерево моя пуля. Смотрю
   <choice>
    <reg>
     из
    </reg>
   </choice>
   за дыма, —
   <choice>
    <reg>
     медведь
    </reg>
   </choice>
   мой
   <choice>
    <reg>
     назад
    </reg>
   </choice>
   <choice>
    <reg>
     катит
    </reg>
   </choice>
   <choice>
    <reg>
     в
    </reg>
   </choice>
   <choice>
    <reg>
     обклад
    </reg>
   </choice>
   и скрылся за
   <choice>
    <reg>
     лесом
    </reg>
   </choice>
   . Ну, думаю, пропало мое
   <choice>
    <reg>
     дело
    </reg>
   </choice>
   , теперь
   <choice>
    <reg>
     уж
    </reg>
   </choice>
   не
   <choice>
    <reg>
     набежит
    </reg>
   </choice>
   на меня; либо товарищу
   <choice>
    <reg>
     стрелять
    </reg>
   </choice>
   , либо
   <choice>
    <reg>
     через
    </reg>
   </choice>
   <choice>
    <reg>
     мужиков
    </reg>
   </choice>
   <choice>
    <reg>
     пойдет
    </reg>
   </choice>
   , а уже не на меня. Стою я,
   <choice>
    <reg>
     зарядил
    </reg>
   </choice>
   опять ружье и слушаю.
   <choice>
    <reg>
     Кричат
    </reg>
   </choice>
   мужики со
   <choice>
    <reg>
     всех
    </reg>
   </choice>
   <choice>
    <reg>
     сторон
    </reg>
   </choice>
   , но
   <choice>
    <reg>
     с
    </reg>
   </choice>
   правой стороны, недалеко
   <choice>
    <reg>
     от
    </reg>
   </choice>
   товарища, слышу — не
   <choice>
    <reg>
     путем
    </reg>
   </choice>
   <choice>
    <reg>
     кричит
    </reg>
   </choice>
   какая-то баба: «
   <choice>
    <reg>
     Вот
    </reg>
   </choice>
   <choice>
    <reg>
     он
    </reg>
   </choice>
   !
   <choice>
    <reg>
     Вот
    </reg>
   </choice>
   <choice>
    <reg>
     он
    </reg>
   </choice>
   !
   <choice>
    <reg>
     Вот
    </reg>
   </choice>
   <choice>
    <reg>
     он
    </reg>
   </choice>
   ! Сюда! Сюда! Ой, ой! Ай, ай, ай!»
  </p>
  <p rend="left" uuid="d6a1ed74-57d2-46f9-a115-4f1156ad3dd6">
   Видно — на
   <choice>
    <reg>
     глазах
    </reg>
   </choice>
   <choice>
    <reg>
     медведь
    </reg>
   </choice>
   . Не жду уже я
   <choice>
    <reg>
     к
    </reg>
   </choice>
   <choice>
    <reg>
     себе
    </reg>
   </choice>
   <choice>
    <reg>
     медведя
    </reg>
   </choice>
   , и гляжу на право на товарища. Смотрю —
   <choice>
    <reg>
     Демьян
    </reg>
   </choice>
   <choice>
    <reg>
     с
    </reg>
   </choice>
   палочкой
   <choice>
    <reg>
     без
    </reg>
   </choice>
   <choice>
    <reg>
     лыж
    </reg>
   </choice>
   по
   <choice>
    <reg>
     тропинке
    </reg>
   </choice>
   <choice>
    <reg>
     бежит
    </reg>
   </choice>
   <choice>
    <reg>
     к
    </reg>
   </choice>
   товарищу,
   <choice>
    <reg>
     присел
    </reg>
   </choice>
   <choice>
    <reg>
     подле
    </reg>
   </choice>
   него и палкой
   <choice>
    <reg>
     указывает
    </reg>
   </choice>
   ему на что-то,
   <choice>
    <reg>
     как
    </reg>
   </choice>
   будто
   <choice>
    <reg>
     целится
    </reg>
   </choice>
   . Вижу —
   <choice>
    <reg>
     товарищ
    </reg>
   </choice>
   <choice>
    <reg>
     вскинул
    </reg>
   </choice>
   ружье,
   <choice>
    <reg>
     целится
    </reg>
   </choice>
   туда, куда
   <choice>
    <reg>
     показывает
    </reg>
   </choice>
   <choice>
    <reg>
     Демьян
    </reg>
   </choice>
   .
   <choice>
    <reg>
     Хлоп
    </reg>
   </choice>
   ! —
   <choice>
    <reg>
     выпалил
    </reg>
   </choice>
   . «Ну», думаю, «
   <choice>
    <reg>
     убил
    </reg>
   </choice>
   ». Только смотрю, не
   <choice>
    <reg>
     бежит
    </reg>
   </choice>
   <choice>
    <reg>
     товарищ
    </reg>
   </choice>
   за
   <choice>
    <reg>
     медведем
    </reg>
   </choice>
   . «Видно
   <choice>
    <reg>
     промах
    </reg>
   </choice>
   , или плохо
   <choice>
    <reg>
     попал
    </reg>
   </choice>
   , —
   <choice>
    <reg>
     уйдет
    </reg>
   </choice>
   », думаю, «теперь
   <choice>
    <reg>
     медведь
    </reg>
   </choice>
   <choice>
    <reg>
     назад
    </reg>
   </choice>
   , а ко
   <choice>
    <reg>
     мне
    </reg>
   </choice>
   уже не
   <choice>
    <reg>
     выскочит
    </reg>
   </choice>
   !» Что такое? Впереди себя слышу
   <choice>
    <reg>
     вдруг
    </reg>
   </choice>
   —
   <choice>
    <reg>
     как
    </reg>
   </choice>
   вихорь
   <choice>
    <reg>
     летит
    </reg>
   </choice>
   кто-то, близехонько сыплется
   <choice>
    <reg>
     снег
    </reg>
   </choice>
   , и
   <choice>
    <reg>
     пыхтит
    </reg>
   </choice>
   .
   <choice>
    <reg>
     Поглядел
    </reg>
   </choice>
   я
   <choice>
    <reg>
     перед
    </reg>
   </choice>
   собой: а
   <choice>
    <reg>
     он
    </reg>
   </choice>
   прямёхонько на меня по
   <choice>
    <reg>
     дорожке
    </reg>
   </choice>
   между
   <choice>
    <reg>
     частым
    </reg>
   </choice>
   <choice>
    <reg>
     ельником
    </reg>
   </choice>
   <choice>
    <reg>
     катит
    </reg>
   </choice>
   <choice>
    <reg>
     стремглав
    </reg>
   </choice>
   , и видно — со страху
   <choice>
    <reg>
     сам
    </reg>
   </choice>
   себя не
   <choice>
    <reg>
     помнит
    </reg>
   </choice>
   .
   <choice>
    <reg>
     Шагах
    </reg>
   </choice>
   <choice>
    <reg>
     от
    </reg>
   </choice>
   меня
   <choice>
    <reg>
     в
    </reg>
   </choice>
   пяти весь
   <choice>
    <reg>
     мне
    </reg>
   </choice>
   <choice>
    <reg>
     виден
    </reg>
   </choice>
   , — грудь черная, и головища огромная
   <choice>
    <reg>
     с
    </reg>
   </choice>
   рыжинкой.
   <choice>
    <reg>
     Летит
    </reg>
   </choice>
   прямёхонько на меня
   <choice>
    <reg>
     лбом
    </reg>
   </choice>
   и
   <choice>
    <reg>
     сыплет
    </reg>
   </choice>
   <choice>
    <reg>
     снег
    </reg>
   </choice>
   во
   <choice>
    <reg>
     все
    </reg>
   </choice>
  </p>
  <p rend="left emptyline" uuid="f832a929-5bcf-40e5-86a2-de6117297b09">
   <pb n="587"/>
  </p>
  <p rend="centerline" uuid="a656a7da-392f-4c73-8f53-dbd3dffa7b33">
   — 27 —
  </p>
  <p rend="notindent" uuid="836e70d9-d991-4619-8815-7db9f8e12ce7">
   стороны. И вижу я по
   <choice>
    <reg>
     глазам
    </reg>
   </choice>
   <choice>
    <reg>
     медведя
    </reg>
   </choice>
   , что
   <choice>
    <reg>
     он
    </reg>
   </choice>
   не
   <choice>
    <reg>
     видит
    </reg>
   </choice>
   меня, а
   <choice>
    <reg>
     с
    </reg>
   </choice>
   испугу
   <choice>
    <reg>
     катит
    </reg>
   </choice>
   <choice>
    <reg>
     благим
    </reg>
   </choice>
   <choice>
    <reg>
     матом
    </reg>
   </choice>
   куда попало. Только
   <choice>
    <reg>
     ход
    </reg>
   </choice>
   ему прямо на сосну,
   <choice>
    <reg>
     где
    </reg>
   </choice>
   я стою.
   <choice>
    <reg>
     Вскинул
    </reg>
   </choice>
   я ружье,
   <choice>
    <reg>
     выстрелил
    </reg>
   </choice>
   , — а уже
   <choice>
    <reg>
     он
    </reg>
   </choice>
   еще ближе. Вижу — не
   <choice>
    <reg>
     попал
    </reg>
   </choice>
   , пулю пронесло; а
   <choice>
    <reg>
     он
    </reg>
   </choice>
   и не
   <choice>
    <reg>
     слышит
    </reg>
   </choice>
   ,
   <choice>
    <reg>
     катит
    </reg>
   </choice>
   на меня и все не
   <choice>
    <reg>
     видит
    </reg>
   </choice>
   .
   <choice>
    <reg>
     Пригнул
    </reg>
   </choice>
   я ружье, чуть не
   <choice>
    <reg>
     упер
    </reg>
   </choice>
   <choice>
    <reg>
     в
    </reg>
   </choice>
   него
   <choice>
    <reg>
     в
    </reg>
   </choice>
   голову.
   <choice>
    <reg>
     Хлоп
    </reg>
   </choice>
   ! — вижу
   <choice>
    <reg>
     попал
    </reg>
   </choice>
   , а не
   <choice>
    <reg>
     убил
    </reg>
   </choice>
   .
  </p>
  <p rend="left" uuid="e5807530-93ae-4bfa-b57c-24643eff8352">
   <choice>
    <reg>
     Приподнял
    </reg>
   </choice>
   <choice>
    <reg>
     он
    </reg>
   </choice>
   голову,
   <choice>
    <reg>
     прижал
    </reg>
   </choice>
   уши, осклабился и прямо ко
   <choice>
    <reg>
     мне
    </reg>
   </choice>
   . Хватился я за другое ружье; но только взялся рукою,
   <choice>
    <reg>
     уж
    </reg>
   </choice>
   <choice>
    <reg>
     он
    </reg>
   </choice>
   <choice>
    <reg>
     налетел
    </reg>
   </choice>
   на меня,
   <choice>
    <reg>
     сбил
    </reg>
   </choice>
   <choice>
    <reg>
     с
    </reg>
   </choice>
   <choice>
    <reg>
     ног
    </reg>
   </choice>
   <choice>
    <reg>
     в
    </reg>
   </choice>
   <choice>
    <reg>
     снег
    </reg>
   </choice>
   и
   <choice>
    <reg>
     перескочил
    </reg>
   </choice>
   <choice>
    <reg>
     через
    </reg>
   </choice>
   . Ну, думаю, хорошо, что
   <choice>
    <reg>
     он
    </reg>
   </choice>
   <choice>
    <reg>
     бросил
    </reg>
   </choice>
   меня.
   <choice>
    <reg>
     Стал
    </reg>
   </choice>
   я подниматься, слышу —
   <choice>
    <reg>
     давит
    </reg>
   </choice>
   меня что-то, не
   <choice>
    <reg>
     пускает
    </reg>
   </choice>
   .
   <choice>
    <reg>
     Он
    </reg>
   </choice>
   <choice>
    <reg>
     с
    </reg>
   </choice>
   налету не удержался,
   <choice>
    <reg>
     перескочил
    </reg>
   </choice>
   <choice>
    <reg>
     через
    </reg>
   </choice>
   меня, да повернулся
   <choice>
    <reg>
     передом
    </reg>
   </choice>
   <choice>
    <reg>
     назад
    </reg>
   </choice>
   и навалился на меня всей грудью. Слышу я —
   <choice>
    <reg>
     лежит
    </reg>
   </choice>
   на
   <choice>
    <reg>
     мне
    </reg>
   </choice>
   тяжелое, слышу теплое
   <choice>
    <reg>
     над
    </reg>
   </choice>
   <choice>
    <reg>
     лицом
    </reg>
   </choice>
   , и слышу —
   <choice>
    <reg>
     забирает
    </reg>
   </choice>
   <choice>
    <reg>
     он
    </reg>
   </choice>
   <choice>
    <reg>
     в
    </reg>
   </choice>
   пасть все лицо мое.
   <choice>
    <reg>
     Нос
    </reg>
   </choice>
   мой
   <choice>
    <reg>
     уж
    </reg>
   </choice>
   у него во рту, и чую я — жарко и кровью
   <choice>
    <reg>
     от
    </reg>
   </choice>
   него
   <choice>
    <reg>
     пахнет
    </reg>
   </choice>
   .
   <choice>
    <reg>
     Надавил
    </reg>
   </choice>
   <choice>
    <reg>
     он
    </reg>
   </choice>
   меня лапами за плечи, и не могу я шевельнуться. Только подгибаю голову
   <choice>
    <reg>
     к
    </reg>
   </choice>
   груди
   <choice>
    <reg>
     из
    </reg>
   </choice>
   пасти,
   <choice>
    <reg>
     нос
    </reg>
   </choice>
   и глаза выворачиваю. А
   <choice>
    <reg>
     он
    </reg>
   </choice>
   <choice>
    <reg>
     норовит
    </reg>
   </choice>
   <choice>
    <reg>
     как
    </reg>
   </choice>
   <choice>
    <reg>
     раз
    </reg>
   </choice>
   <choice>
    <reg>
     в
    </reg>
   </choice>
   глаза и
   <choice>
    <reg>
     нос
    </reg>
   </choice>
   <choice>
    <reg>
     зацепить
    </reg>
   </choice>
   . Слышу —
   <choice>
    <reg>
     зацепил
    </reg>
   </choice>
   <choice>
    <reg>
     он
    </reg>
   </choice>
   зубами верхней челюстью
   <choice>
    <reg>
     в
    </reg>
   </choice>
   <choice>
    <reg>
     лоб
    </reg>
   </choice>
   <choice>
    <reg>
     под
    </reg>
   </choice>
   волосами, а нижней челюстью
   <choice>
    <reg>
     в
    </reg>
   </choice>
   <choice>
    <reg>
     маслак
    </reg>
   </choice>
   <choice>
    <reg>
     под
    </reg>
   </choice>
   глазами,
   <choice>
    <reg>
     стиснул
    </reg>
   </choice>
   зубы,
   <choice>
    <reg>
     начал
    </reg>
   </choice>
   давить.
   <choice>
    <reg>
     Как
    </reg>
   </choice>
   ножами
   <choice>
    <reg>
     режут
    </reg>
   </choice>
   <choice>
    <reg>
     мне
    </reg>
   </choice>
   голову; бьюсь я, выдергиваюсь, а
   <choice>
    <reg>
     он
    </reg>
   </choice>
   торопится и
   <choice>
    <reg>
     как
    </reg>
   </choice>
   собака
   <choice>
    <reg>
     грызет
    </reg>
   </choice>
   —
   <choice>
    <reg>
     жамкнет-жамкнет
    </reg>
   </choice>
   . Я вывернусь, —
   <choice>
    <reg>
     он
    </reg>
   </choice>
   опять
   <choice>
    <reg>
     забирает
    </reg>
   </choice>
   . Ну, думаю, —
   <choice>
    <reg>
     конец
    </reg>
   </choice>
   мой
   <choice>
    <reg>
     пришел
    </reg>
   </choice>
   . Слышу
  </p>
  <p rend="left emptyline" uuid="8d139a9d-5ec4-47a7-a976-7689d641a2c0">
   <pb n="588"/>
  </p>
  <p rend="centerline" uuid="a19c5a83-2545-4e81-9a8b-cb30bac10d68">
   — 28 —
  </p>
  <p rend="notindent" uuid="5a60e87d-551c-40c8-9694-2165ed454159">
   <choice>
    <reg>
     вдруг
    </reg>
   </choice>
   полегчило на
   <choice>
    <reg>
     мне
    </reg>
   </choice>
   Смотрю —
   <choice>
    <reg>
     нету
    </reg>
   </choice>
   его,
   <choice>
    <reg>
     соскочил
    </reg>
   </choice>
   <choice>
    <reg>
     он
    </reg>
   </choice>
   <choice>
    <reg>
     с
    </reg>
   </choice>
   меня и
   <choice>
    <reg>
     убежал
    </reg>
   </choice>
   .
  </p>
  <p rend="left" uuid="332e74db-bacb-4bfe-85f6-ef04971a9aaf">
   Когда
   <choice>
    <reg>
     товарищ
    </reg>
   </choice>
   и
   <choice>
    <reg>
     Демьян
    </reg>
   </choice>
   увидали, что
   <choice>
    <reg>
     медведь
    </reg>
   </choice>
   <choice>
    <reg>
     сбил
    </reg>
   </choice>
   меня
   <choice>
    <reg>
     в
    </reg>
   </choice>
   <choice>
    <reg>
     снег
    </reg>
   </choice>
   и
   <choice>
    <reg>
     грызет
    </reg>
   </choice>
   , они бросились ко
   <choice>
    <reg>
     мне
    </reg>
   </choice>
   .
   <choice>
    <reg>
     Товарищ
    </reg>
   </choice>
   <choice>
    <reg>
     хотел
    </reg>
   </choice>
   <choice>
    <reg>
     поскорее
    </reg>
   </choice>
   <choice>
    <reg>
     поспеть
    </reg>
   </choice>
   , да ошибся;
   <choice>
    <reg>
     вместо
    </reg>
   </choice>
   того, чтобы
   <choice>
    <reg>
     бежать
    </reg>
   </choice>
   по протоптанной
   <choice>
    <reg>
     дорожке
    </reg>
   </choice>
   ,
   <choice>
    <reg>
     он
    </reg>
   </choice>
   <choice>
    <reg>
     побежал
    </reg>
   </choice>
   <choice>
    <reg>
     целиком
    </reg>
   </choice>
   и
   <choice>
    <reg>
     упал
    </reg>
   </choice>
   . Пока
   <choice>
    <reg>
     он
    </reg>
   </choice>
   выкарабкивался
   <choice>
    <reg>
     из
    </reg>
   </choice>
   <choice>
    <reg>
     снега
    </reg>
   </choice>
   ,
   <choice>
    <reg>
     медведь
    </reg>
   </choice>
   все
   <choice>
    <reg>
     грыз
    </reg>
   </choice>
   меня. А
   <choice>
    <reg>
     Демьян
    </reg>
   </choice>
   <choice>
    <reg>
     как
    </reg>
   </choice>
   <choice>
    <reg>
     был
    </reg>
   </choice>
   <choice>
    <reg>
     без
    </reg>
   </choice>
   ружья,
   <choice>
    <reg>
     с
    </reg>
   </choice>
   одной хворостиной, пустился по
   <choice>
    <reg>
     дорожке
    </reg>
   </choice>
   ,
   <choice>
    <reg>
     сам
    </reg>
   </choice>
   <choice>
    <reg>
     кричит
    </reg>
   </choice>
   . «Барина
   <choice>
    <reg>
     заел
    </reg>
   </choice>
   ! Барина
   <choice>
    <reg>
     заел
    </reg>
   </choice>
   !»
   <choice>
    <reg>
     Сам
    </reg>
   </choice>
   <choice>
    <reg>
     бежит
    </reg>
   </choice>
   и
   <choice>
    <reg>
     кричит
    </reg>
   </choice>
   на
   <choice>
    <reg>
     медведя
    </reg>
   </choice>
   : «
   <choice>
    <reg>
     Ах
    </reg>
   </choice>
   ты баломутный! Что
   <choice>
    <reg>
     делает
    </reg>
   </choice>
   ! Брось! Брось!»
  </p>
  <p rend="left" uuid="20580617-dae2-4f9b-94ce-f092a4d6678b">
   Послушался
   <choice>
    <reg>
     медведь
    </reg>
   </choice>
   ,
   <choice>
    <reg>
     бросил
    </reg>
   </choice>
   меня и
   <choice>
    <reg>
     побежал
    </reg>
   </choice>
   . Когда я поднялся, на
   <choice>
    <reg>
     снегу
    </reg>
   </choice>
   крови было, точно барана
   <choice>
    <reg>
     зарезали
    </reg>
   </choice>
   , и
   <choice>
    <reg>
     над
    </reg>
   </choice>
   глазами лохмотьями
   <choice>
    <reg>
     висело
    </reg>
   </choice>
   мясо; а сгоряча больно не было.
  </p>
  <p rend="left" uuid="ef82ee75-ea0c-4c19-b438-2d902b150459">
   <choice>
    <reg>
     Прибежал
    </reg>
   </choice>
   <choice>
    <reg>
     товарищ
    </reg>
   </choice>
   , собрался
   <choice>
    <reg>
     народ
    </reg>
   </choice>
   ,
   <choice>
    <reg>
     смотрят
    </reg>
   </choice>
   мою рану,
   <choice>
    <reg>
     снегом
    </reg>
   </choice>
   <choice>
    <reg>
     примачивают
    </reg>
   </choice>
   . А я и
   <choice>
    <reg>
     забыл
    </reg>
   </choice>
   про рану, спрашиваю: «
   <choice>
    <reg>
     где
    </reg>
   </choice>
   <choice>
    <reg>
     медведь
    </reg>
   </choice>
   , куда
   <choice>
    <reg>
     ушел
    </reg>
   </choice>
   ?»
   <choice>
    <reg>
     Вдруг
    </reg>
   </choice>
   <choice>
    <reg>
     слышим
    </reg>
   </choice>
   : «
   <choice>
    <reg>
     вот
    </reg>
   </choice>
   <choice>
    <reg>
     он
    </reg>
   </choice>
   !
   <choice>
    <reg>
     вот
    </reg>
   </choice>
   <choice>
    <reg>
     он
    </reg>
   </choice>
   !»
   <choice>
    <reg>
     Видим
    </reg>
   </choice>
   —
   <choice>
    <reg>
     медведь
    </reg>
   </choice>
   <choice>
    <reg>
     бежит
    </reg>
   </choice>
   опять
   <choice>
    <reg>
     к
    </reg>
   </choice>
   <choice>
    <reg>
     нам
    </reg>
   </choice>
   . Схватились мы за ружья, да не
   <choice>
    <reg>
     поспел
    </reg>
   </choice>
   никто
   <choice>
    <reg>
     выстрелить
    </reg>
   </choice>
   —
   <choice>
    <reg>
     уж
    </reg>
   </choice>
   <choice>
    <reg>
     он
    </reg>
   </choice>
   <choice>
    <reg>
     пробежал
    </reg>
   </choice>
   .
   <choice>
    <reg>
     Медведь
    </reg>
   </choice>
   <choice>
    <reg>
     остервенел
    </reg>
   </choice>
   —
   <choice>
    <reg>
     хотелось
    </reg>
   </choice>
   ему еще погрызть, да
   <choice>
    <reg>
     увидал
    </reg>
   </choice>
   , что народу много, испугался. По
   <choice>
    <reg>
     следу
    </reg>
   </choice>
   мы увидали, что
   <choice>
    <reg>
     из
    </reg>
   </choice>
   <choice>
    <reg>
     медвежьей
    </reg>
   </choice>
   головы
   <choice>
    <reg>
     идет
    </reg>
   </choice>
   кровь;
   <choice>
    <reg>
     хотели
    </reg>
   </choice>
   идти догонять, но у меня
   <choice>
    <reg>
     разболелась
    </reg>
   </choice>
   голова, и
   <choice>
    <reg>
     поехали
    </reg>
   </choice>
   <choice>
    <reg>
     в
    </reg>
   </choice>
   <choice>
    <reg>
     город
    </reg>
   </choice>
   ,
   <choice>
    <reg>
     к
    </reg>
   </choice>
   доктору.
  </p>
  <p rend="left" uuid="261976f8-df5c-4016-9ea4-31a7ca40e8c8">
   Докторъ зашилъ мнѣ раны шелкомъ, и онѣ стали заживать.
  </p>
  <p rend="left" uuid="cdab0423-97a3-4d19-b8a4-2ce5e1a83ea7">
   <choice>
    <reg>
     Через
    </reg>
   </choice>
   <choice>
    <reg>
     месяц
    </reg>
   </choice>
   мы
   <choice>
    <reg>
     поехали
    </reg>
   </choice>
   опять на этого
   <choice>
    <reg>
     медведя
    </reg>
   </choice>
   ; но
   <choice>
    <reg>
     мне
    </reg>
   </choice>
   не удалось добить его.
   <choice>
    <reg>
     Медведь
    </reg>
   </choice>
   не
   <choice>
    <reg>
     выходил
    </reg>
   </choice>
  </p>
  <p rend="left emptyline" uuid="04c3ae1d-f89b-4c6e-9d9a-53bbe5c5c21f">
   <pb n="589"/>
  </p>
  <p rend="centerline" uuid="3a45cc99-2e83-4679-880c-44b6bf7e5ac2">
   — 29 —
  </p>
  <p rend="notindent" uuid="a15fc59d-3801-4c12-b5d9-619446d68886">
   <choice>
    <reg>
     изе
    </reg>
   </choice>
   обклада, а все
   <choice>
    <reg>
     ходил
    </reg>
   </choice>
   <choice>
    <reg>
     кругом
    </reg>
   </choice>
   и
   <choice>
    <reg>
     ревел
    </reg>
   </choice>
   <choice>
    <reg>
     страшным
    </reg>
   </choice>
   <choice>
    <reg>
     голосом
    </reg>
   </choice>
   .
   <choice>
    <reg>
     Демьян
    </reg>
   </choice>
   <choice>
    <reg>
     добил
    </reg>
   </choice>
   его. У
   <choice>
    <reg>
     медведя
    </reg>
   </choice>
   этого
   <choice>
    <reg>
     моим
    </reg>
   </choice>
   <choice>
    <reg>
     выстрелом
    </reg>
   </choice>
   была перебита нижняя челюсть и
   <choice>
    <reg>
     выбит
    </reg>
   </choice>
   <choice>
    <reg>
     зуб
    </reg>
   </choice>
   .
  </p>
  <p rend="left" uuid="36d533e8-7a20-4ef3-8c80-e28e4da2d2ad">
   <choice>
    <reg>
     Медведь
    </reg>
   </choice>
   <choice>
    <reg>
     этот
    </reg>
   </choice>
   <choice>
    <reg>
     был
    </reg>
   </choice>
   очень
   <choice>
    <reg>
     велик
    </reg>
   </choice>
   и на
   <choice>
    <reg>
     нем
    </reg>
   </choice>
   прекрасная, черная шкура.
  </p>
  <p rend="left" uuid="9021f56a-839a-429c-9222-64974ec29256">
   Я сдѣлалъ изъ нея чучелу, и она лежитъ у меня въ горницѣ. Раны у меня на лбу зажили, такъ что только чуть-чуть видно, гдѣ онѣ были.
  </p>
  <p rend="left emptyline" uuid="84ba8baf-b789-49ec-863c-9404a69af633">
   <pb n="590"/>
  </p>
 </div>
</TEI>