<?xml version="1.0" encoding="utf-8"?>
<TEI xmlns="http://www.tei-c.org/ns/1.0" xmlns:xi="http://www.w3.org/2001/XInclude">
 <teiHeader>
  <fileDesc>
   <titleStmt>
    <title>
     Азбука. Книга I
    </title>
    <author>
     Толстой Л.Н.
    </author>
    <respStmt>
     <resp>
      подготовка TEI/XML
     </resp>
     <name>
      Мария Картышева, Евгений Можаев, Даниил Скоринкин, Елена Сидорова, Вероника Файнберг, Кирилл Милинцевич
     </name>
    </respStmt>
    <respStmt>
     <name>
      Анастасия Бонч-Осмоловская, Фёкла Толстая, Борис Орехов
     </name>
     <resp>
      Идея, постановка задач, руководство
     </resp>
    </respStmt>
   </titleStmt>
   <publicationStmt>
    <idno>
     Азбука  | Книга I
    </idno>
    <publisher>
     <orgName>
      Школа лингвистики НИУ ВШЭ
     </orgName>
    </publisher>
    <availability>
     <p>
      Тексты и метатекстовая разметка доступны для свободного использования и распространения по лицензии Creative Commons Attribution Share-Alike (cc by-sa)
     </p>
    </availability>
   </publicationStmt>
   <sourceDesc>
    <biblStruct>
     <analytic>
      <author>
       Толстой Л.Н.
      </author>
      <title level="a">
       Азбука. Книга I
      </title>
     </analytic>
     <monogr>
      <title level="m">
       Полное собрание сочинений. Том 22
      </title>
      <imprint>
       <pubPlace>
        Москва
       </pubPlace>
       <publisher>
        Государственное издательство "Художественная литература"
       </publisher>
       <date when="1871-1872"/>
      </imprint>
     </monogr>
     <series>
      <title level="s">
       Л.Н. Толстой. Полное собрание сочинений
      </title>
      <biblScope unit="vol">
       22
      </biblScope>
     </series>
    </biblStruct>
   </sourceDesc>
  </fileDesc>
  <encodingDesc>
   <classDecl>
    <xi:include href="taxonomy.xml"/>
   </classDecl>
  </encodingDesc>
  <profileDesc>
   <creation>
    <date notAfter="1872" notBefore="1871">
     1871-1872
    </date>
    <rs/>
   </creation>
   <textClass>
    <catRef target="#fiction" type="sphere"/>
    <catRef target="#произведения для детей" type="type"/>
    <catRef target="#works" type="works_letters_diaries"/>
    <catRef target="#азбука" type="ninetyDef"/>
    <catRef target="#Основное" type="main_var"/>
    <catRef target="#азбука" type="type_short"/>
    <catRef target="None" type="translation"/>
    <catRef target="None" type="translation_origin"/>
    <catRef target="#да" type="tolstoy_or_not"/>
    <catRef target="None" type="name_status"/>
   </textClass>
   <preparedness>
    finished
   </preparedness>
   <settingDesc>
    <time>
     XIX век
    </time>
   </settingDesc>
  </profileDesc>
  <xenoData>
   <cyclusName/>
   <p>
    Проект
    <title>
     Толстой.Digital
    </title>
    разрабатывается сотрудниками и студентами
    <orgName>
     Высшей школы экономики
    </orgName>
    в сотрудничестве с
    <orgName>
     Государственным музеем Л.Н. Толстого
    </orgName>
    . Источник текстов –
    <bibl>
     90-томное собрание сочинений Л.Н.Толстого
    </bibl>
    . Разметка основана на стандарте
    <ref target="http://www.tei-c.org">
     TEI (Text Encoding Initiative)
    </ref>
    .
   </p>
   <versionNumber/>
   <isFinished/>
   <isEdited/>
   <fullBibliographicDescription/>
  </xenoData>
 </teiHeader>
 <p rend="left emptyline">
  <pb n="448"/>
 </p>
 <div type="section" xml:id="h000012005011001">
  <head rend="center">
   <hi rend="strong">
    ВОЛЬГА БОГАТЫРЬ.
   </hi>
  </head>
  <div type="poem">
   <div rend="left" type="stanza">
    <p rend="v" uuid="dd431103-2729-4c46-927f-e4dbeee7a41b">
     Что не мелки часты
     <choice>
      <reg>
       звездочки
      </reg>
      <orig>
       звѣздочки
      </orig>
     </choice>
    </p>
    <p rend="v" uuid="c0083758-d088-44a3-bb1c-453d3e6dd275">
     <choice>
      <reg>
       Рассажалися
      </reg>
      <orig>
       Разсажалися
      </orig>
     </choice>
     <choice>
      <reg>
       под
      </reg>
      <orig>
       подъ
      </orig>
     </choice>
     небесью,
    </p>
    <p rend="v" uuid="ff6bd2f4-1471-4878-ad98-a0f2fe08419f">
     Что не
     <choice>
      <reg>
       ясен
      </reg>
      <orig>
       ясенъ
      </orig>
     </choice>
     <choice>
      <reg>
       светел
      </reg>
      <orig>
       свѣтелъ
      </orig>
     </choice>
     <choice>
      <reg>
       месяц
      </reg>
      <orig>
       мѣсяцъ
      </orig>
     </choice>
    </p>
    <p rend="v" uuid="0a741e2b-b4cc-4843-bdd3-3134ce61e796">
     <choice>
      <reg>
       Просветил
      </reg>
      <orig>
       Просвѣтилъ
      </orig>
     </choice>
     <choice>
      <reg>
       в
      </reg>
      <orig>
       въ
      </orig>
     </choice>
     <choice>
      <reg>
       небе
      </reg>
      <orig>
       небѣ
      </orig>
     </choice>
     <choice>
      <reg>
       высокоем
      </reg>
      <orig>
       высокоемъ
      </orig>
     </choice>
     , —
    </p>
    <p rend="v" uuid="5cd1d38d-02e9-46fc-9548-1bd455737edd">
     <choice>
      <reg>
       Осветило
      </reg>
      <orig>
       Освѣтило
      </orig>
     </choice>
     красно солнышко
    </p>
    <p rend="v" uuid="818dcb09-e916-4e02-b68b-3aa8157c8d61">
     Нашу землю святорусскую:
    </p>
    <p rend="v" uuid="b73d034b-79c9-40ff-a191-0405be6d0e11">
     На святой Руси на
     <choice>
      <reg>
       матушке
      </reg>
      <orig>
       матушкѣ
      </orig>
     </choice>
    </p>
    <p rend="v" uuid="3b898d60-2fed-4f99-9156-1aa5c2354c32">
     Народился
     <choice>
      <reg>
       удал
      </reg>
      <orig>
       удалъ
      </orig>
     </choice>
     <choice>
      <reg>
       молодец
      </reg>
      <orig>
       молодецъ
      </orig>
     </choice>
     ,
    </p>
    <p rend="v" uuid="31c156ab-362e-4f3c-bce1-226ed1968aed">
     <choice>
      <reg>
       Свет
      </reg>
      <orig>
       Свѣтъ
      </orig>
     </choice>
     Вольгà — сударь
     <choice>
      <reg>
       Буслаевич
      </reg>
      <orig>
       Буслаевичъ
      </orig>
     </choice>
     .
    </p>
    <p rend="v" uuid="97257b00-3fe1-41b6-a76e-2ab733b38cd4">
     <choice>
      <reg>
       От
      </reg>
      <orig>
       Отъ
      </orig>
     </choice>
     рожденья
     <choice>
      <reg>
       богатырского
      </reg>
      <orig>
       богатырскаго
      </orig>
     </choice>
    </p>
    <p rend="v" uuid="57a2a2d5-50aa-4100-9226-23623d200ed0">
     Потряслася мать сыра земля,
    </p>
    <p rend="v" uuid="8fc453ec-a454-4a03-b458-7e4d7fb5f767">
     Море сине всколыбалося,
    </p>
    <p rend="v" uuid="b7f8006d-3789-4c08-b68c-e328be7711d3">
     Рыбы
     <choice>
      <reg>
       в
      </reg>
      <orig>
       въ
      </orig>
     </choice>
     глубь моря забилися,
    </p>
    <p rend="v" uuid="6096a971-50a4-4e85-8514-c179f1ca4d75">
     <choice>
      <reg>
       Звери
      </reg>
      <orig>
       Звѣри
      </orig>
     </choice>
     <choice>
      <reg>
       в
      </reg>
      <orig>
       въ
      </orig>
     </choice>
     чащи схоронилися,
    </p>
    <p rend="v" uuid="b3d3833d-718e-49cd-af9d-ca5d8e9c50c7">
     Постряслось царство Турецкое.
    </p>
    <p rend="v" uuid="613926d5-90ca-4834-8240-77cb4470ef50">
     <choice>
      <reg>
       Выростал
      </reg>
      <orig>
       Выросталъ
      </orig>
     </choice>
     Вольга семи
     <choice>
      <reg>
       годов
      </reg>
      <orig>
       годовъ
      </orig>
     </choice>
     —
    </p>
    <p rend="v" uuid="1efea3fe-3273-4050-a737-8a9ded7874fd">
     <choice>
      <reg>
       Захотел
      </reg>
      <orig>
       Захотѣлъ
      </orig>
     </choice>
     <choice>
      <reg>
       он
      </reg>
      <orig>
       онъ
      </orig>
     </choice>
     много мудрости,
    </p>
    <p rend="v" uuid="ea194488-e599-47e8-bdd1-8d1082daaeab">
     <choice>
      <reg>
       К
      </reg>
      <orig>
       Къ
      </orig>
     </choice>
     <choice>
      <reg>
       мудрецам
      </reg>
      <orig>
       мудрецамъ
      </orig>
     </choice>
     задался
     <choice>
      <reg>
       в
      </reg>
      <orig>
       въ
      </orig>
     </choice>
     выучку,
    </p>
    <p rend="v" uuid="e49c09d9-f118-40a1-b6dd-9fb5804a1904">
     И
     <choice>
      <reg>
       в
      </reg>
      <orig>
       въ
      </orig>
     </choice>
     <choice>
      <reg>
       наук
      </reg>
      <orig>
       наукъ
      </orig>
     </choice>
     пошло
     <choice>
      <reg>
       учение
      </reg>
      <orig>
       ученiе
      </orig>
     </choice>
     .
    </p>
    <p rend="v" uuid="011b8466-370a-4127-b87c-8c2c121569b7">
     <choice>
      <reg>
       Понимал
      </reg>
      <orig>
       Понималъ
      </orig>
     </choice>
     Вольга
     <choice>
      <reg>
       все
      </reg>
      <orig>
       всѣ
      </orig>
     </choice>
     мудрости.
    </p>
    <p rend="v" uuid="eeaaacef-512e-4d56-803d-4da6a45ac335">
     Обучился первой мудрости —
    </p>
    <p rend="v" uuid="9a21f333-160d-4fa8-99f6-caef9d9d8754">
     Оборачиваться птицею;
    </p>
   </div>
  </div>
  <p rend="left emptyline" uuid="5530a8da-eeb9-4a48-a974-01e266be6999">
   <pb n="449"/>
  </p>
  <p rend="centerline" uuid="9ca5eb2d-9cb6-4863-b40e-7ca01ab18fd9">
   — 81 —
  </p>
  <div type="poem">
   <div rend="left" type="stanza">
    <p rend="v" uuid="253e0989-a18a-441b-bcb8-6a2db6ac8652">
     Обучился другой мудрости —
    </p>
    <p rend="v" uuid="5d3c21ea-528f-4c86-9b73-64521e19a290">
     Оборачиваться рыбою;
    </p>
    <p rend="v" uuid="6f410264-bb8c-4dba-ac5a-0b0f6af67a22">
     Обучился третьей мудрости —
    </p>
    <p rend="v" uuid="24bbb347-fde4-4fa4-8a9e-6e867380c931">
     <choice>
      <reg>
       Серым
      </reg>
      <orig>
       Сѣрымъ
      </orig>
     </choice>
     <choice>
      <reg>
       волком
      </reg>
      <orig>
       волкомъ
      </orig>
     </choice>
     ся обёртывать.
    </p>
    <p rend="v" uuid="81db6bb4-3e3e-4a8d-b029-69ea042d2bf8">
     <choice>
      <reg>
       Как
      </reg>
      <orig>
       Какъ
      </orig>
     </choice>
     и
     <choice>
      <reg>
       стал
      </reg>
      <orig>
       сталъ
      </orig>
     </choice>
     Вольгà
     <choice>
      <reg>
       в
      </reg>
      <orig>
       въ
      </orig>
     </choice>
     пятнадцать
     <choice>
      <reg>
       лет
      </reg>
      <orig>
       лѣтъ
      </orig>
     </choice>
     ,
    </p>
    <p rend="v" uuid="a581ab7a-f522-4019-a7a1-31da858ce777">
     <choice>
      <reg>
       Подбирал
      </reg>
      <orig>
       Подбиралъ
      </orig>
     </choice>
     Вольгà дружинушку,
    </p>
    <p rend="v" uuid="af76b6a4-e706-43c2-8649-07d008d4fcb5">
     И
     <choice>
      <reg>
       собрал
      </reg>
      <orig>
       собралъ
      </orig>
     </choice>
     <choice>
      <reg>
       он
      </reg>
      <orig>
       онъ
      </orig>
     </choice>
     <choice>
      <reg>
       себе
      </reg>
      <orig>
       себѣ
      </orig>
     </choice>
     <choice>
      <reg>
       ровнюшек
      </reg>
      <orig>
       ровнюшекъ
      </orig>
     </choice>
     ,
    </p>
    <p rend="v" uuid="cd205ea6-03d7-4cdc-9cd1-58d22d31feb6">
     <choice>
      <reg>
       Удалых ли
      </reg>
      <orig>
       Удалыхъ-ли
      </orig>
     </choice>
     <choice>
      <reg>
       добрых
      </reg>
      <orig>
       добрыхъ
      </orig>
     </choice>
     <choice>
      <reg>
       мóлодцев
      </reg>
      <orig>
       мóлодцевъ
      </orig>
     </choice>
     , —
    </p>
    <p rend="v" uuid="2b407d7b-7aef-48cf-b796-4d5b44d7f014">
     Тридцать
     <choice>
      <reg>
       братьев
      </reg>
      <orig>
       братьевъ
      </orig>
     </choice>
     <choice>
      <reg>
       без
      </reg>
      <orig>
       безъ
      </orig>
     </choice>
     <choice>
      <reg>
       единого
      </reg>
      <orig>
       единаго
      </orig>
     </choice>
     ,
    </p>
    <p rend="v" uuid="6d1e3e81-822e-4f1d-981b-b591f6097ebc">
     Становился
     <choice>
      <reg>
       сам
      </reg>
      <orig>
       самъ
      </orig>
     </choice>
     <choice>
      <reg>
       в
      </reg>
      <orig>
       въ
      </orig>
     </choice>
     <choice>
      <reg>
       тридцатыих
      </reg>
      <orig>
       тридцатыихъ
      </orig>
     </choice>
     .
    </p>
    <p rend="v" uuid="0fa72c11-1e20-4858-9489-10bb80a8e355">
     <choice>
      <reg>
       Как
      </reg>
      <orig>
       Какъ
      </orig>
     </choice>
     и
     <choice>
      <reg>
       стал
      </reg>
      <orig>
       сталъ
      </orig>
     </choice>
     Вольгà
     <choice>
      <reg>
       с
      </reg>
      <orig>
       съ
      </orig>
     </choice>
     дружиною
    </p>
    <p rend="v" uuid="b162cc73-bf26-4aba-b88a-bbce8029a04e">
     На
     <choice>
      <reg>
       крутом
      </reg>
      <orig>
       крутомъ
      </orig>
     </choice>
     яру у
     <choice>
      <reg>
       Киева
      </reg>
      <orig>
       Кiева
      </orig>
     </choice>
     ,
    </p>
    <p rend="v" uuid="e8cbd0f7-a4fc-415d-8ca9-47ab688999fd">
     <choice>
      <reg>
       Взговорит
      </reg>
      <orig>
       Взговоритъ
      </orig>
     </choice>
     Вольгà
     <choice>
      <reg>
       Буслаевич
      </reg>
      <orig>
       Буслаевичъ
      </orig>
     </choice>
     :
    </p>
    <p rend="v" uuid="f01744d7-470e-4da6-9b45-dff4ad86692e">
     «Вы дружина моя храбрая,
    </p>
    <p rend="v" uuid="407ad14e-4f94-4720-984a-21b22b14f9d5">
     «Тридцать
     <choice>
      <reg>
       братьев
      </reg>
      <orig>
       братьевъ
      </orig>
     </choice>
     <choice>
      <reg>
       без
      </reg>
      <orig>
       безъ
      </orig>
     </choice>
     <choice>
      <reg>
       единого
      </reg>
      <orig>
       единаго
      </orig>
     </choice>
     ,
    </p>
    <p rend="v" uuid="e9a3769f-2ba7-45de-a9ce-a739caf46b0a">
     «
     <choice>
      <reg>
       Сам
      </reg>
      <orig>
       Самъ
      </orig>
     </choice>
     Вольгà я во
     <choice>
      <reg>
       тридцатыих
      </reg>
      <orig>
       тридцатыихъ
      </orig>
     </choice>
     , —
    </p>
    <p rend="v" uuid="38b476e6-721e-43d9-af50-94034674892c">
     «Вы большàго брата слушайте,
    </p>
    <p rend="v" uuid="8e41a6d0-08be-40bd-a5a3-986785040931">
     «Повелёно
     <choice>
      <reg>
       дело
      </reg>
      <orig>
       дѣло
      </orig>
     </choice>
     <choice>
      <reg>
       делайте
      </reg>
      <orig>
       дѣлайте
      </orig>
     </choice>
     :
    </p>
    <p rend="v" uuid="c357ecdf-6794-4746-84b5-bb8c25f3e1b6">
     «Повяжите
     <choice>
      <reg>
       сети
      </reg>
      <orig>
       сѣти
      </orig>
     </choice>
     шёлковы,
    </p>
    <p rend="v" uuid="c970e7d4-df80-4f76-a4dd-134225ba6756">
     «Опускайте
     <choice>
      <reg>
       в
      </reg>
      <orig>
       въ
      </orig>
     </choice>
     море синее»
    </p>
    <p rend="v" uuid="2eaaa5f5-087f-4651-8afc-6ecf0982b11b">
     <choice>
      <reg>
       Тут
      </reg>
      <orig>
       Тутъ
      </orig>
     </choice>
     Вольгу̀ дружина слушалась,
    </p>
    <p rend="v" uuid="d0a5e8e5-10d7-47ca-912b-dc3cecc9dc98">
     Повязала
     <choice>
      <reg>
       сети
      </reg>
      <orig>
       сѣти
      </orig>
     </choice>
     шёлковы,
    </p>
    <p rend="v" uuid="a6344594-b62a-4380-8f6e-f41fd70e21c4">
     Опускала
     <choice>
      <reg>
       в
      </reg>
      <orig>
       въ
      </orig>
     </choice>
     море синее.
    </p>
    <p rend="v" uuid="08c444d1-a740-4190-95db-1f729b144f0a">
     Рыбой Вольга ся
     <choice>
      <reg>
       обёртывал
      </reg>
      <orig>
       обёртывалъ
      </orig>
     </choice>
     ,
    </p>
    <p rend="v" uuid="5ec80acd-3ed1-4c1e-b510-18f15d1a2aad">
     Рыбой-щукою зубастою,
    </p>
    <p rend="v" uuid="b0de74bb-8ff7-4d0a-bac7-383f3bfe74b9">
     Во станы
     <choice>
      <reg>
       поплыл
      </reg>
      <orig>
       поплылъ
      </orig>
     </choice>
     <choice>
      <reg>
       глубокие
      </reg>
      <orig>
       глубокiе
      </orig>
     </choice>
     ,
    </p>
    <p rend="v" uuid="a1a7d6bb-5f2d-400e-81eb-d61df2525f71">
     <choice>
      <reg>
       Распугал
      </reg>
      <orig>
       Распугалъ
      </orig>
     </choice>
     всю рыбу красную,
    </p>
    <p rend="v" uuid="db82eedc-8308-4b6b-895b-28094dc4c85e">
     <choice>
      <reg>
       Загонял
      </reg>
      <orig>
       Загонялъ
      </orig>
     </choice>
     рыбу во часты̀
     <choice>
      <reg>
       сети
      </reg>
      <orig>
       сѣти
      </orig>
     </choice>
     .
    </p>
    <p rend="v" uuid="b86ce05c-2cce-4617-9453-5066e5bee1a9">
     <choice>
      <reg>
       Как
      </reg>
      <orig>
       Какъ
      </orig>
     </choice>
     и
     <choice>
      <reg>
       стал
      </reg>
      <orig>
       сталъ
      </orig>
     </choice>
     Вольга
     <choice>
      <reg>
       с
      </reg>
      <orig>
       съ
      </orig>
     </choice>
     дружиною
    </p>
    <p rend="v" uuid="62f0e66b-814a-4c38-9195-e1c6acc62dee">
     На
     <choice>
      <reg>
       крутом
      </reg>
      <orig>
       крутомъ
      </orig>
     </choice>
     яру у
     <choice>
      <reg>
       Киева
      </reg>
      <orig>
       Кiева
      </orig>
     </choice>
     ,
    </p>
    <p rend="v" uuid="2df29b2d-1bac-4b42-bc66-c0da85bd7066">
     <choice>
      <reg>
       Взговорит
      </reg>
      <orig>
       Взговоритъ
      </orig>
     </choice>
     Вольга
     <choice>
      <reg>
       Буслаевич
      </reg>
      <orig>
       Буслаевичъ
      </orig>
     </choice>
     :
    </p>
   </div>
  </div>
  <p rend="left emptyline" uuid="dabfd376-81c1-4f2c-ad52-b52c73f55838">
   <pb n="450"/>
  </p>
  <p rend="centerline" uuid="a4368886-46ff-48a6-89c3-5a687206190b">
   — 82 —
  </p>
  <div type="poem">
   <div rend="left" type="stanza">
    <p rend="v" uuid="a712192a-7f2e-4193-b769-ff1a1fea3daf">
     «Вы, дружина моя храбрая,
    </p>
    <p rend="v" uuid="848e91bf-5339-41df-ae48-4d4e0e89d42f">
     «Тридцать
     <choice>
      <reg>
       братьев
      </reg>
      <orig>
       братьевъ
      </orig>
     </choice>
     <choice>
      <reg>
       без
      </reg>
      <orig>
       безъ
      </orig>
     </choice>
     <choice>
      <reg>
       единого
      </reg>
      <orig>
       единаго
      </orig>
     </choice>
     ,
    </p>
    <p rend="v" uuid="a1b6c349-05e1-4cba-82f1-9035594bdafe">
     «
     <choice>
      <reg>
       Сам
      </reg>
      <orig>
       Самъ
      </orig>
     </choice>
     Вольгà я во
     <choice>
      <reg>
       тридцатыих
      </reg>
      <orig>
       тридцатыихъ
      </orig>
     </choice>
     ,
    </p>
    <p rend="v" uuid="eeb585e0-d9ac-40da-8c54-fac2dcfe1f40">
     «Брата бòльшаго вы слушайте,
    </p>
    <p rend="v" uuid="a068afe2-1cff-470c-babd-d0c29529bdd0">
     «Повелёно
     <choice>
      <reg>
       дедо
      </reg>
      <orig>
       дѣдо
      </orig>
     </choice>
     <choice>
      <reg>
       делайте
      </reg>
      <orig>
       дѣлайте
      </orig>
     </choice>
     : —
    </p>
    <p rend="v" uuid="26b6f566-f7a6-4a75-8a7b-342e4ffeedc9">
     «Вейте шёлковы верёвочки,
    </p>
    <p rend="v" uuid="f540d32f-77e5-4329-9305-72289ed629a9">
     «
     <choice>
      <reg>
       Расстанавливайте
      </reg>
      <orig>
       Разстанавливайте
      </orig>
     </choice>
     по
     <choice>
      <reg>
       лесу
      </reg>
      <orig>
       лѣсу
      </orig>
     </choice>
     ,
    </p>
    <p rend="v" uuid="284a1e6e-cddd-43fd-b560-c571560f6f9c">
     «На
     <choice>
      <reg>
       звериных ли
      </reg>
      <orig>
       звѣриныхъ-ли
      </orig>
     </choice>
     на
     <choice>
      <reg>
       тропочках
      </reg>
      <orig>
       тропочкахъ
      </orig>
     </choice>
     »
    </p>
    <p rend="v" uuid="0e45643f-301a-45ff-b83a-f2901a037d50">
     <choice>
      <reg>
       Тут
      </reg>
      <orig>
       Тутъ
      </orig>
     </choice>
     Вольгу дружина слушалась —
    </p>
    <p rend="v" uuid="3aabba08-bf6a-48f3-b1d5-178757477e5e">
     Вила шёлковы верёвочки,
    </p>
    <p rend="v" uuid="787f79a7-075a-46ac-a13b-b653160fb582">
     <choice>
      <reg>
       Расстанавливала
      </reg>
      <orig>
       Разстанавливала
      </orig>
     </choice>
     по
     <choice>
      <reg>
       лесу
      </reg>
      <orig>
       лѣсу
      </orig>
     </choice>
     .
    </p>
    <p rend="v" uuid="117118ea-dd84-4d4e-991b-f60e10736aa8">
     <choice>
      <reg>
       Зверем
      </reg>
      <orig>
       Звѣремъ
      </orig>
     </choice>
     Вольга ся
     <choice>
      <reg>
       обёртывал
      </reg>
      <orig>
       обёртывалъ
      </orig>
     </choice>
    </p>
    <p rend="v" uuid="5d808061-07df-4b7a-915d-bdc982dfbbe4">
     <choice>
      <reg>
       Серым
      </reg>
      <orig>
       Сѣрымъ
      </orig>
     </choice>
     <choice>
      <reg>
       волком
      </reg>
      <orig>
       волкомъ
      </orig>
     </choice>
     <choice>
      <reg>
       голенастыим
      </reg>
      <orig>
       голенастыимъ
      </orig>
     </choice>
     ,
    </p>
    <p rend="v" uuid="26d9f842-e7eb-4bb2-b7e9-55b5d877b02b">
     <choice>
      <reg>
       Поскакал
      </reg>
      <orig>
       Поскакалъ
      </orig>
     </choice>
     <choice>
      <reg>
       в
      </reg>
      <orig>
       въ
      </orig>
     </choice>
     <choice>
      <reg>
       леса
      </reg>
      <orig>
       лѣса
      </orig>
     </choice>
     <choice>
      <reg>
       дремучие
      </reg>
      <orig>
       дремучiе
      </orig>
     </choice>
     ,
    </p>
    <p rend="v" uuid="f9493e25-6305-4189-858e-37e06780183b">
     Во глухѝ ломы, во чащицы,
    </p>
    <p rend="v" uuid="1888db9e-acc4-41b7-a197-8a26a47f051e">
     <choice>
      <reg>
       Распугал
      </reg>
      <orig>
       Распугалъ
      </orig>
     </choice>
     <choice>
      <reg>
       он
      </reg>
      <orig>
       онъ
      </orig>
     </choice>
     <choice>
      <reg>
       зверя
      </reg>
      <orig>
       звѣря
      </orig>
     </choice>
     <choice>
      <reg>
       кунного
      </reg>
      <orig>
       куннаго
      </orig>
     </choice>
     ,
    </p>
    <p rend="v" uuid="8c31c8b0-08ed-4a5c-96b6-ba4ea566e47e">
     <choice>
      <reg>
       Загонял
      </reg>
      <orig>
       Загонялъ
      </orig>
     </choice>
     <choice>
      <reg>
       зверя
      </reg>
      <orig>
       звѣря
      </orig>
     </choice>
     во петельки.
    </p>
    <p rend="v" uuid="19c41a38-1948-4b3f-aa90-e3009fb9a402">
     <choice>
      <reg>
       Как
      </reg>
      <orig>
       Какъ
      </orig>
     </choice>
     и
     <choice>
      <reg>
       стал
      </reg>
      <orig>
       сталъ
      </orig>
     </choice>
     Вольга
     <choice>
      <reg>
       с
      </reg>
      <orig>
       съ
      </orig>
     </choice>
     дружиною,
    </p>
    <p rend="v" uuid="60aa2689-a96c-4341-b0dd-b9ea403a83b5">
     На
     <choice>
      <reg>
       крутом
      </reg>
      <orig>
       крутомъ
      </orig>
     </choice>
     яру у
     <choice>
      <reg>
       Киева
      </reg>
      <orig>
       Кiева
      </orig>
     </choice>
     ,
    </p>
    <p rend="v" uuid="68a108c3-63d8-420c-9165-7fc937480f08">
     <choice>
      <reg>
       Взговорит
      </reg>
      <orig>
       Взговоритъ
      </orig>
     </choice>
     Вольга
     <choice>
      <reg>
       Буслаевич
      </reg>
      <orig>
       Буслаевичъ
      </orig>
     </choice>
     :
    </p>
    <p rend="v" uuid="d4651eca-af33-4a87-ac35-24d241fa5322">
     «Половили мы всю рыбушку
    </p>
    <p rend="v" uuid="fc4586e6-973b-4990-b3ec-8c9ab3ef2354">
     «
     <choice>
      <reg>
       Из
      </reg>
      <orig>
       Изъ
      </orig>
     </choice>
     синя моря
     <choice>
      <reg>
       глубокого
      </reg>
      <orig>
       глубокаго
      </orig>
     </choice>
     ,
    </p>
    <p rend="v" uuid="9ff329e8-b595-4584-9016-86dd90af3720">
     «Половили
     <choice>
      <reg>
       зверя
      </reg>
      <orig>
       звѣря
      </orig>
     </choice>
     <choice>
      <reg>
       кунного
      </reg>
      <orig>
       куннаго
      </orig>
     </choice>
    </p>
    <p rend="v" uuid="110bac75-1364-4ee3-b9bf-155202c2d37a">
     «
     <choice>
      <reg>
       Из
      </reg>
      <orig>
       Изъ
      </orig>
     </choice>
     <choice>
      <reg>
       темных
      </reg>
      <orig>
       темныхъ
      </orig>
     </choice>
     <choice>
      <reg>
       лесов
      </reg>
      <orig>
       лѣсовъ
      </orig>
     </choice>
     <choice>
      <reg>
       дремучиих
      </reg>
      <orig>
       дремучiихъ
      </orig>
     </choice>
     ;
    </p>
    <p rend="v" uuid="d07dd109-0ad2-4d7c-a4be-4ed1d5f98880">
     «А и
     <choice>
      <reg>
       будет ли
      </reg>
      <orig>
       будетъ-ли
      </orig>
     </choice>
     <choice>
      <reg>
       тот
      </reg>
      <orig>
       тотъ
      </orig>
     </choice>
     <choice>
      <reg>
       мòлодец
      </reg>
      <orig>
       мòлодецъ
      </orig>
     </choice>
     ,
    </p>
    <p rend="v" uuid="3b9fa300-3477-410c-b426-0bb9108f5e7b">
     «
     <choice>
      <reg>
       Чтоб
      </reg>
      <orig>
       Чтобъ
      </orig>
     </choice>
     <choice>
      <reg>
       сходил
      </reg>
      <orig>
       сходилъ
      </orig>
     </choice>
     <choice>
      <reg>
       в
      </reg>
      <orig>
       въ
      </orig>
     </choice>
     царство Турецкое
    </p>
    <p rend="v" uuid="e972e892-e17d-4c99-a319-9b5ca8ac7c34">
     «Ко Царю
     <choice>
      <reg>
       Салтан-Бекетычу
      </reg>
      <orig>
       Салтанъ-Бекетычу
      </orig>
     </choice>
     ,
    </p>
    <p rend="v" uuid="f850aabe-bd08-418b-98be-0e75786b0b90">
     «
     <choice>
      <reg>
       Сведать
      </reg>
      <orig>
       Свѣдать
      </orig>
     </choice>
     думу его Царскую»
    </p>
    <p rend="v" uuid="fe3730ba-79d8-4536-bea8-fa4bf8c502c1">
     Молодцы
     <choice>
      <reg>
       тут
      </reg>
      <orig>
       тутъ
      </orig>
     </choice>
     стали прятаться,
    </p>
    <p rend="v" uuid="4fa89629-e456-47a7-888c-8f6fe1dfe6c0">
     Что большой да за середняго,
    </p>
    <p rend="v" uuid="f2379b1d-24b7-4b14-b6a7-5dfec81c63d4">
     A
     <choice>
      <reg>
       середний
      </reg>
      <orig>
       середнiй
      </orig>
     </choice>
     что за
     <choice>
      <reg>
       мèньшего
      </reg>
      <orig>
       мèньшаго
      </orig>
     </choice>
     , —
    </p>
   </div>
  </div>
  <p rend="left emptyline" uuid="f330427e-df32-4a55-98c7-6d1ef8ae7975">
   <pb n="451"/>
  </p>
  <p rend="centerline" uuid="0e9c6b27-4a56-419b-974c-56c85a6b5007">
   — 83 —
  </p>
  <div type="poem">
   <div rend="left" type="stanza">
    <p rend="v" uuid="f07c0f8f-c73f-4b60-bd59-5c25bec0d181">
     A
     <choice>
      <reg>
       ответа
      </reg>
      <orig>
       отвѣта
      </orig>
     </choice>
     <choice>
      <reg>
       нет
      </reg>
      <orig>
       нѣтъ
      </orig>
     </choice>
     <choice>
      <reg>
       от
      </reg>
      <orig>
       отъ
      </orig>
     </choice>
     <choice>
      <reg>
       мèньшего
      </reg>
      <orig>
       мèньшаго
      </orig>
     </choice>
     :
    </p>
    <p rend="v" uuid="4461452c-506f-4196-a0ec-4873df29ed71">
     <choice>
      <reg>
       Говорит
      </reg>
      <orig>
       Говоритъ
      </orig>
     </choice>
     Вольгà
     <choice>
      <reg>
       Буслаевич
      </reg>
      <orig>
       Буслаевичъ
      </orig>
     </choice>
     :
    </p>
    <p rend="v" uuid="15ec8ea3-bf97-4929-b0b1-659d3b2ca8a2">
     «
     <choice>
      <reg>
       Вольге
      </reg>
      <orig>
       Вольгѣ
      </orig>
     </choice>
     <choice>
      <reg>
       будет
      </reg>
      <orig>
       будетъ
      </orig>
     </choice>
     самому идти».
    </p>
    <p rend="v" uuid="9e52c55f-b380-43be-98df-f3a8502730ac">
     Птицей Вольгà ся
     <choice>
      <reg>
       обёртывал
      </reg>
      <orig>
       обёртывалъ
      </orig>
     </choice>
     ,
    </p>
    <p rend="v" uuid="051b5200-87cc-4c83-9a4f-12e744e9dd9c">
     Высокò взивлся
     <choice>
      <reg>
       под
      </reg>
      <orig>
       подъ
      </orig>
     </choice>
     нèбесью;
    </p>
    <p rend="v" uuid="e35d05c6-8fbf-48d1-b9f2-ca3abb773c3b">
     <choice>
      <reg>
       Прилетал
      </reg>
      <orig>
       Прилеталъ
      </orig>
     </choice>
     <choice>
      <reg>
       в
      </reg>
      <orig>
       въ
      </orig>
     </choice>
     Царство Турецкое,
    </p>
    <p rend="v" uuid="33d5c70f-1078-49b1-9efe-64eb981ecfc3">
     На оконце
     <choice>
      <reg>
       сел
      </reg>
      <orig>
       сѣлъ
      </orig>
     </choice>
     косящато.
    </p>
    <p rend="v" uuid="ecbfac18-6001-4d35-8f84-a58ae0695341">
     <choice>
      <reg>
       Сидит
      </reg>
      <orig>
       Сидитъ
      </orig>
     </choice>
     Царь
     <choice>
      <reg>
       Салтан
      </reg>
      <orig>
       Салтанъ
      </orig>
     </choice>
     <choice>
      <reg>
       Бекетович
      </reg>
      <orig>
       Бекетовичъ
      </orig>
     </choice>
    </p>
    <p rend="v" uuid="80f3ad6b-016b-4fa3-ab2e-197eb32084a9">
     Со Царицею Давыдьевной, —
    </p>
    <p rend="v" uuid="145d61c4-7c29-4ae6-be19-4e7ea4e1fe9b">
     Разговоры разговарива(е)
     <choice>
      <reg>
       т
      </reg>
      <orig>
       тъ
      </orig>
     </choice>
     ;
    </p>
    <p rend="v" uuid="3fbcfd0d-96ba-4f64-88a6-5cd368a4c35a">
     <choice>
      <reg>
       Говорит
      </reg>
      <orig>
       Говоритъ
      </orig>
     </choice>
     <choice>
      <reg>
       Салтан
      </reg>
      <orig>
       Салтанъ
      </orig>
     </choice>
     <choice>
      <reg>
       Бекетович
      </reg>
      <orig>
       Бекетовичъ
      </orig>
     </choice>
     :
    </p>
    <p rend="v" uuid="f3c0bc2c-4557-495c-9b2c-b326ed09d0f1">
     «Ты жена моя возлюбленна,
    </p>
    <p rend="v" uuid="0cb03d21-6660-4c8e-81d4-e53175453e81">
     «
     <choice>
      <reg>
       Молода ли
      </reg>
      <orig>
       Молода-ли
      </orig>
     </choice>
     <choice>
      <reg>
       свет-Давыдьевна
      </reg>
      <orig>
       свѣтъ-Давыдьевна
      </orig>
     </choice>
     ,
    </p>
    <p rend="v" uuid="a84918a2-0786-4552-9425-09452cbf432f">
     «Воевать хочу святую Русь,
    </p>
    <p rend="v" uuid="48d5d901-d93f-498f-91c7-3e5127d02670">
     «Хочу взять я славный
     <choice>
      <reg>
       Киев-град
      </reg>
      <orig>
       Кiевъ-градъ
      </orig>
     </choice>
     ,
    </p>
    <p rend="v" uuid="729ddbca-236b-4423-b111-031ebc1efc25">
     «Подарить хочу по городу
    </p>
    <p rend="v" uuid="0d6396b8-871e-4622-8a6d-a65254bb1357">
     «Девяти
     <choice>
      <reg>
       сынам
      </reg>
      <orig>
       сынамъ
      </orig>
     </choice>
     , по русскому;
    </p>
    <p rend="v" uuid="1face329-e589-4759-a847-eb9f2fc66304">
     «Да привезть хочу я шубоньку
    </p>
    <p rend="v" uuid="a272809e-e7ba-4fb5-9167-2cc6707652a9">
     «Дорогую, соболиную».
    </p>
    <p rend="v" uuid="e9f95901-6620-470e-9a82-0df25f61c0ad">
     <choice>
      <reg>
       Взговорит
      </reg>
      <orig>
       Взговоритъ
      </orig>
     </choice>
     ему Давыдьевна:
    </p>
    <p rend="v" uuid="f7e7be69-043d-40d2-be98-a1929b6622ec">
     — «Гой ты, Царь
     <choice>
      <reg>
       Салтан
      </reg>
      <orig>
       Салтанъ
      </orig>
     </choice>
     <choice>
      <reg>
       Бекетович
      </reg>
      <orig>
       Бекетовичъ
      </orig>
     </choice>
     !
    </p>
    <p rend="v" uuid="14d60662-4660-4573-aed8-e2f1fb8a7c35">
     «Ты напрасно снаряжаешься
    </p>
    <p rend="v" uuid="2645e2b1-2ef2-4978-b0dd-5741508acaba">
     «Воевать на землю русскую;
    </p>
    <p rend="v" uuid="3db1f435-7001-495f-a4bf-42eebfafb7c6">
     «Али ты того не
     <choice>
      <reg>
       ведаешь
      </reg>
      <orig>
       вѣдаешь
      </orig>
     </choice>
     —
    </p>
    <p rend="v" uuid="313e65de-f957-4e71-a5f9-88c93dc91f5c">
     «На Руси всё не по старому,
    </p>
    <p rend="v" uuid="9129bc36-683e-47ea-92ec-532d4762ed85">
     «
     <choice>
      <reg>
       Осветило
      </reg>
      <orig>
       Освѣтило
      </orig>
     </choice>
     красно солнышко
    </p>
    <p rend="v" uuid="b08a4a37-0ac7-4633-a077-ce203731581c">
     «Славну землю Святорусскую:
    </p>
    <p rend="v" uuid="229cd09f-f4ee-4cfd-800f-da8e3c695c32">
     «Народился
     <choice>
      <reg>
       удал-мòлодец
      </reg>
      <orig>
       удалъ-мòлодецъ
      </orig>
     </choice>
    </p>
    <p rend="v" uuid="7b8276ca-d5a0-4fd4-807e-4f679a3b544c">
     «Богатырь Вольгà
     <choice>
      <reg>
       Буслаевич
      </reg>
      <orig>
       Буслаевичъ
      </orig>
     </choice>
     ;
    </p>
    <p rend="v" uuid="fdfeeaad-4b4a-4b9b-bdbc-98bdd2398dc8">
     «
     <choice>
      <reg>
       Он
      </reg>
      <orig>
       Онъ
      </orig>
     </choice>
     теперь, Вольга
     <choice>
      <reg>
       Буслаевич
      </reg>
      <orig>
       Буслаевичъ
      </orig>
     </choice>
     ,
    </p>
    <p rend="v" uuid="4fa5e654-b4c3-44f1-ad93-a465ae06f973">
     «На
     <choice>
      <reg>
       окне
      </reg>
      <orig>
       окнѣ
      </orig>
     </choice>
     <choice>
      <reg>
       сидит
      </reg>
      <orig>
       сидитъ
      </orig>
     </choice>
     и
     <choice>
      <reg>
       слушает
      </reg>
      <orig>
       слушаетъ
      </orig>
     </choice>
    </p>
   </div>
  </div>
  <p rend="left emptyline" uuid="78449c5d-600a-47f5-84cb-0c7be2af0d67">
   <pb n="452"/>
  </p>
  <p rend="centerline" uuid="59faab7d-548f-4216-96c5-fb2b32d79f11">
   — 84 —
  </p>
  <div type="poem">
   <div rend="left" type="stanza">
    <p rend="v" uuid="1a906107-2775-4346-9a49-370458830bb9">
     «Наши
     <choice>
      <reg>
       речи
      </reg>
      <orig>
       рѣчи
      </orig>
     </choice>
     <choice>
      <reg>
       с
      </reg>
      <orig>
       съ
      </orig>
     </choice>
     тобой
     <choice>
      <reg>
       тайные
      </reg>
      <orig>
       тайныя
      </orig>
     </choice>
     .
    </p>
    <p rend="v" uuid="e7f144a3-c72a-4bfd-9d38-7788c106affc">
     «Не возмёшь ты славный
     <choice>
      <reg>
       Киев-град
      </reg>
      <orig>
       Кiевъ-градъ
      </orig>
     </choice>
     ,
    </p>
    <p rend="v" uuid="f74d8882-7bd0-4692-80b9-06c4b1e81e50">
     «Не подаришь ты по городу
    </p>
    <p rend="v" uuid="90fb0107-802f-4e25-ae8e-5ddc2be8d06d">
     «Девяти
     <choice>
      <reg>
       сынам
      </reg>
      <orig>
       сынамъ
      </orig>
     </choice>
     по русскому,
    </p>
    <p rend="v" uuid="5dfec6cd-7e71-487b-abc2-ff0233db58ce">
     «А пропасть твоей
     <choice>
      <reg>
       головушке
      </reg>
      <orig>
       головушкѣ
      </orig>
     </choice>
    </p>
    <p rend="v" uuid="60e90b7a-1ee4-4be6-a86a-4573ebfdc3bb">
     «
     <choice>
      <reg>
       От
      </reg>
      <orig>
       Отъ
      </orig>
     </choice>
     того Вольги Бусла(е)вича».
    </p>
    <p rend="v" uuid="4054560e-1f80-4d6f-b36b-652a37b7bc9e">
     <choice>
      <reg>
       Тем
      </reg>
      <orig>
       Тѣмъ
      </orig>
     </choice>
     <choice>
      <reg>
       словам
      </reg>
      <orig>
       словамъ
      </orig>
     </choice>
     <choice>
      <reg>
       Салтан
      </reg>
      <orig>
       Салтанъ
      </orig>
     </choice>
     не
     <choice>
      <reg>
       веровал
      </reg>
      <orig>
       вѣровалъ
      </orig>
     </choice>
     ;
    </p>
    <p rend="v" uuid="e0f5091c-1424-4ec0-8507-62877e4fdbe9">
     На Царицу Царь
     <choice>
      <reg>
       прогневался
      </reg>
      <orig>
       прогнѣвался
      </orig>
     </choice>
     —
    </p>
    <p rend="v" uuid="62857023-9e3f-438c-b476-c450e2f356df">
     По лицу
     <choice>
      <reg>
       ударил
      </reg>
      <orig>
       ударилъ
      </orig>
     </choice>
     <choice>
      <reg>
       белому
      </reg>
      <orig>
       бѣлому
      </orig>
     </choice>
     ,
    </p>
    <p rend="v" uuid="9c8b0950-9040-45da-aa67-24516c4a1c4e">
     <choice>
      <reg>
       Прогонял
      </reg>
      <orig>
       Прогонялъ
      </orig>
     </choice>
     <choice>
      <reg>
       он
      </reg>
      <orig>
       онъ
      </orig>
     </choice>
     <choice>
      <reg>
       с
      </reg>
      <orig>
       съ
      </orig>
     </choice>
     <choice>
      <reg>
       глаз
      </reg>
      <orig>
       глазъ
      </orig>
     </choice>
     Давыдьевну.
    </p>
    <p rend="v" uuid="7d93c076-59e1-4c07-912d-c0552c8b47a4">
     Догадался
     <choice>
      <reg>
       Вольг
      </reg>
      <orig>
       Вольгъ
      </orig>
     </choice>
     <choice>
      <reg>
       Буслаевич
      </reg>
      <orig>
       Буслаевичъ
      </orig>
     </choice>
     ,
    </p>
    <p rend="v" uuid="a1d09108-b856-423b-b602-1bf3010f6685">
     <choice>
      <reg>
       Горностаем
      </reg>
      <orig>
       Горностаемъ
      </orig>
     </choice>
     ся
     <choice>
      <reg>
       обёртывал
      </reg>
      <orig>
       обёртывалъ
      </orig>
     </choice>
     ,
    </p>
    <p rend="v" uuid="0dc33a4d-8c03-4643-827e-7cb2521ec4d6">
     <choice>
      <reg>
       В
      </reg>
      <orig>
       Въ
      </orig>
     </choice>
     погреба
     <choice>
      <reg>
       бежал
      </reg>
      <orig>
       бѣжалъ
      </orig>
     </choice>
     <choice>
      <reg>
       глубокие
      </reg>
      <orig>
       глубокiе
      </orig>
     </choice>
     —
    </p>
    <p rend="v" uuid="881536bc-01af-47cd-8059-cd3d3388d7cd">
     <choice>
      <reg>
       Он
      </reg>
      <orig>
       Онъ
      </orig>
     </choice>
     тетивочки
     <choice>
      <reg>
       шелкóвые
      </reg>
      <orig>
       шелкóвыя
      </orig>
     </choice>
    </p>
    <p rend="v" uuid="db9fceb8-7c91-4180-924b-656d84d3f1fd">
     На
     <choice>
      <reg>
       луках
      </reg>
      <orig>
       лукахъ
      </orig>
     </choice>
     <choice>
      <reg>
       тугих
      </reg>
      <orig>
       тугихъ
      </orig>
     </choice>
     <choice>
      <reg>
       накусывал
      </reg>
      <orig>
       накусывалъ
      </orig>
     </choice>
     ,
    </p>
    <p rend="v" uuid="29bb8686-a9e6-42e0-bcf8-cfeabbeb51ba">
     <choice>
      <reg>
       С
      </reg>
      <orig>
       Съ
      </orig>
     </choice>
     <choice>
      <reg>
       калены̀х-от
      </reg>
      <orig>
       калены̀хъ-отъ
      </orig>
     </choice>
     <choice>
      <reg>
       стрел
      </reg>
      <orig>
       стрѣлъ
      </orig>
     </choice>
     <choice>
      <reg>
       железочки
      </reg>
      <orig>
       желѣзочки
      </orig>
     </choice>
    </p>
    <p rend="v" uuid="38f56362-6c01-49ce-bc62-334ae3bd53ae">
     <choice>
      <reg>
       Он
      </reg>
      <orig>
       Онъ
      </orig>
     </choice>
     <choice>
      <reg>
       повынимал
      </reg>
      <orig>
       повынималъ
      </orig>
     </choice>
     —
     <choice>
      <reg>
       закапывал
      </reg>
      <orig>
       закапывалъ
      </orig>
     </choice>
     ,
    </p>
    <p rend="v" uuid="d0acb93f-a178-41f9-9d77-73e96d45ca65">
     Оборачивался птицею,
    </p>
    <p rend="v" uuid="e6563a3f-53e6-4b45-8404-1546b66a6332">
     <choice>
      <reg>
       Прилетал
      </reg>
      <orig>
       Прилеталъ
      </orig>
     </choice>
     <choice>
      <reg>
       назад
      </reg>
      <orig>
       назадъ
      </orig>
     </choice>
     ко
     <choice>
      <reg>
       Киеву
      </reg>
      <orig>
       Кiеву
      </orig>
     </choice>
     ,
    </p>
    <p rend="v" uuid="6edb51cd-d056-4bbe-9597-beae3a04dd55">
     <choice>
      <reg>
       Собирал
      </reg>
      <orig>
       Собиралъ
      </orig>
     </choice>
     свою дружинушку,
    </p>
    <p rend="v" uuid="769f8850-17bd-4c66-b77f-151fdbfadd0a">
     <choice>
      <reg>
       Подходил
      </reg>
      <orig>
       Подходилъ
      </orig>
     </choice>
     <choice>
      <reg>
       к
      </reg>
      <orig>
       къ
      </orig>
     </choice>
     Царству Турецкому.
    </p>
    <p rend="v" uuid="5bbc3e20-a805-4bf5-bd99-a73800551149">
     Царство
     <choice>
      <reg>
       крепко
      </reg>
      <orig>
       крѣпко
      </orig>
     </choice>
     огорожено
    </p>
    <p rend="v" uuid="96271a5f-6273-4271-99c6-ec6b1f09a279">
     <choice>
      <reg>
       Стеной
      </reg>
      <orig>
       Стѣной
      </orig>
     </choice>
     каменной, высокою,
    </p>
    <p rend="v" uuid="36dc911e-f6aa-4578-8602-c14f6c47905c">
     Во
     <choice>
      <reg>
       стене
      </reg>
      <orig>
       стѣнѣ
      </orig>
     </choice>
     ворота
     <choice>
      <reg>
       крепкия
      </reg>
      <orig>
       крѣпкiя
      </orig>
     </choice>
     ,
    </p>
    <p rend="v" uuid="9bac9040-8f3f-4ff4-8c9b-f5bf162c7649">
     По булату золочёныя, —
    </p>
    <p rend="v" uuid="893b5a2a-11c8-4ac9-82ef-ab2253f84788">
     А засовы — крюки
     <choice>
      <reg>
       медные
      </reg>
      <orig>
       мѣдные
      </orig>
     </choice>
     ,
    </p>
    <p rend="v" uuid="9fff86fb-9b14-4cc3-b5d2-a762f33ce80c">
     Подворотня —
     <choice>
      <reg>
       дорог
      </reg>
      <orig>
       дорогъ
      </orig>
     </choice>
     <choice>
      <reg>
       рыбий
      </reg>
      <orig>
       рыбiй
      </orig>
     </choice>
     <choice>
      <reg>
       зуб
      </reg>
      <orig>
       зубъ
      </orig>
     </choice>
     ,
    </p>
    <p rend="v" uuid="fd47ddd0-0d21-490e-8ef5-e0f34bf54dbe">
     <choice>
      <reg>
       Мелким
      </reg>
      <orig>
       Мелкимъ
      </orig>
     </choice>
     <choice>
      <reg>
       вырезом
      </reg>
      <orig>
       вырѣзомъ
      </orig>
     </choice>
     <choice>
      <reg>
       вырезана
      </reg>
      <orig>
       вырѣзана
      </orig>
     </choice>
     ;
    </p>
    <p rend="v" uuid="806b5015-f1c7-4ec3-823b-4ffe7e805103">
     По
     <choice>
      <reg>
       мудрёным
      </reg>
      <orig>
       мудрёнымъ
      </orig>
     </choice>
     <choice>
      <reg>
       мелким
      </reg>
      <orig>
       мелкимъ
      </orig>
     </choice>
     <choice>
      <reg>
       вырезам
      </reg>
      <orig>
       вырѣзамъ
      </orig>
     </choice>
    </p>
    <p rend="v" uuid="cea86688-e4ec-4e24-8d17-688eb4ee389f">
     <choice>
      <reg>
       В
      </reg>
      <orig>
       Въ
      </orig>
     </choice>
     <choice>
      <reg>
       пору ли
      </reg>
      <orig>
       пору-ли
      </orig>
     </choice>
     <choice>
      <reg>
       пролезть
      </reg>
      <orig>
       пролѣзть
      </orig>
     </choice>
     мурашику.
    </p>
    <p rend="v" uuid="9cc46570-7452-48bf-b88f-d48f943af12d">
     <choice>
      <reg>
       Тут
      </reg>
      <orig>
       Тутъ
      </orig>
     </choice>
     дружина закручинилась:
    </p>
   </div>
  </div>
  <p rend="left emptyline" uuid="21671838-e426-4f67-802d-073ee6bf2c1f">
   <pb n="453"/>
  </p>
  <p rend="centerline" uuid="0466c3cc-1c0b-4680-b125-de247f959cf6">
   — 85 —
  </p>
  <div type="poem">
   <div rend="left" type="stanza">
    <p rend="v" uuid="4e5e880e-86a1-4405-a350-cc0acbb4b9ab">
     «
     <choice>
      <reg>
       Как
      </reg>
      <orig>
       Какъ
      </orig>
     </choice>
     пройти
     <choice>
      <reg>
       нам
      </reg>
      <orig>
       намъ
      </orig>
     </choice>
     <choice>
      <reg>
       стены
      </reg>
      <orig>
       стѣны
      </orig>
     </choice>
     каменны,
    </p>
    <p rend="v" uuid="79583284-f449-442d-a4f5-2e0f2f056610">
     «
     <choice>
      <reg>
       Погубить ли
      </reg>
      <orig>
       Погубить-ли
      </orig>
     </choice>
     <choice>
      <reg>
       добрым
      </reg>
      <orig>
       добрымъ
      </orig>
     </choice>
     <choice>
      <reg>
       мòлодцам
      </reg>
      <orig>
       мòлодцамъ
      </orig>
     </choice>
    </p>
    <p rend="v" uuid="d841de81-aa45-4ccc-ae10-4713c947e897">
     «
     <choice>
      <reg>
       Нам
      </reg>
      <orig>
       Намъ
      </orig>
     </choice>
     головушки
     <choice>
      <reg>
       напрасные
      </reg>
      <orig>
       напрасныя
      </orig>
     </choice>
     ?»
    </p>
    <p rend="v" uuid="0077c465-d9e9-4379-92e4-88a666ea433b">
     Догадался
     <choice>
      <reg>
       Вольг
      </reg>
      <orig>
       Вольгъ
      </orig>
     </choice>
     <choice>
      <reg>
       Буслаевич
      </reg>
      <orig>
       Буслаевичъ
      </orig>
     </choice>
     .
    </p>
    <p rend="v" uuid="c7f093a7-21e3-427b-9369-d80dec0cfa42">
     <choice>
      <reg>
       Мурашом
      </reg>
      <orig>
       Мурашомъ
      </orig>
     </choice>
     себя
     <choice>
      <reg>
       обёртывал
      </reg>
      <orig>
       обёртывалъ
      </orig>
     </choice>
     ,
    </p>
    <p rend="v" uuid="c1deefb0-917a-411a-89bf-9aae84a2e7d2">
     <choice>
      <reg>
       Добрых
      </reg>
      <orig>
       Добрыхъ
      </orig>
     </choice>
     <choice>
      <reg>
       мòлодцев
      </reg>
      <orig>
       мòлодцевъ
      </orig>
     </choice>
     мурашками, —
    </p>
    <p rend="v" uuid="75cd55e5-9bf3-4ae4-b38c-e50de027ed93">
     <choice>
      <reg>
       Пролезал
      </reg>
      <orig>
       Пролѣзалъ
      </orig>
     </choice>
     <choice>
      <reg>
       с
      </reg>
      <orig>
       съ
      </orig>
     </choice>
     своей дружиною
    </p>
    <p rend="v" uuid="579128f0-b20a-4981-b598-4a565d07e56b">
     <choice>
      <reg>
       В
      </reg>
      <orig>
       Въ
      </orig>
     </choice>
     подворотню зуба
     <choice>
      <reg>
       рыбьего
      </reg>
      <orig>
       рыбьяго
      </orig>
     </choice>
     ;
    </p>
    <p rend="v" uuid="9ecaef5d-c587-4c4b-bb4b-d58f3c81cbd9">
     За
     <choice>
      <reg>
       стеной
      </reg>
      <orig>
       стѣной
      </orig>
     </choice>
     Вольга
     <choice>
      <reg>
       Буслаевич
      </reg>
      <orig>
       Буслаевичъ
      </orig>
     </choice>
    </p>
    <p rend="v" uuid="94d1dfef-d7e1-4f25-80fb-666c7215f84d">
     <choice>
      <reg>
       Оборачивал
      </reg>
      <orig>
       Оборачивалъ
      </orig>
     </choice>
     <choice>
      <reg>
       мурашиков
      </reg>
      <orig>
       мурашиковъ
      </orig>
     </choice>
     —
    </p>
    <p rend="v" uuid="8c50b47c-9619-4935-8717-8c4cd8ce8244">
     Молодцами
     <choice>
      <reg>
       с
      </reg>
      <orig>
       съ
      </orig>
     </choice>
     сбруей ратною.
    </p>
    <p rend="v" uuid="6098e608-6783-46a1-b597-c96bb528d9e6">
     <choice>
      <reg>
       Взговорит ли
      </reg>
      <orig>
       Взговоритъ-ли
      </orig>
     </choice>
     <choice>
      <reg>
       Вольг
      </reg>
      <orig>
       Вольгъ
      </orig>
     </choice>
     <choice>
      <reg>
       Буслаевич
      </reg>
      <orig>
       Буслаевичъ
      </orig>
     </choice>
     :
    </p>
    <p rend="v" uuid="8b31d5f9-abca-4390-8097-73f4691f2962">
     «Вы большàго брата слушайте,
    </p>
    <p rend="v" uuid="02c58a34-b442-4e66-af29-aa57ec2a3b74">
     «Повелёно
     <choice>
      <reg>
       дело
      </reg>
      <orig>
       дѣло
      </orig>
     </choice>
     <choice>
      <reg>
       делайте
      </reg>
      <orig>
       дѣлайте
      </orig>
     </choice>
     :
    </p>
    <p rend="v" uuid="b2bcaecc-024f-4f00-91d8-458f5188cb3a">
     «
     <choice>
      <reg>
       В
      </reg>
      <orig>
       Въ
      </orig>
     </choice>
     <choice>
      <reg>
       славном
      </reg>
      <orig>
       славномъ
      </orig>
     </choice>
     <choice>
      <reg>
       царстве
      </reg>
      <orig>
       царствѣ
      </orig>
     </choice>
     во
     <choice>
      <reg>
       Турецкиим
      </reg>
      <orig>
       Турецкiимъ
      </orig>
     </choice>
    </p>
    <p rend="v" uuid="6cbdacad-507a-4222-be27-bdf3b228d8c3">
     «Вырубайте
     <choice>
      <reg>
       стар
      </reg>
      <orig>
       старъ
      </orig>
     </choice>
     и
     <choice>
      <reg>
       малого
      </reg>
      <orig>
       малаго
      </orig>
     </choice>
     ,
    </p>
    <p rend="v" uuid="fe3901df-d1ed-4932-8008-3f3ad7a6eb56">
     «Изведите
     <choice>
      <reg>
       всех
      </reg>
      <orig>
       всѣхъ
      </orig>
     </choice>
     до кореня;
    </p>
    <p rend="v" uuid="49dd4c4f-a535-43ff-b48f-72bd93b07aa3">
     «Оставляйте только
     <choice>
      <reg>
       лучшиих
      </reg>
      <orig>
       лучшiихъ
      </orig>
     </choice>
    </p>
    <p rend="v" uuid="f606ecc4-a712-4b3f-9de8-620ab46d77c3">
     «Тридцать
     <choice>
      <reg>
       душек
      </reg>
      <orig>
       душекъ
      </orig>
     </choice>
     <choice>
      <reg>
       красных
      </reg>
      <orig>
       красныхъ
      </orig>
     </choice>
     <choice>
      <reg>
       девушек
      </reg>
      <orig>
       дѣвушекъ
      </orig>
     </choice>
     »
    </p>
    <p rend="v" uuid="3ba6275f-cc3e-4635-b9de-c12f700182e5">
     <choice>
      <reg>
       Тут
      </reg>
      <orig>
       Тутъ
      </orig>
     </choice>
     Вольгу дружина слушалась —
    </p>
    <p rend="v" uuid="befdf75d-550d-4abd-872d-78e28029ef55">
     <choice>
      <reg>
       В
      </reg>
      <orig>
       Въ
      </orig>
     </choice>
     <choice>
      <reg>
       славном
      </reg>
      <orig>
       славномъ
      </orig>
     </choice>
     <choice>
      <reg>
       царстве
      </reg>
      <orig>
       царствѣ
      </orig>
     </choice>
     во
     <choice>
      <reg>
       Турецкиим
      </reg>
      <orig>
       Турецкiимъ
      </orig>
     </choice>
    </p>
    <p rend="v" uuid="19581506-d5c5-4dab-bd79-5f2454dde24d">
     Вырубала
     <choice>
      <reg>
       стар
      </reg>
      <orig>
       старъ
      </orig>
     </choice>
     и
     <choice>
      <reg>
       малого
      </reg>
      <orig>
       малаго
      </orig>
     </choice>
     ,
    </p>
    <p rend="v" uuid="754b787c-6a3e-4780-ac8e-8c48df74e24e">
     Изводила
     <choice>
      <reg>
       всех
      </reg>
      <orig>
       всѣхъ
      </orig>
     </choice>
     до кореня,
    </p>
    <p rend="v" uuid="161f46f6-bd38-4b8b-b878-353fa2e6849e">
     Не оставила на
     <choice>
      <reg>
       сѐмена
      </reg>
      <orig>
       сѣ̀мена
      </orig>
     </choice>
     ;
    </p>
    <p rend="v" uuid="ca59f72d-b32d-49a3-ad17-fbcc3385ede4">
     Оставляла только
     <choice>
      <reg>
       лучшиих
      </reg>
      <orig>
       лучшiихъ
      </orig>
     </choice>
    </p>
    <p rend="v" uuid="e7deaf20-f70d-42fd-a849-e1bb939d2ff6">
     Тридцать
     <choice>
      <reg>
       душек
      </reg>
      <orig>
       душекъ
      </orig>
     </choice>
     <choice>
      <reg>
       красных
      </reg>
      <orig>
       красныхъ
      </orig>
     </choice>
     <choice>
      <reg>
       девушек
      </reg>
      <orig>
       дѣвушекъ
      </orig>
     </choice>
     .
    </p>
    <p rend="v" uuid="d1c8f8a1-1a89-40b5-8973-5ee0fac6f2f3">
     <choice>
      <reg>
       Сам
      </reg>
      <orig>
       Самъ
      </orig>
     </choice>
     Вольга Царя
     <choice>
      <reg>
       отыскивал
      </reg>
      <orig>
       отыскивалъ
      </orig>
     </choice>
     ,
    </p>
    <p rend="v" uuid="8898bcf1-7f62-4ab2-89e9-1a91ecebad58">
     Во
     <choice>
      <reg>
       палатах
      </reg>
      <orig>
       палатахъ
      </orig>
     </choice>
     его
     <choice>
      <reg>
       каменных
      </reg>
      <orig>
       каменныхъ
      </orig>
     </choice>
     —
    </p>
    <p rend="v" uuid="35e19631-c15d-42b4-9c92-41f2488f763b">
     Двери заперты
     <choice>
      <reg>
       железные
      </reg>
      <orig>
       желѣзныя
      </orig>
     </choice>
     ,
    </p>
    <p rend="v" uuid="2bf767e7-5c13-4032-93dc-375b0e1c30f3">
     Во
     <choice>
      <reg>
       дверях
      </reg>
      <orig>
       дверяхъ
      </orig>
     </choice>
     засовы
     <choice>
      <reg>
       крепкие
      </reg>
      <orig>
       крѣпкiе
      </orig>
     </choice>
     .
    </p>
    <p rend="v" uuid="e61ac71d-bca2-48f9-83ed-035e191b0c71">
     <choice>
      <reg>
       Взговорит ли
      </reg>
      <orig>
       Взговоритъ-ли
      </orig>
     </choice>
     <choice>
      <reg>
       Вольг
      </reg>
      <orig>
       Вольгъ
      </orig>
     </choice>
     <choice>
      <reg>
       Буслаевич
      </reg>
      <orig>
       Буслаевичъ
      </orig>
     </choice>
     :
    </p>
   </div>
  </div>
  <p rend="left emptyline" uuid="ae984032-ce3a-4850-b50c-6afa74f3e9d6">
   <pb n="454"/>
  </p>
  <p rend="centerline" uuid="1c2c4bbd-3d47-41eb-a0b0-84ee5ab66c77">
   — 86 —
  </p>
  <div type="poem">
   <div rend="left" type="stanza">
    <p rend="v" uuid="00a55dbf-6401-4ed1-993b-42a40f1571d5">
     «Хоть нога сломать, а выставить!»
    </p>
    <p rend="v" uuid="46d1528c-d5e2-4225-817b-840752d44319">
     <choice>
      <reg>
       Пнул
      </reg>
      <orig>
       Пнулъ
      </orig>
     </choice>
     ногой двери
     <choice>
      <reg>
       железные
      </reg>
      <orig>
       желѣзныя
      </orig>
     </choice>
     ,
    </p>
    <p rend="v" uuid="547a71b6-9c2d-4acf-889b-17105b4e6d64">
     <choice>
      <reg>
       Поломал
      </reg>
      <orig>
       Поломалъ
      </orig>
     </choice>
     засовы
     <choice>
      <reg>
       крепкие
      </reg>
      <orig>
       крѣпкiе
      </orig>
     </choice>
     ;
    </p>
    <p rend="v" uuid="dbe6282f-dc71-4f66-9d65-084ad1b4cf86">
     Царя славнаго Турецкаго
    </p>
    <p rend="v" uuid="99af4959-acfa-41a6-9a59-4e7dda91fe4d">
     <choice>
      <reg>
       Брал
      </reg>
      <orig>
       Бралъ
      </orig>
     </choice>
     Вольга за ручки
     <choice>
      <reg>
       белые
      </reg>
      <orig>
       бѣлыя
      </orig>
     </choice>
     .
    </p>
    <p rend="v" uuid="8d1a2a05-5e0e-4228-b553-894f9f4ea3fc">
     <choice>
      <reg>
       Говорил
      </reg>
      <orig>
       Говорилъ
      </orig>
     </choice>
     Вольга
     <choice>
      <reg>
       Буслаевич
      </reg>
      <orig>
       Буслаевичъ
      </orig>
     </choice>
     :
    </p>
    <p rend="v" uuid="41b99892-a4d5-4930-8dbf-8b1644726c08">
     «А не
     <choice>
      <reg>
       бьют
      </reg>
      <orig>
       бьютъ
      </orig>
     </choice>
     Царей, ни
     <choice>
      <reg>
       казнят
      </reg>
      <orig>
       казнятъ
      </orig>
     </choice>
     <choice>
      <reg>
       вас
      </reg>
      <orig>
       васъ
      </orig>
     </choice>
     » —
    </p>
    <p rend="v" uuid="380d7bbb-fe1d-4bbc-aa39-de16f7e3d250">
     Царя
     <choice>
      <reg>
       хлопнул
      </reg>
      <orig>
       хлопнулъ
      </orig>
     </choice>
     о
     <choice>
      <reg>
       кирпищат
      </reg>
      <orig>
       кирпищатъ
      </orig>
     </choice>
     <choice>
      <reg>
       пол
      </reg>
      <orig>
       полъ
      </orig>
     </choice>
     ,
    </p>
    <p rend="v" uuid="74505a46-8ab8-442a-bdf4-de050d573351">
     И
     <choice>
      <reg>
       расшиб
      </reg>
      <orig>
       расшибъ
      </orig>
     </choice>
     Салтана
     <choice>
      <reg>
       в
      </reg>
      <orig>
       въ
      </orig>
     </choice>
     дребезги.
    </p>
    <p rend="v" uuid="ebc2277c-88d5-4495-8754-5e585194bf31">
     <choice>
      <reg>
       Тут
      </reg>
      <orig>
       Тутъ
      </orig>
     </choice>
     дружину свою храбрую
    </p>
    <p rend="v" uuid="d67e04d5-a881-4f89-ad90-d6031988c296">
     Вольга поровну
     <choice>
      <reg>
       оделивал
      </reg>
      <orig>
       одѣливалъ
      </orig>
     </choice>
     .
    </p>
    <p rend="v" uuid="c1e64487-4a91-4770-9698-e06a71dc8f4b">
     <choice>
      <reg>
       Табунов
      </reg>
      <orig>
       Табуновъ
      </orig>
     </choice>
     коней по
     <choice>
      <reg>
       тысяче
      </reg>
      <orig>
       тысячѣ
      </orig>
     </choice>
     ,
    </p>
    <p rend="v" uuid="8902da84-602f-4db8-a5fe-4bc5dec6bd5c">
     По бочёнку красна золота,
    </p>
    <p rend="v" uuid="66ccaa11-0c15-4b10-9e13-f809b602aae1">
     Да по
     <choice>
      <reg>
       девушке
      </reg>
      <orig>
       дѣвушкѣ
      </orig>
     </choice>
     на мóлодца.
    </p>
   </div>
  </div>
  <p rend="left emptyline" uuid="3b16c1c0-f441-4827-9576-6ea5d7625a7f">
   <pb n="455"/>
  </p>
 </div>
</TEI>