<?xml version="1.0" encoding="utf-8"?>
<TEI xmlns="http://www.tei-c.org/ns/1.0" xmlns:xi="http://www.w3.org/2001/XInclude">
 <teiHeader>
  <fileDesc>
   <titleStmt>
    <title>
     Азбука. Книга I
    </title>
    <author>
     Толстой Л.Н.
    </author>
    <respStmt>
     <resp>
      подготовка TEI/XML
     </resp>
     <name>
      Мария Картышева, Евгений Можаев, Даниил Скоринкин, Елена Сидорова, Вероника Файнберг, Кирилл Милинцевич
     </name>
    </respStmt>
    <respStmt>
     <name>
      Анастасия Бонч-Осмоловская, Фёкла Толстая, Борис Орехов
     </name>
     <resp>
      Идея, постановка задач, руководство
     </resp>
    </respStmt>
   </titleStmt>
   <publicationStmt>
    <idno>
     Азбука  | Книга I
    </idno>
    <publisher>
     <orgName>
      Школа лингвистики НИУ ВШЭ
     </orgName>
    </publisher>
    <availability>
     <p>
      Тексты и метатекстовая разметка доступны для свободного использования и распространения по лицензии Creative Commons Attribution Share-Alike (cc by-sa)
     </p>
    </availability>
   </publicationStmt>
   <sourceDesc>
    <biblStruct>
     <analytic>
      <author>
       Толстой Л.Н.
      </author>
      <title level="a">
       Азбука. Книга I
      </title>
     </analytic>
     <monogr>
      <title level="m">
       Полное собрание сочинений. Том 22
      </title>
      <imprint>
       <pubPlace>
        Москва
       </pubPlace>
       <publisher>
        Государственное издательство "Художественная литература"
       </publisher>
       <date when="1871-1872"/>
      </imprint>
     </monogr>
     <series>
      <title level="s">
       Л.Н. Толстой. Полное собрание сочинений
      </title>
      <biblScope unit="vol">
       22
      </biblScope>
     </series>
    </biblStruct>
   </sourceDesc>
  </fileDesc>
  <encodingDesc>
   <classDecl>
    <xi:include href="taxonomy.xml"/>
   </classDecl>
  </encodingDesc>
  <profileDesc>
   <creation>
    <date notAfter="1872" notBefore="1871">
     1871-1872
    </date>
    <rs/>
   </creation>
   <textClass>
    <catRef target="#fiction" type="sphere"/>
    <catRef target="#произведения для детей" type="type"/>
    <catRef target="#works" type="works_letters_diaries"/>
    <catRef target="#азбука" type="ninetyDef"/>
    <catRef target="#Основное" type="main_var"/>
    <catRef target="#азбука" type="type_short"/>
    <catRef target="None" type="translation"/>
    <catRef target="None" type="translation_origin"/>
    <catRef target="#да" type="tolstoy_or_not"/>
    <catRef target="None" type="name_status"/>
   </textClass>
   <preparedness>
    finished
   </preparedness>
   <settingDesc>
    <time>
     XIX век
    </time>
   </settingDesc>
  </profileDesc>
  <xenoData>
   <cyclusName/>
   <p>
    Проект
    <title>
     Толстой.Digital
    </title>
    разрабатывается сотрудниками и студентами
    <orgName>
     Высшей школы экономики
    </orgName>
    в сотрудничестве с
    <orgName>
     Государственным музеем Л.Н. Толстого
    </orgName>
    . Источник текстов –
    <bibl>
     90-томное собрание сочинений Л.Н.Толстого
    </bibl>
    . Разметка основана на стандарте
    <ref target="http://www.tei-c.org">
     TEI (Text Encoding Initiative)
    </ref>
    .
   </p>
   <versionNumber/>
   <isFinished/>
   <isEdited/>
   <fullBibliographicDescription/>
  </xenoData>
 </teiHeader>
 <p rend="left emptyline">
  <pb n="652"/>
 </p>
 <div type="section" xml:id="ref267">
  <head rend="center">
   <hi rend="strong">
    МИКУЛУШКА
    <choice>
     <reg>
      СЕЛЯНИНОВИЧ
     </reg>
    </choice>
    .
   </hi>
  </head>
  <div type="poem">
   <div type="stanza">
    <p rend="v" uuid="df860052-5e2f-4c75-b3f4-5b518acef8ce">
     <choice>
      <reg>
       Выезжал ли
      </reg>
     </choice>
     <choice>
      <reg>
       Вольгà-свет
      </reg>
     </choice>
     <choice>
      <reg>
       с
      </reg>
     </choice>
     дружиною
    </p>
    <p rend="v" uuid="8fee4753-31f9-4977-9ce2-159dc892e8d1">
     По
     <choice>
      <reg>
       селам-городам
      </reg>
     </choice>
     за получкою,
    </p>
    <p rend="v" uuid="6dc86f2f-26fd-46fd-b351-dcde117f99da">
     <choice>
      <reg>
       С
      </reg>
     </choice>
     <choice>
      <reg>
       мужиков
      </reg>
     </choice>
     выбирать дани-выходы;
    </p>
    <p rend="v" uuid="ffa7833f-38f2-4df2-a16c-8eb1d699ad22">
     <choice>
      <reg>
       Выезжал ли
      </reg>
     </choice>
     , сударь во чисто поле,—
    </p>
    <p rend="v" uuid="3d74d72a-b986-45c6-bd2f-d220b53af62d">
     <choice>
      <reg>
       Услыхал
      </reg>
     </choice>
     во
     <choice>
      <reg>
       чистом
      </reg>
     </choice>
     <choice>
      <reg>
       поле
      </reg>
     </choice>
     пахаря:
    </p>
    <p rend="v" uuid="c3301b32-32d5-4adb-9870-47b463e55759">
     Слышно —
     <choice>
      <reg>
       пашет
      </reg>
     </choice>
     <choice>
      <reg>
       мужик
      </reg>
     </choice>
     , да посвистыва(е)
     <choice>
      <reg>
       т
      </reg>
     </choice>
     ,
    </p>
    <p rend="v" uuid="8a53cbdc-78f7-423b-8d8e-571223ef6dda">
     Сдалека, слышно, сошка поскрипыва(е)
     <choice>
      <reg>
       т
      </reg>
     </choice>
     ,
    </p>
    <p rend="v" uuid="175ed46d-8b14-4b25-b658-b63c5d9dfebd">
     Сошнички по
     <choice>
      <reg>
       камням
      </reg>
     </choice>
     , слышно,
     <choice>
      <reg>
       чèркают
      </reg>
     </choice>
     , —
    </p>
    <p rend="v" uuid="24ea007f-61bd-48ff-a5bd-df85371ecad8">
     А не видно
     <choice>
      <reg>
       нигде
      </reg>
     </choice>
     <choice>
      <reg>
       в
      </reg>
     </choice>
     <choice>
      <reg>
       поле
      </reg>
     </choice>
     пахаря.
    </p>
    <p rend="v" uuid="72886c37-1ed5-43ce-9b1c-d950534350cc">
     И
     <choice>
      <reg>
       поехал
      </reg>
     </choice>
     Вольгà
     <choice>
      <reg>
       к
      </reg>
     </choice>
     тому пахарю —
    </p>
    <p rend="v" uuid="f9f672e8-dfed-4b74-b128-9b4ff9aa5ab5">
     <choice>
      <reg>
       Целый
      </reg>
     </choice>
     день
     <choice>
      <reg>
       ехал
      </reg>
     </choice>
     <choice>
      <reg>
       с
      </reg>
     </choice>
     утра до вечера,
    </p>
    <p rend="v" uuid="b1e9557b-7725-4ebf-b917-005464a1135c">
     A
     <choice>
      <reg>
       наехать
      </reg>
     </choice>
     не мог Вольгà пахаря.
    </p>
    <p rend="v" uuid="ec085f1f-b6f4-45d0-a796-b8c00fe620be">
     День другой
     <choice>
      <reg>
       ехал
      </reg>
     </choice>
     <choice>
      <reg>
       с
      </reg>
     </choice>
     утра до вечера,
    </p>
    <p rend="v" uuid="34a0602a-6232-49ad-99d5-48f2a9c1a9b7">
     A
     <choice>
      <reg>
       наехать
      </reg>
     </choice>
     не
     <choice>
      <reg>
       мог
      </reg>
     </choice>
     Вольгà пахаря.
    </p>
    <p rend="v" uuid="81499d35-63e6-466f-8643-6d519e5ad1dc">
     Слышно —
     <choice>
      <reg>
       пашет
      </reg>
     </choice>
     <choice>
      <reg>
       мужик
      </reg>
     </choice>
     , да посвистыва(е)
     <choice>
      <reg>
       т
      </reg>
     </choice>
     ,
    </p>
    <p rend="v" uuid="cadc3da9-bf42-49fd-8aea-344b7960dc08">
     Сдалека, слышно, сошка поскрипыва(е)
     <choice>
      <reg>
       т
      </reg>
     </choice>
     ,
    </p>
    <p rend="v" uuid="b2fd2938-51ae-4736-89ff-ecddd42d8303">
     Сошнички по
     <choice>
      <reg>
       камням
      </reg>
     </choice>
     , слышно,
     <choice>
      <reg>
       чèркают
      </reg>
     </choice>
     , —
    </p>
    <p rend="v" uuid="ca49e9a5-77ef-480c-b3c3-f2fcadb78d2a">
     А не видно
     <choice>
      <reg>
       нигде
      </reg>
     </choice>
     <choice>
      <reg>
       в
      </reg>
     </choice>
     <choice>
      <reg>
       поле
      </reg>
     </choice>
     пахаря.
    </p>
    <p rend="v" uuid="c6bac3e3-4511-45ab-8156-0072298dcd96">
     <choice>
      <reg>
       Третий
      </reg>
     </choice>
     день Вольгà
     <choice>
      <reg>
       ехал
      </reg>
     </choice>
     до
     <choice>
      <reg>
       пабедья
      </reg>
     </choice>
     —
    </p>
    <p rend="v" uuid="fb0f8ade-e0e8-466b-a56c-5750cc917363">
     <choice>
      <reg>
       Наезжает
      </reg>
     </choice>
     Вольгà
     <choice>
      <reg>
       в
      </reg>
     </choice>
     <choice>
      <reg>
       поле
      </reg>
     </choice>
     пахаря:
    </p>
    <p rend="v" uuid="40db6839-00f5-4cf2-96a1-3f3558cb58cc">
     <choice>
      <reg>
       В
      </reg>
     </choice>
     <choice>
      <reg>
       поле
      </reg>
     </choice>
     <choice>
      <reg>
       пашет
      </reg>
     </choice>
     <choice>
      <reg>
       мужик
      </reg>
     </choice>
     , да понукива(е)
     <choice>
      <reg>
       т
      </reg>
     </choice>
     ,
    </p>
    <p rend="v" uuid="24a12f21-d8fb-47b9-96e3-e5ea8d5d9bf3">
     <choice>
      <reg>
       С
      </reg>
     </choice>
     края
     <choice>
      <reg>
       в
      </reg>
     </choice>
     край
     <choice>
      <reg>
       он
      </reg>
     </choice>
     бороздку отвалива(е)
     <choice>
      <reg>
       т
      </reg>
     </choice>
    </p>
   </div>
  </div>
  <p rend="left emptyline" uuid="adfd12a1-f4aa-4517-8c29-5c69fe0de469">
   <pb n="653"/>
  </p>
  <p rend="centerline" uuid="ace399dc-fe58-48b5-9a00-e040015203c7">
   — 93 —
  </p>
  <div type="poem">
   <div type="stanza">
    <p rend="v" uuid="9ab3129b-86e5-4b3c-9a0f-50e6a568ecac">
     Камни, корни сохой выворачива(е)
     <choice>
      <reg>
       т
      </reg>
     </choice>
     ;
    </p>
    <p rend="v" uuid="4c4db28c-8d90-4cc6-a0fa-cff03ad69949">
     <choice>
      <reg>
       Как
      </reg>
     </choice>
     <choice>
      <reg>
       заедет
      </reg>
     </choice>
     <choice>
      <reg>
       мужик-от
      </reg>
     </choice>
     <choice>
      <reg>
       в
      </reg>
     </choice>
     <choice>
      <reg>
       один
      </reg>
     </choice>
     <choice>
      <reg>
       конец
      </reg>
     </choice>
     —
    </p>
    <p rend="v" uuid="51f38f7e-da94-42ef-a3fd-c4ee033ae543">
     Со другаго конца и не виднушко.
    </p>
    <p rend="v" uuid="94c2df31-404e-4d47-9a0a-5169d4f364c0">
     А у пахаря сошка, кленовенька,
    </p>
    <p rend="v" uuid="8d952380-5e24-4a33-b3e1-68b5f800f6b8">
     Сошники во той
     <choice>
      <reg>
       сошке
      </reg>
     </choice>
     булатные,
    </p>
    <p rend="v" uuid="75e87519-2308-40e3-88b1-baf1c7afeb22">
     Захлесну̀ты гужочки шелковеньки,
    </p>
    <p rend="v" uuid="510bc037-a631-45e7-8017-37316cb8c289">
     А кобылка во
     <choice>
      <reg>
       сошке
      </reg>
     </choice>
     соловенька.
    </p>
    <p rend="v" uuid="a180f47b-c8bc-4b17-88d4-2f0cc5295bc3">
     <choice>
      <reg>
       Взговорит ли
      </reg>
     </choice>
     Вольгà тому пахарю:
    </p>
    <p rend="v" uuid="44244654-6013-4102-ba0c-dec0910e94cf">
     «Гой
     <choice>
      <reg>
       мужик-пахарёк
      </reg>
     </choice>
     ! Божья помощь
     <choice>
      <reg>
       те
      </reg>
     </choice>
     , —
    </p>
    <p rend="v" uuid="1be76611-7e93-473b-afee-157e0bc4f527">
     «Божья помощь пахать, да крестьянствовать,
    </p>
    <p rend="v" uuid="bcc8b3bb-9d0b-41a3-a25a-9f24a2400246">
     «Широку борозду отворачивать,
    </p>
    <p rend="v" uuid="4304b984-ddd3-4f76-b239-8c5f65c14c4e">
     «Да коренья, каменья вывертывать!»
    </p>
    <p rend="v" uuid="ba47b453-ee64-48e1-8867-a2330c670b69">
     <choice>
      <reg>
       Говорит ли
      </reg>
     </choice>
     <choice>
      <reg>
       мужик
      </reg>
     </choice>
     таковы слова:
    </p>
    <p rend="v" uuid="49aa8036-6573-4392-a6a2-caf71b629c07">
     «А спасибо, Вольга, —
     <choice>
      <reg>
       благодарствуем
      </reg>
     </choice>
     , —
    </p>
    <p rend="v" uuid="7090761f-1d51-4d94-9044-6c1c2b82dc9e">
     «Божья помощь, подитка,
     <choice>
      <reg>
       нам
      </reg>
     </choice>
     надобна,
    </p>
    <p rend="v" uuid="c91f6f9e-285d-44c5-9413-f72724a9e4a7">
     «Божья помощь — пахать, да крестьянствовать.
    </p>
    <p rend="v" uuid="6016ef08-8b8e-4ef9-a248-d7e3d9024ee5">
     «
     <choice>
      <reg>
       Сам
      </reg>
     </choice>
     <choice>
      <reg>
       далеко ль
      </reg>
     </choice>
     ,
     <choice>
      <reg>
       едешь
      </reg>
     </choice>
     , со дружинушкой?
    </p>
    <p rend="v" uuid="091ebe7e-89d1-48be-a66e-56996d6056b6">
     «
     <choice>
      <reg>
       Далеко ль
      </reg>
     </choice>
     <choice>
      <reg>
       Бог
      </reg>
     </choice>
     <choice>
      <reg>
       несёт
      </reg>
     </choice>
     , — куда путь держишь?»
    </p>
    <p rend="v" uuid="ca9dca1a-d551-4d8e-8ed2-085ad60cdc18">
     <choice>
      <reg>
       Взоговирит ли
      </reg>
     </choice>
     Вольгà таковы слова:
    </p>
    <p rend="v" uuid="6a3313eb-88df-4829-a5f0-cfc5f6cd8bc2">
     «А я
     <choice>
      <reg>
       еду
      </reg>
     </choice>
     ,
     <choice>
      <reg>
       мужик
      </reg>
     </choice>
     , со дружинушкой
    </p>
    <p rend="v" uuid="b6897d97-e0a4-4442-a40a-446754d9a90a">
     «По
     <choice>
      <reg>
       селам-городам
      </reg>
     </choice>
     за получкою —
    </p>
    <p rend="v" uuid="eac872f6-0938-41a5-9fb1-68749542bba2">
     «
     <choice>
      <reg>
       Выбират
      </reg>
     </choice>
     <choice>
      <reg>
       с
      </reg>
     </choice>
     <choice>
      <reg>
       мужиков
      </reg>
     </choice>
     дани-выходы.
    </p>
    <p rend="v" uuid="50fc5679-74d9-42fc-aa40-bec58de16a3b">
     «Ай,
     <choice>
      <reg>
       поедем
      </reg>
     </choice>
     со мной во
     <choice>
      <reg>
       товарищах
      </reg>
     </choice>
     !»
    </p>
    <p rend="v" uuid="f2471e14-abd7-40c2-8132-9e145c990421">
     <choice>
      <reg>
       Взял
      </reg>
     </choice>
     <choice>
      <reg>
       мужик
      </reg>
     </choice>
     ,
     <choice>
      <reg>
       воткнул
      </reg>
     </choice>
     сошку
     <choice>
      <reg>
       в
      </reg>
     </choice>
     бороздочку,
    </p>
    <p rend="v" uuid="c5724395-09c8-442a-9c72-cb6e4046412f">
     <choice>
      <reg>
       Он
      </reg>
     </choice>
     гужочки шелковы
     <choice>
      <reg>
       взял
      </reg>
     </choice>
     <choice>
      <reg>
       выстегнул
      </reg>
     </choice>
     ,
    </p>
    <p rend="v" uuid="33b4301f-9667-4d1e-afa2-3939a0f470f2">
     <choice>
      <reg>
       Взял
      </reg>
     </choice>
     <choice>
      <reg>
       из
      </reg>
     </choice>
     сошки кобылку да
     <choice>
      <reg>
       вывернул
      </reg>
     </choice>
     ,
    </p>
    <p rend="v" uuid="98a8776b-e92a-4660-95a8-e436fc97c3ef">
     На кобы̀лку ввалился,
     <choice>
      <reg>
       сел
      </reg>
     </choice>
     <choice>
      <reg>
       óхлепью
      </reg>
     </choice>
     —
    </p>
    <p rend="v" uuid="4b03eb10-d38d-4dd8-87a4-0d00859517e9">
     Со Вольгóю
     <choice>
      <reg>
       поехал
      </reg>
     </choice>
     <choice>
      <reg>
       в
      </reg>
     </choice>
     <choice>
      <reg>
       товарищах
      </reg>
     </choice>
    </p>
    <p rend="v" uuid="85d9765a-bf58-4a44-996a-255d9523a159">
     <choice>
      <reg>
       Говорит ли
      </reg>
     </choice>
     <choice>
      <reg>
       мужик
      </reg>
     </choice>
     таковы слова:
    </p>
    <p rend="v" uuid="5f95ab6c-c9e8-4b93-8289-d80ae7b2e11f">
     — «А не ладно, Вольгà, я
     <choice>
      <reg>
       в
      </reg>
     </choice>
     <choice>
      <reg>
       бороздочке
      </reg>
     </choice>
    </p>
    <p rend="v" uuid="f958e41c-181f-4cd0-9a99-3173c461849f">
     Свою сошку
     <choice>
      <reg>
       оставил
      </reg>
     </choice>
     не убранну:
    </p>
   </div>
  </div>
  <p rend="left emptyline" uuid="1ee1f308-7bf7-4af1-9d1d-6d5296d82112">
   <pb n="654"/>
  </p>
  <p rend="centerline" uuid="3a00263f-1b5f-4698-a3f7-5f73e6f04e88">
   — 94 —
  </p>
  <div type="poem">
   <div type="stanza">
    <p rend="v" uuid="742928b6-560f-438b-802a-b8fee4e8f908">
     «
     <choice>
      <reg>
       Как бы
      </reg>
     </choice>
     сошка
     <choice>
      <reg>
       с
      </reg>
     </choice>
     земельки повыдернуть,
    </p>
    <p rend="v" uuid="7489a956-5674-490b-b2c8-f2cde0450b1c">
     «
     <choice>
      <reg>
       С
      </reg>
     </choice>
     <choice>
      <reg>
       сошничков
      </reg>
     </choice>
     <choice>
      <reg>
       как бы
      </reg>
     </choice>
     землю повытряхнуть,
    </p>
    <p rend="v" uuid="bd0e01f5-07b4-462e-b0d4-7ba2252790af">
     «А и бросить сошка за
     <choice>
      <reg>
       ракитов
      </reg>
     </choice>
     <choice>
      <reg>
       куст
      </reg>
     </choice>
     ».
    </p>
    <p rend="v" uuid="c706160e-d44b-44b9-a9db-f612550c6441">
     <choice>
      <reg>
       Посылал
      </reg>
     </choice>
     <choice>
      <reg>
       тут
      </reg>
     </choice>
     Вольгà десять
     <choice>
      <reg>
       молодцев
      </reg>
     </choice>
     :
    </p>
    <p rend="v" uuid="6092039c-0d70-4df8-bf13-f94117ee50b7">
     <choice>
      <reg>
       Велит
      </reg>
     </choice>
     сошку
     <choice>
      <reg>
       с
      </reg>
     </choice>
     земельки повыдернуть,
    </p>
    <p rend="v" uuid="647f27b5-5ab4-471a-839a-e462346564e4">
     <choice>
      <reg>
       С
      </reg>
     </choice>
     <choice>
      <reg>
       сошничков
      </reg>
     </choice>
     <choice>
      <reg>
       велит
      </reg>
     </choice>
     землю повытряхнуть,
    </p>
    <p rend="v" uuid="8051911f-55b9-4ece-931a-5e1b175d9704">
     А и бросить сошка за
     <choice>
      <reg>
       ракитов
      </reg>
     </choice>
     <choice>
      <reg>
       куст
      </reg>
     </choice>
     . —
    </p>
    <p rend="v" uuid="859edd36-509c-4b98-b7a7-76b8fd18d1f5">
     <choice>
      <reg>
       Подъезжали
      </reg>
     </choice>
     ко
     <choice>
      <reg>
       сошке
      </reg>
     </choice>
     <choice>
      <reg>
       те
      </reg>
     </choice>
     мóлодцы,
    </p>
    <p rend="v" uuid="68b1f9f5-45a6-427d-b45a-34510a30405b">
     Соскочили
     <choice>
      <reg>
       в
      </reg>
     </choice>
     бороздку
     <choice>
      <reg>
       с
      </reg>
     </choice>
     <choice>
      <reg>
       добрых
      </reg>
     </choice>
     коней,
    </p>
    <p rend="v" uuid="67b15f4c-3457-4278-be54-33a758837a9b">
     <choice>
      <reg>
       Разом
      </reg>
     </choice>
     брались за сошку кленовеньку, —
    </p>
    <p rend="v" uuid="317b75c6-4d41-4b9e-91c3-017a8e1f1cfc">
     <choice>
      <reg>
       От
      </reg>
     </choice>
     земли этой сошки поднять нельзя.
    </p>
    <p rend="v" uuid="154a635b-0f61-40ec-9060-2213b3000c04">
     Они сошку за обжи
     <choice>
      <reg>
       вокруг
      </reg>
     </choice>
     <choice>
      <reg>
       вертят
      </reg>
     </choice>
     ,
    </p>
    <p rend="v" uuid="b62a41ae-1b7c-4cbf-b9f6-ba07b806a7ca">
     А не
     <choice>
      <reg>
       могут
      </reg>
     </choice>
     <choice>
      <reg>
       с
      </reg>
     </choice>
     земли сошку выдернуть,
    </p>
    <p rend="v" uuid="4b4fe23b-74b7-437c-a9b0-0decb413dcfc">
     Не
     <choice>
      <reg>
       могу̀т
      </reg>
     </choice>
     <choice>
      <reg>
       с
      </reg>
     </choice>
     <choice>
      <reg>
       сошников
      </reg>
     </choice>
     землю вытряхнуть, —
    </p>
    <p rend="v" uuid="69a502c6-44cd-4646-ab6b-3090d21dd918">
     А и бросить сошка за
     <choice>
      <reg>
       ракитов
      </reg>
     </choice>
     <choice>
      <reg>
       куст
      </reg>
     </choice>
     .
    </p>
    <p rend="v" uuid="6a44efa5-d207-4e98-9676-6df0c2f8ee51">
     А и
     <choice>
      <reg>
       шлет ли
      </reg>
     </choice>
     Вольга всю дружинушку:
    </p>
    <p rend="v" uuid="a468abe4-e782-4cb7-a23c-15ca3b081017">
     <choice>
      <reg>
       Велит
      </reg>
     </choice>
     сошку
     <choice>
      <reg>
       с
      </reg>
     </choice>
     земельки повыдернуть,
    </p>
    <p rend="v" uuid="a5e01991-f6d3-410f-8c61-0ff5c5a1c2fc">
     <choice>
      <reg>
       С
      </reg>
     </choice>
     <choice>
      <reg>
       сошничков
      </reg>
     </choice>
     <choice>
      <reg>
       велит
      </reg>
     </choice>
     землю повытряхнуть,
    </p>
    <p rend="v" uuid="fa2fcd71-7c34-4086-aada-33462669657a">
     А и бросить сошка за
     <choice>
      <reg>
       ракитов
      </reg>
     </choice>
     <choice>
      <reg>
       куст
      </reg>
     </choice>
     .
    </p>
    <p rend="v" uuid="11f30243-22d1-4515-ad33-c2b1f3cf5b21">
     <choice>
      <reg>
       Вот
      </reg>
     </choice>
     за сошку бралась вся дружинушка,
    </p>
    <p rend="v" uuid="23e18cda-0a93-4690-bd32-04c491856644">
     <choice>
      <reg>
       Разом
      </reg>
     </choice>
     брàлась за сошку кленовую, —
    </p>
    <p rend="v" uuid="9e4c0be8-c504-4e0f-ae08-3f06d9be26b7">
     Только сошку за обжи
     <choice>
      <reg>
       вокруг
      </reg>
     </choice>
     <choice>
      <reg>
       вертят
      </reg>
     </choice>
     ,
    </p>
    <p rend="v" uuid="a33ddbc6-446c-4d9d-878e-46a97402dfed">
     А не
     <choice>
      <reg>
       могут
      </reg>
     </choice>
     <choice>
      <reg>
       с
      </reg>
     </choice>
     земли сошку выдернуть,
    </p>
    <p rend="v" uuid="2c233fbf-4df9-483b-b3a4-bad0a3840101">
     Не
     <choice>
      <reg>
       могут
      </reg>
     </choice>
     <choice>
      <reg>
       с
      </reg>
     </choice>
     <choice>
      <reg>
       сошничков
      </reg>
     </choice>
     землю вытряхнуть,
    </p>
    <p rend="v" uuid="a1206303-c9a0-47fc-9192-66965c49227c">
     А и бросить сошка за
     <choice>
      <reg>
       ракитов
      </reg>
     </choice>
     <choice>
      <reg>
       куст
      </reg>
     </choice>
     .
    </p>
    <p rend="v" uuid="b6b38a06-832e-43ef-acbf-8c870c77dd07">
     <choice>
      <reg>
       Подъезжал
      </reg>
     </choice>
     <choice>
      <reg>
       тут
      </reg>
     </choice>
     <choice>
      <reg>
       мужик-деревеньщина
      </reg>
     </choice>
     :
    </p>
    <p rend="v" uuid="bc387bc6-9247-46bc-9e84-44240aee073e">
     <choice>
      <reg>
       Он
      </reg>
     </choice>
     <choice>
      <reg>
       слезал
      </reg>
     </choice>
     со кобылки соловенькой,
    </p>
    <p rend="v" uuid="03c6946c-f7aa-49ed-8ec2-b2f05e6e08fe">
     <choice>
      <reg>
       Подходил
      </reg>
     </choice>
     <choice>
      <reg>
       к
      </reg>
     </choice>
     своей
     <choice>
      <reg>
       сошке
      </reg>
     </choice>
     кленовенькой,
    </p>
    <p rend="v" uuid="0d2a7e19-8315-4573-bc26-69ce7cb059e5">
     Брался ручкой одной да
     <choice>
      <reg>
       попёхивал
      </reg>
     </choice>
     ,
    </p>
    <p rend="v" uuid="fdfe15f7-2be1-4a34-a545-02fcb738c847">
     <choice>
      <reg>
       Из
      </reg>
     </choice>
     земельки
     <choice>
      <reg>
       он
      </reg>
     </choice>
     сошку
     <choice>
      <reg>
       выдергивал
      </reg>
     </choice>
     ,
    </p>
    <p rend="v" uuid="2eb561f6-61c8-41b2-8f7c-6bab1da7b9bd">
     <choice>
      <reg>
       С
      </reg>
     </choice>
     <choice>
      <reg>
       сошничков
      </reg>
     </choice>
     <choice>
      <reg>
       он
      </reg>
     </choice>
     земельку
     <choice>
      <reg>
       вытрёхивал
      </reg>
     </choice>
     ,
    </p>
   </div>
  </div>
  <p rend="left emptyline" uuid="b857551d-ad20-43fb-ae23-cabf57faa352">
   <pb n="655"/>
  </p>
  <p rend="centerline" uuid="54f0b381-fe88-4da9-8aa6-585d3f0e7a69">
   — 95 —
  </p>
  <div type="poem">
   <div type="stanza">
    <p rend="v" uuid="221c654e-2bef-42b2-b69f-54a0264c828b">
     <choice>
      <reg>
       Он
      </reg>
     </choice>
     палицей камлыжки
     <choice>
      <reg>
       сокрёбывал
      </reg>
     </choice>
    </p>
    <p rend="v" uuid="edd46b28-9f44-4b0e-93f2-412cfd4a9f78">
     А и
     <choice>
      <reg>
       бросил
      </reg>
     </choice>
     сошка за
     <choice>
      <reg>
       ракитов
      </reg>
     </choice>
     <choice>
      <reg>
       куст
      </reg>
     </choice>
     .
    </p>
    <p rend="v" uuid="ea04940a-5029-46cc-aa82-d38688f6d794">
     На
     <choice>
      <reg>
       добрых
      </reg>
     </choice>
     коней
     <choice>
      <reg>
       сели
      </reg>
     </choice>
     , —
     <choice>
      <reg>
       поехали
      </reg>
     </choice>
     .
    </p>
    <p rend="v" uuid="c6320307-60d1-42a7-8bac-9a3ec3a911ce">
     <choice>
      <reg>
       Выезжают
      </reg>
     </choice>
     они на дороженьку —
    </p>
    <p rend="v" uuid="ff1ce2a2-1d13-4673-bd67-962c602c9da8">
     Мужикóва кобылка ходóй
     <choice>
      <reg>
       идет
      </reg>
     </choice>
     ,
    </p>
    <p rend="v" uuid="f209b311-152c-45f5-b31a-671166982724">
     А
     <choice>
      <reg>
       Вольгѝн-от
      </reg>
     </choice>
     конь
     <choice>
      <reg>
       уж
      </reg>
     </choice>
     <choice>
      <reg>
       поскакивает
      </reg>
     </choice>
     ;
    </p>
    <p rend="v" uuid="8a5a773c-687d-48a6-98fc-0048520f86f7">
     Мужикова кобылка рысцой пошла,
    </p>
    <p rend="v" uuid="393b382e-0059-423c-8c39-e635b0d2b52b">
     А
     <choice>
      <reg>
       Вольгѝн-от
      </reg>
     </choice>
     <choice>
      <reg>
       уж
      </reg>
     </choice>
     конь оставаться
     <choice>
      <reg>
       стал
      </reg>
     </choice>
     .
    </p>
    <p rend="v" uuid="40af893b-01d1-4310-938d-184478b72b8b">
     <choice>
      <reg>
       Передом
      </reg>
     </choice>
     <choice>
      <reg>
       мужик
      </reg>
     </choice>
     <choice>
      <reg>
       едет
      </reg>
     </choice>
     , не тряхнется, —
    </p>
    <p rend="v" uuid="d3478cec-6239-41f4-8c55-c1ce4fc86c15">
     Во всю прыть Вольгà
     <choice>
      <reg>
       едет
      </reg>
     </choice>
     сугоною.
    </p>
    <p rend="v" uuid="b9255a28-1d77-4b55-8ca5-44a0c30afbc3">
     Мужику
     <choice>
      <reg>
       тут
      </reg>
     </choice>
     Вольгà
     <choice>
      <reg>
       стал
      </reg>
     </choice>
     покрикивать,
    </p>
    <p rend="v" uuid="11bf9a2f-c046-4b3f-8309-c8dbf8498d1e">
     Мужику
     <choice>
      <reg>
       колпаком
      </reg>
     </choice>
     <choice>
      <reg>
       стал
      </reg>
     </choice>
     помахивать:
    </p>
    <p rend="v" uuid="50b6047e-453e-4dbb-835b-df4868aff56c">
     «Ты,
     <choice>
      <reg>
       мужик-пахарёк
      </reg>
     </choice>
     , ты постóй, пожди,
    </p>
    <p rend="v" uuid="1d3888aa-66df-416c-99e8-98363e8a0e5b">
     «За тобою,
     <choice>
      <reg>
       мужик
      </reg>
     </choice>
     , не угонишься».
    </p>
    <p rend="v" uuid="902864c6-f2a3-4fd6-9547-b5c6e07eaa2f">
     На Вольгу
     <choice>
      <reg>
       тут
      </reg>
     </choice>
     <choice>
      <reg>
       мужик
      </reg>
     </choice>
     <choice>
      <reg>
       приогля̀нулся
      </reg>
     </choice>
     ,
    </p>
    <p rend="v" uuid="f932d265-7174-4cfd-bbf3-9afbd36a6299">
     <choice>
      <reg>
       Стал
      </reg>
     </choice>
     кобылку свою укорачивать, —
    </p>
    <p rend="v" uuid="72241f64-903f-485e-8ff8-cd26405b6bc1">
     И
     <choice>
      <reg>
       поехали
      </reg>
     </choice>
     <choice>
      <reg>
       шагом
      </reg>
     </choice>
     дорожкою.
    </p>
    <p rend="v" uuid="6c064f9e-3af8-451b-bfe0-e3267638bd90">
     <choice>
      <reg>
       Взговорит ли
      </reg>
     </choice>
     Вольгà таковы слова:
    </p>
    <p rend="v" uuid="6afae279-62ee-4b5b-8805-52dc2d056bd9">
     «У
     <choice>
      <reg>
       тебя ли
      </reg>
     </choice>
     ,
     <choice>
      <reg>
       мужик
      </reg>
     </choice>
     , лошадь добрая —
    </p>
    <p rend="v" uuid="8117c848-692b-4946-a858-33fcafdcc4f4">
     «Кабы лошадь твоя да
     <choice>
      <reg>
       коньком
      </reg>
     </choice>
     была, —
    </p>
    <p rend="v" uuid="d280215c-5ccf-419a-a30e-f2d2e9c19ab0">
     «За лошадку
     <choice>
      <reg>
       цена бы
      </reg>
     </choice>
     <choice>
      <reg>
       пятъсот
      </reg>
     </choice>
     рублей».
    </p>
    <p rend="v" uuid="8baad105-6359-4d2a-b000-4ab0ce000e6d">
     <choice>
      <reg>
       Говорит ли
      </reg>
     </choice>
     <choice>
      <reg>
       мужик
      </reg>
     </choice>
     таковы слова:
    </p>
    <p rend="v" uuid="a081dffa-7bdd-4711-9964-d5440ce88eb2">
     «А и
     <choice>
      <reg>
       глуп-ты
      </reg>
     </choice>
     , Вольга, глупо сказыва(е)шь;
    </p>
    <p rend="v" uuid="9ede9c4f-2697-49f7-a2d9-5cea9c5aaf84">
     «Я кобылочку
     <choice>
      <reg>
       взял
      </reg>
     </choice>
     <choice>
      <reg>
       из
      </reg>
     </choice>
     <choice>
      <reg>
       под
      </reg>
     </choice>
     матери,
    </p>
    <p rend="v" uuid="3fa00e13-0f28-4686-9605-60ad1af8eff4">
     «За сосунчика
     <choice>
      <reg>
       дал
      </reg>
     </choice>
     я
     <choice>
      <reg>
       пятьсот
      </reg>
     </choice>
     рублей;
    </p>
    <p rend="v" uuid="7f99d747-0564-4d8c-8491-fcbe6f1087cb">
     «А
     <choice>
      <reg>
       коньком бы
      </reg>
     </choice>
     была — ей и
     <choice>
      <reg>
       сметы
      </reg>
     </choice>
     <choice>
      <reg>
       нет
      </reg>
     </choice>
     ».
    </p>
    <p rend="v" uuid="9c752341-3af3-45e8-8b50-7ccc7ee10573">
     <choice>
      <reg>
       Взговорит ли
      </reg>
     </choice>
     Вольга таковы слова:
    </p>
    <p rend="v" uuid="22cce48b-360c-4be9-81e5-3be994ac085c">
     «А и
     <choice>
      <reg>
       как
      </reg>
     </choice>
     тя,
     <choice>
      <reg>
       мужик
      </reg>
     </choice>
     , звать по имени, —
    </p>
    <p rend="v" uuid="b596154f-ea44-4859-9633-54398c18ca16">
     «Величать тебя
     <choice>
      <reg>
       как
      </reg>
     </choice>
     по изотчеству?»
    </p>
    <p rend="v" uuid="33211888-3660-4b7b-a592-bd1f269f0909">
     <choice>
      <reg>
       Говорит ли
      </reg>
     </choice>
     <choice>
      <reg>
       мужик
      </reg>
     </choice>
     таковы слова:
    </p>
    <p rend="v" uuid="69658185-78dd-4149-ab10-75991897b04b">
     — «А я ржи напашу, во скирды сложу,
    </p>
   </div>
  </div>
  <p rend="left emptyline" uuid="0fa5db43-5734-4d5f-8197-9239a35b83bd">
   <pb n="656"/>
  </p>
  <p rend="centerline" uuid="5649c608-d56a-4812-a25e-4dfb56eccaa5">
   — 96 —
  </p>
  <div type="poem">
   <div type="stanza">
    <p rend="v" uuid="32878fc3-cef2-49e7-a29d-34ff27d91a41">
     «Домой вы̀волоку, дома вымолочу,
    </p>
    <p rend="v" uuid="c5e5b29d-07b5-4f33-8bdd-1e1f58d9178a">
     «Да и пива сварю,
     <choice>
      <reg>
       мужиков
      </reg>
     </choice>
     сзову;
    </p>
    <p rend="v" uuid="305da931-9c52-4d47-a924-9d951aff8a37">
     «И
     <choice>
      <reg>
       почнут
      </reg>
     </choice>
     мужики
     <choice>
      <reg>
       тут
      </reg>
     </choice>
     покликивать:
    </p>
    <p rend="v" uuid="41a2f8e4-2f9e-4204-ba1d-eac511975208">
     «Гой
     <choice>
      <reg>
       Микула-свет
      </reg>
     </choice>
     , ты Микулушка,
    </p>
    <p rend="v" uuid="5238d09a-d02e-454c-bfd0-39d2bcdfc7e1">
     «
     <choice>
      <reg>
       Свет-Микулушка
      </reg>
     </choice>
     , да
     <choice>
      <reg>
       Селянинович
      </reg>
     </choice>
     !»
    </p>
   </div>
  </div>
  <lb/>
 </div>
</TEI>