<?xml version="1.0" encoding="utf-8"?>
<TEI xmlns="http://www.tei-c.org/ns/1.0" xmlns:xi="http://www.w3.org/2001/XInclude">
 <teiHeader>
  <fileDesc>
   <titleStmt>
    <title>
     Азбука. Книга I
    </title>
    <author>
     Толстой Л.Н.
    </author>
    <respStmt>
     <resp>
      подготовка TEI/XML
     </resp>
     <name>
      Мария Картышева, Евгений Можаев, Даниил Скоринкин, Елена Сидорова, Вероника Файнберг, Кирилл Милинцевич
     </name>
    </respStmt>
    <respStmt>
     <name>
      Анастасия Бонч-Осмоловская, Фёкла Толстая, Борис Орехов
     </name>
     <resp>
      Идея, постановка задач, руководство
     </resp>
    </respStmt>
   </titleStmt>
   <publicationStmt>
    <idno>
     Азбука  | Книга I
    </idno>
    <publisher>
     <orgName>
      Школа лингвистики НИУ ВШЭ
     </orgName>
    </publisher>
    <availability>
     <p>
      Тексты и метатекстовая разметка доступны для свободного использования и распространения по лицензии Creative Commons Attribution Share-Alike (cc by-sa)
     </p>
    </availability>
   </publicationStmt>
   <sourceDesc>
    <biblStruct>
     <analytic>
      <author>
       Толстой Л.Н.
      </author>
      <title level="a">
       Азбука. Книга I
      </title>
     </analytic>
     <monogr>
      <title level="m">
       Полное собрание сочинений. Том 22
      </title>
      <imprint>
       <pubPlace>
        Москва
       </pubPlace>
       <publisher>
        Государственное издательство "Художественная литература"
       </publisher>
       <date when="1871-1872"/>
      </imprint>
     </monogr>
     <series>
      <title level="s">
       Л.Н. Толстой. Полное собрание сочинений
      </title>
      <biblScope unit="vol">
       22
      </biblScope>
     </series>
    </biblStruct>
   </sourceDesc>
  </fileDesc>
  <encodingDesc>
   <classDecl>
    <xi:include href="taxonomy.xml"/>
   </classDecl>
  </encodingDesc>
  <profileDesc>
   <creation>
    <date notAfter="1872" notBefore="1871">
     1871-1872
    </date>
    <rs/>
   </creation>
   <textClass>
    <catRef target="#fiction" type="sphere"/>
    <catRef target="#произведения для детей" type="type"/>
    <catRef target="#works" type="works_letters_diaries"/>
    <catRef target="#азбука" type="ninetyDef"/>
    <catRef target="#Основное" type="main_var"/>
    <catRef target="#азбука" type="type_short"/>
    <catRef target="None" type="translation"/>
    <catRef target="None" type="translation_origin"/>
    <catRef target="#да" type="tolstoy_or_not"/>
    <catRef target="None" type="name_status"/>
   </textClass>
   <preparedness>
    finished
   </preparedness>
   <settingDesc>
    <time>
     XIX век
    </time>
   </settingDesc>
  </profileDesc>
  <xenoData>
   <cyclusName/>
   <p>
    Проект
    <title>
     Толстой.Digital
    </title>
    разрабатывается сотрудниками и студентами
    <orgName>
     Высшей школы экономики
    </orgName>
    в сотрудничестве с
    <orgName>
     Государственным музеем Л.Н. Толстого
    </orgName>
    . Источник текстов –
    <bibl>
     90-томное собрание сочинений Л.Н.Толстого
    </bibl>
    . Разметка основана на стандарте
    <ref target="http://www.tei-c.org">
     TEI (Text Encoding Initiative)
    </ref>
    .
   </p>
   <versionNumber/>
   <isFinished/>
   <isEdited/>
   <fullBibliographicDescription/>
  </xenoData>
 </teiHeader>
 <p rend="left emptyline">
  <pb n="75"/>
 </p>
 <div type="section" xml:id="ref17">
  <head rend="Azbuka left">
   <hi rend="strong">
    Галка и голуби.
   </hi>
  </head>
  <p rend="Azbuka left" uuid="ea53713f-cd0d-4674-b5ba-debbd0520aae">
   Галка увидала,
   <hi rend="italic">
    ч
   </hi>
   то г
   <hi rend="italic">
    о
   </hi>
   лубей х
   <hi rend="italic">
    о
   </hi>
   р
   <hi rend="italic">
    о
   </hi>
   шо
   <choice>
    <reg>
     кормят
    </reg>
   </choice>
   , — выб
   <hi rend="big">
    ѣ
   </hi>
   лилась и
   <choice>
    <reg>
     влетела
    </reg>
   </choice>
   <choice>
    <reg>
     в
    </reg>
   </choice>
   г
   <hi rend="italic">
    о
   </hi>
   лубятню. Голуби п
   <hi rend="italic">
    о
   </hi>
   думали сперва,
   <hi rend="italic">
    ч
   </hi>
   то
   <hi rend="italic">
    о
   </hi>
   на такой-же голу
   <hi rend="italic">
    б
   </hi>
   ь, и пустили её. Но галка забыла, и закричала п
   <hi rend="italic">
    о
   </hi>
   галчьи. Т
   <hi rend="italic">
    о
   </hi>
   гда её голуби стали клевать и пр
   <hi rend="italic">
    о
   </hi>
   гнали. Галка п
   <hi rend="italic">
    о
   </hi>
   <choice>
    <reg>
     летела
    </reg>
   </choice>
   наза
   <hi rend="italic">
    д
   </hi>
   ъ
   <choice>
    <reg>
     к
    </reg>
   </choice>
   св
   <hi rend="italic">
    о
   </hi>
   <choice>
    <reg>
     им
    </reg>
   </choice>
   , но галки испугались,
   <hi rend="italic">
    ч
   </hi>
   то
   <hi rend="italic">
    о
   </hi>
   на б
   <hi rend="big">
    ѣ
   </hi>
   лая и тоже пр
   <hi rend="italic">
    о
   </hi>
   гнали.
  </p>
 </div>
</TEI>