<?xml version="1.0" encoding="utf-8"?>
<TEI xmlns="http://www.tei-c.org/ns/1.0" xmlns:xi="http://www.w3.org/2001/XInclude">
 <teiHeader>
  <fileDesc>
   <titleStmt>
    <title>
     Азбука. Книга I
    </title>
    <author>
     Толстой Л.Н.
    </author>
    <respStmt>
     <resp>
      подготовка TEI/XML
     </resp>
     <name>
      Мария Картышева, Евгений Можаев, Даниил Скоринкин, Елена Сидорова, Вероника Файнберг, Кирилл Милинцевич
     </name>
    </respStmt>
    <respStmt>
     <name>
      Анастасия Бонч-Осмоловская, Фёкла Толстая, Борис Орехов
     </name>
     <resp>
      Идея, постановка задач, руководство
     </resp>
    </respStmt>
   </titleStmt>
   <publicationStmt>
    <idno>
     Азбука  | Книга I
    </idno>
    <publisher>
     <orgName>
      Школа лингвистики НИУ ВШЭ
     </orgName>
    </publisher>
    <availability>
     <p>
      Тексты и метатекстовая разметка доступны для свободного использования и распространения по лицензии Creative Commons Attribution Share-Alike (cc by-sa)
     </p>
    </availability>
   </publicationStmt>
   <sourceDesc>
    <biblStruct>
     <analytic>
      <author>
       Толстой Л.Н.
      </author>
      <title level="a">
       Азбука. Книга I
      </title>
     </analytic>
     <monogr>
      <title level="m">
       Полное собрание сочинений. Том 22
      </title>
      <imprint>
       <pubPlace>
        Москва
       </pubPlace>
       <publisher>
        Государственное издательство "Художественная литература"
       </publisher>
       <date when="1871-1872"/>
      </imprint>
     </monogr>
     <series>
      <title level="s">
       Л.Н. Толстой. Полное собрание сочинений
      </title>
      <biblScope unit="vol">
       22
      </biblScope>
     </series>
    </biblStruct>
   </sourceDesc>
  </fileDesc>
  <encodingDesc>
   <classDecl>
    <xi:include href="taxonomy.xml"/>
   </classDecl>
  </encodingDesc>
  <profileDesc>
   <creation>
    <date notAfter="1872" notBefore="1871">
     1871-1872
    </date>
    <rs/>
   </creation>
   <textClass>
    <catRef target="#fiction" type="sphere"/>
    <catRef target="#произведения для детей" type="type"/>
    <catRef target="#works" type="works_letters_diaries"/>
    <catRef target="#азбука" type="ninetyDef"/>
    <catRef target="#Основное" type="main_var"/>
    <catRef target="#азбука" type="type_short"/>
    <catRef target="None" type="translation"/>
    <catRef target="None" type="translation_origin"/>
    <catRef target="#да" type="tolstoy_or_not"/>
    <catRef target="None" type="name_status"/>
   </textClass>
   <preparedness>
    finished
   </preparedness>
   <settingDesc>
    <time>
     XIX век
    </time>
   </settingDesc>
  </profileDesc>
  <xenoData>
   <cyclusName/>
   <p>
    Проект
    <title>
     Толстой.Digital
    </title>
    разрабатывается сотрудниками и студентами
    <orgName>
     Высшей школы экономики
    </orgName>
    в сотрудничестве с
    <orgName>
     Государственным музеем Л.Н. Толстого
    </orgName>
    . Источник текстов –
    <bibl>
     90-томное собрание сочинений Л.Н.Толстого
    </bibl>
    . Разметка основана на стандарте
    <ref target="http://www.tei-c.org">
     TEI (Text Encoding Initiative)
    </ref>
    .
   </p>
   <versionNumber/>
   <isFinished/>
   <isEdited/>
   <fullBibliographicDescription/>
  </xenoData>
 </teiHeader>
 <p rend="left emptyline">
  <pb n="75"/>
 </p>
 <div type="section" xml:id="ref19">
  <head rend="Azbuka left">
   <hi rend="strong">
    Деле
    <hi rend="italic">
     ж
    </hi>
    ъ
    <choice>
     <reg>
      наследства
     </reg>
    </choice>
    .
   </hi>
  </head>
  <p rend="Azbuka left" uuid="ff1a5b8d-f253-48c4-ba69-a6a29559e2d9">
   У
   <hi rend="italic">
    о
   </hi>
   дн
   <hi rend="italic">
    ог
   </hi>
   о
   <hi rend="italic">
    о
   </hi>
   тца было два сына.
   <choice>
    <reg>
     Он
    </reg>
   </choice>
   <choice>
    <reg>
     сказал
    </reg>
   </choice>
   <choice>
    <reg>
     им
    </reg>
   </choice>
   : „умру, —
   <choice>
    <reg>
     разделите
    </reg>
   </choice>
   всё п
   <hi rend="italic">
    о
   </hi>
   п
   <hi rend="italic">
    о
   </hi>
   ламъ“. К
   <hi rend="italic">
    о
   </hi>
   гда
   <hi rend="italic">
    о
   </hi>
   <choice>
    <reg>
     тец
    </reg>
   </choice>
   <choice>
    <reg>
     умер
    </reg>
   </choice>
   , сын
   <hi rend="italic">
    о
   </hi>
   вья не м
   <hi rend="italic">
    о
   </hi>
   гли разд
   <hi rend="big">
    ѣ
   </hi>
   ли
   <hi rend="italic">
    ться
   </hi>
   бе
   <hi rend="italic">
    з
   </hi>
   ъ спора.
   <hi rend="italic">
    О
   </hi>
   ни п
   <hi rend="italic">
    о
   </hi>
   шли суди
   <hi rend="italic">
    ться
   </hi>
   <choice>
    <reg>
     к
    </reg>
   </choice>
   с
   <hi rend="italic">
    о
   </hi>
   <choice>
    <reg>
     седу
    </reg>
   </choice>
   . С
   <hi rend="italic">
    о
   </hi>
   с
   <hi rend="big">
    ѣ
   </hi>
   <hi rend="italic">
    д
   </hi>
   ъ спр
   <hi rend="italic">
    о
   </hi>
   <choice>
    <reg>
     сил
    </reg>
   </choice>
   ,
   <choice>
    <reg>
     как
    </reg>
   </choice>
   <hi rend="italic">
    о
   </hi>
   <choice>
    <reg>
     тец
    </reg>
   </choice>
   <choice>
    <reg>
     велел
    </reg>
   </choice>
   <choice>
    <reg>
     им
    </reg>
   </choice>
   д
   <hi rend="big">
    ѣ
   </hi>
   ли
   <hi rend="italic">
    ться
   </hi>
   .
   <hi rend="italic">
    О
   </hi>
   ни сказали:
   <choice>
    <reg>
     он
    </reg>
   </choice>
   <choice>
    <reg>
     велел
    </reg>
   </choice>
   д
   <hi rend="big">
    ѣ
   </hi>
   лить
  </p>
  <p rend="left emptyline" uuid="4e4b474c-eb03-4883-bf90-f6f3abea543b">
   <pb n="76"/>
  </p>
  <p rend="centerline" uuid="e554025c-05fb-4ae0-92b7-4d9456c60952">
   — 66 —
  </p>
  <p rend="Azbuka notindent" uuid="bb1a2a8f-4c4c-4121-a521-789ad7e5f393">
   всё п
   <hi rend="italic">
    о
   </hi>
   п
   <hi rend="italic">
    о
   </hi>
   ламъ“. С
   <hi rend="italic">
    о
   </hi>
   с
   <hi rend="big">
    ѣ
   </hi>
   <hi rend="italic">
    д
   </hi>
   ъ
   <choice>
    <reg>
     сказал
    </reg>
   </choice>
   :
   <choice>
    <reg>
     „так
    </reg>
   </choice>
   раз
   <hi rend="italic">
    о
   </hi>
   рвите п
   <hi rend="italic">
    о
   </hi>
   п
   <hi rend="italic">
    о
   </hi>
   <choice>
    <reg>
     лам
    </reg>
   </choice>
   <choice>
    <reg>
     все
    </reg>
   </choice>
   платья, разбейте п
   <hi rend="italic">
    о
   </hi>
   п
   <hi rend="italic">
    о
   </hi>
   <choice>
    <reg>
     лам
    </reg>
   </choice>
   всю п
   <hi rend="italic">
    о
   </hi>
   суду и п
   <hi rend="italic">
    о
   </hi>
   п
   <hi rend="italic">
    о
   </hi>
   <choice>
    <reg>
     лам
    </reg>
   </choice>
   разр
   <hi rend="big">
    ѣ
   </hi>
   <hi rend="italic">
    ж
   </hi>
   ьте всю ск
   <hi rend="italic">
    о
   </hi>
   тину“. Братья п
   <hi rend="italic">
    о
   </hi>
   слушали с
   <hi rend="italic">
    о
   </hi>
   с
   <hi rend="big">
    ѣ
   </hi>
   да и у
   <choice>
    <reg>
     них
    </reg>
   </choice>
   ниче
   <hi rend="italic">
    г
   </hi>
   о не
   <hi rend="italic">
    о
   </hi>
   стал
   <hi rend="italic">
    о
   </hi>
   сь.
  </p>
 </div>
</TEI>