<?xml version="1.0" encoding="utf-8"?>
<TEI xmlns="http://www.tei-c.org/ns/1.0" xmlns:xi="http://www.w3.org/2001/XInclude">
 <teiHeader>
  <fileDesc>
   <titleStmt>
    <title>
     Азбука. Книга I
    </title>
    <author>
     Толстой Л.Н.
    </author>
    <respStmt>
     <resp>
      подготовка TEI/XML
     </resp>
     <name>
      Мария Картышева, Евгений Можаев, Даниил Скоринкин, Елена Сидорова, Вероника Файнберг, Кирилл Милинцевич
     </name>
    </respStmt>
    <respStmt>
     <name>
      Анастасия Бонч-Осмоловская, Фёкла Толстая, Борис Орехов
     </name>
     <resp>
      Идея, постановка задач, руководство
     </resp>
    </respStmt>
   </titleStmt>
   <publicationStmt>
    <idno>
     Азбука  | Книга I
    </idno>
    <publisher>
     <orgName>
      Школа лингвистики НИУ ВШЭ
     </orgName>
    </publisher>
    <availability>
     <p>
      Тексты и метатекстовая разметка доступны для свободного использования и распространения по лицензии Creative Commons Attribution Share-Alike (cc by-sa)
     </p>
    </availability>
   </publicationStmt>
   <sourceDesc>
    <biblStruct>
     <analytic>
      <author>
       Толстой Л.Н.
      </author>
      <title level="a">
       Азбука. Книга I
      </title>
     </analytic>
     <monogr>
      <title level="m">
       Полное собрание сочинений. Том 22
      </title>
      <imprint>
       <pubPlace>
        Москва
       </pubPlace>
       <publisher>
        Государственное издательство "Художественная литература"
       </publisher>
       <date when="1871-1872"/>
      </imprint>
     </monogr>
     <series>
      <title level="s">
       Л.Н. Толстой. Полное собрание сочинений
      </title>
      <biblScope unit="vol">
       22
      </biblScope>
     </series>
    </biblStruct>
   </sourceDesc>
  </fileDesc>
  <encodingDesc>
   <classDecl>
    <xi:include href="taxonomy.xml"/>
   </classDecl>
  </encodingDesc>
  <profileDesc>
   <creation>
    <date notAfter="1872" notBefore="1871">
     1871-1872
    </date>
    <rs/>
   </creation>
   <textClass>
    <catRef target="#fiction" type="sphere"/>
    <catRef target="#произведения для детей" type="type"/>
    <catRef target="#works" type="works_letters_diaries"/>
    <catRef target="#азбука" type="ninetyDef"/>
    <catRef target="#Основное" type="main_var"/>
    <catRef target="#азбука" type="type_short"/>
    <catRef target="None" type="translation"/>
    <catRef target="None" type="translation_origin"/>
    <catRef target="#да" type="tolstoy_or_not"/>
    <catRef target="None" type="name_status"/>
   </textClass>
   <preparedness>
    finished
   </preparedness>
   <settingDesc>
    <time>
     XIX век
    </time>
   </settingDesc>
  </profileDesc>
  <xenoData>
   <cyclusName/>
   <p>
    Проект
    <title>
     Толстой.Digital
    </title>
    разрабатывается сотрудниками и студентами
    <orgName>
     Высшей школы экономики
    </orgName>
    в сотрудничестве с
    <orgName>
     Государственным музеем Л.Н. Толстого
    </orgName>
    . Источник текстов –
    <bibl>
     90-томное собрание сочинений Л.Н.Толстого
    </bibl>
    . Разметка основана на стандарте
    <ref target="http://www.tei-c.org">
     TEI (Text Encoding Initiative)
    </ref>
    .
   </p>
   <versionNumber/>
   <isFinished/>
   <isEdited/>
   <fullBibliographicDescription/>
  </xenoData>
 </teiHeader>
 <p rend="left emptyline">
  <pb n="645"/>
 </p>
 <div type="section" xml:id="ref265">
  <head rend="center">
   <hi rend="strong">
    <choice>
     <reg>
      ГАЛЬВАНИЗМ
     </reg>
    </choice>
    .
   </hi>
  </head>
  <p rend="left" uuid="b53f0090-1e8e-40c9-9109-5a3a31baeca1">
   <choice>
    <reg>
     Был
    </reg>
   </choice>
   <choice>
    <reg>
     один
    </reg>
   </choice>
   ученый
   <choice>
    <reg>
     итальянец
    </reg>
   </choice>
   Гальвани. У него была электрическая машина, и
   <choice>
    <reg>
     он
    </reg>
   </choice>
   <choice>
    <reg>
     показывал
    </reg>
   </choice>
   <choice>
    <reg>
     своим
    </reg>
   </choice>
   <choice>
    <reg>
     ученикам
    </reg>
   </choice>
   , что такое электричество.
   <choice>
    <reg>
     Он
    </reg>
   </choice>
   <choice>
    <reg>
     натирал
    </reg>
   </choice>
   <choice>
    <reg>
     крепко
    </reg>
   </choice>
   стекло
   <choice>
    <reg>
     шелком
    </reg>
   </choice>
   <choice>
    <reg>
     с
    </reg>
   </choice>
   мазью и
   <choice>
    <reg>
     потом
    </reg>
   </choice>
   <choice>
    <reg>
     к
    </reg>
   </choice>
   стеклу
   <choice>
    <reg>
     подводил
    </reg>
   </choice>
   <choice>
    <reg>
     медную
    </reg>
   </choice>
   шишечку
   <choice>
    <reg>
     укрепленную
    </reg>
   </choice>
   <choice>
    <reg>
     в
    </reg>
   </choice>
   <choice>
    <reg>
     стекле
    </reg>
   </choice>
   , — и
   <choice>
    <reg>
     из
    </reg>
   </choice>
   стекла перескакивала искра
   <choice>
    <reg>
     в
    </reg>
   </choice>
   <choice>
    <reg>
     медную
    </reg>
   </choice>
   шишечку.
   <choice>
    <reg>
     Он
    </reg>
   </choice>
   <choice>
    <reg>
     толковал
    </reg>
   </choice>
   <choice>
    <reg>
     им
    </reg>
   </choice>
   , что
   <choice>
    <reg>
     бывает
    </reg>
   </choice>
   такая же искра и
   <choice>
    <reg>
     от
    </reg>
   </choice>
   сургуча и
   <choice>
    <reg>
     от
    </reg>
   </choice>
   янтаря.
   <choice>
    <reg>
     Показывал
    </reg>
   </choice>
   ,
   <choice>
    <reg>
     как
    </reg>
   </choice>
   перушки и бумажки иногда притягиваются
   <choice>
    <reg>
     электричеством
    </reg>
   </choice>
   , иногда отталкиваются, и отчего это
   <choice>
    <reg>
     бывает
    </reg>
   </choice>
   .
   <choice>
    <reg>
     Он
    </reg>
   </choice>
   много
   <choice>
    <reg>
     делал
    </reg>
   </choice>
   <choice>
    <reg>
     разных
    </reg>
   </choice>
   <choice>
    <reg>
     опытов
    </reg>
   </choice>
   <choice>
    <reg>
     с
    </reg>
   </choice>
   <choice>
    <reg>
     электричеством
    </reg>
   </choice>
   , и все это
   <choice>
    <reg>
     показывал
    </reg>
   </choice>
   <choice>
    <reg>
     ученикам
    </reg>
   </choice>
   .
  </p>
  <p rend="left" uuid="debc38cb-e1c6-4e0d-ab93-b2360787f8a0">
   Однажды у него
   <choice>
    <reg>
     заболела
    </reg>
   </choice>
   жена.
   <choice>
    <reg>
     Он
    </reg>
   </choice>
   <choice>
    <reg>
     позвал
    </reg>
   </choice>
   доктора и
   <choice>
    <reg>
     спросил
    </reg>
   </choice>
   ,
   <choice>
    <reg>
     чем
    </reg>
   </choice>
   её
   <choice>
    <reg>
     лечить
    </reg>
   </choice>
   ?
   <choice>
    <reg>
     Доктор
    </reg>
   </choice>
   <choice>
    <reg>
     велел
    </reg>
   </choice>
   <choice>
    <reg>
     сделать
    </reg>
   </choice>
   ей
   <choice>
    <reg>
     суп
    </reg>
   </choice>
   <choice>
    <reg>
     из
    </reg>
   </choice>
   <choice>
    <reg>
     лягушек
    </reg>
   </choice>
   . Гальвани
   <choice>
    <reg>
     велел
    </reg>
   </choice>
   наловить
   <choice>
    <reg>
     съедобных
    </reg>
   </choice>
   <choice>
    <reg>
     лягушек
    </reg>
   </choice>
   . Ему наловили, убили
   <choice>
    <reg>
     их
    </reg>
   </choice>
   и положили
   <choice>
    <reg>
     к
    </reg>
   </choice>
   нему на
   <choice>
    <reg>
     стол
    </reg>
   </choice>
   .
  </p>
  <p rend="left" uuid="ec3addcf-e6c7-47d8-9103-7f358874699d">
   Пока кухарка не приходила за лягушками, Гальвани
   <choice>
    <reg>
     продолжал
    </reg>
   </choice>
   показывать
   <choice>
    <reg>
     ученикам
    </reg>
   </choice>
   эликтрическую машину и пускать искры.
  </p>
  <p rend="left" uuid="30be1835-38e7-439f-8059-ba7a851ed3fe">
   <choice>
    <reg>
     Вдруг
    </reg>
   </choice>
   <choice>
    <reg>
     он
    </reg>
   </choice>
   <choice>
    <reg>
     увидал
    </reg>
   </choice>
   , что
   <choice>
    <reg>
     мертвые
    </reg>
   </choice>
   лягушки на
   <choice>
    <reg>
     столе
    </reg>
   </choice>
   <choice>
    <reg>
     дрыгают
    </reg>
   </choice>
   ногами.
   <choice>
    <reg>
     Он
    </reg>
   </choice>
   сталь присматриваться
  </p>
  <p rend="left emptyline" uuid="b9814e5f-e069-4eaa-99fe-379adf04cffc">
   <pb n="646"/>
  </p>
  <p rend="centerline" uuid="797607d9-7b57-4f80-b16c-017cfdeab117">
   — 86 —
  </p>
  <p rend="notindent" uuid="72518749-bf51-47ae-ae5a-dfc731507d78">
   и
   <choice>
    <reg>
     заметил
    </reg>
   </choice>
   , что
   <choice>
    <reg>
     всякий
    </reg>
   </choice>
   <choice>
    <reg>
     раз
    </reg>
   </choice>
   ,
   <choice>
    <reg>
     как
    </reg>
   </choice>
   <choice>
    <reg>
     он
    </reg>
   </choice>
   <choice>
    <reg>
     пустит
    </reg>
   </choice>
   искру
   <choice>
    <reg>
     из
    </reg>
   </choice>
   электрической машины, лягушки
   <choice>
    <reg>
     дрыгнут
    </reg>
   </choice>
   ногами. Гальвани
   <choice>
    <reg>
     набрал
    </reg>
   </choice>
   еще
   <choice>
    <reg>
     лягушек
    </reg>
   </choice>
   и
   <choice>
    <reg>
     стал
    </reg>
   </choice>
   <choice>
    <reg>
     над
    </reg>
   </choice>
   ними
   <choice>
    <reg>
     делать
    </reg>
   </choice>
   опыты.
   <choice>
    <reg>
     Всякий
    </reg>
   </choice>
   <choice>
    <reg>
     раз
    </reg>
   </choice>
   выходило
   <choice>
    <reg>
     так
    </reg>
   </choice>
   , что
   <choice>
    <reg>
     как
    </reg>
   </choice>
   <choice>
    <reg>
     пустит
    </reg>
   </choice>
   искру,
   <choice>
    <reg>
     так
    </reg>
   </choice>
   <choice>
    <reg>
     мертвые
    </reg>
   </choice>
   лягушки
   <choice>
    <reg>
     станут
    </reg>
   </choice>
   <choice>
    <reg>
     как
    </reg>
   </choice>
   <choice>
    <reg>
     живые
    </reg>
   </choice>
   шевелить ногами.
  </p>
  <p rend="left" uuid="40b97f30-1bbe-44dd-b17e-fc06cbe1f70e">
   Гальвани и
   <choice>
    <reg>
     подумал
    </reg>
   </choice>
   , что
   <choice>
    <reg>
     живые
    </reg>
   </choice>
   лягушки не
   <choice>
    <reg>
     от
    </reg>
   </choice>
   того ли
   <choice>
    <reg>
     шевелят
    </reg>
   </choice>
   ногами, что
   <choice>
    <reg>
     в
    </reg>
   </choice>
   <choice>
    <reg>
     них
    </reg>
   </choice>
   <choice>
    <reg>
     проходит
    </reg>
   </choice>
   электричество. А Гальвани
   <choice>
    <reg>
     знал
    </reg>
   </choice>
   , что электричество есть и
   <choice>
    <reg>
     в
    </reg>
   </choice>
   <choice>
    <reg>
     воздухе
    </reg>
   </choice>
   , что
   <choice>
    <reg>
     в
    </reg>
   </choice>
   <choice>
    <reg>
     сургуче
    </reg>
   </choice>
   ,
   <choice>
    <reg>
     янтаре
    </reg>
   </choice>
   и
   <choice>
    <reg>
     стекле
    </reg>
   </choice>
   oнo
   <choice>
    <reg>
     заметнее
    </reg>
   </choice>
   , но что оно есть
   <choice>
    <reg>
     в
    </reg>
   </choice>
   <choice>
    <reg>
     воздухе
    </reg>
   </choice>
   и что гроза и
   <choice>
    <reg>
     молния
    </reg>
   </choice>
   <choice>
    <reg>
     бывают
    </reg>
   </choice>
   <choice>
    <reg>
     от
    </reg>
   </choice>
   <choice>
    <reg>
     воздушного
    </reg>
   </choice>
   электричества.
  </p>
  <p rend="left" uuid="edb6cc49-e84c-4ede-9a95-2367f410d492">
   <choice>
    <reg>
     Вот
    </reg>
   </choice>
   <choice>
    <reg>
     он
    </reg>
   </choice>
   и
   <choice>
    <reg>
     стал
    </reg>
   </choice>
   пытать, не
   <choice>
    <reg>
     будут
    </reg>
   </choice>
   ли
   <choice>
    <reg>
     мертвые
    </reg>
   </choice>
   лягушки двигать ногами и
   <choice>
    <reg>
     от
    </reg>
   </choice>
   <choice>
    <reg>
     воздушного
    </reg>
   </choice>
   электричества. Для этого
   <choice>
    <reg>
     он
    </reg>
   </choice>
   <choice>
    <reg>
     взял
    </reg>
   </choice>
   <choice>
    <reg>
     лягушек
    </reg>
   </choice>
   ,
   <choice>
    <reg>
     снял
    </reg>
   </choice>
   <choice>
    <reg>
     с
    </reg>
   </choice>
   <choice>
    <reg>
     них
    </reg>
   </choice>
   шкуру,
   <choice>
    <reg>
     отрезал
    </reg>
   </choice>
   головы и
   <choice>
    <reg>
     передния
    </reg>
   </choice>
   лапы и
   <choice>
    <reg>
     подвесил
    </reg>
   </choice>
   <choice>
    <reg>
     их
    </reg>
   </choice>
   <choice>
    <reg>
     медными
    </reg>
   </choice>
   крючками
   <choice>
    <reg>
     к
    </reg>
   </choice>
   <choice>
    <reg>
     крыше
    </reg>
   </choice>
   <choice>
    <reg>
     под
    </reg>
   </choice>
   <choice>
    <reg>
     железный
    </reg>
   </choice>
   <choice>
    <reg>
     жолоб
    </reg>
   </choice>
   .
   <choice>
    <reg>
     Он
    </reg>
   </choice>
   <choice>
    <reg>
     думал
    </reg>
   </choice>
   , что когда
   <choice>
    <reg>
     найдет
    </reg>
   </choice>
   гроза и
   <choice>
    <reg>
     в
    </reg>
   </choice>
   <choice>
    <reg>
     воздухе
    </reg>
   </choice>
   <choice>
    <reg>
     будет
    </reg>
   </choice>
   много электричества, то
   <choice>
    <reg>
     через
    </reg>
   </choice>
   <choice>
    <reg>
     медную
    </reg>
   </choice>
   проволоку электричество
   <choice>
    <reg>
     пройдет
    </reg>
   </choice>
   <choice>
    <reg>
     в
    </reg>
   </choice>
   <choice>
    <reg>
     лягушек
    </reg>
   </choice>
   , и они
   <choice>
    <reg>
     начнут
    </reg>
   </choice>
   шевелиться.
  </p>
  <p rend="left" uuid="8ee85ad6-4a47-46ee-9374-5e20fdfd11d5">
   Только гроза проходила
   <choice>
    <reg>
     несколько
    </reg>
   </choice>
   <choice>
    <reg>
     раз
    </reg>
   </choice>
   , а лягушки не шевелились. Гальвани
   <choice>
    <reg>
     стал
    </reg>
   </choice>
   уже снимать
   <choice>
    <reg>
     их
    </reg>
   </choice>
   , да снимаючи
   <choice>
    <reg>
     тронул
    </reg>
   </choice>
   лягушечьей ногой
   <choice>
    <reg>
     об
    </reg>
   </choice>
   <choice>
    <reg>
     жолоб
    </reg>
   </choice>
   , — и нога дрыгнула. Гальвани
   <choice>
    <reg>
     снял
    </reg>
   </choice>
   <choice>
    <reg>
     лягушек
    </reg>
   </choice>
   и
   <choice>
    <reg>
     стал
    </reg>
   </choice>
   пробовать
   <choice>
    <reg>
     так
    </reg>
   </choice>
   :
   <choice>
    <reg>
     он
    </reg>
   </choice>
   <choice>
    <reg>
     привязал
    </reg>
   </choice>
   <choice>
    <reg>
     к
    </reg>
   </choice>
   <choice>
    <reg>
     медному
    </reg>
   </choice>
   крючку
   <choice>
    <reg>
     железную
    </reg>
   </choice>
   проволоку и проволокой
   <choice>
    <reg>
     трогал
    </reg>
   </choice>
   лягушечью лапу, — и лапа дрыгала.
  </p>
  <p rend="left" uuid="27e8bb61-cec1-4234-a159-db27922a3fbc">
   <choice>
    <reg>
     Вот
    </reg>
   </choice>
   Гальвани и
   <choice>
    <reg>
     решил
    </reg>
   </choice>
   , что
   <choice>
    <reg>
     все
    </reg>
   </choice>
   <choice>
    <reg>
     животные
    </reg>
   </choice>
   живы только
   <choice>
    <reg>
     от
    </reg>
   </choice>
   того, что
   <choice>
    <reg>
     в
    </reg>
   </choice>
   <choice>
    <reg>
     них
    </reg>
   </choice>
   электричество, и что электричество
   <choice>
    <reg>
     перескакивает
    </reg>
   </choice>
   <choice>
    <reg>
     от
    </reg>
   </choice>
   мозга
   <choice>
    <reg>
     в
    </reg>
   </choice>
   мясо и
   <choice>
    <reg>
     от
    </reg>
   </choice>
  </p>
  <p rend="left emptyline" uuid="0097fc9e-04aa-46c0-bcee-422fc2b820c7">
   <pb n="647"/>
  </p>
  <p rend="centerline" uuid="e7cb1649-a3e3-483c-86da-86258e7050a9">
   — 87 —
  </p>
  <p rend="notindent" uuid="cbd3c974-d8ca-4748-a14f-9ab2e7e12094">
   этого
   <choice>
    <reg>
     животные
    </reg>
   </choice>
   движутся. Никто тогда еще не
   <choice>
    <reg>
     пробовал
    </reg>
   </choice>
   хорошенько этого
   <choice>
    <reg>
     дела
    </reg>
   </choice>
   и не
   <choice>
    <reg>
     знал
    </reg>
   </choice>
   , и
   <choice>
    <reg>
     все
    </reg>
   </choice>
   <choice>
    <reg>
     поверили
    </reg>
   </choice>
   Гальвани. Но
   <choice>
    <reg>
     в
    </reg>
   </choice>
   это время другой ученый, Вольта,
   <choice>
    <reg>
     стал
    </reg>
   </choice>
   пробовать по своему и
   <choice>
    <reg>
     показал
    </reg>
   </choice>
   <choice>
    <reg>
     всем
    </reg>
   </choice>
   , что Гальвани ошибся.
   <choice>
    <reg>
     Он
    </reg>
   </choice>
   <choice>
    <reg>
     попробовал
    </reg>
   </choice>
   трогать лягушку не
   <choice>
    <reg>
     так
    </reg>
   </choice>
   ,
   <choice>
    <reg>
     как
    </reg>
   </choice>
   Гальвани, не
   <choice>
    <reg>
     медным
    </reg>
   </choice>
   <choice>
    <reg>
     крючком
    </reg>
   </choice>
   <choice>
    <reg>
     с
    </reg>
   </choice>
   <choice>
    <reg>
     железной
    </reg>
   </choice>
   проволокой — а либо
   <choice>
    <reg>
     медной
    </reg>
   </choice>
   проволокой
   <choice>
    <reg>
     с
    </reg>
   </choice>
   <choice>
    <reg>
     медным
    </reg>
   </choice>
   <choice>
    <reg>
     крючком
    </reg>
   </choice>
   , либо
   <choice>
    <reg>
     железной
    </reg>
   </choice>
   <choice>
    <reg>
     с
    </reg>
   </choice>
   <choice>
    <reg>
     железным
    </reg>
   </choice>
   <choice>
    <reg>
     крючком
    </reg>
   </choice>
   , — и лягушки не шевелились. Лягушки шевелились только тогда, когда Вольта
   <choice>
    <reg>
     трогал
    </reg>
   </choice>
   <choice>
    <reg>
     их
    </reg>
   </choice>
   <choice>
    <reg>
     железной
    </reg>
   </choice>
   проволокой связанной
   <choice>
    <reg>
     с
    </reg>
   </choice>
   <choice>
    <reg>
     медной
    </reg>
   </choice>
   .
  </p>
  <p rend="left" uuid="e4c39059-21cb-4692-8d73-af263fd37200">
   Вольта и
   <choice>
    <reg>
     подумал
    </reg>
   </choice>
   , что электричество, не
   <choice>
    <reg>
     в
    </reg>
   </choice>
   мертвой
   <choice>
    <reg>
     лягушке
    </reg>
   </choice>
   , а
   <choice>
    <reg>
     в
    </reg>
   </choice>
   <choice>
    <reg>
     железе
    </reg>
   </choice>
   и
   <choice>
    <reg>
     меди
    </reg>
   </choice>
   .
   <choice>
    <reg>
     Он
    </reg>
   </choice>
   <choice>
    <reg>
     стал
    </reg>
   </choice>
   пробовать, и точно:
   <choice>
    <reg>
     как
    </reg>
   </choice>
   только сведешь
   <choice>
    <reg>
     вместе
    </reg>
   </choice>
   <choice>
    <reg>
     железо
    </reg>
   </choice>
   и
   <choice>
    <reg>
     медь
    </reg>
   </choice>
   , —
   <choice>
    <reg>
     так
    </reg>
   </choice>
   и
   <choice>
    <reg>
     делается
    </reg>
   </choice>
   электричество; а
   <choice>
    <reg>
     от
    </reg>
   </choice>
   электричества уже и
   <choice>
    <reg>
     дрыгает
    </reg>
   </choice>
   ногами мертвая лягушка. Вольта и сталь пробовать —
   <choice>
    <reg>
     как
    </reg>
   </choice>
   бы
   <choice>
    <reg>
     делать
    </reg>
   </choice>
   электричество не
   <choice>
    <reg>
     так
    </reg>
   </choice>
   ,
   <choice>
    <reg>
     как
    </reg>
   </choice>
   прежде его
   <choice>
    <reg>
     делали
    </reg>
   </choice>
   . Прежде электричество
   <choice>
    <reg>
     делали
    </reg>
   </choice>
   <choice>
    <reg>
     тем
    </reg>
   </choice>
   , что натирали стекло или
   <choice>
    <reg>
     сургуч
    </reg>
   </choice>
   . А Вольта
   <choice>
    <reg>
     стал
    </reg>
   </choice>
   <choice>
    <reg>
     делать
    </reg>
   </choice>
   его
   <choice>
    <reg>
     тем
    </reg>
   </choice>
   , что
   <choice>
    <reg>
     железо
    </reg>
   </choice>
   и
   <choice>
    <reg>
     медь
    </reg>
   </choice>
   <choice>
    <reg>
     сводил
    </reg>
   </choice>
   <choice>
    <reg>
     вместе
    </reg>
   </choice>
   .
   <choice>
    <reg>
     Он
    </reg>
   </choice>
   <choice>
    <reg>
     пробовал
    </reg>
   </choice>
   сводить
   <choice>
    <reg>
     вместе
    </reg>
   </choice>
   <choice>
    <reg>
     железо
    </reg>
   </choice>
   и
   <choice>
    <reg>
     медь
    </reg>
   </choice>
   и
   <choice>
    <reg>
     другие
    </reg>
   </choice>
   металлы и
   <choice>
    <reg>
     дошел
    </reg>
   </choice>
   до того, что
   <choice>
    <reg>
     из
    </reg>
   </choice>
   одного
   <choice>
    <reg>
     соединения
    </reg>
   </choice>
   <choice>
    <reg>
     металлов
    </reg>
   </choice>
   : серебра, платины, цинка, олова,
   <choice>
    <reg>
     железа
    </reg>
   </choice>
   —
   <choice>
    <reg>
     он
    </reg>
   </choice>
   <choice>
    <reg>
     производил
    </reg>
   </choice>
   <choice>
    <reg>
     электрическия
    </reg>
   </choice>
   искры.
  </p>
  <p rend="left" uuid="147c66ee-0a15-4dde-ba8d-2853e67fa44d">
   <choice>
    <reg>
     После
    </reg>
   </choice>
   Вольты придумали еще усилить электричество
   <choice>
    <reg>
     тем
    </reg>
   </choice>
   , что
   <choice>
    <reg>
     промеж
    </reg>
   </choice>
   <choice>
    <reg>
     металлов
    </reg>
   </choice>
   стали наливать
   <choice>
    <reg>
     разные
    </reg>
   </choice>
   жидкости — воду и кислоты.
   <choice>
    <reg>
     От
    </reg>
   </choice>
   <choice>
    <reg>
     этих
    </reg>
   </choice>
   жидкостей электричество стало еще
   <choice>
    <reg>
     сильнее
    </reg>
   </choice>
   ,
   <choice>
    <reg>
     так
    </reg>
   </choice>
   что
   <choice>
    <reg>
     уж
    </reg>
   </choice>
   не нужно —
   <choice>
    <reg>
     как
    </reg>
   </choice>
   прежде
   <choice>
    <reg>
     делали
    </reg>
   </choice>
   — тереть, чтобы было электричество; а
   <choice>
    <reg>
     стоит
    </reg>
   </choice>
   только положить
   <choice>
    <reg>
     в
    </reg>
   </choice>
   одну чашку
  </p>
  <p rend="left emptyline" uuid="23e0eab3-2e02-492b-a25e-f580f8dcbdab">
   <pb n="648"/>
  </p>
  <p rend="centerline" uuid="e77800a9-f812-4e1f-b3c9-f42ee5fb581c">
   — 88 —
  </p>
  <p rend="notindent" uuid="4ed1300c-303d-4939-b88d-afe40dc7c4a2">
   <choice>
    <reg>
     кусков
    </reg>
   </choice>
   <choice>
    <reg>
     разного
    </reg>
   </choice>
   металла и налить жидкостей — и
   <choice>
    <reg>
     в
    </reg>
   </choice>
   этой
   <choice>
    <reg>
     чашке
    </reg>
   </choice>
   <choice>
    <reg>
     будет
    </reg>
   </choice>
   электричество, и
   <choice>
    <reg>
     будет
    </reg>
   </choice>
   выходить
   <choice>
    <reg>
     искра
    </reg>
   </choice>
   <choice>
    <reg>
     из
    </reg>
   </choice>
   проволоки.
  </p>
  <p rend="left" uuid="5d06c9c4-5787-404c-ab83-f63a96e97e05">
   Когда придумано было это электричество, стали его прилагать
   <choice>
    <reg>
     к
    </reg>
   </choice>
   <choice>
    <reg>
     делу
    </reg>
   </choice>
   : придумали золотить и серебрить
   <choice>
    <reg>
     электричеством
    </reg>
   </choice>
   , придумали
   <choice>
    <reg>
     свет
    </reg>
   </choice>
   <choice>
    <reg>
     электрический
    </reg>
   </choice>
   , и придумали
   <choice>
    <reg>
     электричеством
    </reg>
   </choice>
   на
   <choice>
    <reg>
     дальнем
    </reg>
   </choice>
   <choice>
    <reg>
     расстоянии
    </reg>
   </choice>
   <choice>
    <reg>
     с
    </reg>
   </choice>
   <choice>
    <reg>
     места
    </reg>
   </choice>
   на
   <choice>
    <reg>
     место
    </reg>
   </choice>
   передавать знаки.
  </p>
  <p rend="left" uuid="072e8043-8d2a-461a-bc63-d2bf8b1ca2cb">
   Для этого
   <choice>
    <reg>
     кладут
    </reg>
   </choice>
   куски
   <choice>
    <reg>
     разных
    </reg>
   </choice>
   ,
   <choice>
    <reg>
     металлов
    </reg>
   </choice>
   <choice>
    <reg>
     в
    </reg>
   </choice>
   стаканчики;
   <choice>
    <reg>
     в
    </reg>
   </choice>
   <choice>
    <reg>
     них
    </reg>
   </choice>
   <choice>
    <reg>
     наливают
    </reg>
   </choice>
   жидкости.
   <choice>
    <reg>
     В
    </reg>
   </choice>
   <choice>
    <reg>
     стаканчиках
    </reg>
   </choice>
   набирается электричество, и это электричество
   <choice>
    <reg>
     проводят
    </reg>
   </choice>
   по
   <choice>
    <reg>
     проволоке
    </reg>
   </choice>
   <choice>
    <reg>
     в
    </reg>
   </choice>
   то
   <choice>
    <reg>
     место
    </reg>
   </choice>
   , куда
   <choice>
    <reg>
     хотят
    </reg>
   </choice>
   , а
   <choice>
    <reg>
     из
    </reg>
   </choice>
   того
   <choice>
    <reg>
     места
    </reg>
   </choice>
   проволоку
   <choice>
    <reg>
     проводят
    </reg>
   </choice>
   <choice>
    <reg>
     в
    </reg>
   </choice>
   землю. Электричество
   <choice>
    <reg>
     в
    </reg>
   </choice>
   <choice>
    <reg>
     земле
    </reg>
   </choice>
   <choice>
    <reg>
     бежить
    </reg>
   </choice>
   опять
   <choice>
    <reg>
     назад
    </reg>
   </choice>
   <choice>
    <reg>
     к
    </reg>
   </choice>
   стаканчикам и поднимается
   <choice>
    <reg>
     к
    </reg>
   </choice>
   <choice>
    <reg>
     ним
    </reg>
   </choice>
   <choice>
    <reg>
     из
    </reg>
   </choice>
   земли по другой
   <choice>
    <reg>
     проволоке
    </reg>
   </choice>
   ;
   <choice>
    <reg>
     так
    </reg>
   </choice>
   что электричества не переставая ходить
   <choice>
    <reg>
     кругом
    </reg>
   </choice>
   ,
   <choice>
    <reg>
     как
    </reg>
   </choice>
   <choice>
    <reg>
     в
    </reg>
   </choice>
   <choice>
    <reg>
     кольце
    </reg>
   </choice>
   , — по
   <choice>
    <reg>
     проволоке
    </reg>
   </choice>
   <choice>
    <reg>
     в
    </reg>
   </choice>
   землю и
   <choice>
    <reg>
     назад
    </reg>
   </choice>
   по
   <choice>
    <reg>
     земле
    </reg>
   </choice>
   , и опять по
   <choice>
    <reg>
     проволоке
    </reg>
   </choice>
   , и опять по
   <choice>
    <reg>
     земле
    </reg>
   </choice>
   . Электричество
   <choice>
    <reg>
     может
    </reg>
   </choice>
   ходить
   <choice>
    <reg>
     в
    </reg>
   </choice>
   одну и
   <choice>
    <reg>
     в
    </reg>
   </choice>
   другую сторону, —
   <choice>
    <reg>
     как
    </reg>
   </choice>
   захочешь пустить его: оно
   <choice>
    <reg>
     может
    </reg>
   </choice>
   идти сначала по
   <choice>
    <reg>
     проволоке
    </reg>
   </choice>
   и возвращаться по
   <choice>
    <reg>
     земле
    </reg>
   </choice>
   , — или сначала по
   <choice>
    <reg>
     земле
    </reg>
   </choice>
   и возвращаться по
   <choice>
    <reg>
     проволоке
    </reg>
   </choice>
   .
   <choice>
    <reg>
     Над
    </reg>
   </choice>
   проволокой
   <choice>
    <reg>
     в
    </reg>
   </choice>
   <choice>
    <reg>
     том
    </reg>
   </choice>
   <choice>
    <reg>
     месте
    </reg>
   </choice>
   куда
   <choice>
    <reg>
     подают
    </reg>
   </choice>
   знаки,
   <choice>
    <reg>
     приделана
    </reg>
   </choice>
   магнитная
   <choice>
    <reg>
     стрелка
    </reg>
   </choice>
   , и
   <choice>
    <reg>
     стрелка
    </reg>
   </choice>
   эта
   <choice>
    <reg>
     поворачивает
    </reg>
   </choice>
   <choice>
    <reg>
     в
    </reg>
   </choice>
   <hi rend="italic">
    одну
   </hi>
   сторону, если
   <hi rend="italic">
    электричество
    <choice>
     <reg>
      пустит
     </reg>
    </choice>
    туда по
    <choice>
     <reg>
      проволоке
     </reg>
    </choice>
    и
    <choice>
     <reg>
      назад
     </reg>
    </choice>
    по
    <choice>
     <reg>
      земле
     </reg>
    </choice>
    —
   </hi>
   и
   <choice>
    <reg>
     в
    </reg>
   </choice>
   <hi rend="italic">
    другую
   </hi>
   , если электричество пустить
   <hi rend="italic">
    туда по
    <choice>
     <reg>
      земле
     </reg>
    </choice>
   </hi>
   и
   <hi rend="italic">
    <choice>
     <reg>
      назад
     </reg>
    </choice>
    по
    <choice>
     <reg>
      проволоке
     </reg>
    </choice>
    .
   </hi>
   По этой
   <choice>
    <reg>
     стрелке
    </reg>
   </choice>
   уговорены знаки, и по
   <choice>
    <reg>
     этим
    </reg>
   </choice>
   <choice>
    <reg>
     знакам
    </reg>
   </choice>
   на
   <choice>
    <reg>
     телеграфах
    </reg>
   </choice>
   пишут
   <choice>
    <reg>
     с
    </reg>
   </choice>
   одного
   <choice>
    <reg>
     места
    </reg>
   </choice>
   <choice>
    <reg>
     в
    </reg>
   </choice>
   другое.
  </p>
  <lb/>
  <p rend="centerline" uuid="6ba03799-2171-4288-8d43-c4ced691c086">
   — 89 —
  </p>
 </div>
</TEI>