<?xml version="1.0" encoding="utf-8"?>
<TEI xmlns="http://www.tei-c.org/ns/1.0" xmlns:xi="http://www.w3.org/2001/XInclude">
 <teiHeader>
  <fileDesc>
   <titleStmt>
    <title>
     Азбука. Книга I
    </title>
    <author>
     Толстой Л.Н.
    </author>
    <respStmt>
     <resp>
      подготовка TEI/XML
     </resp>
     <name>
      Мария Картышева, Евгений Можаев, Даниил Скоринкин, Елена Сидорова, Вероника Файнберг, Кирилл Милинцевич
     </name>
    </respStmt>
    <respStmt>
     <name>
      Анастасия Бонч-Осмоловская, Фёкла Толстая, Борис Орехов
     </name>
     <resp>
      Идея, постановка задач, руководство
     </resp>
    </respStmt>
   </titleStmt>
   <publicationStmt>
    <idno>
     Азбука  | Книга I
    </idno>
    <publisher>
     <orgName>
      Школа лингвистики НИУ ВШЭ
     </orgName>
    </publisher>
    <availability>
     <p>
      Тексты и метатекстовая разметка доступны для свободного использования и распространения по лицензии Creative Commons Attribution Share-Alike (cc by-sa)
     </p>
    </availability>
   </publicationStmt>
   <sourceDesc>
    <biblStruct>
     <analytic>
      <author>
       Толстой Л.Н.
      </author>
      <title level="a">
       Азбука. Книга I
      </title>
     </analytic>
     <monogr>
      <title level="m">
       Полное собрание сочинений. Том 22
      </title>
      <imprint>
       <pubPlace>
        Москва
       </pubPlace>
       <publisher>
        Государственное издательство "Художественная литература"
       </publisher>
       <date when="1871-1872"/>
      </imprint>
     </monogr>
     <series>
      <title level="s">
       Л.Н. Толстой. Полное собрание сочинений
      </title>
      <biblScope unit="vol">
       22
      </biblScope>
     </series>
    </biblStruct>
   </sourceDesc>
  </fileDesc>
  <encodingDesc>
   <classDecl>
    <xi:include href="taxonomy.xml"/>
   </classDecl>
  </encodingDesc>
  <profileDesc>
   <creation>
    <date notAfter="1872" notBefore="1871">
     1871-1872
    </date>
    <rs/>
   </creation>
   <textClass>
    <catRef target="#fiction" type="sphere"/>
    <catRef target="#произведения для детей" type="type"/>
    <catRef target="#works" type="works_letters_diaries"/>
    <catRef target="#азбука" type="ninetyDef"/>
    <catRef target="#Основное" type="main_var"/>
    <catRef target="#азбука" type="type_short"/>
    <catRef target="None" type="translation"/>
    <catRef target="None" type="translation_origin"/>
    <catRef target="#да" type="tolstoy_or_not"/>
    <catRef target="None" type="name_status"/>
   </textClass>
   <preparedness>
    finished
   </preparedness>
   <settingDesc>
    <time>
     XIX век
    </time>
   </settingDesc>
  </profileDesc>
  <xenoData>
   <cyclusName/>
   <p>
    Проект
    <title>
     Толстой.Digital
    </title>
    разрабатывается сотрудниками и студентами
    <orgName>
     Высшей школы экономики
    </orgName>
    в сотрудничестве с
    <orgName>
     Государственным музеем Л.Н. Толстого
    </orgName>
    . Источник текстов –
    <bibl>
     90-томное собрание сочинений Л.Н.Толстого
    </bibl>
    . Разметка основана на стандарте
    <ref target="http://www.tei-c.org">
     TEI (Text Encoding Initiative)
    </ref>
    .
   </p>
   <versionNumber/>
   <isFinished/>
   <isEdited/>
   <fullBibliographicDescription/>
  </xenoData>
 </teiHeader>
 <p rend="left emptyline">
  <pb n="101"/>
 </p>
 <div type="section" xml:id="ref46">
  <head rend="Azbuka left">
   <hi rend="strong">
    Китайская Царица Силинчи.
   </hi>
  </head>
  <p rend="Azbuka left" uuid="ccab7e69-0dc0-456a-b70f-c26c98d69dc4">
   <hi rend="big">
    У
   </hi>
   <choice>
    <reg>
     Китайского
    </reg>
   </choice>
   Императора Гоангчи была любимая жена Силинчи.
   <choice>
    <reg>
     Император
    </reg>
   </choice>
  </p>
  <p rend="left emptyline" uuid="b3bc6245-ae29-4a60-8bf0-8db1f9e1688b">
   <pb n="102"/>
  </p>
  <p rend="centerline" uuid="e9e48a09-e3dd-48d0-ad28-26128e0233c9">
   — 92 —
  </p>
  <p rend="Azbuka notindent" uuid="e0157e6b-4eff-49ba-9ed9-71bd2f592f2e">
   хот
   <hi rend="big">
    ѣ
   </hi>
   <choice>
    <reg>
     л
    </reg>
   </choice>
   , чтобы весь
   <choice>
    <reg>
     народ
    </reg>
   </choice>
   <choice>
    <reg>
     помнил
    </reg>
   </choice>
   его любимую царицу.
   <choice>
    <reg>
     Он
    </reg>
   </choice>
   <choice>
    <reg>
     показал
    </reg>
   </choice>
   <choice>
    <reg>
     жене
    </reg>
   </choice>
   <choice>
    <reg>
     шелковичного
    </reg>
   </choice>
   червя и
   <choice>
    <reg>
     сказал
    </reg>
   </choice>
   : „научись, что
   <hi rend="big">
    <choice>
     <reg>
      с
     </reg>
    </choice>
   </hi>
   <choice>
    <reg>
     этим
    </reg>
   </choice>
   <choice>
    <reg>
     червяком
    </reg>
   </choice>
   д
   <hi rend="big">
    ѣ
   </hi>
   лать и
   <choice>
    <reg>
     как
    </reg>
   </choice>
   его водить, и тебя
   <choice>
    <reg>
     народ
    </reg>
   </choice>
   никогда не забудетъ“.
  </p>
  <p rend="Azbuka left" uuid="9fa6a33b-6adc-439a-bec0-5268791182a3">
   Силинчи стала
   <choice>
    <reg>
     смотреть
    </reg>
   </choice>
   червей и увидала, что когда они
   <choice>
    <reg>
     замирают
    </reg>
   </choice>
   , то
   <hi rend="big">
    на
   </hi>
   <choice>
    <reg>
     них
    </reg>
   </choice>
   <choice>
    <reg>
     бывает
    </reg>
   </choice>
   паутина. Она размотала эту паутину, спряла её
   <hi rend="big">
    <choice>
     <reg>
      в
     </reg>
    </choice>
   </hi>
   нитки и соткала шёлковый
   <choice>
    <reg>
     платок
    </reg>
   </choice>
   .
   <choice>
    <reg>
     Потом
    </reg>
   </choice>
   она прим
   <hi rend="big">
    ѣ
   </hi>
   тила, что черви водятся
   <hi rend="big">
    на
   </hi>
   <choice>
    <reg>
     тутовых
    </reg>
   </choice>
   <choice>
    <reg>
     деревьях
    </reg>
   </choice>
   . Она стала собирать
   <choice>
    <reg>
     лист
    </reg>
   </choice>
   <hi rend="big">
    <choice>
     <reg>
      с
     </reg>
    </choice>
   </hi>
   <choice>
    <reg>
     тутового
    </reg>
   </choice>
   дерева и кормить
   <choice>
    <reg>
     им
    </reg>
   </choice>
   червей. Она развела много червей и научила свой
   <choice>
    <reg>
     народ
    </reg>
   </choice>
   ,
   <choice>
    <reg>
     как
    </reg>
   </choice>
   водить
   <choice>
    <reg>
     их
    </reg>
   </choice>
   .
  </p>
  <p rend="Azbuka left" uuid="cf10bc97-0fb8-4761-b60e-54b9fdf63ca2">
   <hi rend="big">
    <choice>
     <reg>
      С
     </reg>
    </choice>
   </hi>
   <choice>
    <reg>
     тех
    </reg>
   </choice>
   <choice>
    <reg>
     пор
    </reg>
   </choice>
   прошло пять
   <choice>
    <reg>
     тысяч
    </reg>
   </choice>
   л
   <hi rend="big">
    ѣ
   </hi>
   <choice>
    <reg>
     т
    </reg>
   </choice>
   , а Китайцы
   <hi rend="big">
    до
   </hi>
   <choice>
    <reg>
     сих
    </reg>
   </choice>
   <choice>
    <reg>
     пор
    </reg>
   </choice>
   <choice>
    <reg>
     помнят
    </reg>
   </choice>
   Императрицу Силинчи и
   <hi rend="big">
    <choice>
     <reg>
      в
     </reg>
    </choice>
   </hi>
   честь ея празднуютъ.
  </p>
 </div>
</TEI>