<?xml version="1.0" encoding="utf-8"?>
<TEI xmlns="http://www.tei-c.org/ns/1.0" xmlns:xi="http://www.w3.org/2001/XInclude">
 <teiHeader>
  <fileDesc>
   <titleStmt>
    <title>
     Азбука. Книга I
    </title>
    <author>
     Толстой Л.Н.
    </author>
    <respStmt>
     <resp>
      подготовка TEI/XML
     </resp>
     <name>
      Мария Картышева, Евгений Можаев, Даниил Скоринкин, Елена Сидорова, Вероника Файнберг, Кирилл Милинцевич
     </name>
    </respStmt>
    <respStmt>
     <name>
      Анастасия Бонч-Осмоловская, Фёкла Толстая, Борис Орехов
     </name>
     <resp>
      Идея, постановка задач, руководство
     </resp>
    </respStmt>
   </titleStmt>
   <publicationStmt>
    <idno>
     Азбука  | Книга I
    </idno>
    <publisher>
     <orgName>
      Школа лингвистики НИУ ВШЭ
     </orgName>
    </publisher>
    <availability>
     <p>
      Тексты и метатекстовая разметка доступны для свободного использования и распространения по лицензии Creative Commons Attribution Share-Alike (cc by-sa)
     </p>
    </availability>
   </publicationStmt>
   <sourceDesc>
    <biblStruct>
     <analytic>
      <author>
       Толстой Л.Н.
      </author>
      <title level="a">
       Азбука. Книга I
      </title>
     </analytic>
     <monogr>
      <title level="m">
       Полное собрание сочинений. Том 22
      </title>
      <imprint>
       <pubPlace>
        Москва
       </pubPlace>
       <publisher>
        Государственное издательство "Художественная литература"
       </publisher>
       <date when="1871-1872"/>
      </imprint>
     </monogr>
     <series>
      <title level="s">
       Л.Н. Толстой. Полное собрание сочинений
      </title>
      <biblScope unit="vol">
       22
      </biblScope>
     </series>
    </biblStruct>
   </sourceDesc>
  </fileDesc>
  <encodingDesc>
   <classDecl>
    <xi:include href="taxonomy.xml"/>
   </classDecl>
  </encodingDesc>
  <profileDesc>
   <creation>
    <date notAfter="1872" notBefore="1871">
     1871-1872
    </date>
    <rs/>
   </creation>
   <textClass>
    <catRef target="#fiction" type="sphere"/>
    <catRef target="#произведения для детей" type="type"/>
    <catRef target="#works" type="works_letters_diaries"/>
    <catRef target="#азбука" type="ninetyDef"/>
    <catRef target="#Основное" type="main_var"/>
    <catRef target="#азбука" type="type_short"/>
    <catRef target="None" type="translation"/>
    <catRef target="None" type="translation_origin"/>
    <catRef target="#да" type="tolstoy_or_not"/>
    <catRef target="None" type="name_status"/>
   </textClass>
   <preparedness>
    finished
   </preparedness>
   <settingDesc>
    <time>
     XIX век
    </time>
   </settingDesc>
  </profileDesc>
  <xenoData>
   <cyclusName/>
   <p>
    Проект
    <title>
     Толстой.Digital
    </title>
    разрабатывается сотрудниками и студентами
    <orgName>
     Высшей школы экономики
    </orgName>
    в сотрудничестве с
    <orgName>
     Государственным музеем Л.Н. Толстого
    </orgName>
    . Источник текстов –
    <bibl>
     90-томное собрание сочинений Л.Н.Толстого
    </bibl>
    . Разметка основана на стандарте
    <ref target="http://www.tei-c.org">
     TEI (Text Encoding Initiative)
    </ref>
    .
   </p>
   <versionNumber/>
   <isFinished/>
   <isEdited/>
   <fullBibliographicDescription/>
  </xenoData>
 </teiHeader>
 <p rend="left emptyline">
  <pb n="375"/>
 </p>
 <div type="section" xml:id="ref171">
  <head rend="center">
   <hi rend="strong">
    <choice>
     <reg>
      КОТ
     </reg>
    </choice>
    И МЫШИ.
   </hi>
  </head>
  <p rend="left" uuid="3b009fe2-658e-42df-8cd9-b076be80fd13">
   Завелось
   <choice>
    <reg>
     в
    </reg>
   </choice>
   <choice>
    <reg>
     одном
    </reg>
   </choice>
   <choice>
    <reg>
     доме
    </reg>
   </choice>
   много мышей.
   <choice>
    <reg>
     Кот
    </reg>
   </choice>
   забрался
   <choice>
    <reg>
     в
    </reg>
   </choice>
   <choice>
    <reg>
     этот
    </reg>
   </choice>
   <choice>
    <reg>
     дом
    </reg>
   </choice>
   и
   <choice>
    <reg>
     стал
    </reg>
   </choice>
   ловить мышей. Увидали мыши, что
   <choice>
    <reg>
     дело
    </reg>
   </choice>
   плохо, и
   <choice>
    <reg>
     говорят
    </reg>
   </choice>
   : «давайте, мыши, не
   <choice>
    <reg>
     будем
    </reg>
   </choice>
   больше сходить
   <choice>
    <reg>
     с
    </reg>
   </choice>
   потолка, а сюда
   <choice>
    <reg>
     к
    </reg>
   </choice>
   <choice>
    <reg>
     нам
    </reg>
   </choice>
   коту не добраться!»
   <choice>
    <reg>
     Как
    </reg>
   </choice>
   перестали мыши сходить
   <choice>
    <reg>
     вниз
    </reg>
   </choice>
   ,
   <choice>
    <reg>
     кот
    </reg>
   </choice>
   и
   <choice>
    <reg>
     задумал
    </reg>
   </choice>
   ,
   <choice>
    <reg>
     как
    </reg>
   </choice>
   бы
   <choice>
    <reg>
     их
    </reg>
   </choice>
   перехитрить.
   <choice>
    <reg>
     Уцепился
    </reg>
   </choice>
   <choice>
    <reg>
     он
    </reg>
   </choice>
   одной лапкой за
   <choice>
    <reg>
     потолок
    </reg>
   </choice>
   ,
   <choice>
    <reg>
     свесился
    </reg>
   </choice>
   и притворился
   <choice>
    <reg>
     мёртвым
    </reg>
   </choice>
   . Одна мышь выглянула на него, да и
   <choice>
    <reg>
     говорит
    </reg>
   </choice>
   : «
   <choice>
    <reg>
     Нет
    </reg>
   </choice>
   ,
   <choice>
    <reg>
     брат
    </reg>
   </choice>
   ! хошь
   <choice>
    <reg>
     мешком
    </reg>
   </choice>
   <choice>
    <reg>
     сделайся
    </reg>
   </choice>
   , и то не подойду.»
  </p>
 </div>
</TEI>