<?xml version="1.0" encoding="utf-8"?>
<TEI xmlns="http://www.tei-c.org/ns/1.0" xmlns:xi="http://www.w3.org/2001/XInclude">
 <teiHeader>
  <fileDesc>
   <titleStmt>
    <title>
     Азбука. Книга I
    </title>
    <author>
     Толстой Л.Н.
    </author>
    <respStmt>
     <resp>
      подготовка TEI/XML
     </resp>
     <name>
      Мария Картышева, Евгений Можаев, Даниил Скоринкин, Елена Сидорова, Вероника Файнберг, Кирилл Милинцевич
     </name>
    </respStmt>
    <respStmt>
     <name>
      Анастасия Бонч-Осмоловская, Фёкла Толстая, Борис Орехов
     </name>
     <resp>
      Идея, постановка задач, руководство
     </resp>
    </respStmt>
   </titleStmt>
   <publicationStmt>
    <idno>
     Азбука  | Книга I
    </idno>
    <publisher>
     <orgName>
      Школа лингвистики НИУ ВШЭ
     </orgName>
    </publisher>
    <availability>
     <p>
      Тексты и метатекстовая разметка доступны для свободного использования и распространения по лицензии Creative Commons Attribution Share-Alike (cc by-sa)
     </p>
    </availability>
   </publicationStmt>
   <sourceDesc>
    <biblStruct>
     <analytic>
      <author>
       Толстой Л.Н.
      </author>
      <title level="a">
       Азбука. Книга I
      </title>
     </analytic>
     <monogr>
      <title level="m">
       Полное собрание сочинений. Том 22
      </title>
      <imprint>
       <pubPlace>
        Москва
       </pubPlace>
       <publisher>
        Государственное издательство "Художественная литература"
       </publisher>
       <date when="1871-1872"/>
      </imprint>
     </monogr>
     <series>
      <title level="s">
       Л.Н. Толстой. Полное собрание сочинений
      </title>
      <biblScope unit="vol">
       22
      </biblScope>
     </series>
    </biblStruct>
   </sourceDesc>
  </fileDesc>
  <encodingDesc>
   <classDecl>
    <xi:include href="taxonomy.xml"/>
   </classDecl>
  </encodingDesc>
  <profileDesc>
   <creation>
    <date notAfter="1872" notBefore="1871">
     1871-1872
    </date>
    <rs/>
   </creation>
   <textClass>
    <catRef target="#fiction" type="sphere"/>
    <catRef target="#произведения для детей" type="type"/>
    <catRef target="#works" type="works_letters_diaries"/>
    <catRef target="#азбука" type="ninetyDef"/>
    <catRef target="#Основное" type="main_var"/>
    <catRef target="#азбука" type="type_short"/>
    <catRef target="None" type="translation"/>
    <catRef target="None" type="translation_origin"/>
    <catRef target="#да" type="tolstoy_or_not"/>
    <catRef target="None" type="name_status"/>
   </textClass>
   <preparedness>
    finished
   </preparedness>
   <settingDesc>
    <time>
     XIX век
    </time>
   </settingDesc>
  </profileDesc>
  <xenoData>
   <cyclusName/>
   <p>
    Проект
    <title>
     Толстой.Digital
    </title>
    разрабатывается сотрудниками и студентами
    <orgName>
     Высшей школы экономики
    </orgName>
    в сотрудничестве с
    <orgName>
     Государственным музеем Л.Н. Толстого
    </orgName>
    . Источник текстов –
    <bibl>
     90-томное собрание сочинений Л.Н.Толстого
    </bibl>
    . Разметка основана на стандарте
    <ref target="http://www.tei-c.org">
     TEI (Text Encoding Initiative)
    </ref>
    .
   </p>
   <versionNumber/>
   <isFinished/>
   <isEdited/>
   <fullBibliographicDescription/>
  </xenoData>
 </teiHeader>
 <p rend="left emptyline">
  <pb n="77"/>
 </p>
 <div type="section" xml:id="ref24">
  <head rend="Azbuka left">
   <hi rend="strong">
    <hi rend="italic">
     О
    </hi>
    безьяна и г
    <hi rend="italic">
     о
    </hi>
    <choice>
     <reg>
      рох
     </reg>
    </choice>
    .
   </hi>
  </head>
  <p rend="Azbuka left" uuid="0bc6647c-8b90-4a2d-abce-65b55032599b">
   <hi rend="italic">
    О
   </hi>
   безьяна несла
   <choice>
    <reg>
     две
    </reg>
   </choice>
   <choice>
    <reg>
     полные
    </reg>
   </choice>
   горсти г
   <hi rend="italic">
    о
   </hi>
   роху. Выск
   <hi rend="italic">
    о
   </hi>
   чила
   <hi rend="italic">
    о
   </hi>
   дна г
   <hi rend="italic">
    о
   </hi>
   рошинка;
   <hi rend="italic">
    о
   </hi>
   безьяна х
   <hi rend="italic">
    о
   </hi>
   <choice>
    <reg>
     тела
    </reg>
   </choice>
   п
   <hi rend="italic">
    о
   </hi>
   днять и пр
   <hi rend="italic">
    о
   </hi>
   сыпала
  </p>
  <p rend="left emptyline" uuid="bb705fce-50fd-45c2-af4d-6f90da984647">
   <pb n="78"/>
  </p>
  <p rend="centerline" uuid="2767284c-92fa-4711-899d-70236c4f20ac">
   — 68 —
  </p>
  <p rend="Azbuka notindent" uuid="dd6b4a51-d48f-44e1-ac0f-ee03064ccd91">
   два
   <hi rend="italic">
    д
   </hi>
   цать г
   <hi rend="italic">
    о
   </hi>
   <choice>
    <reg>
     рошинок
    </reg>
   </choice>
   .
   <hi rend="italic">
    О
   </hi>
   на бросилась п
   <hi rend="italic">
    о
   </hi>
   днимать и пр
   <hi rend="italic">
    о
   </hi>
   сыпала
   <choice>
    <reg>
     все
    </reg>
   </choice>
   . Т
   <hi rend="italic">
    о
   </hi>
   гда она ра
   <hi rend="italic">
    з
   </hi>
   сердилась, разметала весь г
   <hi rend="italic">
    о
   </hi>
   <choice>
    <reg>
     рох
    </reg>
   </choice>
   и
   <choice>
    <reg>
     убежала
    </reg>
   </choice>
   .
  </p>
 </div>
</TEI>