<?xml version="1.0" encoding="utf-8"?>
<TEI xmlns="http://www.tei-c.org/ns/1.0" xmlns:xi="http://www.w3.org/2001/XInclude">
 <teiHeader>
  <fileDesc>
   <titleStmt>
    <title>
     Азбука. Книга I
    </title>
    <author>
     Толстой Л.Н.
    </author>
    <respStmt>
     <resp>
      подготовка TEI/XML
     </resp>
     <name>
      Мария Картышева, Евгений Можаев, Даниил Скоринкин, Елена Сидорова, Вероника Файнберг, Кирилл Милинцевич
     </name>
    </respStmt>
    <respStmt>
     <name>
      Анастасия Бонч-Осмоловская, Фёкла Толстая, Борис Орехов
     </name>
     <resp>
      Идея, постановка задач, руководство
     </resp>
    </respStmt>
   </titleStmt>
   <publicationStmt>
    <idno>
     Азбука  | Книга I
    </idno>
    <publisher>
     <orgName>
      Школа лингвистики НИУ ВШЭ
     </orgName>
    </publisher>
    <availability>
     <p>
      Тексты и метатекстовая разметка доступны для свободного использования и распространения по лицензии Creative Commons Attribution Share-Alike (cc by-sa)
     </p>
    </availability>
   </publicationStmt>
   <sourceDesc>
    <biblStruct>
     <analytic>
      <author>
       Толстой Л.Н.
      </author>
      <title level="a">
       Азбука. Книга I
      </title>
     </analytic>
     <monogr>
      <title level="m">
       Полное собрание сочинений. Том 22
      </title>
      <imprint>
       <pubPlace>
        Москва
       </pubPlace>
       <publisher>
        Государственное издательство "Художественная литература"
       </publisher>
       <date when="1871-1872"/>
      </imprint>
     </monogr>
     <series>
      <title level="s">
       Л.Н. Толстой. Полное собрание сочинений
      </title>
      <biblScope unit="vol">
       22
      </biblScope>
     </series>
    </biblStruct>
   </sourceDesc>
  </fileDesc>
  <encodingDesc>
   <classDecl>
    <xi:include href="taxonomy.xml"/>
   </classDecl>
  </encodingDesc>
  <profileDesc>
   <creation>
    <date notAfter="1872" notBefore="1871">
     1871-1872
    </date>
    <rs/>
   </creation>
   <textClass>
    <catRef target="#fiction" type="sphere"/>
    <catRef target="#произведения для детей" type="type"/>
    <catRef target="#works" type="works_letters_diaries"/>
    <catRef target="#азбука" type="ninetyDef"/>
    <catRef target="#Основное" type="main_var"/>
    <catRef target="#азбука" type="type_short"/>
    <catRef target="None" type="translation"/>
    <catRef target="None" type="translation_origin"/>
    <catRef target="#да" type="tolstoy_or_not"/>
    <catRef target="None" type="name_status"/>
   </textClass>
   <preparedness>
    finished
   </preparedness>
   <settingDesc>
    <time>
     XIX век
    </time>
   </settingDesc>
  </profileDesc>
  <xenoData>
   <cyclusName/>
   <p>
    Проект
    <title>
     Толстой.Digital
    </title>
    разрабатывается сотрудниками и студентами
    <orgName>
     Высшей школы экономики
    </orgName>
    в сотрудничестве с
    <orgName>
     Государственным музеем Л.Н. Толстого
    </orgName>
    . Источник текстов –
    <bibl>
     90-томное собрание сочинений Л.Н.Толстого
    </bibl>
    . Разметка основана на стандарте
    <ref target="http://www.tei-c.org">
     TEI (Text Encoding Initiative)
    </ref>
    .
   </p>
   <versionNumber/>
   <isFinished/>
   <isEdited/>
   <fullBibliographicDescription/>
  </xenoData>
 </teiHeader>
 <p rend="left emptyline">
  <pb n="260"/>
 </p>
 <div type="section" xml:id="ref129">
  <head rend="center">
   <hi rend="strong">
    ВОРОБЕЙ И ЛАСТОЧКИ.
   </hi>
  </head>
  <p rend="left" uuid="e9b33e4a-3b5e-43b2-a963-10b1c7f37f83">
   <choice>
    <reg>
     Раз
    </reg>
   </choice>
   я
   <choice>
    <reg>
     стоял
    </reg>
   </choice>
   на
   <choice>
    <reg>
     дворе
    </reg>
   </choice>
   и
   <choice>
    <reg>
     смотрел
    </reg>
   </choice>
   на
   <choice>
    <reg>
     гнездо
    </reg>
   </choice>
   <choice>
    <reg>
     ласточек
    </reg>
   </choice>
   <choice>
    <reg>
     под
    </reg>
   </choice>
   крышей.
   <choice>
    <reg>
     Обе
    </reg>
   </choice>
   ласточки при
   <choice>
    <reg>
     мне
    </reg>
   </choice>
   <choice>
    <reg>
     улетели
    </reg>
   </choice>
   , и
   <choice>
    <reg>
     гнездо
    </reg>
   </choice>
   осталось пустое.
  </p>
  <p rend="left" uuid="47d66db2-2c03-40a4-b4f7-3a74d193fb33">
   Въ то время, какъ онѣ были въ отлучкѣ, съ крыши слетѣлъ воробей, прыгнулъ на гнѣздо, оглянулся, взмахнулъ крылушками и юркнулъ въ гнѣздо; потомъ высунулъ оттуда свою головку и зачирикалъ.
  </p>
  <p rend="left" uuid="f66144f9-9f83-4dd7-9d06-d86a1b348eff">
   Скоро
   <choice>
    <reg>
     после
    </reg>
   </choice>
   того
   <choice>
    <reg>
     прилетела
    </reg>
   </choice>
   <choice>
    <reg>
     к
    </reg>
   </choice>
   <choice>
    <reg>
     гнезду
    </reg>
   </choice>
   ласточка. Она сунулась
   <choice>
    <reg>
     в
    </reg>
   </choice>
   <choice>
    <reg>
     гнездо
    </reg>
   </choice>
   , но
   <choice>
    <reg>
     как
    </reg>
   </choice>
   только увидала гостя, запищала, побилась крыльями на
   <choice>
    <reg>
     месте
    </reg>
   </choice>
   и
   <choice>
    <reg>
     улетела
    </reg>
   </choice>
   .
  </p>
  <p rend="left" uuid="94d5769d-8760-4ba3-b2eb-e73b6f17b232">
   Воробей
   <choice>
    <reg>
     сидел
    </reg>
   </choice>
   и
   <choice>
    <reg>
     чирикал
    </reg>
   </choice>
   .
  </p>
  <p rend="left" uuid="eb9d662a-27c7-4c4c-adfc-21f7fc0fa1b0">
   <choice>
    <reg>
     Вдруг
    </reg>
   </choice>
   <choice>
    <reg>
     прилетел
    </reg>
   </choice>
   <choice>
    <reg>
     табунок
    </reg>
   </choice>
   <choice>
    <reg>
     ласточек
    </reg>
   </choice>
   :
   <choice>
    <reg>
     все
    </reg>
   </choice>
   ласточки подлетали
   <choice>
    <reg>
     к
    </reg>
   </choice>
   <choice>
    <reg>
     гнезду
    </reg>
   </choice>
   —
   <choice>
    <reg>
     как
    </reg>
   </choice>
   будто для того,
   <choice>
    <reg>
     чтоб
    </reg>
   </choice>
   <choice>
    <reg>
     посмотреть
    </reg>
   </choice>
   на воробья, и опять улетали.
  </p>
  <p rend="left" uuid="9de63e39-643e-4fce-bd96-cde7a570def4">
   Воробей не
   <choice>
    <reg>
     робел
    </reg>
   </choice>
   ,
   <choice>
    <reg>
     поворачивал
    </reg>
   </choice>
   головку и
   <choice>
    <reg>
     чирикал
    </reg>
   </choice>
   .
  </p>
  <p rend="left" uuid="36e697eb-c312-49e1-972a-103c4c137f2e">
   Ласточки опять подлетали
   <choice>
    <reg>
     к
    </reg>
   </choice>
   <choice>
    <reg>
     гнезду
    </reg>
   </choice>
   , что-то
   <choice>
    <reg>
     делали
    </reg>
   </choice>
   и опять улетали.
  </p>
  <p rend="left" uuid="a1f6004e-7cbd-495c-ac5b-bb2eb6394aba">
   Ласточки не
   <choice>
    <reg>
     даром
    </reg>
   </choice>
   подлетали: они приносили каждая
   <choice>
    <reg>
     в
    </reg>
   </choice>
   <choice>
    <reg>
     клювике
    </reg>
   </choice>
   грязь и понемногу замазывали
   <choice>
    <reg>
     отверстие
    </reg>
   </choice>
   <choice>
    <reg>
     гнезда
    </reg>
   </choice>
   .
  </p>
  <p rend="left" uuid="207fc8ea-9bcf-4fc2-897c-69d1427f6be9">
   Опять улетали и опять прилетали ласточки, и всё больше и больше замазывали
   <choice>
    <reg>
     гнездо
    </reg>
   </choice>
   , и
   <choice>
    <reg>
     отверстие
    </reg>
   </choice>
   становилось все
   <choice>
    <reg>
     теснее
    </reg>
   </choice>
   и
   <choice>
    <reg>
     теснее
    </reg>
   </choice>
   .
  </p>
  <p rend="left" uuid="980cff4f-d1da-4425-adbf-7fb0fb4473b3">
   Сначала видна была шея воробья,
   <choice>
    <reg>
     потом
    </reg>
   </choice>
   уже одна головка,
   <choice>
    <reg>
     потом
    </reg>
   </choice>
   <choice>
    <reg>
     носик
    </reg>
   </choice>
   , а
   <choice>
    <reg>
     потом
    </reg>
   </choice>
   ничего не стало видно:
  </p>
  <p rend="left emptyline" uuid="aceaaefb-56f4-468a-ac7f-fa8253f9012e">
   <pb n="261"/>
  </p>
  <p rend="centerline" uuid="f42965a6-f3ab-46b9-ac78-bd925e32be69">
   — 59 —
  </p>
  <p rend="notindent" uuid="224e62fa-7637-4b20-9d02-08d94477f15e">
   ласточки
   <choice>
    <reg>
     совсем
    </reg>
   </choice>
   замазали его
   <choice>
    <reg>
     в
    </reg>
   </choice>
   <choice>
    <reg>
     гнезде
    </reg>
   </choice>
   ,
   <choice>
    <reg>
     улетели
    </reg>
   </choice>
   и
   <choice>
    <reg>
     с
    </reg>
   </choice>
   <choice>
    <reg>
     свистом
    </reg>
   </choice>
   стали кружиться
   <choice>
    <reg>
     вокруг
    </reg>
   </choice>
   дома.
  </p>
 </div>
</TEI>