<?xml version="1.0" encoding="utf-8"?>
<TEI xmlns="http://www.tei-c.org/ns/1.0" xmlns:xi="http://www.w3.org/2001/XInclude">
 <teiHeader>
  <fileDesc>
   <titleStmt>
    <title>
     Азбука. Книга I
    </title>
    <author>
     Толстой Л.Н.
    </author>
    <respStmt>
     <resp>
      подготовка TEI/XML
     </resp>
     <name>
      Мария Картышева, Евгений Можаев, Даниил Скоринкин, Елена Сидорова, Вероника Файнберг, Кирилл Милинцевич
     </name>
    </respStmt>
    <respStmt>
     <name>
      Анастасия Бонч-Осмоловская, Фёкла Толстая, Борис Орехов
     </name>
     <resp>
      Идея, постановка задач, руководство
     </resp>
    </respStmt>
   </titleStmt>
   <publicationStmt>
    <idno>
     Азбука  | Книга I
    </idno>
    <publisher>
     <orgName>
      Школа лингвистики НИУ ВШЭ
     </orgName>
    </publisher>
    <availability>
     <p>
      Тексты и метатекстовая разметка доступны для свободного использования и распространения по лицензии Creative Commons Attribution Share-Alike (cc by-sa)
     </p>
    </availability>
   </publicationStmt>
   <sourceDesc>
    <biblStruct>
     <analytic>
      <author>
       Толстой Л.Н.
      </author>
      <title level="a">
       Азбука. Книга I
      </title>
     </analytic>
     <monogr>
      <title level="m">
       Полное собрание сочинений. Том 22
      </title>
      <imprint>
       <pubPlace>
        Москва
       </pubPlace>
       <publisher>
        Государственное издательство "Художественная литература"
       </publisher>
       <date when="1871-1872"/>
      </imprint>
     </monogr>
     <series>
      <title level="s">
       Л.Н. Толстой. Полное собрание сочинений
      </title>
      <biblScope unit="vol">
       22
      </biblScope>
     </series>
    </biblStruct>
   </sourceDesc>
  </fileDesc>
  <encodingDesc>
   <classDecl>
    <xi:include href="taxonomy.xml"/>
   </classDecl>
  </encodingDesc>
  <profileDesc>
   <creation>
    <date notAfter="1872" notBefore="1871">
     1871-1872
    </date>
    <rs/>
   </creation>
   <textClass>
    <catRef target="#fiction" type="sphere"/>
    <catRef target="#произведения для детей" type="type"/>
    <catRef target="#works" type="works_letters_diaries"/>
    <catRef target="#азбука" type="ninetyDef"/>
    <catRef target="#Основное" type="main_var"/>
    <catRef target="#азбука" type="type_short"/>
    <catRef target="None" type="translation"/>
    <catRef target="None" type="translation_origin"/>
    <catRef target="#да" type="tolstoy_or_not"/>
    <catRef target="None" type="name_status"/>
   </textClass>
   <preparedness>
    finished
   </preparedness>
   <settingDesc>
    <time>
     XIX век
    </time>
   </settingDesc>
  </profileDesc>
  <xenoData>
   <cyclusName/>
   <p>
    Проект
    <title>
     Толстой.Digital
    </title>
    разрабатывается сотрудниками и студентами
    <orgName>
     Высшей школы экономики
    </orgName>
    в сотрудничестве с
    <orgName>
     Государственным музеем Л.Н. Толстого
    </orgName>
    . Источник текстов –
    <bibl>
     90-томное собрание сочинений Л.Н.Толстого
    </bibl>
    . Разметка основана на стандарте
    <ref target="http://www.tei-c.org">
     TEI (Text Encoding Initiative)
    </ref>
    .
   </p>
   <versionNumber/>
   <isFinished/>
   <isEdited/>
   <fullBibliographicDescription/>
  </xenoData>
 </teiHeader>
 <p rend="left emptyline">
  <pb n="441"/>
 </p>
 <div type="section" xml:id="ref207">
  <head rend="center">
   <hi rend="strong">
    <choice>
     <reg>
      ЛЕД
     </reg>
    </choice>
    , ВОДА И
    <choice>
     <reg>
      ПАР
     </reg>
    </choice>
    .
   </hi>
  </head>
  <p rend="left" uuid="259d6a46-6381-4577-b9c5-e9b410d2ed3d">
   <choice>
    <reg>
     Лёд
    </reg>
   </choice>
   <choice>
    <reg>
     бывает
    </reg>
   </choice>
   <choice>
    <reg>
     крепкий
    </reg>
   </choice>
   ,
   <choice>
    <reg>
     как
    </reg>
   </choice>
   камень. Если во
   <choice>
    <reg>
     льде
    </reg>
   </choice>
   <choice>
    <reg>
     вмёрзнет
    </reg>
   </choice>
   палка, то палку эту не выломаешь изо льда, пока не оттаешь. Когда
   <choice>
    <reg>
     лёд
    </reg>
   </choice>
   <choice>
    <reg>
     холоден
    </reg>
   </choice>
   , то по
   <choice>
    <reg>
     нём
    </reg>
   </choice>
   возà
   <choice>
    <reg>
     ездят
    </reg>
   </choice>
   и не проваливаются, и брось на него 10
   <choice>
    <reg>
     пудов
    </reg>
   </choice>
   <choice>
    <reg>
     железа
    </reg>
   </choice>
   ,
   <choice>
    <reg>
     лед
    </reg>
   </choice>
   не провалится.
  </p>
  <p rend="left" uuid="2aa866b7-b924-4a0a-bc11-59eec084aacb">
   <choice>
    <reg>
     Чем
    </reg>
   </choice>
   <choice>
    <reg>
     холоднее
    </reg>
   </choice>
   <choice>
    <reg>
     лёд
    </reg>
   </choice>
   ,
   <choice>
    <reg>
     тем
    </reg>
   </choice>
   <choice>
    <reg>
     он
    </reg>
   </choice>
   <choice>
    <reg>
     крепче
    </reg>
   </choice>
   .
   <choice>
    <reg>
     Как
    </reg>
   </choice>
   <choice>
    <reg>
     согреется
    </reg>
   </choice>
   <choice>
    <reg>
     лёд
    </reg>
   </choice>
   —
   <choice>
    <reg>
     так
    </reg>
   </choice>
   <choice>
    <reg>
     он
    </reg>
   </choice>
   <choice>
    <reg>
     ослабнет
    </reg>
   </choice>
   ,
   <choice>
    <reg>
     сделается
    </reg>
   </choice>
   <choice>
    <reg>
     как
    </reg>
   </choice>
   каша; чтó
   <choice>
    <reg>
     в
    </reg>
   </choice>
   <choice>
    <reg>
     нём
    </reg>
   </choice>
   вмёрзло — рукой можно вынуть;
   <choice>
    <reg>
     он
    </reg>
   </choice>
   проваливается
   <choice>
    <reg>
     под
    </reg>
   </choice>
   ногами и не
   <choice>
    <reg>
     удержит
    </reg>
   </choice>
   и фунта
   <choice>
    <reg>
     железа
    </reg>
   </choice>
   . Когда
   <choice>
    <reg>
     лёд
    </reg>
   </choice>
   ещё больше
   <choice>
    <reg>
     согреется
    </reg>
   </choice>
   , то
   <choice>
    <reg>
     он
    </reg>
   </choice>
   <choice>
    <reg>
     станет
    </reg>
   </choice>
   водой.
   <choice>
    <reg>
     Из
    </reg>
   </choice>
   воды всякую вещь легко вынуть, и вода уже ничего не
   <choice>
    <reg>
     держит
    </reg>
   </choice>
   <choice>
    <reg>
     кроме
    </reg>
   </choice>
   дерева. Если еще станешь
   <choice>
    <reg>
     согревать
    </reg>
   </choice>
   воду, она ещё меньше
   <choice>
    <reg>
     станет
    </reg>
   </choice>
   держать.
   <choice>
    <reg>
     В
    </reg>
   </choice>
   холодной
   <choice>
    <reg>
     воде
    </reg>
   </choice>
   легче плавать,
   <choice>
    <reg>
     чем
    </reg>
   </choice>
   <choice>
    <reg>
     в
    </reg>
   </choice>
   тёплой. А
   <choice>
    <reg>
     в
    </reg>
   </choice>
   горячей
   <choice>
    <reg>
     воде
    </reg>
   </choice>
   и дерево
   <choice>
    <reg>
     тонет
    </reg>
   </choice>
   .
  </p>
  <p rend="left emptyline" uuid="407fb56b-5870-4993-886a-efc38c8ef5f5">
   <pb n="442"/>
  </p>
  <p rend="centerline" uuid="c41037b1-b099-45fd-9225-0c93a4a710ea">
   — 74 —
  </p>
  <p rend="left" uuid="b3d0260b-6e3d-4bbb-82bc-6404cbd60349">
   Если ещё
   <choice>
    <reg>
     согреть
    </reg>
   </choice>
   воду, она и вовсе разойдётся
   <choice>
    <reg>
     пàром
    </reg>
   </choice>
   ; и
   <choice>
    <reg>
     пар
    </reg>
   </choice>
   <choice>
    <reg>
     уж
    </reg>
   </choice>
   ничего не
   <choice>
    <reg>
     держит
    </reg>
   </choice>
   , а
   <choice>
    <reg>
     сам
    </reg>
   </choice>
   <choice>
    <reg>
     идёт
    </reg>
   </choice>
   во
   <choice>
    <reg>
     все
    </reg>
   </choice>
   стороны.
  </p>
  <p rend="left" uuid="7ffbef56-cea7-4431-b03b-8d7045fafbf3">
   Если кипятить воду
   <choice>
    <reg>
     под
    </reg>
   </choice>
   крышкой, то вода испарится и
   <choice>
    <reg>
     сядет
    </reg>
   </choice>
   каплями
   <choice>
    <reg>
     под
    </reg>
   </choice>
   крышкой,
   <choice>
    <reg>
     стечёт
    </reg>
   </choice>
   <choice>
    <reg>
     вниз
    </reg>
   </choice>
   и опять
   <choice>
    <reg>
     станет
    </reg>
   </choice>
   вода. Собрать эту воду и выставить на
   <choice>
    <reg>
     мороз
    </reg>
   </choice>
   — опять
   <choice>
    <reg>
     станет
    </reg>
   </choice>
   <choice>
    <reg>
     лёд
    </reg>
   </choice>
   .
  </p>
  <p rend="left" uuid="7afdbe49-3d78-45ec-97a5-026a7e5e48ab">
   <choice>
    <reg>
     Согрей
    </reg>
   </choice>
   воду —
   <choice>
    <reg>
     будет
    </reg>
   </choice>
   <choice>
    <reg>
     пар
    </reg>
   </choice>
   ; застуди воду —
   <choice>
    <reg>
     будет
    </reg>
   </choice>
   <choice>
    <reg>
     лёд
    </reg>
   </choice>
   . Всё таже вода
   <choice>
    <reg>
     бывает
    </reg>
   </choice>
   летучая, когда
   <choice>
    <reg>
     согреется
    </reg>
   </choice>
   , и
   <choice>
    <reg>
     крепкая
    </reg>
   </choice>
   , когда
   <choice>
    <reg>
     остынет
    </reg>
   </choice>
   .
  </p>
  <p rend="left" uuid="c3330c93-0aeb-4cd6-8a0f-9224a8e27013">
   Во льду
   <choice>
    <reg>
     нет
    </reg>
   </choice>
   тепла,
   <choice>
    <reg>
     в
    </reg>
   </choice>
   <choice>
    <reg>
     воде
    </reg>
   </choice>
   есть немного, а
   <choice>
    <reg>
     в
    </reg>
   </choice>
   <choice>
    <reg>
     паре
    </reg>
   </choice>
   очень много.
  </p>
  <p rend="left" uuid="58b77b07-03c1-4f96-ac15-3d5e6ac1d9d2">
   Если ко льду приставить льдину, то льдина не
   <choice>
    <reg>
     согреется
    </reg>
   </choice>
   и не
   <choice>
    <reg>
     похолодеет
    </reg>
   </choice>
   .
  </p>
  <p rend="left" uuid="0ea4efd4-0bec-4b0c-91c4-26825fbaef33">
   А если польёшь воды на
   <choice>
    <reg>
     лёд
    </reg>
   </choice>
   , то
   <choice>
    <reg>
     лёд
    </reg>
   </choice>
   <choice>
    <reg>
     потеплеет
    </reg>
   </choice>
   , а вода
   <choice>
    <reg>
     похолодеет
    </reg>
   </choice>
   .
   <choice>
    <reg>
     Лёд
    </reg>
   </choice>
   <choice>
    <reg>
     растает
    </reg>
   </choice>
   , если воды много, и вода
   <choice>
    <reg>
     замёрзнет
    </reg>
   </choice>
   , если льду много.
  </p>
  <p rend="left" uuid="e90b1139-45b9-427f-8d84-fcb430c6c3e2">
   А если на
   <choice>
    <reg>
     лёд
    </reg>
   </choice>
   пустить
   <choice>
    <reg>
     пар
    </reg>
   </choice>
   , то
   <choice>
    <reg>
     лёд
    </reg>
   </choice>
   <choice>
    <reg>
     потеплеет
    </reg>
   </choice>
   , а
   <choice>
    <reg>
     пар
    </reg>
   </choice>
   <choice>
    <reg>
     похолодеет
    </reg>
   </choice>
   :
   <choice>
    <reg>
     лёд
    </reg>
   </choice>
   <choice>
    <reg>
     растает
    </reg>
   </choice>
   ,
   <choice>
    <reg>
     станет
    </reg>
   </choice>
   водой, а
   <choice>
    <reg>
     пар
    </reg>
   </choice>
   <choice>
    <reg>
     охолодеет
    </reg>
   </choice>
   и тоже
   <choice>
    <reg>
     станет
    </reg>
   </choice>
   водой.
  </p>
  <p rend="left" uuid="fa0fb181-c448-4c6d-834b-89c75032b49f">
   Если вода холодная и
   <choice>
    <reg>
     воздух
    </reg>
   </choice>
   холодный, то ни вода не
   <choice>
    <reg>
     согреется
    </reg>
   </choice>
   , ни
   <choice>
    <reg>
     воздух
    </reg>
   </choice>
   не
   <choice>
    <reg>
     похолодеет
    </reg>
   </choice>
   . Но если
   <choice>
    <reg>
     воздух
    </reg>
   </choice>
   тёплый, а вода холодная, чтó
   <choice>
    <reg>
     будет
    </reg>
   </choice>
   ?
   <choice>
    <reg>
     Из
    </reg>
   </choice>
   воздуха тепло
   <choice>
    <reg>
     будет
    </reg>
   </choice>
   переходить
   <choice>
    <reg>
     в
    </reg>
   </choice>
   воду, вода
   <choice>
    <reg>
     станет
    </reg>
   </choice>
   всё
   <choice>
    <reg>
     теплее
    </reg>
   </choice>
   , а
   <choice>
    <reg>
     воздух
    </reg>
   </choice>
   всё
   <choice>
    <reg>
     холоднее
    </reg>
   </choice>
   , до
   <choice>
    <reg>
     тех
    </reg>
   </choice>
   <choice>
    <reg>
     пор
    </reg>
   </choice>
   , пока они сравняются.
  </p>
  <p rend="left" uuid="71720f6b-2820-4ebd-9388-7e7e5898dfde">
   Если
   <choice>
    <reg>
     воздух
    </reg>
   </choice>
   <choice>
    <reg>
     теплее
    </reg>
   </choice>
   воды, то вода
   <choice>
    <reg>
     согреется
    </reg>
   </choice>
   , а
   <choice>
    <reg>
     воздух
    </reg>
   </choice>
   <choice>
    <reg>
     остынет
    </reg>
   </choice>
   ; а если вода
   <choice>
    <reg>
     теплее
    </reg>
   </choice>
   , то
   <choice>
    <reg>
     воздух
    </reg>
   </choice>
   <choice>
    <reg>
     согреется
    </reg>
   </choice>
   , а вода
   <choice>
    <reg>
     остынет
    </reg>
   </choice>
   .
  </p>
  <p rend="left" uuid="58197edf-c3e1-4881-bcad-3ad481be9758">
   Если на
   <choice>
    <reg>
     воздухе
    </reg>
   </choice>
   <choice>
    <reg>
     из
    </reg>
   </choice>
   жидкой воды
   <choice>
    <reg>
     делается
    </reg>
   </choice>
   мёрзлая
  </p>
  <p rend="left emptyline" uuid="58ab7723-d06f-484e-a98e-466a45c5fa6d">
   <pb n="443"/>
  </p>
  <p rend="centerline" uuid="67657c8c-8caa-4338-8a7e-4c20f5630df7">
   — 75 —
  </p>
  <p rend="notindent" uuid="32453345-4c71-4270-af86-6ee5d7dd1ff8">
   вода, то
   <choice>
    <reg>
     значит
    </reg>
   </choice>
   вода
   <choice>
    <reg>
     теплее
    </reg>
   </choice>
   воздуха, — она
   <choice>
    <reg>
     будет
    </reg>
   </choice>
   <choice>
    <reg>
     холодеть
    </reg>
   </choice>
   , а
   <choice>
    <reg>
     воздух
    </reg>
   </choice>
   <choice>
    <reg>
     теплеть
    </reg>
   </choice>
   .
  </p>
  <p rend="left" uuid="59b3efcf-d6bc-4f06-8e45-848144d7b1d1">
   Ели на
   <choice>
    <reg>
     воздухе
    </reg>
   </choice>
   летучая вода
   <choice>
    <reg>
     делается
    </reg>
   </choice>
   жидкой водой, —
   <choice>
    <reg>
     значит
    </reg>
   </choice>
   <choice>
    <reg>
     воздух
    </reg>
   </choice>
   <choice>
    <reg>
     холоднее
    </reg>
   </choice>
   летучей воды, и вода
   <choice>
    <reg>
     будет
    </reg>
   </choice>
   стыть, а
   <choice>
    <reg>
     воздух
    </reg>
   </choice>
   <choice>
    <reg>
     греться
    </reg>
   </choice>
   .
  </p>
  <p rend="left" uuid="8e8775ac-84e7-4f33-85d8-ceba61f0c63c">
   Если
   <choice>
    <reg>
     из
    </reg>
   </choice>
   <choice>
    <reg>
     крепкой
    </reg>
   </choice>
   воды
   <choice>
    <reg>
     делается
    </reg>
   </choice>
   на
   <choice>
    <reg>
     воздухе
    </reg>
   </choice>
   жидкая вода,
   <choice>
    <reg>
     значит
    </reg>
   </choice>
   <choice>
    <reg>
     воздух
    </reg>
   </choice>
   <choice>
    <reg>
     теплее
    </reg>
   </choice>
   ;
   <choice>
    <reg>
     он
    </reg>
   </choice>
   <choice>
    <reg>
     будет
    </reg>
   </choice>
   стыть,
   <choice>
    <reg>
     крепнуть
    </reg>
   </choice>
   , а
   <choice>
    <reg>
     лёд
    </reg>
   </choice>
   <choice>
    <reg>
     греться
    </reg>
   </choice>
   .
  </p>
  <p rend="left" uuid="653d48f2-934f-4429-a388-7e826964b133">
   Если на
   <choice>
    <reg>
     воздухе
    </reg>
   </choice>
   <choice>
    <reg>
     из
    </reg>
   </choice>
   воды
   <choice>
    <reg>
     делается
    </reg>
   </choice>
   <choice>
    <reg>
     пар
    </reg>
   </choice>
   ,
   <choice>
    <reg>
     высыхает
    </reg>
   </choice>
   вода,
   <choice>
    <reg>
     значит
    </reg>
   </choice>
   <choice>
    <reg>
     воздух
    </reg>
   </choice>
   <choice>
    <reg>
     теплее
    </reg>
   </choice>
   ;
   <choice>
    <reg>
     он
    </reg>
   </choice>
   <choice>
    <reg>
     будет
    </reg>
   </choice>
   стыть, а вода
   <choice>
    <reg>
     греться
    </reg>
   </choice>
   .
  </p>
  <p rend="left" uuid="256c4fa5-ea25-4508-ad5a-16e750a0d654">
   <choice>
    <reg>
     Льдом
    </reg>
   </choice>
   нельзя
   <choice>
    <reg>
     греть
    </reg>
   </choice>
   , а водой и
   <choice>
    <reg>
     паром
    </reg>
   </choice>
   можно
   <choice>
    <reg>
     греть
    </reg>
   </choice>
   . Водой можно
   <choice>
    <reg>
     вот
    </reg>
   </choice>
   <choice>
    <reg>
     как
    </reg>
   </choice>
   <choice>
    <reg>
     греть
    </reg>
   </choice>
   : провести
   <choice>
    <reg>
     в
    </reg>
   </choice>
   холодный
   <choice>
    <reg>
     дом
    </reg>
   </choice>
   воду.
   <choice>
    <reg>
     Как
    </reg>
   </choice>
   вода
   <choice>
    <reg>
     замёрзнет
    </reg>
   </choice>
   ,
   <choice>
    <reg>
     так
    </reg>
   </choice>
   <choice>
    <reg>
     лёд
    </reg>
   </choice>
   выносить
   <choice>
    <reg>
     вон
    </reg>
   </choice>
   ; опять
   <choice>
    <reg>
     замёрзнет
    </reg>
   </choice>
   , — опять выносить
   <choice>
    <reg>
     вон
    </reg>
   </choice>
   . И
   <choice>
    <reg>
     в
    </reg>
   </choice>
   <choice>
    <reg>
     доме
    </reg>
   </choice>
   всё
   <choice>
    <reg>
     будет
    </reg>
   </choice>
   <choice>
    <reg>
     теплее
    </reg>
   </choice>
   , и
   <choice>
    <reg>
     так
    </reg>
   </choice>
   <choice>
    <reg>
     станет
    </reg>
   </choice>
   тепло, что вода, не
   <choice>
    <reg>
     станет
    </reg>
   </choice>
   <choice>
    <reg>
     уж
    </reg>
   </choice>
   мёрзнуть.
   <choice>
    <reg>
     От
    </reg>
   </choice>
   чего это
   <choice>
    <reg>
     так
    </reg>
   </choice>
   <choice>
    <reg>
     будет
    </reg>
   </choice>
   ?
   <choice>
    <reg>
     От
    </reg>
   </choice>
   того, что,
   <choice>
    <reg>
     как
    </reg>
   </choice>
   вода
   <choice>
    <reg>
     замёрзнет
    </reg>
   </choice>
   ,
   <choice>
    <reg>
     так
    </reg>
   </choice>
   она
   <choice>
    <reg>
     выпустит
    </reg>
   </choice>
   <choice>
    <reg>
     из
    </reg>
   </choice>
   себя лишнее тепло
   <choice>
    <reg>
     в
    </reg>
   </choice>
   <choice>
    <reg>
     воздух
    </reg>
   </choice>
   , и до
   <choice>
    <reg>
     тех
    </reg>
   </choice>
   <choice>
    <reg>
     пор
    </reg>
   </choice>
   <choice>
    <reg>
     будет
    </reg>
   </choice>
   выпускать, пока
   <choice>
    <reg>
     воздух
    </reg>
   </choice>
   <choice>
    <reg>
     согреется
    </reg>
   </choice>
   и вода
   <choice>
    <reg>
     перестанет
    </reg>
   </choice>
   мёрзнуть.
  </p>
  <p rend="left" uuid="9328aed4-efa7-4077-9c95-9c44bf23e24f">
   <choice>
    <reg>
     Паром
    </reg>
   </choice>
   <choice>
    <reg>
     греют
    </reg>
   </choice>
   <choice>
    <reg>
     вот
    </reg>
   </choice>
   <choice>
    <reg>
     как
    </reg>
   </choice>
   :
   <choice>
    <reg>
     напустят
    </reg>
   </choice>
   пару
   <choice>
    <reg>
     в
    </reg>
   </choice>
   холодный
   <choice>
    <reg>
     дом
    </reg>
   </choice>
   .
   <choice>
    <reg>
     Пар
    </reg>
   </choice>
   <choice>
    <reg>
     станет
    </reg>
   </choice>
   охолаживаться, каплями
   <choice>
    <reg>
     потечёт
    </reg>
   </choice>
   книзу и
   <choice>
    <reg>
     станет
    </reg>
   </choice>
   водой. Воду эту
   <choice>
    <reg>
     выносят
    </reg>
   </choice>
   и
   <choice>
    <reg>
     в
    </reg>
   </choice>
   <choice>
    <reg>
     доме
    </reg>
   </choice>
   становится тепло.
  </p>
  <p rend="left" uuid="b47c103e-afb8-4197-a31c-55467a57fa46">
   <choice>
    <reg>
     От
    </reg>
   </choice>
   чего это
   <choice>
    <reg>
     так
    </reg>
   </choice>
   <choice>
    <reg>
     будет
    </reg>
   </choice>
   ? Отътого, что
   <choice>
    <reg>
     как
    </reg>
   </choice>
   только
   <choice>
    <reg>
     пар
    </reg>
   </choice>
   <choice>
    <reg>
     станет
    </reg>
   </choice>
   водой,
   <choice>
    <reg>
     он
    </reg>
   </choice>
   <choice>
    <reg>
     из
    </reg>
   </choice>
   себя
   <choice>
    <reg>
     выпустит
    </reg>
   </choice>
   лишнее тепло
   <choice>
    <reg>
     в
    </reg>
   </choice>
   <choice>
    <reg>
     воздух
    </reg>
   </choice>
   .
  </p>
  <p rend="left" uuid="c1fdeb3b-43c4-4328-a682-54252e42e9e7">
   Когда
   <choice>
    <reg>
     из
    </reg>
   </choice>
   воды
   <choice>
    <reg>
     делается
    </reg>
   </choice>
   <choice>
    <reg>
     лёд
    </reg>
   </choice>
   , а
   <choice>
    <reg>
     из
    </reg>
   </choice>
   пара
   <choice>
    <reg>
     делается
    </reg>
   </choice>
   вода, то
   <choice>
    <reg>
     в
    </reg>
   </choice>
   <choice>
    <reg>
     воздух
    </reg>
   </choice>
   <choice>
    <reg>
     выходит
    </reg>
   </choice>
   тепло
   <choice>
    <reg>
     из
    </reg>
   </choice>
   воды и
   <choice>
    <reg>
     из
    </reg>
   </choice>
   пара, и
   <choice>
    <reg>
     воздух
    </reg>
   </choice>
   становится
   <choice>
    <reg>
     теплее
    </reg>
   </choice>
   . А когда
   <choice>
    <reg>
     из
    </reg>
   </choice>
  </p>
  <p rend="left emptyline" uuid="e5565bce-e427-4141-818b-2660322818da">
   <pb n="444"/>
  </p>
  <p rend="centerline" uuid="84461823-b0fd-45b6-b1fc-d0e37af46029">
   — 76 —
  </p>
  <p rend="notindent" uuid="a555be18-3869-415a-97b0-62894d92b6b7">
   льда
   <choice>
    <reg>
     делается
    </reg>
   </choice>
   вода, а
   <choice>
    <reg>
     из
    </reg>
   </choice>
   воды
   <choice>
    <reg>
     делается
    </reg>
   </choice>
   <choice>
    <reg>
     пар
    </reg>
   </choice>
   , то тепло
   <choice>
    <reg>
     из
    </reg>
   </choice>
   воздуха выходить
   <choice>
    <reg>
     в
    </reg>
   </choice>
   воду и
   <choice>
    <reg>
     в
    </reg>
   </choice>
   <choice>
    <reg>
     пар
    </reg>
   </choice>
   , и
   <choice>
    <reg>
     воздух
    </reg>
   </choice>
   становится
   <choice>
    <reg>
     холоднее
    </reg>
   </choice>
   .
  </p>
  <p rend="left" uuid="e7564655-c773-4afe-8294-00af3b94fefe">
   Если хочешь остудить теплую горницу, принеси льду и дай ему растаять.
   <choice>
    <reg>
     От
    </reg>
   </choice>
   чего
   <choice>
    <reg>
     станет
    </reg>
   </choice>
   <choice>
    <reg>
     холоднее
    </reg>
   </choice>
   ?
   <choice>
    <reg>
     От
    </reg>
   </choice>
   того что
   <choice>
    <reg>
     лёд
    </reg>
   </choice>
   ,
   <choice>
    <reg>
     чтоб
    </reg>
   </choice>
   ему
   <choice>
    <reg>
     сделаться
    </reg>
   </choice>
   водой,
   <choice>
    <reg>
     заберёт
    </reg>
   </choice>
   <choice>
    <reg>
     в
    </reg>
   </choice>
   себя тепло
   <choice>
    <reg>
     из
    </reg>
   </choice>
   воздуха.
  </p>
  <p rend="left" uuid="92eeae33-5d63-4e50-9b0f-6ef76e6bb4b7">
   Если хочешь остудить, налей воды и дай ей высохнуть.
   <choice>
    <reg>
     От
    </reg>
   </choice>
   чего
   <choice>
    <reg>
     так
    </reg>
   </choice>
   <choice>
    <reg>
     будет
    </reg>
   </choice>
   ?
   <choice>
    <reg>
     От
    </reg>
   </choice>
   того, что
   <choice>
    <reg>
     из
    </reg>
   </choice>
   воды
   <choice>
    <reg>
     сделается
    </reg>
   </choice>
   <choice>
    <reg>
     пар
    </reg>
   </choice>
   . А чтобы
   <choice>
    <reg>
     из
    </reg>
   </choice>
   воды
   <choice>
    <reg>
     сделаться
    </reg>
   </choice>
   <choice>
    <reg>
     пàром
    </reg>
   </choice>
   , она
   <choice>
    <reg>
     заберёт
    </reg>
   </choice>
   много тепла
   <choice>
    <reg>
     из
    </reg>
   </choice>
   воздуха.
  </p>
  <p rend="left" uuid="d346f683-1f37-4629-af56-f10f260837b4">
   <choice>
    <reg>
     От
    </reg>
   </choice>
   этого
   <choice>
    <reg>
     бывает
    </reg>
   </choice>
   <choice>
    <reg>
     холоднее
    </reg>
   </choice>
   , когда
   <choice>
    <reg>
     идёт
    </reg>
   </choice>
   дождь, и
   <choice>
    <reg>
     теплее
    </reg>
   </choice>
   , когда собирается дождь. Когда
   <choice>
    <reg>
     идёт
    </reg>
   </choice>
   дождь, то вода
   <choice>
    <reg>
     сохнет
    </reg>
   </choice>
   , испаряется и
   <choice>
    <reg>
     забирает
    </reg>
   </choice>
   <choice>
    <reg>
     в
    </reg>
   </choice>
   себя тепло. А когда собирается дождь, то
   <choice>
    <reg>
     в
    </reg>
   </choice>
   <choice>
    <reg>
     воздухе
    </reg>
   </choice>
   <choice>
    <reg>
     ходят
    </reg>
   </choice>
   пары и охлаждаются
   <choice>
    <reg>
     в
    </reg>
   </choice>
   тучи;
   <choice>
    <reg>
     от
    </reg>
   </choice>
   <choice>
    <reg>
     них-то
    </reg>
   </choice>
   и тепло.
  </p>
  <p rend="left" uuid="d7b04a60-2272-4b3a-9503-75a28bed2dff">
   <choice>
    <reg>
     Так
    </reg>
   </choice>
   и
   <choice>
    <reg>
     говорят
    </reg>
   </choice>
   , что
   <choice>
    <reg>
     пàpит
    </reg>
   </choice>
   .
  </p>
 </div>
</TEI>