<?xml version="1.0" encoding="utf-8"?>
<TEI xmlns="http://www.tei-c.org/ns/1.0" xmlns:xi="http://www.w3.org/2001/XInclude">
 <teiHeader>
  <fileDesc>
   <titleStmt>
    <title>
     Азбука. Книга I
    </title>
    <author>
     Толстой Л.Н.
    </author>
    <respStmt>
     <resp>
      подготовка TEI/XML
     </resp>
     <name>
      Мария Картышева, Евгений Можаев, Даниил Скоринкин, Елена Сидорова, Вероника Файнберг, Кирилл Милинцевич
     </name>
    </respStmt>
    <respStmt>
     <name>
      Анастасия Бонч-Осмоловская, Фёкла Толстая, Борис Орехов
     </name>
     <resp>
      Идея, постановка задач, руководство
     </resp>
    </respStmt>
   </titleStmt>
   <publicationStmt>
    <idno>
     Азбука  | Книга I
    </idno>
    <publisher>
     <orgName>
      Школа лингвистики НИУ ВШЭ
     </orgName>
    </publisher>
    <availability>
     <p>
      Тексты и метатекстовая разметка доступны для свободного использования и распространения по лицензии Creative Commons Attribution Share-Alike (cc by-sa)
     </p>
    </availability>
   </publicationStmt>
   <sourceDesc>
    <biblStruct>
     <analytic>
      <author>
       Толстой Л.Н.
      </author>
      <title level="a">
       Азбука. Книга I
      </title>
     </analytic>
     <monogr>
      <title level="m">
       Полное собрание сочинений. Том 22
      </title>
      <imprint>
       <pubPlace>
        Москва
       </pubPlace>
       <publisher>
        Государственное издательство "Художественная литература"
       </publisher>
       <date when="1871-1872"/>
      </imprint>
     </monogr>
     <series>
      <title level="s">
       Л.Н. Толстой. Полное собрание сочинений
      </title>
      <biblScope unit="vol">
       22
      </biblScope>
     </series>
    </biblStruct>
   </sourceDesc>
  </fileDesc>
  <encodingDesc>
   <classDecl>
    <xi:include href="taxonomy.xml"/>
   </classDecl>
  </encodingDesc>
  <profileDesc>
   <creation>
    <date notAfter="1872" notBefore="1871">
     1871-1872
    </date>
    <rs/>
   </creation>
   <textClass>
    <catRef target="#fiction" type="sphere"/>
    <catRef target="#произведения для детей" type="type"/>
    <catRef target="#works" type="works_letters_diaries"/>
    <catRef target="#азбука" type="ninetyDef"/>
    <catRef target="#Основное" type="main_var"/>
    <catRef target="#азбука" type="type_short"/>
    <catRef target="None" type="translation"/>
    <catRef target="None" type="translation_origin"/>
    <catRef target="#да" type="tolstoy_or_not"/>
    <catRef target="None" type="name_status"/>
   </textClass>
   <preparedness>
    finished
   </preparedness>
   <settingDesc>
    <time>
     XIX век
    </time>
   </settingDesc>
  </profileDesc>
  <xenoData>
   <cyclusName/>
   <p>
    Проект
    <title>
     Толстой.Digital
    </title>
    разрабатывается сотрудниками и студентами
    <orgName>
     Высшей школы экономики
    </orgName>
    в сотрудничестве с
    <orgName>
     Государственным музеем Л.Н. Толстого
    </orgName>
    . Источник текстов –
    <bibl>
     90-томное собрание сочинений Л.Н.Толстого
    </bibl>
    . Разметка основана на стандарте
    <ref target="http://www.tei-c.org">
     TEI (Text Encoding Initiative)
    </ref>
    .
   </p>
   <versionNumber/>
   <isFinished/>
   <isEdited/>
   <fullBibliographicDescription/>
  </xenoData>
 </teiHeader>
 <p rend="left emptyline">
  <pb n="375"/>
 </p>
 <div type="section" xml:id="ref172">
  <head rend="center">
   <hi rend="strong">
    ПЕРЕПЕЛКА И ПЕРЕПЕЛЯТА.
   </hi>
  </head>
  <p rend="left" uuid="2d1a7f6a-acdf-4d8f-a8e9-ef70cbcc5538">
   Мужики косили луга, а
   <choice>
    <reg>
     в
    </reg>
   </choice>
   лугу
   <choice>
    <reg>
     под
    </reg>
   </choice>
   кочкой было перепелиное
   <choice>
    <reg>
     гнездо
    </reg>
   </choice>
   .
  </p>
  <p rend="left" uuid="e0eeb658-fd70-45a0-bf29-c8859a351a27">
   Перепёлка
   <choice>
    <reg>
     с
    </reg>
   </choice>
   <choice>
    <reg>
     кормом
    </reg>
   </choice>
   <choice>
    <reg>
     прилетела
    </reg>
   </choice>
   <choice>
    <reg>
     к
    </reg>
   </choice>
   <choice>
    <reg>
     гнезду
    </reg>
   </choice>
   и увидала, что
   <choice>
    <reg>
     кругом
    </reg>
   </choice>
   всё обкошено. Она и
   <choice>
    <reg>
     говорит
    </reg>
   </choice>
   <choice>
    <reg>
     перепелятам
    </reg>
   </choice>
   : «Ну
   <choice>
    <reg>
     дети
    </reg>
   </choice>
   , —
   <choice>
    <reg>
     беда
    </reg>
   </choice>
   пришла! Теперь молчите и не шевилитесь, а то пропадёте;
   <choice>
    <reg>
     вечером
    </reg>
   </choice>
   переведу
   <choice>
    <reg>
     вас
    </reg>
   </choice>
   .» А перепелята радовались, что
   <choice>
    <reg>
     в
    </reg>
   </choice>
   лугу
   <choice>
    <reg>
     светлее
    </reg>
   </choice>
   стало, и говорили: «мать — старая, оттого и не
   <choice>
    <reg>
     хочет
    </reg>
   </choice>
   , чтобы мы веселились»; и стали пищать и свистать.
  </p>
  <p rend="left" uuid="76db3359-905f-47fe-ba81-41d39d307917">
   Ребята принесли
   <choice>
    <reg>
     мужикам
    </reg>
   </choice>
   на
   <choice>
    <reg>
     покос
    </reg>
   </choice>
   <choice>
    <reg>
     обедать
    </reg>
   </choice>
   , услыхали
   <choice>
    <reg>
     перепелят
    </reg>
   </choice>
   и порвали
   <choice>
    <reg>
     им
    </reg>
   </choice>
   головы.
  </p>
 </div>
</TEI>