<?xml version="1.0" encoding="utf-8"?>
<TEI xmlns="http://www.tei-c.org/ns/1.0" xmlns:xi="http://www.w3.org/2001/XInclude">
 <teiHeader>
  <fileDesc>
   <titleStmt>
    <title>
     Азбука. Книга I
    </title>
    <author>
     Толстой Л.Н.
    </author>
    <respStmt>
     <resp>
      подготовка TEI/XML
     </resp>
     <name>
      Мария Картышева, Евгений Можаев, Даниил Скоринкин, Елена Сидорова, Вероника Файнберг, Кирилл Милинцевич
     </name>
    </respStmt>
    <respStmt>
     <name>
      Анастасия Бонч-Осмоловская, Фёкла Толстая, Борис Орехов
     </name>
     <resp>
      Идея, постановка задач, руководство
     </resp>
    </respStmt>
   </titleStmt>
   <publicationStmt>
    <idno>
     Азбука  | Книга I
    </idno>
    <publisher>
     <orgName>
      Школа лингвистики НИУ ВШЭ
     </orgName>
    </publisher>
    <availability>
     <p>
      Тексты и метатекстовая разметка доступны для свободного использования и распространения по лицензии Creative Commons Attribution Share-Alike (cc by-sa)
     </p>
    </availability>
   </publicationStmt>
   <sourceDesc>
    <biblStruct>
     <analytic>
      <author>
       Толстой Л.Н.
      </author>
      <title level="a">
       Азбука. Книга I
      </title>
     </analytic>
     <monogr>
      <title level="m">
       Полное собрание сочинений. Том 22
      </title>
      <imprint>
       <pubPlace>
        Москва
       </pubPlace>
       <publisher>
        Государственное издательство "Художественная литература"
       </publisher>
       <date when="1871-1872"/>
      </imprint>
     </monogr>
     <series>
      <title level="s">
       Л.Н. Толстой. Полное собрание сочинений
      </title>
      <biblScope unit="vol">
       22
      </biblScope>
     </series>
    </biblStruct>
   </sourceDesc>
  </fileDesc>
  <encodingDesc>
   <classDecl>
    <xi:include href="taxonomy.xml"/>
   </classDecl>
  </encodingDesc>
  <profileDesc>
   <creation>
    <date notAfter="1872" notBefore="1871">
     1871-1872
    </date>
    <rs/>
   </creation>
   <textClass>
    <catRef target="#fiction" type="sphere"/>
    <catRef target="#произведения для детей" type="type"/>
    <catRef target="#works" type="works_letters_diaries"/>
    <catRef target="#азбука" type="ninetyDef"/>
    <catRef target="#Основное" type="main_var"/>
    <catRef target="#азбука" type="type_short"/>
    <catRef target="None" type="translation"/>
    <catRef target="None" type="translation_origin"/>
    <catRef target="#да" type="tolstoy_or_not"/>
    <catRef target="None" type="name_status"/>
   </textClass>
   <preparedness>
    finished
   </preparedness>
   <settingDesc>
    <time>
     XIX век
    </time>
   </settingDesc>
  </profileDesc>
  <xenoData>
   <cyclusName/>
   <p>
    Проект
    <title>
     Толстой.Digital
    </title>
    разрабатывается сотрудниками и студентами
    <orgName>
     Высшей школы экономики
    </orgName>
    в сотрудничестве с
    <orgName>
     Государственным музеем Л.Н. Толстого
    </orgName>
    . Источник текстов –
    <bibl>
     90-томное собрание сочинений Л.Н.Толстого
    </bibl>
    . Разметка основана на стандарте
    <ref target="http://www.tei-c.org">
     TEI (Text Encoding Initiative)
    </ref>
    .
   </p>
   <versionNumber/>
   <isFinished/>
   <isEdited/>
   <fullBibliographicDescription/>
  </xenoData>
 </teiHeader>
 <p rend="left emptyline">
  <pb n="375"/>
 </p>
 <div type="section" xml:id="ref173">
  <head rend="center">
   <hi rend="strong">
    ПТИЦЫ
    <choice>
     <reg>
      В
     </reg>
     <orig>
      ВЪ
     </orig>
    </choice>
    CЕТИ.
   </hi>
  </head>
  <p rend="left" uuid="fb082af8-8b3b-428b-9bca-e0df5459940f">
   <choice>
    <reg>
     Охотник
    </reg>
    <orig>
     Охотникъ
    </orig>
   </choice>
   <choice>
    <reg>
     поставил
    </reg>
    <orig>
     поставилъ
    </orig>
   </choice>
   у озера
   <choice>
    <reg>
     сети
    </reg>
    <orig>
     сѣти
    </orig>
   </choice>
   и
   <choice>
    <reg>
     накрыл
    </reg>
    <orig>
     накрылъ
    </orig>
   </choice>
   много
   <choice>
    <reg>
     птиц
    </reg>
    <orig>
     птицъ
    </orig>
   </choice>
   . Птицы были
   <choice>
    <reg>
     большия
    </reg>
    <orig>
     большiя
    </orig>
   </choice>
   , подняли
   <choice>
    <reg>
     сеть
    </reg>
    <orig>
     сѣть
    </orig>
   </choice>
   и
   <choice>
    <reg>
     улетели
    </reg>
    <orig>
     улетѣли
    </orig>
   </choice>
  </p>
  <p rend="left emptyline" uuid="82d84936-829f-4f91-9ba6-13be1a39a42f">
   <pb n="376"/>
  </p>
  <p rend="centerline" uuid="62839148-92fb-4135-92ce-16eae50237b0">
   — 8 —
  </p>
  <p rend="notindent" uuid="725f73dc-97fd-4656-9524-7307d7c66029">
   <choice>
    <reg>
     с
    </reg>
    <orig>
     съ
    </orig>
   </choice>
   ней.
   <choice>
    <reg>
     Охотник
    </reg>
    <orig>
     Охотникъ
    </orig>
   </choice>
   <choice>
    <reg>
     побежал
    </reg>
    <orig>
     побѣжалъ
    </orig>
   </choice>
   за птицами.
   <choice>
    <reg>
     Мужик
    </reg>
    <orig>
     Мужикъ
    </orig>
   </choice>
   <choice>
    <reg>
     увидал
    </reg>
    <orig>
     увидалъ
    </orig>
   </choice>
   , что
   <choice>
    <reg>
     охотник
    </reg>
    <orig>
     охотникъ
    </orig>
   </choice>
   <choice>
    <reg>
     бежит
    </reg>
    <orig>
     бѣжитъ
    </orig>
   </choice>
   , и
   <choice>
    <reg>
     говорит
    </reg>
    <orig>
     говоритъ
    </orig>
   </choice>
   : «и куда
   <choice>
    <reg>
     бежишь
    </reg>
    <orig>
     бѣжишь
    </orig>
   </choice>
   ?
   <choice>
    <reg>
     Разве
    </reg>
    <orig>
     Развѣ
    </orig>
   </choice>
   <choice>
    <reg>
     пешком
    </reg>
    <orig>
     пѣшкомъ
    </orig>
   </choice>
   можно догнать птицу?»
   <choice>
    <reg>
     Охотник
    </reg>
    <orig>
     Охотникъ
    </orig>
   </choice>
   <choice>
    <reg>
     сказал
    </reg>
    <orig>
     сказалъ
    </orig>
   </choice>
   : «Кабы одна была птица, я бы не
   <choice>
    <reg>
     догнал
    </reg>
    <orig>
     догналъ
    </orig>
   </choice>
   , а теперь догоню».
  </p>
  <p rend="left" uuid="9f7c09cd-5a81-4e3c-a651-9a6452692f8e">
   <choice>
    <reg>
     Так
    </reg>
    <orig>
     Такъ
    </orig>
   </choice>
   и
   <choice>
    <reg>
     сделалось
    </reg>
    <orig>
     сдѣлалось
    </orig>
   </choice>
   .
   <choice>
    <reg>
     Как
    </reg>
    <orig>
     Какъ
    </orig>
   </choice>
   <choice>
    <reg>
     пришёл
    </reg>
    <orig>
     пришёлъ
    </orig>
   </choice>
   <choice>
    <reg>
     вечер
    </reg>
    <orig>
     вечеръ
    </orig>
   </choice>
   , птицы потянули на
   <choice>
    <reg>
     ночлег
    </reg>
    <orig>
     ночлегъ
    </orig>
   </choice>
   каждая
   <choice>
    <reg>
     в
    </reg>
    <orig>
     въ
    </orig>
   </choice>
   свою сторону: одна
   <choice>
    <reg>
     к
    </reg>
    <orig>
     къ
    </orig>
   </choice>
   <choice>
    <reg>
     лесу
    </reg>
    <orig>
     лѣсу
    </orig>
   </choice>
   , другая
   <choice>
    <reg>
     к
    </reg>
    <orig>
     къ
    </orig>
   </choice>
   болоту, третья
   <choice>
    <reg>
     в
    </reg>
    <orig>
     въ
    </orig>
   </choice>
   поле; и
   <choice>
    <reg>
     все
    </reg>
    <orig>
     всѣ
    </orig>
   </choice>
   <choice>
    <reg>
     с
    </reg>
    <orig>
     съ
    </orig>
   </choice>
   <choice>
    <reg>
     сетью
    </reg>
    <orig>
     сѣтью
    </orig>
   </choice>
   упали на землю и
   <choice>
    <reg>
     охотник
    </reg>
    <orig>
     охотникъ
    </orig>
   </choice>
   <choice>
    <reg>
     взял
    </reg>
    <orig>
     взялъ
    </orig>
   </choice>
   <choice>
    <reg>
     их
    </reg>
    <orig>
     ихъ
    </orig>
   </choice>
   .
  </p>
 </div>
</TEI>