<?xml version="1.0" encoding="utf-8"?>
<TEI xmlns="http://www.tei-c.org/ns/1.0" xmlns:xi="http://www.w3.org/2001/XInclude">
 <teiHeader>
  <fileDesc>
   <titleStmt>
    <title>
     Азбука. Книга I
    </title>
    <author>
     Толстой Л.Н.
    </author>
    <respStmt>
     <resp>
      подготовка TEI/XML
     </resp>
     <name>
      Мария Картышева, Евгений Можаев, Даниил Скоринкин, Елена Сидорова, Вероника Файнберг, Кирилл Милинцевич
     </name>
    </respStmt>
    <respStmt>
     <name>
      Анастасия Бонч-Осмоловская, Фёкла Толстая, Борис Орехов
     </name>
     <resp>
      Идея, постановка задач, руководство
     </resp>
    </respStmt>
   </titleStmt>
   <publicationStmt>
    <idno>
     Азбука  | Книга I
    </idno>
    <publisher>
     <orgName>
      Школа лингвистики НИУ ВШЭ
     </orgName>
    </publisher>
    <availability>
     <p>
      Тексты и метатекстовая разметка доступны для свободного использования и распространения по лицензии Creative Commons Attribution Share-Alike (cc by-sa)
     </p>
    </availability>
   </publicationStmt>
   <sourceDesc>
    <biblStruct>
     <analytic>
      <author>
       Толстой Л.Н.
      </author>
      <title level="a">
       Азбука. Книга I
      </title>
     </analytic>
     <monogr>
      <title level="m">
       Полное собрание сочинений. Том 22
      </title>
      <imprint>
       <pubPlace>
        Москва
       </pubPlace>
       <publisher>
        Государственное издательство "Художественная литература"
       </publisher>
       <date when="1871-1872"/>
      </imprint>
     </monogr>
     <series>
      <title level="s">
       Л.Н. Толстой. Полное собрание сочинений
      </title>
      <biblScope unit="vol">
       22
      </biblScope>
     </series>
    </biblStruct>
   </sourceDesc>
  </fileDesc>
  <encodingDesc>
   <classDecl>
    <xi:include href="taxonomy.xml"/>
   </classDecl>
  </encodingDesc>
  <profileDesc>
   <creation>
    <date notAfter="1872" notBefore="1871">
     1871-1872
    </date>
    <rs/>
   </creation>
   <textClass>
    <catRef target="#fiction" type="sphere"/>
    <catRef target="#произведения для детей" type="type"/>
    <catRef target="#works" type="works_letters_diaries"/>
    <catRef target="#азбука" type="ninetyDef"/>
    <catRef target="#Основное" type="main_var"/>
    <catRef target="#азбука" type="type_short"/>
    <catRef target="None" type="translation"/>
    <catRef target="None" type="translation_origin"/>
    <catRef target="#да" type="tolstoy_or_not"/>
    <catRef target="None" type="name_status"/>
   </textClass>
   <preparedness>
    finished
   </preparedness>
   <settingDesc>
    <time>
     XIX век
    </time>
   </settingDesc>
  </profileDesc>
  <xenoData>
   <cyclusName/>
   <p>
    Проект
    <title>
     Толстой.Digital
    </title>
    разрабатывается сотрудниками и студентами
    <orgName>
     Высшей школы экономики
    </orgName>
    в сотрудничестве с
    <orgName>
     Государственным музеем Л.Н. Толстого
    </orgName>
    . Источник текстов –
    <bibl>
     90-томное собрание сочинений Л.Н.Толстого
    </bibl>
    . Разметка основана на стандарте
    <ref target="http://www.tei-c.org">
     TEI (Text Encoding Initiative)
    </ref>
    .
   </p>
   <versionNumber/>
   <isFinished/>
   <isEdited/>
   <fullBibliographicDescription/>
  </xenoData>
 </teiHeader>
 <p rend="left emptyline">
  <pb n="374"/>
 </p>
 <div type="section" xml:id="ref169">
  <head rend="center">
   <hi rend="strong">
    ОЛЕНЬ И
    <choice>
     <reg>
      ВИНОГРАДНИК
     </reg>
    </choice>
    .
   </hi>
  </head>
  <p rend="left" uuid="65c988fc-f63c-4aed-8a92-7e801af7957d">
   Олень спрятался
   <choice>
    <reg>
     от
    </reg>
   </choice>
   <choice>
    <reg>
     охотников
    </reg>
   </choice>
   <choice>
    <reg>
     в
    </reg>
   </choice>
   <choice>
    <reg>
     виноградник
    </reg>
   </choice>
   . Когда охотники проминовали его, олень
   <choice>
    <reg>
     стал
    </reg>
   </choice>
   <choice>
    <reg>
     объедать
    </reg>
   </choice>
   виноградные листья.
  </p>
  <p rend="left" uuid="eb51cb98-c298-4da7-8f22-c61bf2421138">
   Охотники
   <choice>
    <reg>
     приметили
    </reg>
   </choice>
   , что листья шевелятся, и
   <choice>
    <reg>
     думают
    </reg>
   </choice>
   : «не
   <choice>
    <reg>
     зверь
    </reg>
   </choice>
   ли
   <choice>
    <reg>
     тут
    </reg>
   </choice>
   <choice>
    <reg>
     под
    </reg>
   </choice>
   листьями?» —
   <choice>
    <reg>
     выстрелили
    </reg>
   </choice>
   и ранили оленя.
  </p>
  <p rend="left" uuid="1855842d-a821-41ff-9ffe-50b7c0fda025">
   Олень и
   <choice>
    <reg>
     говорит
    </reg>
   </choice>
   умираючи: «
   <choice>
    <reg>
     поделом
    </reg>
   </choice>
   <choice>
    <reg>
     мне
    </reg>
   </choice>
   за то, что я
   <choice>
    <reg>
     хотел
    </reg>
   </choice>
   <choice>
    <reg>
     съесть
    </reg>
   </choice>
   листья
   <choice>
    <reg>
     те
    </reg>
   </choice>
   самые,
   <choice>
    <reg>
     какие
    </reg>
   </choice>
   спасли меня».
  </p>
 </div>
</TEI>