<?xml version="1.0" encoding="utf-8"?>
<TEI xmlns="http://www.tei-c.org/ns/1.0" xmlns:xi="http://www.w3.org/2001/XInclude">
 <teiHeader>
  <fileDesc>
   <titleStmt>
    <title>
     Азбука. Книга I
    </title>
    <author>
     Толстой Л.Н.
    </author>
    <respStmt>
     <resp>
      подготовка TEI/XML
     </resp>
     <name>
      Мария Картышева, Евгений Можаев, Даниил Скоринкин, Елена Сидорова, Вероника Файнберг, Кирилл Милинцевич
     </name>
    </respStmt>
    <respStmt>
     <name>
      Анастасия Бонч-Осмоловская, Фёкла Толстая, Борис Орехов
     </name>
     <resp>
      Идея, постановка задач, руководство
     </resp>
    </respStmt>
   </titleStmt>
   <publicationStmt>
    <idno>
     Азбука  | Книга I
    </idno>
    <publisher>
     <orgName>
      Школа лингвистики НИУ ВШЭ
     </orgName>
    </publisher>
    <availability>
     <p>
      Тексты и метатекстовая разметка доступны для свободного использования и распространения по лицензии Creative Commons Attribution Share-Alike (cc by-sa)
     </p>
    </availability>
   </publicationStmt>
   <sourceDesc>
    <biblStruct>
     <analytic>
      <author>
       Толстой Л.Н.
      </author>
      <title level="a">
       Азбука. Книга I
      </title>
     </analytic>
     <monogr>
      <title level="m">
       Полное собрание сочинений. Том 22
      </title>
      <imprint>
       <pubPlace>
        Москва
       </pubPlace>
       <publisher>
        Государственное издательство "Художественная литература"
       </publisher>
       <date when="1871-1872"/>
      </imprint>
     </monogr>
     <series>
      <title level="s">
       Л.Н. Толстой. Полное собрание сочинений
      </title>
      <biblScope unit="vol">
       22
      </biblScope>
     </series>
    </biblStruct>
   </sourceDesc>
  </fileDesc>
  <encodingDesc>
   <classDecl>
    <xi:include href="taxonomy.xml"/>
   </classDecl>
  </encodingDesc>
  <profileDesc>
   <creation>
    <date notAfter="1872" notBefore="1871">
     1871-1872
    </date>
    <rs/>
   </creation>
   <textClass>
    <catRef target="#fiction" type="sphere"/>
    <catRef target="#произведения для детей" type="type"/>
    <catRef target="#works" type="works_letters_diaries"/>
    <catRef target="#азбука" type="ninetyDef"/>
    <catRef target="#Основное" type="main_var"/>
    <catRef target="#азбука" type="type_short"/>
    <catRef target="None" type="translation"/>
    <catRef target="None" type="translation_origin"/>
    <catRef target="#да" type="tolstoy_or_not"/>
    <catRef target="None" type="name_status"/>
   </textClass>
   <preparedness>
    finished
   </preparedness>
   <settingDesc>
    <time>
     XIX век
    </time>
   </settingDesc>
  </profileDesc>
  <xenoData>
   <cyclusName/>
   <p>
    Проект
    <title>
     Толстой.Digital
    </title>
    разрабатывается сотрудниками и студентами
    <orgName>
     Высшей школы экономики
    </orgName>
    в сотрудничестве с
    <orgName>
     Государственным музеем Л.Н. Толстого
    </orgName>
    . Источник текстов –
    <bibl>
     90-томное собрание сочинений Л.Н.Толстого
    </bibl>
    . Разметка основана на стандарте
    <ref target="http://www.tei-c.org">
     TEI (Text Encoding Initiative)
    </ref>
    .
   </p>
   <versionNumber/>
   <isFinished/>
   <isEdited/>
   <fullBibliographicDescription/>
  </xenoData>
 </teiHeader>
 <p rend="left emptyline">
  <pb n="371"/>
 </p>
 <div type="section" xml:id="ref164">
  <head rend="center">
   <hi rend="strong">
    <choice>
     <reg>
      ВОЛК
     </reg>
    </choice>
    И
    <choice>
     <reg>
      ЛУК
     </reg>
    </choice>
    .
   </hi>
  </head>
  <p rend="left" uuid="4626ee22-f566-4558-9ce0-453d94dc05f3">
   <choice>
    <reg>
     Охотник
    </reg>
   </choice>
   <choice>
    <reg>
     с
    </reg>
   </choice>
   <choice>
    <reg>
     луком
    </reg>
   </choice>
   и
   <choice>
    <reg>
     стрелами
    </reg>
   </choice>
   <choice>
    <reg>
     пошёл
    </reg>
   </choice>
   на охоту,
   <choice>
    <reg>
     убил
    </reg>
   </choice>
   козу,
   <choice>
    <reg>
     взвалил
    </reg>
   </choice>
   на плечи и
   <choice>
    <reg>
     понёс
    </reg>
   </choice>
   её. По
   <choice>
    <reg>
     дороге
    </reg>
   </choice>
   <choice>
    <reg>
     увидал
    </reg>
   </choice>
   <choice>
    <reg>
     он
    </reg>
   </choice>
   кабана.
   <choice>
    <reg>
     Охотник
    </reg>
   </choice>
   <choice>
    <reg>
     сбросил
    </reg>
   </choice>
   козу,
   <choice>
    <reg>
     выстрелил
    </reg>
   </choice>
   <choice>
    <reg>
     в
    </reg>
   </choice>
   кабана и
   <choice>
    <reg>
     ранил
    </reg>
   </choice>
   его.
   <choice>
    <reg>
     Кабан
    </reg>
   </choice>
   бросился на охотника,
   <choice>
    <reg>
     спорол
    </reg>
   </choice>
   его до смерти, да и
   <choice>
    <reg>
     сам
    </reg>
   </choice>
   тутъже
   <choice>
    <reg>
     издох
    </reg>
   </choice>
   .
   <choice>
    <reg>
     Волк
    </reg>
   </choice>
   <choice>
    <reg>
     почуял
    </reg>
   </choice>
   кровь и
   <choice>
    <reg>
     пришёл
    </reg>
   </choice>
   <choice>
    <reg>
     к
    </reg>
   </choice>
   тому
   <choice>
    <reg>
     месту
    </reg>
   </choice>
   ,
   <choice>
    <reg>
     где
    </reg>
   </choice>
   лежали коза,
   <choice>
    <reg>
     кабан
    </reg>
   </choice>
   ,
   <choice>
    <reg>
     человек
    </reg>
   </choice>
   и его
   <choice>
    <reg>
     лук
    </reg>
   </choice>
   .
   <choice>
    <reg>
     Волк
    </reg>
   </choice>
   обрадовался
   <choice>
    <reg>
     подумал
    </reg>
   </choice>
   : «Теперь я буду долго
   <choice>
    <reg>
     сыт
    </reg>
   </choice>
   , только и не стану
   <choice>
    <reg>
     есть
    </reg>
   </choice>
   всего
   <choice>
    <reg>
     вдруг
    </reg>
   </choice>
   , а буду
   <choice>
    <reg>
     есть
    </reg>
   </choice>
   понемногу, чтобы ничего не пропало: сперва
   <choice>
    <reg>
     съем
    </reg>
   </choice>
   , чтó пожёстче, а
   <choice>
    <reg>
     потом
    </reg>
   </choice>
   закушу
   <choice>
    <reg>
     тем
    </reg>
   </choice>
   , чтó помягче и послаще.
  </p>
  <p rend="left emptyline" uuid="d4af34cd-6f4a-41b9-8df7-594b5ad15b8e">
   <pb n="372"/>
  </p>
  <p rend="centerline" uuid="8aa766de-dbe2-49bc-85ca-0b6a66eebd43">
   — 4 —
  </p>
  <p rend="left" uuid="9d2f4121-2a74-4282-9d26-08f2e0d9be5e">
   <choice>
    <reg>
     Волк
    </reg>
   </choice>
   <choice>
    <reg>
     понюхал
    </reg>
   </choice>
   козу, кабана и
   <choice>
    <reg>
     человека
    </reg>
   </choice>
   и
   <choice>
    <reg>
     сказал
    </reg>
   </choice>
   : «это кушанье мягкое, я
   <choice>
    <reg>
     съем
    </reg>
   </choice>
   это
   <choice>
    <reg>
     после
    </reg>
   </choice>
   ; а прежде дай
   <choice>
    <reg>
     съем
    </reg>
   </choice>
   эти жилы на
   <choice>
    <reg>
     луке
    </reg>
   </choice>
   .» И
   <choice>
    <reg>
     он
    </reg>
   </choice>
   <choice>
    <reg>
     стал
    </reg>
   </choice>
   грызть жилы на
   <choice>
    <reg>
     луке
    </reg>
   </choice>
   . Когда
   <choice>
    <reg>
     он
    </reg>
   </choice>
   <choice>
    <reg>
     перекусил
    </reg>
   </choice>
   тетиву,
   <choice>
    <reg>
     лук
    </reg>
   </choice>
   <choice>
    <reg>
     расскочился
    </reg>
   </choice>
   и
   <choice>
    <reg>
     ударил
    </reg>
   </choice>
   волка по брюху.
   <choice>
    <reg>
     Волк
    </reg>
   </choice>
   <choice>
    <reg>
     тут
    </reg>
   </choice>
   же
   <choice>
    <reg>
     издох
    </reg>
   </choice>
   , a
   <choice>
    <reg>
     другие
    </reg>
   </choice>
   волки
   <choice>
    <reg>
     съели
    </reg>
   </choice>
   и
   <choice>
    <reg>
     человека
    </reg>
   </choice>
   , и козу, и кабана, и волка.
  </p>
 </div>
</TEI>