<?xml version="1.0" encoding="utf-8"?>
<TEI xmlns="http://www.tei-c.org/ns/1.0" xmlns:xi="http://www.w3.org/2001/XInclude">
 <teiHeader>
  <fileDesc>
   <titleStmt>
    <title>
     Азбука. Книга I
    </title>
    <author>
     Толстой Л.Н.
    </author>
    <respStmt>
     <resp>
      подготовка TEI/XML
     </resp>
     <name>
      Мария Картышева, Евгений Можаев, Даниил Скоринкин, Елена Сидорова, Вероника Файнберг, Кирилл Милинцевич
     </name>
    </respStmt>
    <respStmt>
     <name>
      Анастасия Бонч-Осмоловская, Фёкла Толстая, Борис Орехов
     </name>
     <resp>
      Идея, постановка задач, руководство
     </resp>
    </respStmt>
   </titleStmt>
   <publicationStmt>
    <idno>
     Азбука  | Книга I
    </idno>
    <publisher>
     <orgName>
      Школа лингвистики НИУ ВШЭ
     </orgName>
    </publisher>
    <availability>
     <p>
      Тексты и метатекстовая разметка доступны для свободного использования и распространения по лицензии Creative Commons Attribution Share-Alike (cc by-sa)
     </p>
    </availability>
   </publicationStmt>
   <sourceDesc>
    <biblStruct>
     <analytic>
      <author>
       Толстой Л.Н.
      </author>
      <title level="a">
       Азбука. Книга I
      </title>
     </analytic>
     <monogr>
      <title level="m">
       Полное собрание сочинений. Том 22
      </title>
      <imprint>
       <pubPlace>
        Москва
       </pubPlace>
       <publisher>
        Государственное издательство "Художественная литература"
       </publisher>
       <date when="1871-1872"/>
      </imprint>
     </monogr>
     <series>
      <title level="s">
       Л.Н. Толстой. Полное собрание сочинений
      </title>
      <biblScope unit="vol">
       22
      </biblScope>
     </series>
    </biblStruct>
   </sourceDesc>
  </fileDesc>
  <encodingDesc>
   <classDecl>
    <xi:include href="taxonomy.xml"/>
   </classDecl>
  </encodingDesc>
  <profileDesc>
   <creation>
    <date notAfter="1872" notBefore="1871">
     1871-1872
    </date>
    <rs/>
   </creation>
   <textClass>
    <catRef target="#fiction" type="sphere"/>
    <catRef target="#произведения для детей" type="type"/>
    <catRef target="#works" type="works_letters_diaries"/>
    <catRef target="#азбука" type="ninetyDef"/>
    <catRef target="#Основное" type="main_var"/>
    <catRef target="#азбука" type="type_short"/>
    <catRef target="None" type="translation"/>
    <catRef target="None" type="translation_origin"/>
    <catRef target="#да" type="tolstoy_or_not"/>
    <catRef target="None" type="name_status"/>
   </textClass>
   <preparedness>
    finished
   </preparedness>
   <settingDesc>
    <time>
     XIX век
    </time>
   </settingDesc>
  </profileDesc>
  <xenoData>
   <cyclusName/>
   <p>
    Проект
    <title>
     Толстой.Digital
    </title>
    разрабатывается сотрудниками и студентами
    <orgName>
     Высшей школы экономики
    </orgName>
    в сотрудничестве с
    <orgName>
     Государственным музеем Л.Н. Толстого
    </orgName>
    . Источник текстов –
    <bibl>
     90-томное собрание сочинений Л.Н.Толстого
    </bibl>
    . Разметка основана на стандарте
    <ref target="http://www.tei-c.org">
     TEI (Text Encoding Initiative)
    </ref>
    .
   </p>
   <versionNumber/>
   <isFinished/>
   <isEdited/>
   <fullBibliographicDescription/>
  </xenoData>
 </teiHeader>
 <p rend="left emptyline">
  <pb n="274"/>
 </p>
   <div type="section" xml:id="ref140">
    <head rend="center">
     <hi rend="strong">
      <choice>
       <reg>
        МАГНИТ
       </reg>
       <orig>
        МАГНИТЪ
       </orig>
      </choice>
      .
     </hi>
     <lb/>
     <hi rend="strong">
      I.
     </hi>
    </head>
    <p rend="left" uuid="7b9aacd0-e247-4c5c-9aa2-9e12d5478a22">
     <choice>
      <reg>
       В
      </reg>
      <orig>
       Въ
      </orig>
     </choice>
     старину
     <choice>
      <reg>
       был
      </reg>
      <orig>
       былъ
      </orig>
     </choice>
     <choice>
      <reg>
       пастух
      </reg>
      <orig>
       пастухъ
      </orig>
     </choice>
     ; звали его
     <choice>
      <reg>
       Магнис
      </reg>
      <orig>
       Магнисъ
      </orig>
     </choice>
     . Пропала у Магниса овца.
     <choice>
      <reg>
       Он
      </reg>
      <orig>
       Онъ
      </orig>
     </choice>
     <choice>
      <reg>
       пошёл
      </reg>
      <orig>
       пошёлъ
      </orig>
     </choice>
     <choice>
      <reg>
       в
      </reg>
      <orig>
       въ
      </orig>
     </choice>
     горы искать.
     <choice>
      <reg>
       Пришёл
      </reg>
      <orig>
       Пришёлъ
      </orig>
     </choice>
     на одно
     <choice>
      <reg>
       место
      </reg>
      <orig>
       мѣсто
      </orig>
     </choice>
     ,
     <choice>
      <reg>
       где
      </reg>
      <orig>
       гдѣ
      </orig>
     </choice>
     — один голые камни.
     <choice>
      <reg>
       Он
      </reg>
      <orig>
       Онъ
      </orig>
     </choice>
     <choice>
      <reg>
       пошел
      </reg>
      <orig>
       пошелъ
      </orig>
     </choice>
     по
     <choice>
      <reg>
       этим
      </reg>
      <orig>
       этимъ
      </orig>
     </choice>
     <choice>
      <reg>
       камням
      </reg>
      <orig>
       камнямъ
      </orig>
     </choice>
     и
     <choice>
      <reg>
       чувствует
      </reg>
      <orig>
       чувствуетъ
      </orig>
     </choice>
     , что сапоги на
     <choice>
      <reg>
       нем
      </reg>
      <orig>
       немъ
      </orig>
     </choice>
     <choice>
      <reg>
       прилипают
      </reg>
      <orig>
       прилипаютъ
      </orig>
     </choice>
     <choice>
      <reg>
       к
      </reg>
      <orig>
       къ
      </orig>
     </choice>
     <choice>
      <reg>
       этим
      </reg>
      <orig>
       этимъ
      </orig>
     </choice>
     <choice>
      <reg>
       камням
      </reg>
      <orig>
       камнямъ
      </orig>
     </choice>
     .
     <choice>
      <reg>
       Он
      </reg>
      <orig>
       Онъ
      </orig>
     </choice>
     <choice>
      <reg>
       потрогал
      </reg>
      <orig>
       потрогалъ
      </orig>
     </choice>
     рукой — камни
     <choice>
      <reg>
       сухие
      </reg>
      <orig>
       сухiе
      </orig>
     </choice>
     и
     <choice>
      <reg>
       к
      </reg>
      <orig>
       къ
      </orig>
     </choice>
     <choice>
      <reg>
       рукам
      </reg>
      <orig>
       рукамъ
      </orig>
     </choice>
     не
     <choice>
      <reg>
       липнут
      </reg>
      <orig>
       липнутъ
      </orig>
     </choice>
     .
     <choice>
      <reg>
       Пошёл
      </reg>
      <orig>
       Пошёлъ
      </orig>
     </choice>
     опять, — опять сапоги
     <choice>
      <reg>
       прилипают
      </reg>
      <orig>
       прилипаютъ
      </orig>
     </choice>
     .
     <choice>
      <reg>
       Он
      </reg>
      <orig>
       Онъ
      </orig>
     </choice>
     <choice>
      <reg>
       сел
      </reg>
      <orig>
       сѣлъ
      </orig>
     </choice>
     , разулся,
     <choice>
      <reg>
       взял
      </reg>
      <orig>
       взялъ
      </orig>
     </choice>
     <choice>
      <reg>
       сапог
      </reg>
      <orig>
       сапогъ
      </orig>
     </choice>
     <choice>
      <reg>
       в
      </reg>
      <orig>
       въ
      </orig>
     </choice>
     руку и
     <choice>
      <reg>
       стал
      </reg>
      <orig>
       сталъ
      </orig>
     </choice>
     трогать
     <choice>
      <reg>
       им
      </reg>
      <orig>
       имъ
      </orig>
     </choice>
     камни.
    </p>
    <p rend="left" uuid="f01858e2-6d19-4e8e-a600-a44cdee86cd2">
     <choice>
      <reg>
       Тронет
      </reg>
      <orig>
       Тронетъ
      </orig>
     </choice>
     кожей и подошвой — ка
     <choice>
      <reg>
       прилипает
      </reg>
      <orig>
       прилипаетъ
      </orig>
     </choice>
     , а
     <choice>
      <reg>
       как
      </reg>
      <orig>
       какъ
      </orig>
     </choice>
     <choice>
      <reg>
       тронет
      </reg>
      <orig>
       тронетъ
      </orig>
     </choice>
     гвоздями,
     <choice>
      <reg>
       так
      </reg>
      <orig>
       такъ
      </orig>
     </choice>
     <choice>
      <reg>
       прилипнет
      </reg>
      <orig>
       прилипнетъ
      </orig>
     </choice>
     .
    </p>
    <p rend="left" uuid="9a75a1fa-8cf7-45ef-89be-61274ac83a21">
     Была у Магниса палка
     <choice>
      <reg>
       с
      </reg>
      <orig>
       съ
      </orig>
     </choice>
     <choice>
      <reg>
       железным
      </reg>
      <orig>
       желѣзнымъ
      </orig>
     </choice>
     <choice>
      <reg>
       наконечником
      </reg>
      <orig>
       наконечникомъ
      </orig>
     </choice>
     .
     <choice>
      <reg>
       Он
      </reg>
      <orig>
       Онъ
      </orig>
     </choice>
     <choice>
      <reg>
       тронул
      </reg>
      <orig>
       тронулъ
      </orig>
     </choice>
     камень
     <choice>
      <reg>
       деревом
      </reg>
      <orig>
       деревомъ
      </orig>
     </choice>
     — не
     <choice>
      <reg>
       прилипает
      </reg>
      <orig>
       прилипаетъ
      </orig>
     </choice>
     ;
     <choice>
      <reg>
       тронул
      </reg>
      <orig>
       тронулъ
      </orig>
     </choice>
     <choice>
      <reg>
       железом
      </reg>
      <orig>
       желѣзомъ
      </orig>
     </choice>
     — прилипло
     <choice>
      <reg>
       так
      </reg>
      <orig>
       такъ
      </orig>
     </choice>
     , что отрывать надо.
    </p>
    <p rend="left" uuid="724ae057-771e-42ae-9726-91fcff3a5e46">
     <choice>
      <reg>
       Магнис
      </reg>
      <orig>
       Магнисъ
      </orig>
     </choice>
     <choice>
      <reg>
       рассмотред
      </reg>
      <orig>
       разсмотрѣдъ
      </orig>
     </choice>
     камень,
     <choice>
      <reg>
       видит
      </reg>
      <orig>
       видитъ
      </orig>
     </choice>
     , что
     <choice>
      <reg>
       похож
      </reg>
      <orig>
       похожъ
      </orig>
     </choice>
     на
     <choice>
      <reg>
       железо
      </reg>
      <orig>
       желѣзо
      </orig>
     </choice>
     , и
     <choice>
      <reg>
       принёс
      </reg>
      <orig>
       принёсъ
      </orig>
     </choice>
     куски камня домой.
     <choice>
      <reg>
       С
      </reg>
      <orig>
       Съ
      </orig>
     </choice>
     <choice>
      <reg>
       тех
      </reg>
      <orig>
       тѣхъ
      </orig>
     </choice>
     <choice>
      <reg>
       пор
      </reg>
      <orig>
       поръ
      </orig>
     </choice>
     узнали
     <choice>
      <reg>
       этот
      </reg>
      <orig>
       этотъ
      </orig>
     </choice>
     камень и прозвали его
     <choice>
      <reg>
       магнитом
      </reg>
      <orig>
       магнитомъ
      </orig>
     </choice>
     .
    </p>
   </div>
   <div xml:id="h000010006006011"/>
   <div type="section" xml:id="ref141">
    <head rend="center">
     <hi rend="strong">
      <choice>
       <reg>
        МАГНИТ
       </reg>
       <orig>
        МАГНИТЪ
       </orig>
      </choice>
      .
     </hi>
     <lb/>
     <hi rend="strong">
      II
     </hi>
    </head>
    <p rend="left" uuid="07398b92-0ffe-440b-b1e5-b1b26b79070a">
     <choice>
      <reg>
       Магнит
      </reg>
      <orig>
       Магнитъ
      </orig>
     </choice>
     <choice>
      <reg>
       находят
      </reg>
      <orig>
       находятъ
      </orig>
     </choice>
     <choice>
      <reg>
       в
      </reg>
      <orig>
       въ
      </orig>
     </choice>
     <choice>
      <reg>
       земле
      </reg>
      <orig>
       землѣ
      </orig>
     </choice>
     <choice>
      <reg>
       с
      </reg>
      <orig>
       съ
      </orig>
     </choice>
     <choice>
      <reg>
       железной
      </reg>
      <orig>
       желѣзной
      </orig>
     </choice>
     рудой.
     <choice>
      <reg>
       Там
      </reg>
      <orig>
       Тамъ
      </orig>
     </choice>
     ,
     <choice>
      <reg>
       где
      </reg>
      <orig>
       гдѣ
      </orig>
     </choice>
     есть
     <choice>
      <reg>
       магнит
      </reg>
      <orig>
       магнитъ
      </orig>
     </choice>
     <choice>
      <reg>
       в
      </reg>
      <orig>
       въ
      </orig>
     </choice>
     <choice>
      <reg>
       руде
      </reg>
      <orig>
       рудѣ
      </orig>
     </choice>
     , и
     <choice>
      <reg>
       железо
      </reg>
      <orig>
       желѣзо
      </orig>
     </choice>
     самое лучшее.
     <choice>
      <reg>
       Из
      </reg>
      <orig>
       Изъ
      </orig>
     </choice>
     себя
     <choice>
      <reg>
       магнит
      </reg>
      <orig>
       магнитъ
      </orig>
     </choice>
     <choice>
      <reg>
       нохож
      </reg>
      <orig>
       нохожъ
      </orig>
     </choice>
     на
     <choice>
      <reg>
       железо
      </reg>
      <orig>
       желѣзо
      </orig>
     </choice>
     .
    </p>
    <p rend="left" uuid="660a5129-a1de-4a56-878e-9c956bdee398">
     Если положить
     <choice>
      <reg>
       кусок
      </reg>
      <orig>
       кусокъ
      </orig>
     </choice>
     <choice>
      <reg>
       жслеза
      </reg>
      <orig>
       жслѣза
      </orig>
     </choice>
     на
     <choice>
      <reg>
       магнит
      </reg>
      <orig>
       магнитъ
      </orig>
     </choice>
     , то и
     <choice>
      <reg>
       железо
      </reg>
      <orig>
       желѣзо
      </orig>
     </choice>
     <choice>
      <reg>
       станет
      </reg>
      <orig>
       станетъ
      </orig>
     </choice>
     притягивать другое
     <choice>
      <reg>
       железо
      </reg>
      <orig>
       желѣзо
      </orig>
     </choice>
     . А если положить стальную иголку на
     <choice>
      <reg>
       магнит
      </reg>
      <orig>
       магнитъ
      </orig>
     </choice>
     , да подержать
    </p>
    <p rend="left emptyline" uuid="46d28316-1796-4bd7-a942-b3ff6b588133">
     <pb n="275"/>
    </p>
    <p rend="centerline" uuid="8889adbd-d3c8-49fa-b6ad-12123d6d78b9">
     — 73 —
    </p>
    <p rend="notindent" uuid="733bc89e-fbc2-4d8d-a98f-2296d96dd2e0">
     подольше, то иголка
     <choice>
      <reg>
       сделается
      </reg>
      <orig>
       сдѣлается
      </orig>
     </choice>
     <choice>
      <reg>
       магнитом
      </reg>
      <orig>
       магнитомъ
      </orig>
     </choice>
     и
     <choice>
      <reg>
       станет
      </reg>
      <orig>
       станетъ
      </orig>
     </choice>
     <choice>
      <reg>
       к
      </reg>
      <orig>
       къ
      </orig>
     </choice>
     <choice>
      <reg>
       себе
      </reg>
      <orig>
       себѣ
      </orig>
     </choice>
     притягивать
     <choice>
      <reg>
       железо
      </reg>
      <orig>
       желѣзо
      </orig>
     </choice>
     . Если два магнита сводить концы
     <choice>
      <reg>
       с
      </reg>
      <orig>
       съ
      </orig>
     </choice>
     концами, то одни концы
     <choice>
      <reg>
       будут
      </reg>
      <orig>
       будутъ
      </orig>
     </choice>
     отворачиваться
     <choice>
      <reg>
       друг
      </reg>
      <orig>
       другъ
      </orig>
     </choice>
     <choice>
      <reg>
       от
      </reg>
      <orig>
       отъ
      </orig>
     </choice>
     друга, a
     <choice>
      <reg>
       другие
      </reg>
      <orig>
       другiе
      </orig>
     </choice>
     <choice>
      <reg>
       будут
      </reg>
      <orig>
       будутъ
      </orig>
     </choice>
     <choice>
      <reg>
       сцепляться
      </reg>
      <orig>
       сцѣпляться
      </orig>
     </choice>
     .
    </p>
    <p rend="left" uuid="8eaef735-e2ba-4713-b614-f36c43f6d8ca">
     Если одну магнитную палочку разрубить
     <choice>
      <reg>
       пополам
      </reg>
      <orig>
       пополамъ
      </orig>
     </choice>
     , то опять каждая половинка
     <choice>
      <reg>
       будет
      </reg>
      <orig>
       будетъ
      </orig>
     </choice>
     <choice>
      <reg>
       с
      </reg>
      <orig>
       съ
      </orig>
     </choice>
     одной стороны
     <choice>
      <reg>
       цепляться
      </reg>
      <orig>
       цѣпляться
      </orig>
     </choice>
     , а
     <choice>
      <reg>
       с
      </reg>
      <orig>
       съ
      </orig>
     </choice>
     другой отворачиваться. И ещё разруби, — тоже
     <choice>
      <reg>
       будет
      </reg>
      <orig>
       будетъ
      </orig>
     </choice>
     ; и ещё руби сколько хочешь, — всё тоже
     <choice>
      <reg>
       будет
      </reg>
      <orig>
       будетъ
      </orig>
     </choice>
     :
     <choice>
      <reg>
       одинакие
      </reg>
      <orig>
       одинакiе
      </orig>
     </choice>
     концы
     <choice>
      <reg>
       будут
      </reg>
      <orig>
       будутъ
      </orig>
     </choice>
     отворачиваться, разные
     <choice>
      <reg>
       цепляться
      </reg>
      <orig>
       цѣпляться
      </orig>
     </choice>
     ,
     <choice>
      <reg>
       как
      </reg>
      <orig>
       какъ
      </orig>
     </choice>
     будто
     <choice>
      <reg>
       с
      </reg>
      <orig>
       съ
      </orig>
     </choice>
     одного конца
     <choice>
      <reg>
       магнит
      </reg>
      <orig>
       магнитъ
      </orig>
     </choice>
     <choice>
      <reg>
       выпирает
      </reg>
      <orig>
       выпираетъ
      </orig>
     </choice>
     , а
     <choice>
      <reg>
       с
      </reg>
      <orig>
       съ
      </orig>
     </choice>
     <choice>
      <reg>
       другого
      </reg>
      <orig>
       другаго
      </orig>
     </choice>
     <choice>
      <reg>
       втягивает
      </reg>
      <orig>
       втягиваетъ
      </orig>
     </choice>
     . И
     <choice>
      <reg>
       как
      </reg>
      <orig>
       какъ
      </orig>
     </choice>
     его ни разломи, всё
     <choice>
      <reg>
       с
      </reg>
      <orig>
       съ
      </orig>
     </choice>
     одного конца
     <choice>
      <reg>
       он
      </reg>
      <orig>
       онъ
      </orig>
     </choice>
     <choice>
      <reg>
       будет
      </reg>
      <orig>
       будетъ
      </orig>
     </choice>
     выпирать, а
     <choice>
      <reg>
       с
      </reg>
      <orig>
       съ
      </orig>
     </choice>
     <choice>
      <reg>
       другого
      </reg>
      <orig>
       другаго
      </orig>
     </choice>
     втягивать. Всё равно
     <choice>
      <reg>
       как
      </reg>
      <orig>
       какъ
      </orig>
     </choice>
     еловую шишку,
     <choice>
      <reg>
       где
      </reg>
      <orig>
       гдѣ
      </orig>
     </choice>
     ни разломи, всё
     <choice>
      <reg>
       будет
      </reg>
      <orig>
       будетъ
      </orig>
     </choice>
     .
     <choice>
      <reg>
       с
      </reg>
      <orig>
       съ
      </orig>
     </choice>
     одного конца
     <choice>
      <reg>
       пупом
      </reg>
      <orig>
       пупомъ
      </orig>
     </choice>
     , а
     <choice>
      <reg>
       с
      </reg>
      <orig>
       съ
      </orig>
     </choice>
     <choice>
      <reg>
       другого
      </reg>
      <orig>
       другаго
      </orig>
     </choice>
     чашечкой.
     <choice>
      <reg>
       С
      </reg>
      <orig>
       Съ
      </orig>
     </choice>
     того ли,
     <choice>
      <reg>
       с
      </reg>
      <orig>
       съ
      </orig>
     </choice>
     <choice>
      <reg>
       другого
      </reg>
      <orig>
       другаго
      </orig>
     </choice>
     ли конца, — чашечка
     <choice>
      <reg>
       с
      </reg>
      <orig>
       съ
      </orig>
     </choice>
     <choice>
      <reg>
       пупом
      </reg>
      <orig>
       пупомъ
      </orig>
     </choice>
     сойдётся, а
     <choice>
      <reg>
       пуп
      </reg>
      <orig>
       пупъ
      </orig>
     </choice>
     <choice>
      <reg>
       с
      </reg>
      <orig>
       съ
      </orig>
     </choice>
     <choice>
      <reg>
       пупом
      </reg>
      <orig>
       пупомъ
      </orig>
     </choice>
     и чашечка
     <choice>
      <reg>
       с
      </reg>
      <orig>
       съ
      </orig>
     </choice>
     чашечкой не сойдутся.
    </p>
   </div>
   <div xml:id="h000010006006012"/>
   <div type="section" xml:id="ref142">
    <head rend="center">
     <hi rend="strong">
      <choice>
       <reg>
        МАГНИТ
       </reg>
       <orig>
        МАГНИТЪ
       </orig>
      </choice>
      .
     </hi>
     <lb/>
     <hi rend="strong">
      III.
     </hi>
    </head>
    <p rend="left" uuid="55e3a2eb-0d72-4b3f-880d-662a3b752c85">
     Если намагнитить иголку (подержать подольше
     <choice>
      <reg>
       с
      </reg>
      <orig>
       съ
      </orig>
     </choice>
     <choice>
      <reg>
       магнитом
      </reg>
      <orig>
       магнитомъ
      </orig>
     </choice>
     ) и насадить её серединкой на
     <choice>
      <reg>
       шпенёк
      </reg>
      <orig>
       шпенёкъ
      </orig>
     </choice>
     ,
     <choice>
      <reg>
       так
      </reg>
      <orig>
       такъ
      </orig>
     </choice>
     чтобы она ходила вольно на
     <choice>
      <reg>
       шпеньке
      </reg>
      <orig>
       шпенькѣ
      </orig>
     </choice>
     , то
     <choice>
      <reg>
       как
      </reg>
      <orig>
       какъ
      </orig>
     </choice>
     хочешь верти магнитную иголку,
     <choice>
      <reg>
       как
      </reg>
      <orig>
       какъ
      </orig>
     </choice>
     пустишь — она
     <choice>
      <reg>
       станет
      </reg>
      <orig>
       станетъ
      </orig>
     </choice>
     <choice>
      <reg>
       одним
      </reg>
      <orig>
       однимъ
      </orig>
     </choice>
     <choice>
      <reg>
       концом
      </reg>
      <orig>
       концомъ
      </orig>
     </choice>
     на полдни (
     <choice>
      <reg>
       юг
      </reg>
      <orig>
       югъ
      </orig>
     </choice>
     ),
     <choice>
      <reg>
       другим
      </reg>
      <orig>
       другимъ
      </orig>
     </choice>
     на полночь (
     <choice>
      <reg>
       север
      </reg>
      <orig>
       сѣверъ
      </orig>
     </choice>
     ).
    </p>
    <p rend="left" uuid="6d14d84b-5288-4d6a-8532-e4332a73c373">
     Когда не знали магнита, по морю не плавали далеко.
     <choice>
      <reg>
       Как
      </reg>
      <orig>
       Какъ
      </orig>
     </choice>
     <choice>
      <reg>
       выйдут
      </reg>
      <orig>
       выйдутъ
      </orig>
     </choice>
     далеко
     <choice>
      <reg>
       в
      </reg>
      <orig>
       въ
      </orig>
     </choice>
     море, что земли не видать, то только по солнцу и по
     <choice>
      <reg>
       звездам
      </reg>
      <orig>
       звѣздамъ
      </orig>
     </choice>
     и знали,
    </p>
    <p rend="left emptyline" uuid="305ea764-4de7-4906-a331-24fa184af830">
     <pb n="276"/>
    </p>
    <p rend="centerline" uuid="334c0498-644e-4012-87f3-3d35a34a09b5">
     — 74 —
    </p>
    <p rend="notindent" uuid="b6f19619-5f0e-4c57-9f33-e4e821937146">
     куда плыть. А если пасмурно, не видать солнца и
     <choice>
      <reg>
       звезд
      </reg>
      <orig>
       звѣздъ
      </orig>
     </choice>
     , то и не
     <choice>
      <reg>
       знают
      </reg>
      <orig>
       знаютъ
      </orig>
     </choice>
     сами, куда плыть. А корабль
     <choice>
      <reg>
       несёт
      </reg>
      <orig>
       несётъ
      </orig>
     </choice>
     <choice>
      <reg>
       ветром
      </reg>
      <orig>
       вѣтромъ
      </orig>
     </choice>
     и
     <choice>
      <reg>
       занесёт
      </reg>
      <orig>
       занесётъ
      </orig>
     </choice>
     на камни, и
     <choice>
      <reg>
       разобьёт
      </reg>
      <orig>
       разобьётъ
      </orig>
     </choice>
    </p>
    <p rend="left" uuid="f4e5cb51-e369-49f5-81d3-339baff448ce">
     Пока не знали магнита, не плавали по
     <choice>
      <reg>
       морям
      </reg>
      <orig>
       морямъ
      </orig>
     </choice>
     вдаль
     <choice>
      <reg>
       от
      </reg>
      <orig>
       отъ
      </orig>
     </choice>
     берега; а когда узнали
     <choice>
      <reg>
       магнит
      </reg>
      <orig>
       магнитъ
      </orig>
     </choice>
     , то
     <choice>
      <reg>
       сделали
      </reg>
      <orig>
       сдѣлали
      </orig>
     </choice>
     иголку магнитную на
     <choice>
      <reg>
       шпеньке
      </reg>
      <orig>
       шпенькѣ
      </orig>
     </choice>
     ,
     <choice>
      <reg>
       чтоб
      </reg>
      <orig>
       чтобъ
      </orig>
     </choice>
     она вольно ходила. По этой
     <choice>
      <reg>
       иголке
      </reg>
      <orig>
       иголкѣ
      </orig>
     </choice>
     и стали узнавать,
     <choice>
      <reg>
       в
      </reg>
      <orig>
       въ
      </orig>
     </choice>
     какую сторону
     <choice>
      <reg>
       плывут
      </reg>
      <orig>
       плывутъ
      </orig>
     </choice>
     <choice>
      <reg>
       С
      </reg>
      <orig>
       Съ
      </orig>
     </choice>
     магнитной иголкой стали
     <choice>
      <reg>
       ездить
      </reg>
      <orig>
       ѣздить
      </orig>
     </choice>
     дальше
     <choice>
      <reg>
       от
      </reg>
      <orig>
       отъ
      </orig>
     </choice>
     <choice>
      <reg>
       берегов
      </reg>
      <orig>
       береговъ
      </orig>
     </choice>
     , и
     <choice>
      <reg>
       с
      </reg>
      <orig>
       съ
      </orig>
     </choice>
     <choice>
      <reg>
       тех
      </reg>
      <orig>
       тѣхъ
      </orig>
     </choice>
     <choice>
      <reg>
       пор
      </reg>
      <orig>
       поръ
      </orig>
     </choice>
     много
     <choice>
      <reg>
       новых
      </reg>
      <orig>
       новыхъ
      </orig>
     </choice>
     морей узнали.
    </p>
    <p rend="left" uuid="fd52a7d9-e4e4-4e34-b426-a06fdfccdc9e">
     На
     <choice>
      <reg>
       кораблях
      </reg>
      <orig>
       корабляхъ
      </orig>
     </choice>
     всегда
     <choice>
      <reg>
       бывает
      </reg>
      <orig>
       бываетъ
      </orig>
     </choice>
     магнитная иголка (
     <choice>
      <reg>
       компас
      </reg>
      <orig>
       компасъ
      </orig>
     </choice>
     ) и есть
     <choice>
      <reg>
       мерная
      </reg>
      <orig>
       мѣрная
      </orig>
     </choice>
     верёвка
     <choice>
      <reg>
       с
      </reg>
      <orig>
       съ
      </orig>
     </choice>
     узлами на
     <choice>
      <reg>
       конце
      </reg>
      <orig>
       концѣ
      </orig>
     </choice>
     корабля. И верёвка
     <choice>
      <reg>
       приделана
      </reg>
      <orig>
       придѣлана
      </orig>
     </choice>
     <choice>
      <reg>
       так
      </reg>
      <orig>
       такъ
      </orig>
     </choice>
     , что она разматывается и по ней видно, сколько корабль
     <choice>
      <reg>
       проехал
      </reg>
      <orig>
       проѣхалъ
      </orig>
     </choice>
     .
    </p>
    <p rend="left" uuid="06850625-2bd5-42d8-ad4f-1e6dbb857721">
     <choice>
      <reg>
       Так
      </reg>
      <orig>
       Такъ
      </orig>
     </choice>
     что когда
     <choice>
      <reg>
       плывут
      </reg>
      <orig>
       плывутъ
      </orig>
     </choice>
     на
     <choice>
      <reg>
       корабле
      </reg>
      <orig>
       кораблѣ
      </orig>
     </choice>
     , всегда
     <choice>
      <reg>
       знают
      </reg>
      <orig>
       знаютъ
      </orig>
     </choice>
     , на
     <choice>
      <reg>
       каком
      </reg>
      <orig>
       какомъ
      </orig>
     </choice>
     теперь
     <choice>
      <reg>
       месте
      </reg>
      <orig>
       мѣстѣ
      </orig>
     </choice>
     корабль, далеко ли
     <choice>
      <reg>
       от
      </reg>
      <orig>
       отъ
      </orig>
     </choice>
     берега и
     <choice>
      <reg>
       в
      </reg>
      <orig>
       въ
      </orig>
     </choice>
     какую сторону.
    </p>
    <p rend="left emptyline" uuid="391f08d8-8f2a-4613-b566-4a2763aefd40">
     <pb n="277"/>
    </p>
   </div>
</TEI>