<?xml version="1.0" encoding="utf-8"?>
<TEI xmlns="http://www.tei-c.org/ns/1.0" xmlns:xi="http://www.w3.org/2001/XInclude">
 <teiHeader>
  <fileDesc>
   <titleStmt>
    <title>
     Азбука. Книга I
    </title>
    <author>
     Толстой Л.Н.
    </author>
    <respStmt>
     <resp>
      подготовка TEI/XML
     </resp>
     <name>
      Мария Картышева, Евгений Можаев, Даниил Скоринкин, Елена Сидорова, Вероника Файнберг, Кирилл Милинцевич
     </name>
    </respStmt>
    <respStmt>
     <name>
      Анастасия Бонч-Осмоловская, Фёкла Толстая, Борис Орехов
     </name>
     <resp>
      Идея, постановка задач, руководство
     </resp>
    </respStmt>
   </titleStmt>
   <publicationStmt>
    <idno>
     Азбука  | Книга I
    </idno>
    <publisher>
     <orgName>
      Школа лингвистики НИУ ВШЭ
     </orgName>
    </publisher>
    <availability>
     <p>
      Тексты и метатекстовая разметка доступны для свободного использования и распространения по лицензии Creative Commons Attribution Share-Alike (cc by-sa)
     </p>
    </availability>
   </publicationStmt>
   <sourceDesc>
    <biblStruct>
     <analytic>
      <author>
       Толстой Л.Н.
      </author>
      <title level="a">
       Азбука. Книга I
      </title>
     </analytic>
     <monogr>
      <title level="m">
       Полное собрание сочинений. Том 22
      </title>
      <imprint>
       <pubPlace>
        Москва
       </pubPlace>
       <publisher>
        Государственное издательство "Художественная литература"
       </publisher>
       <date when="1871-1872"/>
      </imprint>
     </monogr>
     <series>
      <title level="s">
       Л.Н. Толстой. Полное собрание сочинений
      </title>
      <biblScope unit="vol">
       22
      </biblScope>
     </series>
    </biblStruct>
   </sourceDesc>
  </fileDesc>
  <encodingDesc>
   <classDecl>
    <xi:include href="taxonomy.xml"/>
   </classDecl>
  </encodingDesc>
  <profileDesc>
   <creation>
    <date notAfter="1872" notBefore="1871">
     1871-1872
    </date>
    <rs/>
   </creation>
   <textClass>
    <catRef target="#fiction" type="sphere"/>
    <catRef target="#произведения для детей" type="type"/>
    <catRef target="#works" type="works_letters_diaries"/>
    <catRef target="#азбука" type="ninetyDef"/>
    <catRef target="#Основное" type="main_var"/>
    <catRef target="#азбука" type="type_short"/>
    <catRef target="None" type="translation"/>
    <catRef target="None" type="translation_origin"/>
    <catRef target="#да" type="tolstoy_or_not"/>
    <catRef target="None" type="name_status"/>
   </textClass>
   <preparedness>
    finished
   </preparedness>
   <settingDesc>
    <time>
     XIX век
    </time>
   </settingDesc>
  </profileDesc>
  <xenoData>
   <cyclusName/>
   <p>
    Проект
    <title>
     Толстой.Digital
    </title>
    разрабатывается сотрудниками и студентами
    <orgName>
     Высшей школы экономики
    </orgName>
    в сотрудничестве с
    <orgName>
     Государственным музеем Л.Н. Толстого
    </orgName>
    . Источник текстов –
    <bibl>
     90-томное собрание сочинений Л.Н.Толстого
    </bibl>
    . Разметка основана на стандарте
    <ref target="http://www.tei-c.org">
     TEI (Text Encoding Initiative)
    </ref>
    .
   </p>
   <versionNumber/>
   <isFinished/>
   <isEdited/>
   <fullBibliographicDescription/>
  </xenoData>
 </teiHeader>
 <p rend="left emptyline">
  <pb n="565"/>
 </p>
 <div type="section" xml:id="ref242">
  <head rend="center">
   <hi rend="strong">
    <choice>
     <reg>
      ДЕРГАЧ
     </reg>
    </choice>
    И ЕГО САМКА.
   </hi>
  </head>
  <p rend="left" uuid="396d1b0a-7326-4d07-90b1-408b40a63f52">
   <choice>
    <reg>
     Дергач
    </reg>
   </choice>
   поздно
   <choice>
    <reg>
     свил
    </reg>
   </choice>
   <choice>
    <reg>
     в
    </reg>
   </choice>
   лугу
   <choice>
    <reg>
     гнездо
    </reg>
   </choice>
   и
   <choice>
    <reg>
     в
    </reg>
   </choice>
   <choice>
    <reg>
     покос
    </reg>
   </choice>
   еще самка
   <choice>
    <reg>
     сидела
    </reg>
   </choice>
   на
   <choice>
    <reg>
     яицах
    </reg>
   </choice>
   . Рано
   <choice>
    <reg>
     утром
    </reg>
   </choice>
   мужики пришли
   <choice>
    <reg>
     к
    </reg>
   </choice>
   лугу, сняли кафтаны, наточили косы и пошли
   <choice>
    <reg>
     друг
    </reg>
   </choice>
   за
   <choice>
    <reg>
     другом
    </reg>
   </choice>
   <choice>
    <reg>
     подрезать
    </reg>
   </choice>
   траву и класть рядами.
   <choice>
    <reg>
     Дергач
    </reg>
   </choice>
   <choice>
    <reg>
     вылетел
    </reg>
   </choice>
   <choice>
    <reg>
     посмотреть
    </reg>
   </choice>
   , чтó
   <choice>
    <reg>
     делают
    </reg>
   </choice>
   косцы. Когда
   <choice>
    <reg>
     он
    </reg>
   </choice>
   <choice>
    <reg>
     увидал
    </reg>
   </choice>
   , что
   <choice>
    <reg>
     один
    </reg>
   </choice>
   <choice>
    <reg>
     мужик
    </reg>
   </choice>
   <choice>
    <reg>
     махнул
    </reg>
   </choice>
   косой и
   <choice>
    <reg>
     разрезал
    </reg>
   </choice>
   <choice>
    <reg>
     пополам
    </reg>
   </choice>
   <choice>
    <reg>
     змею
    </reg>
   </choice>
   , —
   <choice>
    <reg>
     он
    </reg>
   </choice>
   обрадовался,
   <choice>
    <reg>
     прилетел
    </reg>
   </choice>
   <choice>
    <reg>
     к
    </reg>
   </choice>
   <choice>
    <reg>
     дергачихе
    </reg>
   </choice>
   и
   <choice>
    <reg>
     сказал
    </reg>
   </choice>
   : «не бойся
   <choice>
    <reg>
     мужиков
    </reg>
   </choice>
   ; они пришли
   <choice>
    <reg>
     резать
    </reg>
   </choice>
   <choice>
    <reg>
     змей
    </reg>
   </choice>
   ,
   <choice>
    <reg>
     нам
    </reg>
   </choice>
   давно
   <choice>
    <reg>
     от
    </reg>
   </choice>
   <choice>
    <reg>
     них
    </reg>
   </choice>
   житья
   <choice>
    <reg>
     нет
    </reg>
   </choice>
   ». А дергачиха сказала: «Мужики
   <choice>
    <reg>
     режут
    </reg>
   </choice>
  </p>
  <p rend="left emptyline" uuid="9ad083c6-0231-4ac6-81f2-953bd26b4896">
   <pb n="566"/>
  </p>
  <p rend="centerline" uuid="ab261f63-34b1-41ac-ba8e-3b565184e6eb">
   — 6 —
  </p>
  <p rend="notindent" uuid="aa53e066-c7f8-405e-b7bd-db10819e4392">
   траву, а
   <choice>
    <reg>
     с
    </reg>
   </choice>
   травой
   <choice>
    <reg>
     режут
    </reg>
   </choice>
   все, чтó ни попадется: и
   <choice>
    <reg>
     змею
    </reg>
   </choice>
   , и дергачиное
   <choice>
    <reg>
     гнездо
    </reg>
   </choice>
   , и дергачиную голову. Не добро
   <choice>
    <reg>
     чует
    </reg>
   </choice>
   мое сердце; — а нельзя
   <choice>
    <reg>
     мне
    </reg>
   </choice>
   ни унести
   <choice>
    <reg>
     яиц
    </reg>
   </choice>
   , ни
   <choice>
    <reg>
     улететь
    </reg>
   </choice>
   <choice>
    <reg>
     с
    </reg>
   </choice>
   <choice>
    <reg>
     гнезда
    </reg>
   </choice>
   ,
   <choice>
    <reg>
     чтоб
    </reg>
   </choice>
   не остудить
   <choice>
    <reg>
     их
    </reg>
   </choice>
   ».
  </p>
  <p rend="left" uuid="49f58798-075d-4438-9705-9b82a9ad56dc">
   Когда косцы дошли до
   <choice>
    <reg>
     дергачиного
    </reg>
   </choice>
   <choice>
    <reg>
     гнезда
    </reg>
   </choice>
   ,
   <choice>
    <reg>
     один
    </reg>
   </choice>
   <choice>
    <reg>
     мужик
    </reg>
   </choice>
   <choice>
    <reg>
     махнул
    </reg>
   </choice>
   косой и
   <choice>
    <reg>
     срезал
    </reg>
   </choice>
   <choice>
    <reg>
     дергачихе
    </reg>
   </choice>
   голову, а яйца
   <choice>
    <reg>
     положил
    </reg>
   </choice>
   за пазуху и
   <choice>
    <reg>
     отдал
    </reg>
   </choice>
   <choice>
    <reg>
     ребятам
    </reg>
   </choice>
   играть.
  </p>
 </div>
</TEI>