<?xml version="1.0" encoding="utf-8"?>
<TEI xmlns="http://www.tei-c.org/ns/1.0" xmlns:xi="http://www.w3.org/2001/XInclude">
 <teiHeader>
  <fileDesc>
   <titleStmt>
    <title>
     Азбука. Книга I
    </title>
    <author>
     Толстой Л.Н.
    </author>
    <respStmt>
     <resp>
      подготовка TEI/XML
     </resp>
     <name>
      Мария Картышева, Евгений Можаев, Даниил Скоринкин, Елена Сидорова, Вероника Файнберг, Кирилл Милинцевич
     </name>
    </respStmt>
    <respStmt>
     <name>
      Анастасия Бонч-Осмоловская, Фёкла Толстая, Борис Орехов
     </name>
     <resp>
      Идея, постановка задач, руководство
     </resp>
    </respStmt>
   </titleStmt>
   <publicationStmt>
    <idno>
     Азбука  | Книга I
    </idno>
    <publisher>
     <orgName>
      Школа лингвистики НИУ ВШЭ
     </orgName>
    </publisher>
    <availability>
     <p>
      Тексты и метатекстовая разметка доступны для свободного использования и распространения по лицензии Creative Commons Attribution Share-Alike (cc by-sa)
     </p>
    </availability>
   </publicationStmt>
   <sourceDesc>
    <biblStruct>
     <analytic>
      <author>
       Толстой Л.Н.
      </author>
      <title level="a">
       Азбука. Книга I
      </title>
     </analytic>
     <monogr>
      <title level="m">
       Полное собрание сочинений. Том 22
      </title>
      <imprint>
       <pubPlace>
        Москва
       </pubPlace>
       <publisher>
        Государственное издательство "Художественная литература"
       </publisher>
       <date when="1871-1872"/>
      </imprint>
     </monogr>
     <series>
      <title level="s">
       Л.Н. Толстой. Полное собрание сочинений
      </title>
      <biblScope unit="vol">
       22
      </biblScope>
     </series>
    </biblStruct>
   </sourceDesc>
  </fileDesc>
  <encodingDesc>
   <classDecl>
    <xi:include href="taxonomy.xml"/>
   </classDecl>
  </encodingDesc>
  <profileDesc>
   <creation>
    <date notAfter="1872" notBefore="1871">
     1871-1872
    </date>
    <rs/>
   </creation>
   <textClass>
    <catRef target="#fiction" type="sphere"/>
    <catRef target="#произведения для детей" type="type"/>
    <catRef target="#works" type="works_letters_diaries"/>
    <catRef target="#азбука" type="ninetyDef"/>
    <catRef target="#Основное" type="main_var"/>
    <catRef target="#азбука" type="type_short"/>
    <catRef target="None" type="translation"/>
    <catRef target="None" type="translation_origin"/>
    <catRef target="#да" type="tolstoy_or_not"/>
    <catRef target="None" type="name_status"/>
   </textClass>
   <preparedness>
    finished
   </preparedness>
   <settingDesc>
    <time>
     XIX век
    </time>
   </settingDesc>
  </profileDesc>
  <xenoData>
   <cyclusName/>
   <p>
    Проект
    <title>
     Толстой.Digital
    </title>
    разрабатывается сотрудниками и студентами
    <orgName>
     Высшей школы экономики
    </orgName>
    в сотрудничестве с
    <orgName>
     Государственным музеем Л.Н. Толстого
    </orgName>
    . Источник текстов –
    <bibl>
     90-томное собрание сочинений Л.Н.Толстого
    </bibl>
    . Разметка основана на стандарте
    <ref target="http://www.tei-c.org">
     TEI (Text Encoding Initiative)
    </ref>
    .
   </p>
   <versionNumber/>
   <isFinished/>
   <isEdited/>
   <fullBibliographicDescription/>
  </xenoData>
 </teiHeader>
 <p rend="left emptyline">
  <pb n="563"/>
 </p>
 <div type="section" xml:id="ref238">
  <head rend="center">
   <hi rend="strong">
    <choice>
     <reg>
      ЛЕВ
     </reg>
    </choice>
    ,
    <choice>
     <reg>
      ВОЛК
     </reg>
    </choice>
    И ЛИСИЦА.
   </hi>
  </head>
  <p rend="left" uuid="452632fd-554e-4df0-8f9c-848149ef0eec">
   Старый, больной
   <choice>
    <reg>
     лев
    </reg>
   </choice>
   <choice>
    <reg>
     лежал
    </reg>
   </choice>
   <choice>
    <reg>
     в
    </reg>
   </choice>
   <choice>
    <reg>
     пещере
    </reg>
   </choice>
   . Приходили
   <choice>
    <reg>
     все
    </reg>
   </choice>
   <choice>
    <reg>
     звери
    </reg>
   </choice>
   проведывать царя, только лисица не бывала.
   <choice>
    <reg>
     Вот
    </reg>
   </choice>
   <choice>
    <reg>
     волк
    </reg>
   </choice>
   обрадовался случаю и
   <choice>
    <reg>
     стал
    </reg>
   </choice>
   <choice>
    <reg>
     перед
    </reg>
   </choice>
   <choice>
    <reg>
     львом
    </reg>
   </choice>
   оговаривать лисицу
  </p>
  <p rend="left" uuid="d8060a74-6ac1-46cf-85c2-af3a3e211a74">
   — Она,
   <choice>
    <reg>
     говорит
    </reg>
   </choice>
   , тебя ни во что
   <choice>
    <reg>
     считает
    </reg>
   </choice>
   , ни разу не зашла царя
   <choice>
    <reg>
     проведать
    </reg>
   </choice>
   .
  </p>
  <p rend="left" uuid="404c0b1f-ab49-40e6-a748-d0ab285ff6e4">
   На эти слова и
   <choice>
    <reg>
     прибеги
    </reg>
   </choice>
   лисица: Она услыхала, чтó
   <choice>
    <reg>
     волк
    </reg>
   </choice>
   <choice>
    <reg>
     говорил
    </reg>
   </choice>
   , и
   <choice>
    <reg>
     думает
    </reg>
   </choice>
   : «погоди
   <choice>
    <reg>
     ж
    </reg>
   </choice>
   ,
   <choice>
    <reg>
     волк
    </reg>
   </choice>
   , я тебе вымещу»
  </p>
  <p rend="left" uuid="44e84054-6368-47af-b170-65c4a27726ab">
   <choice>
    <reg>
     Вот
    </reg>
   </choice>
   <choice>
    <reg>
     лев
    </reg>
   </choice>
   <choice>
    <reg>
     зарычал
    </reg>
   </choice>
   на лисицу, а она
   <choice>
    <reg>
     говорит
    </reg>
   </choice>
   : «Не вели казнить, вели слово вымолвить. Я
   <choice>
    <reg>
     от
    </reg>
   </choice>
   того не бывала, что не
   <choice>
    <reg>
     досуг
    </reg>
   </choice>
   было. А не
   <choice>
    <reg>
     досуг
    </reg>
   </choice>
   было
   <choice>
    <reg>
     от
    </reg>
   </choice>
   того, что по всему свету бегала, у лекарей для тебя лекарства спрашивала. Только теперь нашла,
   <choice>
    <reg>
     вот
    </reg>
   </choice>
   и прибежала».
  </p>
  <p rend="left" uuid="755cdbed-bf6a-46e9-be19-1e00e99f8418">
   <choice>
    <reg>
     Лев
    </reg>
   </choice>
   и
   <choice>
    <reg>
     говорит
    </reg>
   </choice>
   :
  </p>
  <p rend="left" uuid="6af552a4-27df-476c-91e2-9ba4632285c7">
   — Какое лекарство?
  </p>
  <p rend="left" uuid="881f247c-7781-4665-8446-99dc9a4fdb98">
   — А
   <choice>
    <reg>
     вот
    </reg>
   </choice>
   какое: если
   <choice>
    <reg>
     живого
    </reg>
   </choice>
   волка обдерешь, да шкуру его тепленькую
   <choice>
    <reg>
     наденешь
    </reg>
   </choice>
   ...
  </p>
  <p rend="left" uuid="f2441ab0-bc2e-46ea-9105-595b2d28e603">
   <choice>
    <reg>
     Как
    </reg>
   </choice>
   <choice>
    <reg>
     растянул
    </reg>
   </choice>
   <choice>
    <reg>
     лев
    </reg>
   </choice>
   волка, лисица
   <choice>
    <reg>
     засмеялась
    </reg>
   </choice>
   и
   <choice>
    <reg>
     говорит
    </reg>
   </choice>
   :
  </p>
  <p rend="left emptyline" uuid="11cfe9b5-d7c3-4d2a-a2ea-71040cafd173">
   <pb n="564"/>
  </p>
  <p rend="centerline" uuid="d328a983-b5f2-4a8b-ad91-91718de89949">
   — 4 —
  </p>
  <p rend="left" uuid="b4b31c31-32d3-4f9f-926a-18d878be1a61">
   —
   <choice>
    <reg>
     Так-то
    </reg>
   </choice>
   ,
   <choice>
    <reg>
     брат
    </reg>
   </choice>
   ;
   <choice>
    <reg>
     господ
    </reg>
   </choice>
   не на зло, а на добро наводить надо.»
  </p>
 </div>
</TEI>