<?xml version="1.0" encoding="utf-8"?>
<TEI xmlns="http://www.tei-c.org/ns/1.0" xmlns:xi="http://www.w3.org/2001/XInclude">
 <teiHeader>
  <fileDesc>
   <titleStmt>
    <title>
     Азбука. Книга I
    </title>
    <author>
     Толстой Л.Н.
    </author>
    <respStmt>
     <resp>
      подготовка TEI/XML
     </resp>
     <name>
      Мария Картышева, Евгений Можаев, Даниил Скоринкин, Елена Сидорова, Вероника Файнберг, Кирилл Милинцевич
     </name>
    </respStmt>
    <respStmt>
     <name>
      Анастасия Бонч-Осмоловская, Фёкла Толстая, Борис Орехов
     </name>
     <resp>
      Идея, постановка задач, руководство
     </resp>
    </respStmt>
   </titleStmt>
   <publicationStmt>
    <idno>
     Азбука  | Книга I
    </idno>
    <publisher>
     <orgName>
      Школа лингвистики НИУ ВШЭ
     </orgName>
    </publisher>
    <availability>
     <p>
      Тексты и метатекстовая разметка доступны для свободного использования и распространения по лицензии Creative Commons Attribution Share-Alike (cc by-sa)
     </p>
    </availability>
   </publicationStmt>
   <sourceDesc>
    <biblStruct>
     <analytic>
      <author>
       Толстой Л.Н.
      </author>
      <title level="a">
       Азбука. Книга I
      </title>
     </analytic>
     <monogr>
      <title level="m">
       Полное собрание сочинений. Том 22
      </title>
      <imprint>
       <pubPlace>
        Москва
       </pubPlace>
       <publisher>
        Государственное издательство "Художественная литература"
       </publisher>
       <date when="1871-1872"/>
      </imprint>
     </monogr>
     <series>
      <title level="s">
       Л.Н. Толстой. Полное собрание сочинений
      </title>
      <biblScope unit="vol">
       22
      </biblScope>
     </series>
    </biblStruct>
   </sourceDesc>
  </fileDesc>
  <encodingDesc>
   <classDecl>
    <xi:include href="taxonomy.xml"/>
   </classDecl>
  </encodingDesc>
  <profileDesc>
   <creation>
    <date notAfter="1872" notBefore="1871">
     1871-1872
    </date>
    <rs/>
   </creation>
   <textClass>
    <catRef target="#fiction" type="sphere"/>
    <catRef target="#произведения для детей" type="type"/>
    <catRef target="#works" type="works_letters_diaries"/>
    <catRef target="#азбука" type="ninetyDef"/>
    <catRef target="#Основное" type="main_var"/>
    <catRef target="#азбука" type="type_short"/>
    <catRef target="None" type="translation"/>
    <catRef target="None" type="translation_origin"/>
    <catRef target="#да" type="tolstoy_or_not"/>
    <catRef target="None" type="name_status"/>
   </textClass>
   <preparedness>
    finished
   </preparedness>
   <settingDesc>
    <time>
     XIX век
    </time>
   </settingDesc>
  </profileDesc>
  <xenoData>
   <cyclusName/>
   <p>
    Проект
    <title>
     Толстой.Digital
    </title>
    разрабатывается сотрудниками и студентами
    <orgName>
     Высшей школы экономики
    </orgName>
    в сотрудничестве с
    <orgName>
     Государственным музеем Л.Н. Толстого
    </orgName>
    . Источник текстов –
    <bibl>
     90-томное собрание сочинений Л.Н.Толстого
    </bibl>
    . Разметка основана на стандарте
    <ref target="http://www.tei-c.org">
     TEI (Text Encoding Initiative)
    </ref>
    .
   </p>
   <versionNumber/>
   <isFinished/>
   <isEdited/>
   <fullBibliographicDescription/>
  </xenoData>
 </teiHeader>
 <p rend="left emptyline">
  <pb n="572"/>
 </p>
 <div type="section" xml:id="ref249">
  <head rend="center">
   <hi rend="strong">
    <choice>
     <reg>
      ВОЛК
     </reg>
    </choice>
    И
    <choice>
     <reg>
      МУЖИК
     </reg>
    </choice>
    .
   </hi>
  </head>
  <p rend="left" uuid="9c53d87f-6dce-4d77-9781-9d8176d360f9">
   Гнались за
   <choice>
    <reg>
     волком
    </reg>
   </choice>
   охотники. И
   <choice>
    <reg>
     набежал
    </reg>
   </choice>
   <choice>
    <reg>
     волк
    </reg>
   </choice>
   на мужика.
   <choice>
    <reg>
     Мужик
    </reg>
   </choice>
   <choice>
    <reg>
     шел
    </reg>
   </choice>
   <choice>
    <reg>
     с
    </reg>
   </choice>
   гумна и
   <choice>
    <reg>
     нес
    </reg>
   </choice>
   <choice>
    <reg>
     цеп
    </reg>
   </choice>
   и
   <choice>
    <reg>
     мешок
    </reg>
   </choice>
   .
   <choice>
    <reg>
     Волк
    </reg>
   </choice>
   и
   <choice>
    <reg>
     говорит
    </reg>
   </choice>
   : «
   <choice>
    <reg>
     мужик
    </reg>
   </choice>
   , спрячь меня, — меня охотники
   <choice>
    <reg>
     гонят
    </reg>
   </choice>
   ».
   <choice>
    <reg>
     Мужик
    </reg>
   </choice>
   <choice>
    <reg>
     пожалел
    </reg>
   </choice>
   волка,
   <choice>
    <reg>
     спрятал
    </reg>
   </choice>
   его
   <choice>
    <reg>
     в
    </reg>
   </choice>
   <choice>
    <reg>
     мешок
    </reg>
   </choice>
   и
   <choice>
    <reg>
     взвалил
    </reg>
   </choice>
   на плечи.
   <choice>
    <reg>
     Наезжают
    </reg>
   </choice>
   охотники и
   <choice>
    <reg>
     спрашивают
    </reg>
   </choice>
   мужика, не
   <choice>
    <reg>
     видал
    </reg>
   </choice>
   ли волка?
  </p>
  <p rend="left" uuid="0c0fc6a0-88b5-4982-b7bf-d23e9c292dd2">
   — «
   <choice>
    <reg>
     Нет
    </reg>
   </choice>
   , не
   <choice>
    <reg>
     видал
    </reg>
   </choice>
   ».
  </p>
  <p rend="left" uuid="c57c419c-d3b6-4ab2-88c9-1e7229e259e5">
   Охотники
   <choice>
    <reg>
     уехали
    </reg>
   </choice>
   .
   <choice>
    <reg>
     Волк
    </reg>
   </choice>
   <choice>
    <reg>
     выскочил
    </reg>
   </choice>
   <choice>
    <reg>
     из
    </reg>
   </choice>
   <choice>
    <reg>
     мешка
    </reg>
   </choice>
   и бросился на мужика,
   <choice>
    <reg>
     хочет
    </reg>
   </choice>
   его
   <choice>
    <reg>
     съесть
    </reg>
   </choice>
   .
   <choice>
    <reg>
     Мужик
    </reg>
   </choice>
   и
   <choice>
    <reg>
     говорит
    </reg>
   </choice>
   :
  </p>
  <p rend="left emptyline" uuid="fa8060d9-2b42-4568-988e-0cd3b4844a61">
   <pb n="573"/>
  </p>
  <p rend="centerline" uuid="fd8f6c1c-145e-4b80-86a2-81c0198a14db">
   — 13 —
  </p>
  <p rend="left" uuid="f476145e-ca12-4d15-912d-3bbc4907184f">
   — «
   <choice>
    <reg>
     Ах
    </reg>
   </choice>
   ,
   <choice>
    <reg>
     волк
    </reg>
   </choice>
   ,
   <choice>
    <reg>
     нет
    </reg>
   </choice>
   <choice>
    <reg>
     в
    </reg>
   </choice>
   <choice>
    <reg>
     тебе
    </reg>
   </choice>
   <choice>
    <reg>
     совести
    </reg>
   </choice>
   ; я тебя
   <choice>
    <reg>
     спас
    </reg>
   </choice>
   , а ты
   <choice>
    <reg>
     ж
    </reg>
   </choice>
   меня
   <choice>
    <reg>
     съесть
    </reg>
   </choice>
   хочешь». А
   <choice>
    <reg>
     волк
    </reg>
   </choice>
   <choice>
    <reg>
     говорит
    </reg>
   </choice>
   :
  </p>
  <p rend="left" uuid="8d1a5898-c85d-4068-9d67-9c8fca6e207d">
   — «Старая
   <choice>
    <reg>
     хлеб
    </reg>
   </choice>
   соль не помнится».
  </p>
  <p rend="left" uuid="8e2386a7-bb34-4fee-9cc4-453164ce29d8">
   — «
   <choice>
    <reg>
     Нет
    </reg>
   </choice>
   , старая
   <choice>
    <reg>
     хлеб-соль
    </reg>
   </choice>
   помнится; хоть у кого хочешь спроси,
   <choice>
    <reg>
     —всякий
    </reg>
   </choice>
   <choice>
    <reg>
     скажет
    </reg>
   </choice>
   , что помнится».
   <choice>
    <reg>
     Волк
    </reg>
   </choice>
   и говорить:
  </p>
  <p rend="left" uuid="3e8bb6d5-69eb-4f0d-88a3-9079c1b9ed18">
   — «Давай,
   <choice>
    <reg>
     пойдем
    </reg>
   </choice>
   <choice>
    <reg>
     вместе
    </reg>
   </choice>
   по
   <choice>
    <reg>
     дороге
    </reg>
   </choice>
   . Кого
   <choice>
    <reg>
     первого
    </reg>
   </choice>
   <choice>
    <reg>
     встретим
    </reg>
   </choice>
   ,
   <choice>
    <reg>
     спросим
    </reg>
   </choice>
   : забывается ли старая
   <choice>
    <reg>
     хлеб-соль
    </reg>
   </choice>
   , или помнится? Если
   <choice>
    <reg>
     скажут
    </reg>
   </choice>
   : помнится, — я пущу тебя, а
   <choice>
    <reg>
     скужут
    </reg>
   </choice>
   : забывается, —
   <choice>
    <reg>
     съем
    </reg>
   </choice>
   ». Пошли они по
   <choice>
    <reg>
     дороге
    </reg>
   </choice>
   , и
   <choice>
    <reg>
     повстречалась
    </reg>
   </choice>
   <choice>
    <reg>
     им
    </reg>
   </choice>
   старая,
   <choice>
    <reg>
     слепая
    </reg>
   </choice>
   кобыла.
   <choice>
    <reg>
     Мужик
    </reg>
   </choice>
   и
   <choice>
    <reg>
     спрашивает
    </reg>
   </choice>
   : «скажи, кобыла, что помнится старая
   <choice>
    <reg>
     хлеб-соль
    </reg>
   </choice>
   , или забывается?»
  </p>
  <p rend="left" uuid="846400c1-663c-4db2-ae45-97f8f35d15a2">
   Кобыла и
   <choice>
    <reg>
     говорит
    </reg>
   </choice>
   :
  </p>
  <p rend="left" uuid="ea8def30-fb18-45b3-b4ed-f34f044f868e">
   — «Да
   <choice>
    <reg>
     вот
    </reg>
   </choice>
   <choice>
    <reg>
     как
    </reg>
   </choice>
   : жила я у хозяина 12-ть
   <choice>
    <reg>
     лет
    </reg>
   </choice>
   , принесла ему 12-ть
   <choice>
    <reg>
     жеребят
    </reg>
   </choice>
   , и все то время пахала да возила, а
   <choice>
    <reg>
     прошлым
    </reg>
   </choice>
   <choice>
    <reg>
     годом
    </reg>
   </choice>
   <choice>
    <reg>
     ослепла
    </reg>
   </choice>
   и все работала на
   <choice>
    <reg>
     рушалке
    </reg>
   </choice>
   ; а
   <choice>
    <reg>
     вот
    </reg>
   </choice>
   намедни стало
   <choice>
    <reg>
     мне
    </reg>
   </choice>
   не
   <choice>
    <reg>
     в
    </reg>
   </choice>
   силу кружиться, я и упала на колесо. Меня били, били, стащили за
   <choice>
    <reg>
     хвост
    </reg>
   </choice>
   <choice>
    <reg>
     под
    </reg>
   </choice>
   кручь и бросили. Очнулась я, насилу выдралась, и куда иду — сама не знаю»
  </p>
  <p rend="left" uuid="85a8b407-a0dc-4036-9020-21c698fa6b4c">
   <choice>
    <reg>
     Волк
    </reg>
   </choice>
   <choice>
    <reg>
     говорит
    </reg>
   </choice>
   :
  </p>
  <p rend="left" uuid="297c7c25-7cca-4920-8a58-3ddd688b89ce">
   — «
   <choice>
    <reg>
     Мужик
    </reg>
   </choice>
   , видишь, — старая
   <choice>
    <reg>
     хлеб-соль
    </reg>
   </choice>
   не помнится».
   <choice>
    <reg>
     Мужик
    </reg>
   </choice>
   <choice>
    <reg>
     говорит
    </reg>
   </choice>
   :
  </p>
  <p rend="left" uuid="89c439b6-63c1-446a-8a60-0d1c6bad9e7a">
   — «Погоди, еще
   <choice>
    <reg>
     спросим
    </reg>
   </choice>
   ».
  </p>
  <p rend="left" uuid="affefb02-9367-43d8-b093-317b4566d14f">
   Пошли дальше.
   <choice>
    <reg>
     Встречается
    </reg>
   </choice>
   <choice>
    <reg>
     им
    </reg>
   </choice>
   старая собака.
   <choice>
    <reg>
     Ползет
    </reg>
   </choice>
   ,
   <choice>
    <reg>
     зад
    </reg>
   </choice>
   <choice>
    <reg>
     волочет
    </reg>
   </choice>
   .
  </p>
  <p rend="left" uuid="c488bbbe-9b9b-48d0-9ab8-06b673f594c1">
   <choice>
    <reg>
     Мужик
    </reg>
   </choice>
   <choice>
    <reg>
     говорит
    </reg>
   </choice>
   :
  </p>
  <p rend="left" uuid="7e965c0b-76ea-4795-8fec-12059d8d395b">
   — «Ну, скажи, собака, забывается ли старая
   <choice>
    <reg>
     хлеб-соль
    </reg>
   </choice>
   , или помнится?»
  </p>
  <p rend="left" uuid="055eb728-0fc3-4775-81ff-31b6682e8f37">
   — «А
   <choice>
    <reg>
     вот
    </reg>
   </choice>
   <choice>
    <reg>
     как
    </reg>
   </choice>
   : жила я у хозяина 15
   <choice>
    <reg>
     лет
    </reg>
   </choice>
   , его
   <choice>
    <reg>
     дом
    </reg>
   </choice>
  </p>
  <p rend="left emptyline" uuid="0500ad6c-c7b7-43f7-bec5-577a2f28bbad">
   <pb n="574"/>
  </p>
  <p rend="centerline" uuid="2398a977-92af-4fa2-80cb-0da10bc90cfe">
   — 14 —
  </p>
  <p rend="notindent" uuid="94e6d0c9-98d9-4f64-aa36-57f731c7d9ff">
   стерегла, лаяла и бросалась кусаться; а
   <choice>
    <reg>
     вот
    </reg>
   </choice>
   <choice>
    <reg>
     состарелась
    </reg>
   </choice>
   ,
   <choice>
    <reg>
     зуб
    </reg>
   </choice>
   не стало, — меня со двора прогнали, да еще
   <choice>
    <reg>
     зад
    </reg>
   </choice>
   оглоблею отбили.
   <choice>
    <reg>
     Вот
    </reg>
   </choice>
   и волочусь, сама не знаю куда, подальше
   <choice>
    <reg>
     от
    </reg>
   </choice>
   <choice>
    <reg>
     старого
    </reg>
   </choice>
   хозяина».
  </p>
  <p rend="left" uuid="d95f304b-e802-4aa4-bd8b-46b698f8bbaa">
   <choice>
    <reg>
     Волк
    </reg>
   </choice>
   <choice>
    <reg>
     говорит
    </reg>
   </choice>
   :
  </p>
  <p rend="left" uuid="102e3ebd-cf55-4d83-8181-df792d0d6414">
   — «Слышишь, чтó
   <choice>
    <reg>
     говорит
    </reg>
   </choice>
   ».
  </p>
  <p rend="left" uuid="4e6d2a9e-1bb8-48d3-a2c2-27bc1f66b8af">
   А
   <choice>
    <reg>
     мужик
    </reg>
   </choice>
   <choice>
    <reg>
     говорит
    </reg>
   </choice>
   :
  </p>
  <p rend="left" uuid="7568a305-2c70-4134-850e-7abd34d07114">
   — «Погоди еще — до третьей
   <choice>
    <reg>
     встречи
    </reg>
   </choice>
   ».
  </p>
  <p rend="left" uuid="919f5c3e-e65f-4bf4-a0f0-5c0a28e9c9c8">
   И
   <choice>
    <reg>
     встречается
    </reg>
   </choice>
   <choice>
    <reg>
     им
    </reg>
   </choice>
   лисица.
   <choice>
    <reg>
     Мужик
    </reg>
   </choice>
   <choice>
    <reg>
     говорит
    </reg>
   </choice>
   : «скажи, лиса, что помнится старая
   <choice>
    <reg>
     хлеб-соль
    </reg>
   </choice>
   , или забывается?»
  </p>
  <p rend="left" uuid="604afd64-94cf-4f6e-b36d-4adbad6958be">
   А лисица
   <choice>
    <reg>
     говорит
    </reg>
   </choice>
   :
  </p>
  <p rend="left" uuid="7374b511-c3c9-4fc8-a1eb-e7bcb37d0e65">
   — «
   <choice>
    <reg>
     Тебе
    </reg>
   </choice>
   <choice>
    <reg>
     зачем
    </reg>
   </choice>
   знать?»
  </p>
  <p rend="left" uuid="0aafb3c4-4fac-4487-8697-5c8595882ffc">
   А
   <choice>
    <reg>
     мужик
    </reg>
   </choice>
   <choice>
    <reg>
     говорит
    </reg>
   </choice>
   :
  </p>
  <p rend="left" uuid="6dcb633c-e246-47e7-8010-62c5cdb384dc">
   — «Да
   <choice>
    <reg>
     вот
    </reg>
   </choice>
   <choice>
    <reg>
     бежал
    </reg>
   </choice>
   <choice>
    <reg>
     волк
    </reg>
   </choice>
   <choice>
    <reg>
     от
    </reg>
   </choice>
   <choice>
    <reg>
     охотников
    </reg>
   </choice>
   ,
   <choice>
    <reg>
     стал
    </reg>
   </choice>
   меня просить, — я и
   <choice>
    <reg>
     спрятал
    </reg>
   </choice>
   его
   <choice>
    <reg>
     в
    </reg>
   </choice>
   <choice>
    <reg>
     мешок
    </reg>
   </choice>
   ; а теперь
   <choice>
    <reg>
     он
    </reg>
   </choice>
   меня
   <choice>
    <reg>
     съесть
    </reg>
   </choice>
   <choice>
    <reg>
     хочет
    </reg>
   </choice>
   ».
  </p>
  <p rend="left" uuid="d0396065-539d-440b-9ae4-e10e14ee1f82">
   Лисица и
   <choice>
    <reg>
     говорит
    </reg>
   </choice>
   :
  </p>
  <p rend="left" uuid="2e8d6684-8025-4582-a26a-4a0f54feb83f">
   — «Да
   <choice>
    <reg>
     разве
    </reg>
   </choice>
   можно большому волку
   <choice>
    <reg>
     в
    </reg>
   </choice>
   такой
   <choice>
    <reg>
     мешок
    </reg>
   </choice>
   <choice>
    <reg>
     уместиться
    </reg>
   </choice>
   ? Кабы я
   <choice>
    <reg>
     видела
    </reg>
   </choice>
   , я бы
   <choice>
    <reg>
     вас
    </reg>
   </choice>
   <choice>
    <reg>
     рассудила
    </reg>
   </choice>
   ».
  </p>
  <p rend="left" uuid="46464dd1-daa2-4a11-a28d-795041110dd1">
   <choice>
    <reg>
     Мужик
    </reg>
   </choice>
   <choice>
    <reg>
     говорит
    </reg>
   </choice>
   :
  </p>
  <p rend="left" uuid="b62b48b5-6a7b-4c5f-beb0-7d199a32bb63">
   — «Весь поместится, хоть у него сама спроси».
  </p>
  <p rend="left" uuid="77da5244-1801-49e1-b05c-905b47ecb285">
   И
   <choice>
    <reg>
     волк
    </reg>
   </choice>
   <choice>
    <reg>
     сказал
    </reg>
   </choice>
   : правда.
  </p>
  <p rend="left" uuid="1a0df79e-c9f1-4a6b-a5d9-ed77b319ca43">
   Тогда лисица
   <choice>
    <reg>
     говорит
    </reg>
   </choice>
   :
  </p>
  <p rend="left" uuid="f7a755cd-e5fb-4504-be38-c9701bf454f7">
   — «Не
   <choice>
    <reg>
     поверю
    </reg>
   </choice>
   , пока не увижу. Покажи,
   <choice>
    <reg>
     как
    </reg>
   </choice>
   ты
   <choice>
    <reg>
     лазил
    </reg>
   </choice>
   ».
  </p>
  <p rend="left" uuid="7173a36d-75e8-44e4-b491-d345c53ea7e7">
   Тогда
   <choice>
    <reg>
     волк
    </reg>
   </choice>
   <choice>
    <reg>
     всунул
    </reg>
   </choice>
   голову
   <choice>
    <reg>
     в
    </reg>
   </choice>
   <choice>
    <reg>
     мешок
    </reg>
   </choice>
   и
   <choice>
    <reg>
     говорит
    </reg>
   </choice>
   : «
   <choice>
    <reg>
     вот
    </reg>
   </choice>
   <choice>
    <reg>
     так
    </reg>
   </choice>
   ».
  </p>
  <p rend="left" uuid="f1c5a4aa-3385-47de-864a-2846cc502a3a">
   Лисица
   <choice>
    <reg>
     говорит
    </reg>
   </choice>
   :
  </p>
  <p rend="left" uuid="f6a25c57-8656-47b0-a4c6-ca527445f3bf">
   — Ты весь
   <choice>
    <reg>
     влезь
    </reg>
   </choice>
   , а то я
   <choice>
    <reg>
     так
    </reg>
   </choice>
   не вижу.
  </p>
  <p rend="left emptyline" uuid="e522c2f5-f97d-47f4-b545-ca46f5c62f70">
   <pb n="575"/>
  </p>
  <p rend="centerline" uuid="bfa93256-3f11-446e-913f-e1317a9930a8">
   — 15 —
  </p>
  <p rend="left" uuid="55c84f92-b877-4ab0-be6a-98b2e37ac68d">
   <choice>
    <reg>
     Волк
    </reg>
   </choice>
   и
   <choice>
    <reg>
     влез
    </reg>
   </choice>
   <choice>
    <reg>
     в
    </reg>
   </choice>
   <choice>
    <reg>
     мешок
    </reg>
   </choice>
   . Лисица и
   <choice>
    <reg>
     говорит
    </reg>
   </choice>
   мужику: теперь завяжи.
   <choice>
    <reg>
     Мужик
    </reg>
   </choice>
   <choice>
    <reg>
     завязал
    </reg>
   </choice>
   <choice>
    <reg>
     мешок
    </reg>
   </choice>
   . Лисица
   <choice>
    <reg>
     говорит
    </reg>
   </choice>
   :
  </p>
  <p rend="left" uuid="47ba200e-7f00-44b1-abf0-572e59fd2a29">
   — «Ну теперь покажи,
   <choice>
    <reg>
     мужик
    </reg>
   </choice>
   ,
   <choice>
    <reg>
     как
    </reg>
   </choice>
   ты на току
   <choice>
    <reg>
     хлеб
    </reg>
   </choice>
   молотишь».
   <choice>
    <reg>
     Мужик
    </reg>
   </choice>
   обрадовался и
   <choice>
    <reg>
     стал
    </reg>
   </choice>
   бить
   <choice>
    <reg>
     цепом
    </reg>
   </choice>
   по волку.
  </p>
  <p rend="left" uuid="88be49b6-1433-4b6f-87f6-04cc385b360c">
   А
   <choice>
    <reg>
     потом
    </reg>
   </choice>
   <choice>
    <reg>
     говорит
    </reg>
   </choice>
   : «А посмотри лисица,
   <choice>
    <reg>
     как
    </reg>
   </choice>
   на току
   <choice>
    <reg>
     хлеб
    </reg>
   </choice>
   <choice>
    <reg>
     отварачивают
    </reg>
   </choice>
   », — и
   <choice>
    <reg>
     ударил
    </reg>
   </choice>
   лисицу по
   <choice>
    <reg>
     голове
    </reg>
   </choice>
   и
   <choice>
    <reg>
     убил
    </reg>
   </choice>
   . А
   <choice>
    <reg>
     сам
    </reg>
   </choice>
   говорить: «старая
   <choice>
    <reg>
     хлеб
    </reg>
   </choice>
   соль не помнится!»
  </p>
 </div>
</TEI>