<?xml version="1.0" encoding="utf-8"?>
<TEI xmlns="http://www.tei-c.org/ns/1.0" xmlns:xi="http://www.w3.org/2001/XInclude">
 <teiHeader>
  <fileDesc>
   <titleStmt>
    <title>
     Азбука. Книга I
    </title>
    <author>
     Толстой Л.Н.
    </author>
    <respStmt>
     <resp>
      подготовка TEI/XML
     </resp>
     <name>
      Мария Картышева, Евгений Можаев, Даниил Скоринкин, Елена Сидорова, Вероника Файнберг, Кирилл Милинцевич
     </name>
    </respStmt>
    <respStmt>
     <name>
      Анастасия Бонч-Осмоловская, Фёкла Толстая, Борис Орехов
     </name>
     <resp>
      Идея, постановка задач, руководство
     </resp>
    </respStmt>
   </titleStmt>
   <publicationStmt>
    <idno>
     Азбука  | Книга I
    </idno>
    <publisher>
     <orgName>
      Школа лингвистики НИУ ВШЭ
     </orgName>
    </publisher>
    <availability>
     <p>
      Тексты и метатекстовая разметка доступны для свободного использования и распространения по лицензии Creative Commons Attribution Share-Alike (cc by-sa)
     </p>
    </availability>
   </publicationStmt>
   <sourceDesc>
    <biblStruct>
     <analytic>
      <author>
       Толстой Л.Н.
      </author>
      <title level="a">
       Азбука. Книга I
      </title>
     </analytic>
     <monogr>
      <title level="m">
       Полное собрание сочинений. Том 22
      </title>
      <imprint>
       <pubPlace>
        Москва
       </pubPlace>
       <publisher>
        Государственное издательство "Художественная литература"
       </publisher>
       <date when="1871-1872"/>
      </imprint>
     </monogr>
     <series>
      <title level="s">
       Л.Н. Толстой. Полное собрание сочинений
      </title>
      <biblScope unit="vol">
       22
      </biblScope>
     </series>
    </biblStruct>
   </sourceDesc>
  </fileDesc>
  <encodingDesc>
   <classDecl>
    <xi:include href="taxonomy.xml"/>
   </classDecl>
  </encodingDesc>
  <profileDesc>
   <creation>
    <date notAfter="1872" notBefore="1871">
     1871-1872
    </date>
    <rs/>
   </creation>
   <textClass>
    <catRef target="#fiction" type="sphere"/>
    <catRef target="#произведения для детей" type="type"/>
    <catRef target="#works" type="works_letters_diaries"/>
    <catRef target="#азбука" type="ninetyDef"/>
    <catRef target="#Основное" type="main_var"/>
    <catRef target="#азбука" type="type_short"/>
    <catRef target="None" type="translation"/>
    <catRef target="None" type="translation_origin"/>
    <catRef target="#да" type="tolstoy_or_not"/>
    <catRef target="None" type="name_status"/>
   </textClass>
   <preparedness>
    finished
   </preparedness>
   <settingDesc>
    <time>
     XIX век
    </time>
   </settingDesc>
  </profileDesc>
  <xenoData>
   <cyclusName/>
   <p>
    Проект
    <title>
     Толстой.Digital
    </title>
    разрабатывается сотрудниками и студентами
    <orgName>
     Высшей школы экономики
    </orgName>
    в сотрудничестве с
    <orgName>
     Государственным музеем Л.Н. Толстого
    </orgName>
    . Источник текстов –
    <bibl>
     90-томное собрание сочинений Л.Н.Толстого
    </bibl>
    . Разметка основана на стандарте
    <ref target="http://www.tei-c.org">
     TEI (Text Encoding Initiative)
    </ref>
    .
   </p>
   <versionNumber/>
   <isFinished/>
   <isEdited/>
   <fullBibliographicDescription/>
  </xenoData>
 </teiHeader>
 <p rend="left emptyline">
  <pb n="220"/>
 </p>
 <div type="section" xml:id="ref107">
  <head rend="center">
   <hi rend="strong">
    <choice>
     <reg>
      МЕДВЕДЬ
     </reg>
    </choice>
    НА
    <choice>
     <reg>
      ПОВОЗКЕ
     </reg>
    </choice>
    .
   </hi>
  </head>
  <p rend="left" uuid="4d1d8fe7-a457-4ccb-9969-0320d9582cef">
   Повадырь
   <choice>
    <reg>
     с
    </reg>
   </choice>
   <choice>
    <reg>
     медведем
    </reg>
   </choice>
   <choice>
    <reg>
     подошёл
    </reg>
   </choice>
   <choice>
    <reg>
     к
    </reg>
   </choice>
   кабаку;
   <choice>
    <reg>
     привязал
    </reg>
   </choice>
   <choice>
    <reg>
     медведя
    </reg>
   </choice>
   <choice>
    <reg>
     к
    </reg>
   </choice>
   <choice>
    <reg>
     воротам
    </reg>
   </choice>
   , а
   <choice>
    <reg>
     сам
    </reg>
   </choice>
   <choice>
    <reg>
     вошёл
    </reg>
   </choice>
   <choice>
    <reg>
     в
    </reg>
   </choice>
   <choice>
    <reg>
     кабак
    </reg>
   </choice>
   выпить.
   <choice>
    <reg>
     Ямщик
    </reg>
   </choice>
   на
   <choice>
    <reg>
     тройке
    </reg>
   </choice>
   <choice>
    <reg>
     подъехал
    </reg>
   </choice>
   <choice>
    <reg>
     к
    </reg>
   </choice>
   кабаку,
   <choice>
    <reg>
     закрутил
    </reg>
   </choice>
   коренную и тоже
   <choice>
    <reg>
     вошёл
    </reg>
   </choice>
   <choice>
    <reg>
     в
    </reg>
   </choice>
   <choice>
    <reg>
     кабак
    </reg>
   </choice>
   . А
   <choice>
    <reg>
     в
    </reg>
   </choice>
   <choice>
    <reg>
     телеге
    </reg>
   </choice>
   у ямщика были калачи.
   <choice>
    <reg>
     Медведь
    </reg>
   </choice>
   <choice>
    <reg>
     учуил
    </reg>
   </choice>
   <choice>
    <reg>
     в
    </reg>
   </choice>
   <choice>
    <reg>
     повозке
    </reg>
   </choice>
   калачи, отвязался,
   <choice>
    <reg>
     подошёл
    </reg>
   </choice>
   <choice>
    <reg>
     к
    </reg>
   </choice>
   <choice>
    <reg>
     повозке
    </reg>
   </choice>
   ,
   <choice>
    <reg>
     влез
    </reg>
   </choice>
   и
   <choice>
    <reg>
     стал
    </reg>
   </choice>
   шарить
   <choice>
    <reg>
     в
    </reg>
   </choice>
   <choice>
    <reg>
     сене
    </reg>
   </choice>
   . Лошади оглянулись и шаркнули
   <choice>
    <reg>
     от
    </reg>
   </choice>
   кабака по
   <choice>
    <reg>
     дороге
    </reg>
   </choice>
   .
   <choice>
    <reg>
     Медведь
    </reg>
   </choice>
   ухватился лапами за грядки и не
   <choice>
    <reg>
     знает
    </reg>
   </choice>
   ,
   <choice>
    <reg>
     как
    </reg>
   </choice>
   ему быть. А лошади что дальше, то пуще разгораются.
   <choice>
    <reg>
     Медведь
    </reg>
   </choice>
   держится передними лапами за грядки и только голову поворачиваешь то на ту сторону, то на другую. А лошади оглянутся оглянутся — ещё шибче
   <choice>
    <reg>
     катят
    </reg>
   </choice>
   по
   <choice>
    <reg>
     дороге
    </reg>
   </choice>
   ,
   <choice>
    <reg>
     под
    </reg>
   </choice>
   гору, на гору....
   <choice>
    <reg>
     Проезжие
    </reg>
   </choice>
   не
   <choice>
    <reg>
     успевают
    </reg>
   </choice>
   постораниваться.
  </p>
  <p rend="left emptyline" uuid="96917d55-7d1f-4372-a681-2e8711142b65">
   <pb n="221"/>
  </p>
  <p rend="centerline" uuid="b28622a7-553c-4b79-b77e-54505877573f">
   — 19 —
  </p>
  <p rend="left" uuid="4898188c-d193-4d6f-ad07-8eb8b6ef7579">
   <choice>
    <reg>
     Катит
    </reg>
   </choice>
   тройка вся
   <choice>
    <reg>
     в
    </reg>
   </choice>
   <choice>
    <reg>
     мыле
    </reg>
   </choice>
   , на
   <choice>
    <reg>
     телеге
    </reg>
   </choice>
   <choice>
    <reg>
     сидит
    </reg>
   </choice>
   <choice>
    <reg>
     медведь
    </reg>
   </choice>
   , держится за грядки, да по
   <choice>
    <reg>
     сторонам
    </reg>
   </choice>
   оглядывается.
   <choice>
    <reg>
     Видит
    </reg>
   </choice>
   <choice>
    <reg>
     медведь
    </reg>
   </choice>
   , что
   <choice>
    <reg>
     дело
    </reg>
   </choice>
   плохо —
   <choice>
    <reg>
     убьют
    </reg>
   </choice>
   его лошади,
   <choice>
    <reg>
     начал
    </reg>
   </choice>
   <choice>
    <reg>
     он
    </reg>
   </choice>
   <choice>
    <reg>
     реветь
    </reg>
   </choice>
   . Ещё пуще лошади понеслись. Скакали-скакали, прискакали домой
   <choice>
    <reg>
     в
    </reg>
   </choice>
   деревню.
   <choice>
    <reg>
     Все
    </reg>
   </choice>
   <choice>
    <reg>
     смотрят
    </reg>
   </choice>
   , чтó такое
   <choice>
    <reg>
     скачет
    </reg>
   </choice>
   . Уткнулись лошади
   <choice>
    <reg>
     в
    </reg>
   </choice>
   свой
   <choice>
    <reg>
     двор
    </reg>
   </choice>
   ,
   <choice>
    <reg>
     в
    </reg>
   </choice>
   вopoтa. Хозяйка
   <choice>
    <reg>
     глядит
    </reg>
   </choice>
   , что такое. Не
   <choice>
    <reg>
     путём
    </reg>
   </choice>
   <choice>
    <reg>
     прискакал
    </reg>
   </choice>
   <choice>
    <reg>
     хозяин
    </reg>
   </choice>
   — видно
   <choice>
    <reg>
     пьян
    </reg>
   </choice>
   .
   <choice>
    <reg>
     Выходит
    </reg>
   </choice>
   на
   <choice>
    <reg>
     двор
    </reg>
   </choice>
   , а
   <choice>
    <reg>
     с
    </reg>
   </choice>
   <choice>
    <reg>
     телеги
    </reg>
   </choice>
   не
   <choice>
    <reg>
     хозяин
    </reg>
   </choice>
   —
   <choice>
    <reg>
     медведь
    </reg>
   </choice>
   <choice>
    <reg>
     лезет
    </reg>
   </choice>
   .
   <choice>
    <reg>
     Соскочил
    </reg>
   </choice>
   <choice>
    <reg>
     медведь
    </reg>
   </choice>
   , да
   <choice>
    <reg>
     в
    </reg>
   </choice>
   поле, да
   <choice>
    <reg>
     в
    </reg>
   </choice>
   <choice>
    <reg>
     лес
    </reg>
   </choice>
   .
  </p>
 </div>
</TEI>