<?xml version="1.0" encoding="utf-8"?>
<TEI xmlns="http://www.tei-c.org/ns/1.0" xmlns:xi="http://www.w3.org/2001/XInclude">
 <teiHeader>
  <fileDesc>
   <titleStmt>
    <title>
     Азбука. Книга I
    </title>
    <author>
     Толстой Л.Н.
    </author>
    <respStmt>
     <resp>
      подготовка TEI/XML
     </resp>
     <name>
      Мария Картышева, Евгений Можаев, Даниил Скоринкин, Елена Сидорова, Вероника Файнберг, Кирилл Милинцевич
     </name>
    </respStmt>
    <respStmt>
     <name>
      Анастасия Бонч-Осмоловская, Фёкла Толстая, Борис Орехов
     </name>
     <resp>
      Идея, постановка задач, руководство
     </resp>
    </respStmt>
   </titleStmt>
   <publicationStmt>
    <idno>
     Азбука  | Книга I
    </idno>
    <publisher>
     <orgName>
      Школа лингвистики НИУ ВШЭ
     </orgName>
    </publisher>
    <availability>
     <p>
      Тексты и метатекстовая разметка доступны для свободного использования и распространения по лицензии Creative Commons Attribution Share-Alike (cc by-sa)
     </p>
    </availability>
   </publicationStmt>
   <sourceDesc>
    <biblStruct>
     <analytic>
      <author>
       Толстой Л.Н.
      </author>
      <title level="a">
       Азбука. Книга I
      </title>
     </analytic>
     <monogr>
      <title level="m">
       Полное собрание сочинений. Том 22
      </title>
      <imprint>
       <pubPlace>
        Москва
       </pubPlace>
       <publisher>
        Государственное издательство "Художественная литература"
       </publisher>
       <date when="1871-1872"/>
      </imprint>
     </monogr>
     <series>
      <title level="s">
       Л.Н. Толстой. Полное собрание сочинений
      </title>
      <biblScope unit="vol">
       22
      </biblScope>
     </series>
    </biblStruct>
   </sourceDesc>
  </fileDesc>
  <encodingDesc>
   <classDecl>
    <xi:include href="taxonomy.xml"/>
   </classDecl>
  </encodingDesc>
  <profileDesc>
   <creation>
    <date notAfter="1872" notBefore="1871">
     1871-1872
    </date>
    <rs/>
   </creation>
   <textClass>
    <catRef target="#fiction" type="sphere"/>
    <catRef target="#произведения для детей" type="type"/>
    <catRef target="#works" type="works_letters_diaries"/>
    <catRef target="#азбука" type="ninetyDef"/>
    <catRef target="#Основное" type="main_var"/>
    <catRef target="#азбука" type="type_short"/>
    <catRef target="None" type="translation"/>
    <catRef target="None" type="translation_origin"/>
    <catRef target="#да" type="tolstoy_or_not"/>
    <catRef target="None" type="name_status"/>
   </textClass>
   <preparedness>
    finished
   </preparedness>
   <settingDesc>
    <time>
     XIX век
    </time>
   </settingDesc>
  </profileDesc>
  <xenoData>
   <cyclusName/>
   <p>
    Проект
    <title>
     Толстой.Digital
    </title>
    разрабатывается сотрудниками и студентами
    <orgName>
     Высшей школы экономики
    </orgName>
    в сотрудничестве с
    <orgName>
     Государственным музеем Л.Н. Толстого
    </orgName>
    . Источник текстов –
    <bibl>
     90-томное собрание сочинений Л.Н.Толстого
    </bibl>
    . Разметка основана на стандарте
    <ref target="http://www.tei-c.org">
     TEI (Text Encoding Initiative)
    </ref>
    .
   </p>
   <versionNumber/>
   <isFinished/>
   <isEdited/>
   <fullBibliographicDescription/>
  </xenoData>
 </teiHeader>
 <p rend="left emptyline">
  <pb n="205"/>
 </p>
 <div type="section" xml:id="ref85">
  <head rend="center">
   <hi rend="strong">
    ЖУРАВЛЬ И
    <choice>
     <reg>
      АИСТ
     </reg>
    </choice>
    .
   </hi>
  </head>
  <p rend="left" uuid="738f010e-457f-40de-bf96-350b2892ef6a">
   <choice>
    <reg>
     Мужик
    </reg>
   </choice>
   <choice>
    <reg>
     расставил
    </reg>
   </choice>
   на журавлей
   <choice>
    <reg>
     сети
    </reg>
   </choice>
   за то, что они сбивали у него
   <choice>
    <reg>
     посев
    </reg>
   </choice>
   .
   <choice>
    <reg>
     В
    </reg>
   </choice>
   <choice>
    <reg>
     сети
    </reg>
   </choice>
   попались журавли, а
   <choice>
    <reg>
     с
    </reg>
   </choice>
   журавлями
   <choice>
    <reg>
     один
    </reg>
   </choice>
   <choice>
    <reg>
     аист
    </reg>
   </choice>
   .
  </p>
  <p rend="left" uuid="e7b12d17-c6ef-4357-a209-7b16dd4895aa">
   <choice>
    <reg>
     Аист
    </reg>
   </choice>
   и
   <choice>
    <reg>
     говорит
    </reg>
   </choice>
   мужику:
  </p>
  <p rend="left" uuid="1e3f54a6-ada7-43b6-84b4-8791d1d093bf">
   «Ты меня отпусти: я не журавль, а
   <choice>
    <reg>
     аист
    </reg>
   </choice>
   ; мы
   <choice>
    <reg>
     самые
    </reg>
   </choice>
   <choice>
    <reg>
     почётные
    </reg>
   </choice>
   птицы; я у твоего отца на
   <choice>
    <reg>
     доме
    </reg>
   </choice>
   живу. И по перу видно, что я не журавль».
  </p>
  <p rend="left" uuid="b4ff4fd3-99f5-4b86-976a-9737dfd4e209">
   <choice>
    <reg>
     Мужик
    </reg>
   </choice>
   <choice>
    <reg>
     говорит
    </reg>
   </choice>
   :
  </p>
  <p rend="left" uuid="2ae4c7fc-a7d2-462a-8f77-5f4551d730f7">
   «
   <choice>
    <reg>
     С
    </reg>
   </choice>
   журавлями
   <choice>
    <reg>
     поймал
    </reg>
   </choice>
   ,
   <choice>
    <reg>
     с
    </reg>
   </choice>
   ними и
   <choice>
    <reg>
     зарежу
    </reg>
   </choice>
   ».
  </p>
 </div>
</TEI>