<?xml version="1.0" encoding="utf-8"?>
<TEI xmlns="http://www.tei-c.org/ns/1.0" xmlns:xi="http://www.w3.org/2001/XInclude">
 <teiHeader>
  <fileDesc>
   <titleStmt>
    <title>
     Азбука. Книга I
    </title>
    <author>
     Толстой Л.Н.
    </author>
    <respStmt>
     <resp>
      подготовка TEI/XML
     </resp>
     <name>
      Мария Картышева, Евгений Можаев, Даниил Скоринкин, Елена Сидорова, Вероника Файнберг, Кирилл Милинцевич
     </name>
    </respStmt>
    <respStmt>
     <name>
      Анастасия Бонч-Осмоловская, Фёкла Толстая, Борис Орехов
     </name>
     <resp>
      Идея, постановка задач, руководство
     </resp>
    </respStmt>
   </titleStmt>
   <publicationStmt>
    <idno>
     Азбука  | Книга I
    </idno>
    <publisher>
     <orgName>
      Школа лингвистики НИУ ВШЭ
     </orgName>
    </publisher>
    <availability>
     <p>
      Тексты и метатекстовая разметка доступны для свободного использования и распространения по лицензии Creative Commons Attribution Share-Alike (cc by-sa)
     </p>
    </availability>
   </publicationStmt>
   <sourceDesc>
    <biblStruct>
     <analytic>
      <author>
       Толстой Л.Н.
      </author>
      <title level="a">
       Азбука. Книга I
      </title>
     </analytic>
     <monogr>
      <title level="m">
       Полное собрание сочинений. Том 22
      </title>
      <imprint>
       <pubPlace>
        Москва
       </pubPlace>
       <publisher>
        Государственное издательство "Художественная литература"
       </publisher>
       <date when="1871-1872"/>
      </imprint>
     </monogr>
     <series>
      <title level="s">
       Л.Н. Толстой. Полное собрание сочинений
      </title>
      <biblScope unit="vol">
       22
      </biblScope>
     </series>
    </biblStruct>
   </sourceDesc>
  </fileDesc>
  <encodingDesc>
   <classDecl>
    <xi:include href="taxonomy.xml"/>
   </classDecl>
  </encodingDesc>
  <profileDesc>
   <creation>
    <date notAfter="1872" notBefore="1871">
     1871-1872
    </date>
    <rs/>
   </creation>
   <textClass>
    <catRef target="#fiction" type="sphere"/>
    <catRef target="#произведения для детей" type="type"/>
    <catRef target="#works" type="works_letters_diaries"/>
    <catRef target="#азбука" type="ninetyDef"/>
    <catRef target="#Основное" type="main_var"/>
    <catRef target="#азбука" type="type_short"/>
    <catRef target="None" type="translation"/>
    <catRef target="None" type="translation_origin"/>
    <catRef target="#да" type="tolstoy_or_not"/>
    <catRef target="None" type="name_status"/>
   </textClass>
   <preparedness>
    finished
   </preparedness>
   <settingDesc>
    <time>
     XIX век
    </time>
   </settingDesc>
  </profileDesc>
  <xenoData>
   <cyclusName/>
   <p>
    Проект
    <title>
     Толстой.Digital
    </title>
    разрабатывается сотрудниками и студентами
    <orgName>
     Высшей школы экономики
    </orgName>
    в сотрудничестве с
    <orgName>
     Государственным музеем Л.Н. Толстого
    </orgName>
    . Источник текстов –
    <bibl>
     90-томное собрание сочинений Л.Н.Толстого
    </bibl>
    . Разметка основана на стандарте
    <ref target="http://www.tei-c.org">
     TEI (Text Encoding Initiative)
    </ref>
    .
   </p>
   <versionNumber/>
   <isFinished/>
   <isEdited/>
   <fullBibliographicDescription/>
  </xenoData>
 </teiHeader>
 <p rend="left emptyline">
  <pb n="386"/>
 </p>
 <div type="section" xml:id="ref180">
  <head rend="center">
   <hi rend="strong">
    <choice>
     <reg>
      КАК
     </reg>
    </choice>
    <choice>
     <reg>
      МУЖИК
     </reg>
    </choice>
    ГУСЕЙ
    <choice>
     <reg>
      ДЕЛИЛ
     </reg>
    </choice>
    .
   </hi>
  </head>
  <p rend="left" uuid="8065eccc-cecc-4869-93ae-d038e5a51a51">
   У одного
   <choice>
    <reg>
     бедного
    </reg>
   </choice>
   мужика не стало
   <choice>
    <reg>
     хлеба
    </reg>
   </choice>
   .
   <choice>
    <reg>
     Вот
    </reg>
   </choice>
   <choice>
    <reg>
     он
    </reg>
   </choice>
   и
   <choice>
    <reg>
     задумал
    </reg>
   </choice>
   попросить
   <choice>
    <reg>
     хлеба
    </reg>
   </choice>
   у барина. Чтобы было
   <choice>
    <reg>
     с
    </reg>
   </choice>
   <choice>
    <reg>
     чем
    </reg>
   </choice>
   идти
   <choice>
    <reg>
     к
    </reg>
   </choice>
   барину,
   <choice>
    <reg>
     он
    </reg>
   </choice>
   <choice>
    <reg>
     поймал
    </reg>
   </choice>
   гуся,
   <choice>
    <reg>
     изжарил
    </reg>
   </choice>
   его и
   <choice>
    <reg>
     понёс
    </reg>
   </choice>
   .
   <choice>
    <reg>
     Барин
    </reg>
   </choice>
   <choice>
    <reg>
     принял
    </reg>
   </choice>
   гуся и
   <choice>
    <reg>
     говорит
    </reg>
   </choice>
   мужику: «спасибо,
   <choice>
    <reg>
     мужик
    </reg>
   </choice>
   ,
   <choice>
    <reg>
     тебе
    </reg>
   </choice>
   за гуся; только не знаю,
   <choice>
    <reg>
     как
    </reg>
   </choice>
   мы твоего гуся
   <choice>
    <reg>
     делить
    </reg>
   </choice>
   <choice>
    <reg>
     будем
    </reg>
   </choice>
   .
   <choice>
    <reg>
     Вот
    </reg>
   </choice>
  </p>
  <p rend="left emptyline" uuid="2d82c86b-9e97-4691-a04b-900cd0738d65">
   <pb n="387"/>
  </p>
  <p rend="centerline" uuid="e6a8a776-8287-4618-98e4-3269114680ef">
   — 19 —
  </p>
  <p rend="notindent" uuid="34414eb5-3269-43c8-a6b8-56a7dfa7f563">
   у меня жена, два сына, да
   <choice>
    <reg>
     две
    </reg>
   </choice>
   дочери.
   <choice>
    <reg>
     Как
    </reg>
   </choice>
   бы
   <choice>
    <reg>
     нам
    </reg>
   </choice>
   <choice>
    <reg>
     разделить
    </reg>
   </choice>
   гуся
   <choice>
    <reg>
     без
    </reg>
   </choice>
   обиды?»
   <choice>
    <reg>
     Мужик
    </reg>
   </choice>
   <choice>
    <reg>
     говорит
    </reg>
   </choice>
   : я
   <choice>
    <reg>
     разделю
    </reg>
   </choice>
   .
   <choice>
    <reg>
     Взял
    </reg>
   </choice>
   <choice>
    <reg>
     ножик
    </reg>
   </choice>
   ,
   <choice>
    <reg>
     отрезал
    </reg>
   </choice>
   голову и
   <choice>
    <reg>
     говорит
    </reg>
   </choice>
   барину: «ты всему дому голова,
   <choice>
    <reg>
     тебе
    </reg>
   </choice>
   голову».
   <choice>
    <reg>
     Потом
    </reg>
   </choice>
   <choice>
    <reg>
     отрезал
    </reg>
   </choice>
   <choice>
    <reg>
     задок
    </reg>
   </choice>
   ,
   <choice>
    <reg>
     подаёт
    </reg>
   </choice>
   <choice>
    <reg>
     барыне
    </reg>
   </choice>
   : «
   <choice>
    <reg>
     тебе
    </reg>
   </choice>
   ,
   <choice>
    <reg>
     говорит
    </reg>
   </choice>
   , дома
   <choice>
    <reg>
     сидеть
    </reg>
   </choice>
   , за
   <choice>
    <reg>
     домом
    </reg>
   </choice>
   <choice>
    <reg>
     смотреть
    </reg>
   </choice>
   ,
   <choice>
    <reg>
     тебе
    </reg>
   </choice>
   <choice>
    <reg>
     задок
    </reg>
   </choice>
   »
   <choice>
    <reg>
     Потом
    </reg>
   </choice>
   <choice>
    <reg>
     отрезал
    </reg>
   </choice>
   лапки и
   <choice>
    <reg>
     подаёт
    </reg>
   </choice>
   <choice>
    <reg>
     сыновьям
    </reg>
   </choice>
   «
   <choice>
    <reg>
     Вам
    </reg>
   </choice>
   », говорить, «ножки — топтать
   <choice>
    <reg>
     отцовския
    </reg>
   </choice>
   дорожки» А
   <choice>
    <reg>
     дочерям
    </reg>
   </choice>
   <choice>
    <reg>
     дал
    </reg>
   </choice>
   крылья. «Вы»,
   <choice>
    <reg>
     говорит
    </reg>
   </choice>
   , «скоро
   <choice>
    <reg>
     из
    </reg>
   </choice>
   дома улетите,
   <choice>
    <reg>
     вот
    </reg>
   </choice>
   <choice>
    <reg>
     вам
    </reg>
   </choice>
   по крылышку А остаточки
   <choice>
    <reg>
     себе
    </reg>
   </choice>
   возьму!» — и
   <choice>
    <reg>
     взял
    </reg>
   </choice>
   <choice>
    <reg>
     себе
    </reg>
   </choice>
   всего гуся.
  </p>
  <p rend="left" uuid="3b06472d-3350-4dca-bbf7-72a3f4a1cf6c">
   <choice>
    <reg>
     Барин
    </reg>
   </choice>
   <choice>
    <reg>
     посмеялся
    </reg>
   </choice>
   ,
   <choice>
    <reg>
     дал
    </reg>
   </choice>
   мужику
   <choice>
    <reg>
     хлеба
    </reg>
   </choice>
   и
   <choice>
    <reg>
     денег
    </reg>
   </choice>
  </p>
  <p rend="left" uuid="3787111c-2b80-479d-ae1f-2dbc74bb9cdc">
   <choice>
    <reg>
     Услыхал
    </reg>
   </choice>
   богатый
   <choice>
    <reg>
     мужик
    </reg>
   </choice>
   , что
   <choice>
    <reg>
     барин
    </reg>
   </choice>
   за гуся
   <choice>
    <reg>
     наградил
    </reg>
   </choice>
   <choice>
    <reg>
     бедного
    </reg>
   </choice>
   мужика
   <choice>
    <reg>
     хлебом
    </reg>
   </choice>
   и деньгами,
   <choice>
    <reg>
     зажарил
    </reg>
   </choice>
   пять гусей и
   <choice>
    <reg>
     понёс
    </reg>
   </choice>
   <choice>
    <reg>
     к
    </reg>
   </choice>
   барину
  </p>
  <p rend="left" uuid="ef39ebf4-d8a9-4ddb-85a5-7ebb05fda79d">
   <choice>
    <reg>
     Барин
    </reg>
   </choice>
   говорить: «спасибо за гусей, да
   <choice>
    <reg>
     вот
    </reg>
   </choice>
   у меня жена, два сына,
   <choice>
    <reg>
     две
    </reg>
   </choice>
   дочери —
   <choice>
    <reg>
     всех
    </reg>
   </choice>
   шестеро;
   <choice>
    <reg>
     как
    </reg>
   </choice>
   бы
   <choice>
    <reg>
     нам
    </reg>
   </choice>
   поровну
   <choice>
    <reg>
     разделить
    </reg>
   </choice>
   <choice>
    <reg>
     твоих
    </reg>
   </choice>
   гусей?» — Сталь богатый
   <choice>
    <reg>
     мужик
    </reg>
   </choice>
   думать и ничего не
   <choice>
    <reg>
     придумал
    </reg>
   </choice>
   .
  </p>
  <p rend="left" uuid="60ae07a9-47b9-4754-bc57-73241a2591da">
   <choice>
    <reg>
     Послал
    </reg>
   </choice>
   <choice>
    <reg>
     барин
    </reg>
   </choice>
   за
   <choice>
    <reg>
     бедным
    </reg>
   </choice>
   <choice>
    <reg>
     мужиком
    </reg>
   </choice>
   и
   <choice>
    <reg>
     велел
    </reg>
   </choice>
   <choice>
    <reg>
     делить
    </reg>
   </choice>
   .
   <choice>
    <reg>
     Бедный
    </reg>
   </choice>
   <choice>
    <reg>
     мужик
    </reg>
   </choice>
   <choice>
    <reg>
     взял
    </reg>
   </choice>
   — одного гуся
   <choice>
    <reg>
     дал
    </reg>
   </choice>
   барину
   <choice>
    <reg>
     с
    </reg>
   </choice>
   барыней и говорить «
   <choice>
    <reg>
     вот
    </reg>
   </choice>
   <choice>
    <reg>
     вас
    </reg>
   </choice>
   трое
   <choice>
    <reg>
     с
    </reg>
   </choice>
   <choice>
    <reg>
     гусем
    </reg>
   </choice>
   »; одного
   <choice>
    <reg>
     дал
    </reg>
   </choice>
   <choice>
    <reg>
     сыновьям
    </reg>
   </choice>
   — «и
   <choice>
    <reg>
     вас
    </reg>
   </choice>
   », говорить, «трое»; одного
   <choice>
    <reg>
     дал
    </reg>
   </choice>
   <choice>
    <reg>
     дочерям
    </reg>
   </choice>
   — «и
   <choice>
    <reg>
     вас
    </reg>
   </choice>
   трое»; a
   <choice>
    <reg>
     себе
    </reg>
   </choice>
   <choice>
    <reg>
     взял
    </reg>
   </choice>
   <choice>
    <reg>
     двух
    </reg>
   </choice>
   гусей. «
   <choice>
    <reg>
     Вот
    </reg>
   </choice>
   », говорить, «и
   <choice>
    <reg>
     нас
    </reg>
   </choice>
   трое
   <choice>
    <reg>
     с
    </reg>
   </choice>
   гусями, —
   <choice>
    <reg>
     все
    </reg>
   </choice>
   поровну».
  </p>
  <p rend="left" uuid="1f85aac3-33f0-45ed-9077-f01a987a9787">
   <choice>
    <reg>
     Барин
    </reg>
   </choice>
   <choice>
    <reg>
     посмеялся
    </reg>
   </choice>
   и
   <choice>
    <reg>
     дал
    </reg>
   </choice>
   <choice>
    <reg>
     бедному
    </reg>
   </choice>
   мужику ещё
   <choice>
    <reg>
     денег
    </reg>
   </choice>
   и
   <choice>
    <reg>
     хлеба
    </reg>
   </choice>
   , а
   <choice>
    <reg>
     богатого
    </reg>
   </choice>
   <choice>
    <reg>
     прогнал
    </reg>
   </choice>
   .
  </p>
 </div>
</TEI>