<?xml version="1.0" encoding="utf-8"?>
<TEI xmlns="http://www.tei-c.org/ns/1.0" xmlns:xi="http://www.w3.org/2001/XInclude">
 <teiHeader>
  <fileDesc>
   <titleStmt>
    <title>
     Азбука. Книга I
    </title>
    <author>
     Толстой Л.Н.
    </author>
    <respStmt>
     <resp>
      подготовка TEI/XML
     </resp>
     <name>
      Мария Картышева, Евгений Можаев, Даниил Скоринкин, Елена Сидорова, Вероника Файнберг, Кирилл Милинцевич
     </name>
    </respStmt>
    <respStmt>
     <name>
      Анастасия Бонч-Осмоловская, Фёкла Толстая, Борис Орехов
     </name>
     <resp>
      Идея, постановка задач, руководство
     </resp>
    </respStmt>
   </titleStmt>
   <publicationStmt>
    <idno>
     Азбука  | Книга I
    </idno>
    <publisher>
     <orgName>
      Школа лингвистики НИУ ВШЭ
     </orgName>
    </publisher>
    <availability>
     <p>
      Тексты и метатекстовая разметка доступны для свободного использования и распространения по лицензии Creative Commons Attribution Share-Alike (cc by-sa)
     </p>
    </availability>
   </publicationStmt>
   <sourceDesc>
    <biblStruct>
     <analytic>
      <author>
       Толстой Л.Н.
      </author>
      <title level="a">
       Азбука. Книга I
      </title>
     </analytic>
     <monogr>
      <title level="m">
       Полное собрание сочинений. Том 22
      </title>
      <imprint>
       <pubPlace>
        Москва
       </pubPlace>
       <publisher>
        Государственное издательство "Художественная литература"
       </publisher>
       <date when="1871-1872"/>
      </imprint>
     </monogr>
     <series>
      <title level="s">
       Л.Н. Толстой. Полное собрание сочинений
      </title>
      <biblScope unit="vol">
       22
      </biblScope>
     </series>
    </biblStruct>
   </sourceDesc>
  </fileDesc>
  <encodingDesc>
   <classDecl>
    <xi:include href="taxonomy.xml"/>
   </classDecl>
  </encodingDesc>
  <profileDesc>
   <creation>
    <date notAfter="1872" notBefore="1871">
     1871-1872
    </date>
    <rs/>
   </creation>
   <textClass>
    <catRef target="#fiction" type="sphere"/>
    <catRef target="#произведения для детей" type="type"/>
    <catRef target="#works" type="works_letters_diaries"/>
    <catRef target="#азбука" type="ninetyDef"/>
    <catRef target="#Основное" type="main_var"/>
    <catRef target="#азбука" type="type_short"/>
    <catRef target="None" type="translation"/>
    <catRef target="None" type="translation_origin"/>
    <catRef target="#да" type="tolstoy_or_not"/>
    <catRef target="None" type="name_status"/>
   </textClass>
   <preparedness>
    finished
   </preparedness>
   <settingDesc>
    <time>
     XIX век
    </time>
   </settingDesc>
  </profileDesc>
  <xenoData>
   <cyclusName/>
   <p>
    Проект
    <title>
     Толстой.Digital
    </title>
    разрабатывается сотрудниками и студентами
    <orgName>
     Высшей школы экономики
    </orgName>
    в сотрудничестве с
    <orgName>
     Государственным музеем Л.Н. Толстого
    </orgName>
    . Источник текстов –
    <bibl>
     90-томное собрание сочинений Л.Н.Толстого
    </bibl>
    . Разметка основана на стандарте
    <ref target="http://www.tei-c.org">
     TEI (Text Encoding Initiative)
    </ref>
    .
   </p>
   <versionNumber/>
   <isFinished/>
   <isEdited/>
   <fullBibliographicDescription/>
  </xenoData>
 </teiHeader>
 <p rend="left emptyline">
  <pb n="418"/>
 </p>
 <div type="section" xml:id="ref195">
  <head rend="center">
   <hi rend="strong">
    <choice>
     <reg>
      КАК
     </reg>
    </choice>
    ГУСИ
    <choice>
     <reg>
      РИМ
     </reg>
    </choice>
    СПАСЛИ.
   </hi>
  </head>
  <p rend="left" uuid="334df91b-0fff-4e04-8294-e4e629cc9675">
   <choice>
    <reg>
     В
    </reg>
   </choice>
   <choice>
    <reg>
     390-м
    </reg>
   </choice>
   году до P. X.
   <choice>
    <reg>
     дикие
    </reg>
   </choice>
   народы Галлы напали на
   <choice>
    <reg>
     Римлян
    </reg>
   </choice>
   . Римляне не могли
   <choice>
    <reg>
     с
    </reg>
   </choice>
   ними справиться, и которые
   <choice>
    <reg>
     убежали
    </reg>
   </choice>
   <choice>
    <reg>
     совсем
    </reg>
   </choice>
   <choice>
    <reg>
     вон
    </reg>
   </choice>
   <choice>
    <reg>
     из
    </reg>
   </choice>
   города, а которые заперлись
   <choice>
    <reg>
     в
    </reg>
   </choice>
   <choice>
    <reg>
     кремле
    </reg>
   </choice>
   . Кремль
   <choice>
    <reg>
     этот
    </reg>
   </choice>
   назывался
   <choice>
    <reg>
     Капитолий
    </reg>
   </choice>
   . Остались только
   <choice>
    <reg>
     в
    </reg>
   </choice>
   <choice>
    <reg>
     городе
    </reg>
   </choice>
   одни сенаторы. Галлы вошли
   <choice>
    <reg>
     в
    </reg>
   </choice>
   <choice>
    <reg>
     город
    </reg>
   </choice>
   , перебили
   <choice>
    <reg>
     всех
    </reg>
   </choice>
   <choice>
    <reg>
     сенаторов
    </reg>
   </choice>
   и сожгли
   <choice>
    <reg>
     Рим
    </reg>
   </choice>
   .
   <choice>
    <reg>
     В
    </reg>
   </choice>
   <choice>
    <reg>
     середине
    </reg>
   </choice>
   Рима оставался только кремль
   <choice>
    <reg>
     Капитолий
    </reg>
   </choice>
   , куда не могли добраться Галлы.
   <choice>
    <reg>
     Галлам
    </reg>
   </choice>
   <choice>
    <reg>
     хотелось
    </reg>
   </choice>
   разграбить
   <choice>
    <reg>
     Капитолий
    </reg>
   </choice>
   , потому что они знали, что
   <choice>
    <reg>
     там
    </reg>
   </choice>
   много
   <choice>
    <reg>
     богатств
    </reg>
   </choice>
   . Но
   <choice>
    <reg>
     Капитолий
    </reg>
   </choice>
   <choice>
    <reg>
     стоял
    </reg>
   </choice>
   на крутой
   <choice>
    <reg>
     горе
    </reg>
   </choice>
   :
   <choice>
    <reg>
     с
    </reg>
   </choice>
   одной стороны были
   <choice>
    <reg>
     стены
    </reg>
   </choice>
   и ворота, а
   <choice>
    <reg>
     с
    </reg>
   </choice>
   другой
   <choice>
    <reg>
     был
    </reg>
   </choice>
   крутой
   <choice>
    <reg>
     обрыв
    </reg>
   </choice>
   . Ночью Галлы украдкою
   <choice>
    <reg>
     полезли
    </reg>
   </choice>
   <choice>
    <reg>
     из
    </reg>
   </choice>
   <choice>
    <reg>
     под
    </reg>
   </choice>
   обрыва на
   <choice>
    <reg>
     Капитолий
    </reg>
   </choice>
   : они поддерживали другь друга снизу и передавали
   <choice>
    <reg>
     друг
    </reg>
   </choice>
   другу копья и мечи.
  </p>
  <p rend="left" uuid="02c220e9-9313-4808-be0c-a4996e8a846f">
   <choice>
    <reg>
     Так
    </reg>
   </choice>
   они потихоньку взобрались ни
   <choice>
    <reg>
     обрыв
    </reg>
   </choice>
   : ни одна собака не услыхала
   <choice>
    <reg>
     их
    </reg>
   </choice>
   .
  </p>
  <p rend="left" uuid="6dacbd1a-28ec-46a2-809e-cc4e057580a1">
   Они уже
   <choice>
    <reg>
     полезли
    </reg>
   </choice>
   <choice>
    <reg>
     через
    </reg>
   </choice>
   <choice>
    <reg>
     стену
    </reg>
   </choice>
   ,
   <choice>
    <reg>
     как
    </reg>
   </choice>
   <choice>
    <reg>
     вдруг
    </reg>
   </choice>
   гуси почуяли
   <choice>
    <reg>
     народ
    </reg>
   </choice>
   , загоготали и захлопали крыльями.
   <choice>
    <reg>
     Один
    </reg>
   </choice>
   <choice>
    <reg>
     Римлянин
    </reg>
   </choice>
   проснулся, бросился
   <choice>
    <reg>
     к
    </reg>
   </choice>
   <choice>
    <reg>
     стене
    </reg>
   </choice>
   и
   <choice>
    <reg>
     сбил
    </reg>
   </choice>
   <choice>
    <reg>
     под
    </reg>
   </choice>
   <choice>
    <reg>
     обрыв
    </reg>
   </choice>
   одного Галла.
   <choice>
    <reg>
     Галл
    </reg>
   </choice>
   <choice>
    <reg>
     упал
    </reg>
   </choice>
   и
   <choice>
    <reg>
     свалил
    </reg>
   </choice>
   за собою
   <choice>
    <reg>
     других
    </reg>
   </choice>
   . Тогда
   <choice>
    <reg>
     сбежались
    </reg>
   </choice>
   Римляне и стали кидать брёвна и каменья
   <choice>
    <reg>
     под
    </reg>
   </choice>
   <choice>
    <reg>
     обрыв
    </reg>
   </choice>
   , и перебили много
   <choice>
    <reg>
     Галлов
    </reg>
   </choice>
   .
   <choice>
    <reg>
     Потом
    </reg>
   </choice>
   пришла помощь
   <choice>
    <reg>
     к
    </reg>
   </choice>
   Риму, и
   <choice>
    <reg>
     Галлов
    </reg>
   </choice>
   прогнали.
  </p>
  <p rend="left" uuid="7eee073e-28da-49c2-89e1-ba61a06a7a42">
   <choice>
    <reg>
     С
    </reg>
   </choice>
   <choice>
    <reg>
     тех
    </reg>
   </choice>
   <choice>
    <reg>
     пор
    </reg>
   </choice>
   Римляне
   <choice>
    <reg>
     в
    </reg>
   </choice>
   память этого дня завели у себя
   <choice>
    <reg>
     праздник
    </reg>
   </choice>
   . Жрецы
   <choice>
    <reg>
     идут
    </reg>
   </choice>
   наряженные по городу,
   <choice>
    <reg>
     один
    </reg>
   </choice>
   <choice>
    <reg>
     из
    </reg>
   </choice>
   <choice>
    <reg>
     них
    </reg>
   </choice>
   <choice>
    <reg>
     несёт
    </reg>
   </choice>
   гуся, а за ними на
   <choice>
    <reg>
     верёвке
    </reg>
   </choice>
   <choice>
    <reg>
     тащат
    </reg>
   </choice>
   собаку И
   <choice>
    <reg>
     народ
    </reg>
   </choice>
   подходить
   <choice>
    <reg>
     к
    </reg>
   </choice>
   гусю и кланяется
  </p>
  <p rend="left emptyline" uuid="cd6aa7e7-96ec-4ea4-b56c-3eccc10d647a">
   <pb n="419"/>
  </p>
  <p rend="centerline" uuid="38cbf00a-b684-485e-9728-3c73cf6f5a23">
   — 51 —
  </p>
  <p rend="notindent" uuid="3d4302bc-2179-4621-ad4d-d4ddb050b583">
   ему и жрецу; для гусей
   <choice>
    <reg>
     дают
    </reg>
   </choice>
   дары, а собаку
   <choice>
    <reg>
     бьют
    </reg>
   </choice>
   палками до
   <choice>
    <reg>
     тех
    </reg>
   </choice>
   <choice>
    <reg>
     пор
    </reg>
   </choice>
   , пока она не
   <choice>
    <reg>
     издохнет
    </reg>
   </choice>
   .
  </p>
 </div>
</TEI>