<?xml version="1.0" encoding="utf-8"?>
<TEI xmlns="http://www.tei-c.org/ns/1.0" xmlns:xi="http://www.w3.org/2001/XInclude">
 <teiHeader>
  <fileDesc>
   <titleStmt>
    <title>
     Азбука. Книга I
    </title>
    <author>
     Толстой Л.Н.
    </author>
    <respStmt>
     <resp>
      подготовка TEI/XML
     </resp>
     <name>
      Мария Картышева, Евгений Можаев, Даниил Скоринкин, Елена Сидорова, Вероника Файнберг, Кирилл Милинцевич
     </name>
    </respStmt>
    <respStmt>
     <name>
      Анастасия Бонч-Осмоловская, Фёкла Толстая, Борис Орехов
     </name>
     <resp>
      Идея, постановка задач, руководство
     </resp>
    </respStmt>
   </titleStmt>
   <publicationStmt>
    <idno>
     Азбука  | Книга I
    </idno>
    <publisher>
     <orgName>
      Школа лингвистики НИУ ВШЭ
     </orgName>
    </publisher>
    <availability>
     <p>
      Тексты и метатекстовая разметка доступны для свободного использования и распространения по лицензии Creative Commons Attribution Share-Alike (cc by-sa)
     </p>
    </availability>
   </publicationStmt>
   <sourceDesc>
    <biblStruct>
     <analytic>
      <author>
       Толстой Л.Н.
      </author>
      <title level="a">
       Азбука. Книга I
      </title>
     </analytic>
     <monogr>
      <title level="m">
       Полное собрание сочинений. Том 22
      </title>
      <imprint>
       <pubPlace>
        Москва
       </pubPlace>
       <publisher>
        Государственное издательство "Художественная литература"
       </publisher>
       <date when="1871-1872"/>
      </imprint>
     </monogr>
     <series>
      <title level="s">
       Л.Н. Толстой. Полное собрание сочинений
      </title>
      <biblScope unit="vol">
       22
      </biblScope>
     </series>
    </biblStruct>
   </sourceDesc>
  </fileDesc>
  <encodingDesc>
   <classDecl>
    <xi:include href="taxonomy.xml"/>
   </classDecl>
  </encodingDesc>
  <profileDesc>
   <creation>
    <date notAfter="1872" notBefore="1871">
     1871-1872
    </date>
    <rs/>
   </creation>
   <textClass>
    <catRef target="#fiction" type="sphere"/>
    <catRef target="#произведения для детей" type="type"/>
    <catRef target="#works" type="works_letters_diaries"/>
    <catRef target="#азбука" type="ninetyDef"/>
    <catRef target="#Основное" type="main_var"/>
    <catRef target="#азбука" type="type_short"/>
    <catRef target="None" type="translation"/>
    <catRef target="None" type="translation_origin"/>
    <catRef target="#да" type="tolstoy_or_not"/>
    <catRef target="None" type="name_status"/>
   </textClass>
   <preparedness>
    finished
   </preparedness>
   <settingDesc>
    <time>
     XIX век
    </time>
   </settingDesc>
  </profileDesc>
  <xenoData>
   <cyclusName/>
   <p>
    Проект
    <title>
     Толстой.Digital
    </title>
    разрабатывается сотрудниками и студентами
    <orgName>
     Высшей школы экономики
    </orgName>
    в сотрудничестве с
    <orgName>
     Государственным музеем Л.Н. Толстого
    </orgName>
    . Источник текстов –
    <bibl>
     90-томное собрание сочинений Л.Н.Толстого
    </bibl>
    . Разметка основана на стандарте
    <ref target="http://www.tei-c.org">
     TEI (Text Encoding Initiative)
    </ref>
    .
   </p>
   <versionNumber/>
   <isFinished/>
   <isEdited/>
   <fullBibliographicDescription/>
  </xenoData>
 </teiHeader>
 <p rend="left emptyline">
  <pb n="369"/>
 </p>
 <div type="section" xml:id="ref160">
  <head rend="center">
   <hi rend="strong">
    ДИКІЙ И РУЧНОЙ
    <choice>
     <reg>
      ОСЕЛ
     </reg>
    </choice>
    .
   </hi>
  </head>
  <p rend="left" uuid="61b5ac4c-8e84-4b40-be88-6ffeabc4bfd0">
   <choice>
    <reg>
     Дикий
    </reg>
   </choice>
   <choice>
    <reg>
     осёл
    </reg>
   </choice>
   <choice>
    <reg>
     увидал
    </reg>
   </choice>
   <choice>
    <reg>
     ручного
    </reg>
   </choice>
   осла,
   <choice>
    <reg>
     подошёл
    </reg>
   </choice>
   <choice>
    <reg>
     к
    </reg>
   </choice>
   нему и
   <choice>
    <reg>
     стал
    </reg>
   </choice>
   хвалить его жизнь:
   <choice>
    <reg>
     как
    </reg>
   </choice>
   и
   <choice>
    <reg>
     телом-то
    </reg>
   </choice>
   <choice>
    <reg>
     он
    </reg>
   </choice>
   <choice>
    <reg>
     гладок
    </reg>
   </choice>
   и какой ему
   <choice>
    <reg>
     корм
    </reg>
   </choice>
   <choice>
    <reg>
     сладкий
    </reg>
   </choice>
   .
   <choice>
    <reg>
     Потом
    </reg>
   </choice>
   ,
   <choice>
    <reg>
     как
    </reg>
   </choice>
   навьючили ручного осла, до
   <choice>
    <reg>
     как
    </reg>
   </choice>
   сзади
   <choice>
    <reg>
     стал
    </reg>
   </choice>
   <choice>
    <reg>
     погоньщик
    </reg>
   </choice>
   подгонять его дубиной,
   <choice>
    <reg>
     дикий
    </reg>
   </choice>
   <choice>
    <reg>
     осёл
    </reg>
   </choice>
   и
   <choice>
    <reg>
     говорит
    </reg>
   </choice>
   : «
   <choice>
    <reg>
     нет
    </reg>
   </choice>
   ,
   <choice>
    <reg>
     брат
    </reg>
   </choice>
   , теперь не завидую; вижу, что твоё житьё
   <choice>
    <reg>
     тебе
    </reg>
   </choice>
   <choice>
    <reg>
     соком
    </reg>
   </choice>
   достаётся.»
  </p>
  <p rend="left emptyline" uuid="a5700fc4-6ace-4857-8f55-96217e1ab675">
   <pb n="370"/>
  </p>
  <p rend="centerline" uuid="d64a0e41-e300-467c-9c50-ca3a62f83714">
   — 2 —
  </p>
 </div>
</TEI>