<?xml version="1.0" encoding="utf-8"?>
<TEI xmlns="http://www.tei-c.org/ns/1.0" xmlns:xi="http://www.w3.org/2001/XInclude">
 <teiHeader>
  <fileDesc>
   <titleStmt>
    <title>
     Азбука. Книга I
    </title>
    <author>
     Толстой Л.Н.
    </author>
    <respStmt>
     <resp>
      подготовка TEI/XML
     </resp>
     <name>
      Мария Картышева, Евгений Можаев, Даниил Скоринкин, Елена Сидорова, Вероника Файнберг, Кирилл Милинцевич
     </name>
    </respStmt>
    <respStmt>
     <name>
      Анастасия Бонч-Осмоловская, Фёкла Толстая, Борис Орехов
     </name>
     <resp>
      Идея, постановка задач, руководство
     </resp>
    </respStmt>
   </titleStmt>
   <publicationStmt>
    <idno>
     Азбука  | Книга I
    </idno>
    <publisher>
     <orgName>
      Школа лингвистики НИУ ВШЭ
     </orgName>
    </publisher>
    <availability>
     <p>
      Тексты и метатекстовая разметка доступны для свободного использования и распространения по лицензии Creative Commons Attribution Share-Alike (cc by-sa)
     </p>
    </availability>
   </publicationStmt>
   <sourceDesc>
    <biblStruct>
     <analytic>
      <author>
       Толстой Л.Н.
      </author>
      <title level="a">
       Азбука. Книга I
      </title>
     </analytic>
     <monogr>
      <title level="m">
       Полное собрание сочинений. Том 22
      </title>
      <imprint>
       <pubPlace>
        Москва
       </pubPlace>
       <publisher>
        Государственное издательство "Художественная литература"
       </publisher>
       <date when="1871-1872"/>
      </imprint>
     </monogr>
     <series>
      <title level="s">
       Л.Н. Толстой. Полное собрание сочинений
      </title>
      <biblScope unit="vol">
       22
      </biblScope>
     </series>
    </biblStruct>
   </sourceDesc>
  </fileDesc>
  <encodingDesc>
   <classDecl>
    <xi:include href="taxonomy.xml"/>
   </classDecl>
  </encodingDesc>
  <profileDesc>
   <creation>
    <date notAfter="1872" notBefore="1871">
     1871-1872
    </date>
    <rs/>
   </creation>
   <textClass>
    <catRef target="#fiction" type="sphere"/>
    <catRef target="#произведения для детей" type="type"/>
    <catRef target="#works" type="works_letters_diaries"/>
    <catRef target="#азбука" type="ninetyDef"/>
    <catRef target="#Основное" type="main_var"/>
    <catRef target="#азбука" type="type_short"/>
    <catRef target="None" type="translation"/>
    <catRef target="None" type="translation_origin"/>
    <catRef target="#да" type="tolstoy_or_not"/>
    <catRef target="None" type="name_status"/>
   </textClass>
   <preparedness>
    finished
   </preparedness>
   <settingDesc>
    <time>
     XIX век
    </time>
   </settingDesc>
  </profileDesc>
  <xenoData>
   <cyclusName/>
   <p>
    Проект
    <title>
     Толстой.Digital
    </title>
    разрабатывается сотрудниками и студентами
    <orgName>
     Высшей школы экономики
    </orgName>
    в сотрудничестве с
    <orgName>
     Государственным музеем Л.Н. Толстого
    </orgName>
    . Источник текстов –
    <bibl>
     90-томное собрание сочинений Л.Н.Толстого
    </bibl>
    . Разметка основана на стандарте
    <ref target="http://www.tei-c.org">
     TEI (Text Encoding Initiative)
    </ref>
    .
   </p>
   <versionNumber/>
   <isFinished/>
   <isEdited/>
   <fullBibliographicDescription/>
  </xenoData>
 </teiHeader>
 <p rend="left emptyline">
  <pb n="207"/>
 </p>
 <div type="section" xml:id="ref91">
  <head rend="center">
   <hi rend="strong">
    ЗАЙЦЫ И ЛЯГУШКИ.
   </hi>
  </head>
  <p rend="left" uuid="e4e5b9a7-e68d-462e-b85b-388024fff36f">
   Сошлись
   <choice>
    <reg>
     раз
    </reg>
   </choice>
   зайцы и стали плакаться на свою жизнь: «И
   <choice>
    <reg>
     от
    </reg>
   </choice>
   людей, й
   <choice>
    <reg>
     от
    </reg>
   </choice>
   <choice>
    <reg>
     собак
    </reg>
   </choice>
   , и
   <choice>
    <reg>
     от
    </reg>
   </choice>
   <choice>
    <reg>
     орлов
    </reg>
   </choice>
   , и
   <choice>
    <reg>
     от
    </reg>
   </choice>
   <choice>
    <reg>
     прочих
    </reg>
   </choice>
   <choice>
    <reg>
     зверей
    </reg>
   </choice>
   <choice>
    <reg>
     погибаем
    </reg>
   </choice>
   . Ужь лучше
   <choice>
    <reg>
     раз
    </reg>
   </choice>
   умереть,
   <choice>
    <reg>
     чем
    </reg>
   </choice>
   <choice>
    <reg>
     в
    </reg>
   </choice>
   <choice>
    <reg>
     страхе
    </reg>
   </choice>
   жить и мучиться. — Давайте, утопимся!»
  </p>
  <p rend="left" uuid="0a60d1ee-d687-44fd-97f3-c6216b76db58">
   И поскакали зайцы
   <choice>
    <reg>
     в
    </reg>
   </choice>
   озеро топиться. Лягушки услыхали
   <choice>
    <reg>
     зайцев
    </reg>
   </choice>
   и забултыхали
   <choice>
    <reg>
     в
    </reg>
   </choice>
   воду.
   <choice>
    <reg>
     Один
    </reg>
   </choice>
   <choice>
    <reg>
     заяц
    </reg>
   </choice>
   и
   <choice>
    <reg>
     говорит
    </reg>
   </choice>
   :
  </p>
  <p rend="left" uuid="920363c7-a7ba-4761-86fb-438a48acd869">
   «Стойте, ребята! Подождёмъ топиться; вотъ лягушачье житьё, видно, ещё хуже нашего: онѣ и насъ боятся».
  </p>
  <p rend="left emptyline" uuid="6bb3d34f-2d8f-4b5b-970e-1b2ba90dd1d6">
   <pb n="208"/>
  </p>
  <p rend="centerline" uuid="81e810e7-e014-4f43-8e8f-08ef653c91f7">
   — 6 —
  </p>
 </div>
</TEI>