<?xml version="1.0" encoding="utf-8"?>
<TEI xmlns="http://www.tei-c.org/ns/1.0" xmlns:xi="http://www.w3.org/2001/XInclude">
 <teiHeader>
  <fileDesc>
   <titleStmt>
    <title>
     Азбука. Книга I
    </title>
    <author>
     Толстой Л.Н.
    </author>
    <respStmt>
     <resp>
      подготовка TEI/XML
     </resp>
     <name>
      Мария Картышева, Евгений Можаев, Даниил Скоринкин, Елена Сидорова, Вероника Файнберг, Кирилл Милинцевич
     </name>
    </respStmt>
    <respStmt>
     <name>
      Анастасия Бонч-Осмоловская, Фёкла Толстая, Борис Орехов
     </name>
     <resp>
      Идея, постановка задач, руководство
     </resp>
    </respStmt>
   </titleStmt>
   <publicationStmt>
    <idno>
     Азбука  | Книга I
    </idno>
    <publisher>
     <orgName>
      Школа лингвистики НИУ ВШЭ
     </orgName>
    </publisher>
    <availability>
     <p>
      Тексты и метатекстовая разметка доступны для свободного использования и распространения по лицензии Creative Commons Attribution Share-Alike (cc by-sa)
     </p>
    </availability>
   </publicationStmt>
   <sourceDesc>
    <biblStruct>
     <analytic>
      <author>
       Толстой Л.Н.
      </author>
      <title level="a">
       Азбука. Книга I
      </title>
     </analytic>
     <monogr>
      <title level="m">
       Полное собрание сочинений. Том 22
      </title>
      <imprint>
       <pubPlace>
        Москва
       </pubPlace>
       <publisher>
        Государственное издательство "Художественная литература"
       </publisher>
       <date when="1871-1872"/>
      </imprint>
     </monogr>
     <series>
      <title level="s">
       Л.Н. Толстой. Полное собрание сочинений
      </title>
      <biblScope unit="vol">
       22
      </biblScope>
     </series>
    </biblStruct>
   </sourceDesc>
  </fileDesc>
  <encodingDesc>
   <classDecl>
    <xi:include href="taxonomy.xml"/>
   </classDecl>
  </encodingDesc>
  <profileDesc>
   <creation>
    <date notAfter="1872" notBefore="1871">
     1871-1872
    </date>
    <rs/>
   </creation>
   <textClass>
    <catRef target="#fiction" type="sphere"/>
    <catRef target="#произведения для детей" type="type"/>
    <catRef target="#works" type="works_letters_diaries"/>
    <catRef target="#азбука" type="ninetyDef"/>
    <catRef target="#Основное" type="main_var"/>
    <catRef target="#азбука" type="type_short"/>
    <catRef target="None" type="translation"/>
    <catRef target="None" type="translation_origin"/>
    <catRef target="#да" type="tolstoy_or_not"/>
    <catRef target="None" type="name_status"/>
   </textClass>
   <preparedness>
    finished
   </preparedness>
   <settingDesc>
    <time>
     XIX век
    </time>
   </settingDesc>
  </profileDesc>
  <xenoData>
   <cyclusName/>
   <p>
    Проект
    <title>
     Толстой.Digital
    </title>
    разрабатывается сотрудниками и студентами
    <orgName>
     Высшей школы экономики
    </orgName>
    в сотрудничестве с
    <orgName>
     Государственным музеем Л.Н. Толстого
    </orgName>
    . Источник текстов –
    <bibl>
     90-томное собрание сочинений Л.Н.Толстого
    </bibl>
    . Разметка основана на стандарте
    <ref target="http://www.tei-c.org">
     TEI (Text Encoding Initiative)
    </ref>
    .
   </p>
   <versionNumber/>
   <isFinished/>
   <isEdited/>
   <fullBibliographicDescription/>
  </xenoData>
 </teiHeader>
 <p rend="left emptyline">
  <pb n="106"/>
 </p>
 <div type="section" xml:id="ref49">
  <head rend="Azbuka left">
   <hi rend="strong">
    <choice>
     <reg>
      От
     </reg>
    </choice>
    скорости сила.
   </hi>
  </head>
  <p rend="Azbuka left" uuid="c0a4bda6-6db5-4485-965d-adaf54c46791">
   <choice>
    <reg>
     Один
    </reg>
   </choice>
   <choice>
    <reg>
     раз
    </reg>
   </choice>
   машина
   <hi rend="big">
    ѣ
   </hi>
   хала очень скоро
   <hi rend="big">
    по
   </hi>
   <choice>
    <reg>
     железной
    </reg>
   </choice>
   <choice>
    <reg>
     дороге
    </reg>
   </choice>
   . А
   <hi rend="big">
    на
   </hi>
   самой
   <choice>
    <reg>
     дороге
    </reg>
   </choice>
   ,
   <hi rend="big">
    на
   </hi>
   пере
   <hi rend="big">
    ѣ
   </hi>
   <choice>
    <reg>
     зде
    </reg>
   </choice>
   , стояла лошадь
   <choice>
    <reg>
     с
    </reg>
   </choice>
   <choice>
    <reg>
     тяжёлым
    </reg>
   </choice>
   <choice>
    <reg>
     возом
    </reg>
   </choice>
   .
   <choice>
    <reg>
     Мужик
    </reg>
   </choice>
   <choice>
    <reg>
     гнал
    </reg>
   </choice>
   лошадь
   <hi rend="big">
    <choice>
     <reg>
      через
     </reg>
    </choice>
   </hi>
   дорогу, но лошадь не могла сдвинуть
   <choice>
    <reg>
     воз
    </reg>
   </choice>
   , потому что заднее колесо соскочило.
   <choice>
    <reg>
     Кондуктор
    </reg>
   </choice>
   <choice>
    <reg>
     закричал
    </reg>
   </choice>
   машинисту: „держи“, но
   <choice>
    <reg>
     машинист
    </reg>
   </choice>
   не послушался.
   <choice>
    <reg>
     Он
    </reg>
   </choice>
   <choice>
    <reg>
     смекнул
    </reg>
   </choice>
   , что
   <choice>
    <reg>
     мужик
    </reg>
   </choice>
   не
   <choice>
    <reg>
     может
    </reg>
   </choice>
   ни согнать лошадь
   <hi rend="big">
    <choice>
     <reg>
      с
     </reg>
    </choice>
   </hi>
   тел
   <hi rend="big">
    ѣ
   </hi>
   гой, ни своротить её, и что машины сразу остановить нельзя.
   <choice>
    <reg>
     Он
    </reg>
   </choice>
   не
   <choice>
    <reg>
     стал
    </reg>
   </choice>
   останавливать, а
   <choice>
    <reg>
     самым
    </reg>
   </choice>
   <choice>
    <reg>
     скорым
    </reg>
   </choice>
   <choice>
    <reg>
     ходом
    </reg>
   </choice>
   <choice>
    <reg>
     пустил
    </reg>
   </choice>
   машину и во весь
   <choice>
    <reg>
     дух
    </reg>
   </choice>
   <choice>
    <reg>
     налётел
    </reg>
   </choice>
   <hi rend="big">
    на
   </hi>
   тел
   <hi rend="big">
    ѣ
   </hi>
   гу.
   <choice>
    <reg>
     Мужик
    </reg>
   </choice>
   отб
   <hi rend="big">
    ѣ
   </hi>
   <choice>
    <reg>
     жал
    </reg>
   </choice>
   <hi rend="big">
    <choice>
     <reg>
      от
     </reg>
    </choice>
   </hi>
   тел
   <hi rend="big">
    ѣ
   </hi>
   ги, а машина,
   <choice>
    <reg>
     как
    </reg>
   </choice>
   щепку, сбросила
   <hi rend="big">
    <choice>
     <reg>
      с
     </reg>
    </choice>
   </hi>
   дороги
   <choice>
    <reg>
     телегу
    </reg>
   </choice>
   и лошадь, а сама не тряхнулась, проб
   <hi rend="big">
    ѣ
   </hi>
   жала дальше. Тогда
   <choice>
    <reg>
     машинист
    </reg>
   </choice>
   <choice>
    <reg>
     сказал
    </reg>
   </choice>
   кондуктору: „теперь мы только убили
  </p>
  <p rend="left emptyline" uuid="26a48c62-d511-4504-9110-a1e299785c5e">
   <pb n="107"/>
  </p>
  <p rend="centerline" uuid="ddd0ed39-6011-4d39-a00e-620d388ef76d">
   — 97 —
  </p>
  <p rend="Azbuka notindent" uuid="fa40ed82-e0f4-49f1-a537-b7c19e65d106">
   одну лошадь и сломали
   <choice>
    <reg>
     телегу
    </reg>
   </choice>
   , а если бы я тебя
   <choice>
    <reg>
     послушал
    </reg>
   </choice>
   , мы сами бы убились и перебили бы
   <choice>
    <reg>
     всех
    </reg>
   </choice>
   <choice>
    <reg>
     пассажиров
    </reg>
   </choice>
   .
   <hi rend="big">
    На
   </hi>
   <choice>
    <reg>
     скором
    </reg>
   </choice>
   ходу мы сбросили
   <choice>
    <reg>
     телегу
    </reg>
   </choice>
   и не слыхали толчка, а
   <hi rend="big">
    на
   </hi>
   <choice>
    <reg>
     тихом
    </reg>
   </choice>
   ходу
   <choice>
    <reg>
     нас
    </reg>
   </choice>
   бы выбросило
   <choice>
    <reg>
     из
    </reg>
   </choice>
   <choice>
    <reg>
     рельсов
    </reg>
   </choice>
   .
  </p>
 </div>
</TEI>