<?xml version="1.0" encoding="utf-8"?>
<TEI xmlns="http://www.tei-c.org/ns/1.0" xmlns:xi="http://www.w3.org/2001/XInclude">
 <teiHeader>
  <fileDesc>
   <titleStmt>
    <title>
     Азбука. Книга I
    </title>
    <author>
     Толстой Л.Н.
    </author>
    <respStmt>
     <resp>
      подготовка TEI/XML
     </resp>
     <name>
      Мария Картышева, Евгений Можаев, Даниил Скоринкин, Елена Сидорова, Вероника Файнберг, Кирилл Милинцевич
     </name>
    </respStmt>
    <respStmt>
     <name>
      Анастасия Бонч-Осмоловская, Фёкла Толстая, Борис Орехов
     </name>
     <resp>
      Идея, постановка задач, руководство
     </resp>
    </respStmt>
   </titleStmt>
   <publicationStmt>
    <idno>
     Азбука  | Книга I
    </idno>
    <publisher>
     <orgName>
      Школа лингвистики НИУ ВШЭ
     </orgName>
    </publisher>
    <availability>
     <p>
      Тексты и метатекстовая разметка доступны для свободного использования и распространения по лицензии Creative Commons Attribution Share-Alike (cc by-sa)
     </p>
    </availability>
   </publicationStmt>
   <sourceDesc>
    <biblStruct>
     <analytic>
      <author>
       Толстой Л.Н.
      </author>
      <title level="a">
       Азбука. Книга I
      </title>
     </analytic>
     <monogr>
      <title level="m">
       Полное собрание сочинений. Том 22
      </title>
      <imprint>
       <pubPlace>
        Москва
       </pubPlace>
       <publisher>
        Государственное издательство "Художественная литература"
       </publisher>
       <date when="1871-1872"/>
      </imprint>
     </monogr>
     <series>
      <title level="s">
       Л.Н. Толстой. Полное собрание сочинений
      </title>
      <biblScope unit="vol">
       22
      </biblScope>
     </series>
    </biblStruct>
   </sourceDesc>
  </fileDesc>
  <encodingDesc>
   <classDecl>
    <xi:include href="taxonomy.xml"/>
   </classDecl>
  </encodingDesc>
  <profileDesc>
   <creation>
    <date notAfter="1872" notBefore="1871">
     1871-1872
    </date>
    <rs/>
   </creation>
   <textClass>
    <catRef target="#fiction" type="sphere"/>
    <catRef target="#произведения для детей" type="type"/>
    <catRef target="#works" type="works_letters_diaries"/>
    <catRef target="#азбука" type="ninetyDef"/>
    <catRef target="#Основное" type="main_var"/>
    <catRef target="#азбука" type="type_short"/>
    <catRef target="None" type="translation"/>
    <catRef target="None" type="translation_origin"/>
    <catRef target="#да" type="tolstoy_or_not"/>
    <catRef target="None" type="name_status"/>
   </textClass>
   <preparedness>
    finished
   </preparedness>
   <settingDesc>
    <time>
     XIX век
    </time>
   </settingDesc>
  </profileDesc>
  <xenoData>
   <cyclusName/>
   <p>
    Проект
    <title>
     Толстой.Digital
    </title>
    разрабатывается сотрудниками и студентами
    <orgName>
     Высшей школы экономики
    </orgName>
    в сотрудничестве с
    <orgName>
     Государственным музеем Л.Н. Толстого
    </orgName>
    . Источник текстов –
    <bibl>
     90-томное собрание сочинений Л.Н.Толстого
    </bibl>
    . Разметка основана на стандарте
    <ref target="http://www.tei-c.org">
     TEI (Text Encoding Initiative)
    </ref>
    .
   </p>
   <versionNumber/>
   <isFinished/>
   <isEdited/>
   <fullBibliographicDescription/>
  </xenoData>
 </teiHeader>
 <p rend="left emptyline">
  <pb n="389"/>
 </p>
 <div type="section" xml:id="ref183">
  <head rend="center">
   <hi rend="strong">
    <choice>
     <reg>
      КАК
     </reg>
     <orig>
      КАКЪ
     </orig>
    </choice>
    Я ВЫУЧИЛСЯ
    <choice>
     <reg>
      ЕЗДИТЬ
     </reg>
     <orig>
      ѢЗДИТЬ
     </orig>
    </choice>
    <choice>
     <reg>
      ВЕРХОМ
     </reg>
     <orig>
      ВЕРХОМЪ
     </orig>
    </choice>
    .
   </hi>
  </head>
  <p rend="left" uuid="7ca2a70a-4afd-4c5b-bbb6-cd6149713c19">
   Когда я
   <choice>
    <reg>
     был
    </reg>
    <orig>
     былъ
    </orig>
   </choice>
   <choice>
    <reg>
     маленький
    </reg>
    <orig>
     маленькiй
    </orig>
   </choice>
   , мы каждый день учились, только по
   <choice>
    <reg>
     воскресеньям
    </reg>
    <orig>
     воскресеньямъ
    </orig>
   </choice>
   и по
   <choice>
    <reg>
     праздникам
    </reg>
    <orig>
     праздникамъ
    </orig>
   </choice>
   ходили гулять и играли
   <choice>
    <reg>
     с
    </reg>
    <orig>
     съ
    </orig>
   </choice>
   братьями.
   <choice>
    <reg>
     Один
    </reg>
    <orig>
     Одинъ
    </orig>
   </choice>
   <choice>
    <reg>
     раз
    </reg>
    <orig>
     разъ
    </orig>
   </choice>
   батюшка
   <choice>
    <reg>
     сказал
    </reg>
    <orig>
     сказалъ
    </orig>
   </choice>
   : «надо
   <choice>
    <reg>
     старшим
    </reg>
    <orig>
     старшимъ
    </orig>
   </choice>
   <choice>
    <reg>
     детям
    </reg>
    <orig>
     дѣтямъ
    </orig>
   </choice>
   учиться
   <choice>
    <reg>
     ездить
    </reg>
    <orig>
     ѣздить
    </orig>
   </choice>
   <choice>
    <reg>
     верхом
    </reg>
    <orig>
     верхомъ
    </orig>
   </choice>
   . Послать
   <choice>
    <reg>
     их
    </reg>
    <orig>
     ихъ
    </orig>
   </choice>
   <choice>
    <reg>
     в
    </reg>
    <orig>
     въ
    </orig>
   </choice>
   <choice>
    <reg>
     манеж
    </reg>
    <orig>
     манежъ
    </orig>
   </choice>
   ». Я
   <choice>
    <reg>
     был
    </reg>
    <orig>
     былъ
    </orig>
   </choice>
   меньше
   <choice>
    <reg>
     всех
    </reg>
    <orig>
     всѣхъ
    </orig>
   </choice>
   <choice>
    <reg>
     братьев
    </reg>
    <orig>
     братьевъ
    </orig>
   </choice>
   и
   <choice>
    <reg>
     спросил
    </reg>
    <orig>
     спросилъ
    </orig>
   </choice>
   : «А
   <choice>
    <reg>
     мне
    </reg>
    <orig>
     мнѣ
    </orig>
   </choice>
   можно учиться?» Батюшка
   <choice>
    <reg>
     сказал
    </reg>
    <orig>
     сказалъ
    </orig>
   </choice>
   : — «ты упадёшь». Я
   <choice>
    <reg>
     стал
    </reg>
    <orig>
     сталъ
    </orig>
   </choice>
   просить его,
   <choice>
    <reg>
     чтоб
    </reg>
    <orig>
     чтобъ
    </orig>
   </choice>
   меня тоже учили и чуть не
   <choice>
    <reg>
     заплакал
    </reg>
    <orig>
     заплакалъ
    </orig>
   </choice>
   . Батюшка
   <choice>
    <reg>
     сказал
    </reg>
    <orig>
     сказалъ
    </orig>
   </choice>
   : «ну, хорошо, и тебя тоже. Только смотри: не плачь, когда упадёшь. Кто ни разу не
   <choice>
    <reg>
     упадёт
    </reg>
    <orig>
     упадётъ
    </orig>
   </choice>
   <choice>
    <reg>
     с
    </reg>
    <orig>
     съ
    </orig>
   </choice>
   лошади, не выучится
   <choice>
    <reg>
     верхом
    </reg>
    <orig>
     верхомъ
    </orig>
   </choice>
   <choice>
    <reg>
     ездить
    </reg>
    <orig>
     ѣздить
    </orig>
   </choice>
   ».
  </p>
  <p rend="left" uuid="30f10340-29b5-4dab-9dc7-f76ac81cea5a">
   Когда пришла середа,
   <choice>
    <reg>
     нас
    </reg>
    <orig>
     насъ
    </orig>
   </choice>
   <choice>
    <reg>
     троих
    </reg>
    <orig>
     троихъ
    </orig>
   </choice>
   повезли
   <choice>
    <reg>
     в
    </reg>
    <orig>
     въ
    </orig>
   </choice>
   <choice>
    <reg>
     манеж
    </reg>
    <orig>
     манежъ
    </orig>
   </choice>
   . Мы вошли на большое крыльцо, а
   <choice>
    <reg>
     с
    </reg>
    <orig>
     съ
    </orig>
   </choice>
   <choice>
    <reg>
     большего
    </reg>
    <orig>
     большаго
    </orig>
   </choice>
   крыльца прошли на маленькое крылечко. А
   <choice>
    <reg>
     под
    </reg>
    <orig>
     подъ
    </orig>
   </choice>
   <choice>
    <reg>
     крылечком
    </reg>
    <orig>
     крылечкомъ
    </orig>
   </choice>
   была очень большая комната.
   <choice>
    <reg>
     В
    </reg>
    <orig>
     Въ
    </orig>
   </choice>
   <choice>
    <reg>
     комнате
    </reg>
    <orig>
     комнатѣ
    </orig>
   </choice>
   <choice>
    <reg>
     вместо
    </reg>
    <orig>
     вмѣсто
    </orig>
   </choice>
   пола
   <choice>
    <reg>
     был
    </reg>
    <orig>
     былъ
    </orig>
   </choice>
   <choice>
    <reg>
     песок
    </reg>
    <orig>
     песокъ
    </orig>
   </choice>
   . И по этой
   <choice>
    <reg>
     комнате
    </reg>
    <orig>
     комнатѣ
    </orig>
   </choice>
   <choice>
    <reg>
     ездили
    </reg>
    <orig>
     ѣздили
    </orig>
   </choice>
   <choice>
    <reg>
     верхом
    </reg>
    <orig>
     верхомъ
    </orig>
   </choice>
   господа и барыни, и
   <choice>
    <reg>
     такие
    </reg>
    <orig>
     такiе
    </orig>
   </choice>
   же мальчики,
   <choice>
    <reg>
     как
    </reg>
    <orig>
     какъ
    </orig>
   </choice>
   мы. Это и
   <choice>
    <reg>
     был
    </reg>
    <orig>
     былъ
    </orig>
   </choice>
   <choice>
    <reg>
     манеж
    </reg>
    <orig>
     манежъ
    </orig>
   </choice>
   .
   <choice>
    <reg>
     В
    </reg>
    <orig>
     Въ
    </orig>
   </choice>
   <choice>
    <reg>
     манеже
    </reg>
    <orig>
     манежѣ
    </orig>
   </choice>
   было
   <choice>
    <reg>
     несовсем
    </reg>
    <orig>
     несовсѣмъ
    </orig>
   </choice>
   <choice>
    <reg>
     светло
    </reg>
    <orig>
     свѣтло
    </orig>
   </choice>
   и пахло лошадьми, и слышно было,
   <choice>
    <reg>
     как
    </reg>
    <orig>
     какъ
    </orig>
   </choice>
   <choice>
    <reg>
     хлопают
    </reg>
    <orig>
     хлопаютъ
    </orig>
   </choice>
   бичами,
   <choice>
    <reg>
     кричат
    </reg>
    <orig>
     кричатъ
    </orig>
   </choice>
   на лошадей, и лошади
   <choice>
    <reg>
     стучат
    </reg>
    <orig>
     стучатъ
    </orig>
   </choice>
   копытами о
   <choice>
    <reg>
     деревянные
    </reg>
    <orig>
     деревянныя
    </orig>
   </choice>
   <choice>
    <reg>
     стены
    </reg>
    <orig>
     стѣны
    </orig>
   </choice>
   . Я сначала испугался и не
   <choice>
    <reg>
     мог
    </reg>
    <orig>
     могъ
    </orig>
   </choice>
   ничего
   <choice>
    <reg>
     рассмотреть
    </reg>
    <orig>
     разсмотрѣть
    </orig>
   </choice>
   .
   <choice>
    <reg>
     Потом
    </reg>
    <orig>
     Потомъ
    </orig>
   </choice>
   <choice>
    <reg>
     наш
    </reg>
    <orig>
     нашъ
    </orig>
   </choice>
   дядька
   <choice>
    <reg>
     позвал
    </reg>
    <orig>
     позвалъ
    </orig>
   </choice>
   берейтора и
   <choice>
    <reg>
     сказал
    </reg>
    <orig>
     сказалъ
    </orig>
   </choice>
   : «
   <choice>
    <reg>
     вот
    </reg>
    <orig>
     вотъ
    </orig>
   </choice>
   <choice>
    <reg>
     этим
    </reg>
    <orig>
     этимъ
    </orig>
   </choice>
   <choice>
    <reg>
     мальчикам
    </reg>
    <orig>
     мальчикамъ
    </orig>
   </choice>
   дайте лошадей, они
   <choice>
    <reg>
     будут
    </reg>
    <orig>
     будутъ
    </orig>
   </choice>
   учиться
   <choice>
    <reg>
     ездить
    </reg>
    <orig>
     ѣздить
    </orig>
   </choice>
   <choice>
    <reg>
     верхом
    </reg>
    <orig>
     верхомъ
    </orig>
   </choice>
   ».
   <choice>
    <reg>
     Берейтор
    </reg>
    <orig>
     Берейторъ
    </orig>
   </choice>
   <choice>
    <reg>
     сказал
    </reg>
    <orig>
     сказалъ
    </orig>
   </choice>
   : «хорошо».
  </p>
  <p rend="left emptyline" uuid="bc9d26b5-a566-4114-b3de-b19a1cfddc75">
   <pb n="390"/>
  </p>
  <p rend="centerline" uuid="766322ec-7d75-4521-a7bb-a05340c73a24">
   — 22 —
  </p>
  <p rend="left" uuid="1fb3141a-a622-4d0d-bca9-9850dd5f2228">
   <choice>
    <reg>
     Потом
    </reg>
    <orig>
     Потомъ
    </orig>
   </choice>
   <choice>
    <reg>
     он
    </reg>
    <orig>
     онъ
    </orig>
   </choice>
   <choice>
    <reg>
     посмотрел
    </reg>
    <orig>
     посмотрѣлъ
    </orig>
   </choice>
   на меня и
   <choice>
    <reg>
     сказал
    </reg>
    <orig>
     сказалъ
    </orig>
   </choice>
   : «
   <choice>
    <reg>
     этот
    </reg>
    <orig>
     этотъ
    </orig>
   </choice>
   <choice>
    <reg>
     мал
    </reg>
    <orig>
     малъ
    </orig>
   </choice>
   очень». А дядька
   <choice>
    <reg>
     сказал
    </reg>
    <orig>
     сказалъ
    </orig>
   </choice>
   : «
   <choice>
    <reg>
     он
    </reg>
    <orig>
     онъ
    </orig>
   </choice>
   <choice>
    <reg>
     обещает
    </reg>
    <orig>
     обѣщаетъ
    </orig>
   </choice>
   не плакать, когда
   <choice>
    <reg>
     упадёт
    </reg>
    <orig>
     упадётъ
    </orig>
   </choice>
   ».
   <choice>
    <reg>
     Берейтор
    </reg>
    <orig>
     Берейторъ
    </orig>
   </choice>
   <choice>
    <reg>
     засмеялся
    </reg>
    <orig>
     засмѣялся
    </orig>
   </choice>
   и
   <choice>
    <reg>
     ушёл
    </reg>
    <orig>
     ушёлъ
    </orig>
   </choice>
   .
  </p>
  <p rend="left" uuid="565badb9-4411-403d-acf9-d78285525403">
   <choice>
    <reg>
     Потом
    </reg>
    <orig>
     Потомъ
    </orig>
   </choice>
   привели
   <choice>
    <reg>
     трёх
    </reg>
    <orig>
     трёхъ
    </orig>
   </choice>
   <choice>
    <reg>
     оседланных
    </reg>
    <orig>
     осѣдланныхъ
    </orig>
   </choice>
   лошадей, мы сняли шинели и сошли по
   <choice>
    <reg>
     лестнице
    </reg>
    <orig>
     лѣстницѣ
    </orig>
   </choice>
   <choice>
    <reg>
     вниз
    </reg>
    <orig>
     внизъ
    </orig>
   </choice>
   <choice>
    <reg>
     в
    </reg>
    <orig>
     въ
    </orig>
   </choice>
   <choice>
    <reg>
     манеж
    </reg>
    <orig>
     манежъ
    </orig>
   </choice>
   .
   <choice>
    <reg>
     Берейтор
    </reg>
    <orig>
     Берейторъ
    </orig>
   </choice>
   <choice>
    <reg>
     держал
    </reg>
    <orig>
     держалъ
    </orig>
   </choice>
   лошадь за корду
   <note n="n7">
    <div type="section" xml:id="n7">
     <head>
      <ref target="#backn7">
       7
      </ref>
     </head>
     <p uuid="da5d85f4-03c4-44a9-95ec-5a3a78e7da23">
      Корда — веревка для того, чтобы по кругу гонять лошадей
     </p>
    </div>
   </note>
   , а братья ѣздили кругомъ него. Сначала они ѣздили шагомъ, потомъ рысью. Потомъ привели маленькую лошадку. Она была рыжая и хвостъ у нея былъ обрѣзанъ. Её звали Червончикъ. Берейторъ засмѣялся и сказалъ мнѣ: «ну, кавалеръ, садитесь». Я и радовался, и боялся, и старался такъ сдѣлать, чтобъ никто этого не замѣтилъ. Я долго старался попасть ногою въ стремя, но никакъ не могъ, потому что я былъ слишкомъ малъ. Тогда берейторъ поднялъ меня на руки и посадилъ. Онъ сказалъ: «не тяжёлъ баринъ, — фунта два, больше не будетъ».
  </p>
  <p rend="left" uuid="419a580a-42c1-4ee3-a5c1-4be08f04748d">
   <choice>
    <reg>
     Он
    </reg>
    <orig>
     Онъ
    </orig>
   </choice>
   сначала
   <choice>
    <reg>
     держал
    </reg>
    <orig>
     держалъ
    </orig>
   </choice>
   меня за руку, но я
   <choice>
    <reg>
     видел
    </reg>
    <orig>
     видѣлъ
    </orig>
   </choice>
   , что
   <choice>
    <reg>
     братьев
    </reg>
    <orig>
     братьевъ
    </orig>
   </choice>
   не держали, и
   <choice>
    <reg>
     просил
    </reg>
    <orig>
     просилъ
    </orig>
   </choice>
   , чтобы меня пустили.
   <choice>
    <reg>
     Он
    </reg>
    <orig>
     Онъ
    </orig>
   </choice>
   <choice>
    <reg>
     сказал
    </reg>
    <orig>
     сказалъ
    </orig>
   </choice>
   : «а не боитесь?» Я очень боялся, но
   <choice>
    <reg>
     сказал
    </reg>
    <orig>
     сказалъ
    </orig>
   </choice>
   , что не боюсь. Боялся я больше
   <choice>
    <reg>
     от
    </reg>
    <orig>
     отъ
    </orig>
   </choice>
   того, что
   <choice>
    <reg>
     Червончик
    </reg>
    <orig>
     Червончикъ
    </orig>
   </choice>
   всё
   <choice>
    <reg>
     поджимал
    </reg>
    <orig>
     поджималъ
    </orig>
   </choice>
   уши. Я
   <choice>
    <reg>
     думал
    </reg>
    <orig>
     думалъ
    </orig>
   </choice>
   , что
   <choice>
    <reg>
     он
    </reg>
    <orig>
     онъ
    </orig>
   </choice>
   на меня сердится.
   <choice>
    <reg>
     Берейтор
    </reg>
    <orig>
     Берейторъ
    </orig>
   </choice>
   <choice>
    <reg>
     сказал
    </reg>
    <orig>
     сказалъ
    </orig>
   </choice>
   : «ну,
   <choice>
    <reg>
     смотрите-ж
    </reg>
    <orig>
     смотрите-жъ
    </orig>
   </choice>
   не падайте!» и
   <choice>
    <reg>
     пустил
    </reg>
    <orig>
     пустилъ
    </orig>
   </choice>
   меня. Сначала
   <choice>
    <reg>
     Червончик
    </reg>
    <orig>
     Червончикъ
    </orig>
   </choice>
   <choice>
    <reg>
     ходил
    </reg>
    <orig>
     ходилъ
    </orig>
   </choice>
   <choice>
    <reg>
     шагом
    </reg>
    <orig>
     шагомъ
    </orig>
   </choice>
   , и я держался прямо. Но
   <choice>
    <reg>
     седло
    </reg>
    <orig>
     сѣдло
    </orig>
   </choice>
   было скользкое и я боялся свернуться.
   <choice>
    <reg>
     Берейтор
    </reg>
    <orig>
     Берейторъ
    </orig>
   </choice>
   меня
   <choice>
    <reg>
     спросил
    </reg>
    <orig>
     спросилъ
    </orig>
   </choice>
   : «ну что, утвердились?» Я ему
   <choice>
    <reg>
     сказал
    </reg>
    <orig>
     сказалъ
    </orig>
   </choice>
   . «утвердился». «Ну, теперь рысцой!» и
   <choice>
    <reg>
     берейтор
    </reg>
    <orig>
     берейторъ
    </orig>
   </choice>
   <choice>
    <reg>
     защёлкал
    </reg>
    <orig>
     защёлкалъ
    </orig>
   </choice>
   <choice>
    <reg>
     языком
    </reg>
    <orig>
     языкомъ
    </orig>
   </choice>
   .
  </p>
  <p rend="left emptyline" uuid="387c285f-9278-44e8-9621-3ea6a9c72aa1">
   <pb n="391"/>
  </p>
  <p rend="centerline" uuid="9ed69f0c-0fcf-45a7-bc79-c1cf685ed869">
   — 23 —
  </p>
  <p rend="left" uuid="27e6ae37-4861-4799-b785-bc21a78cf780">
   <choice>
    <reg>
     Червончик
    </reg>
    <orig>
     Червончикъ
    </orig>
   </choice>
   <choice>
    <reg>
     побежал
    </reg>
    <orig>
     побѣжалъ
    </orig>
   </choice>
   маленькой рысью и меня стало подкидывать. Но я всё
   <choice>
    <reg>
     молчал
    </reg>
    <orig>
     молчалъ
    </orig>
   </choice>
   и старался не свернуться на
   <choice>
    <reg>
     бок
    </reg>
    <orig>
     бокъ
    </orig>
   </choice>
   .
   <choice>
    <reg>
     Берейтор
    </reg>
    <orig>
     Берейторъ
    </orig>
   </choice>
   меня
   <choice>
    <reg>
     похвалил
    </reg>
    <orig>
     похвалилъ
    </orig>
   </choice>
   : «Ай да
   <choice>
    <reg>
     кавалер
    </reg>
    <orig>
     кавалеръ
    </orig>
   </choice>
   , хорошо!» Я
   <choice>
    <reg>
     был
    </reg>
    <orig>
     былъ
    </orig>
   </choice>
   очень этому
   <choice>
    <reg>
     рад
    </reg>
    <orig>
     радъ
    </orig>
   </choice>
   .
  </p>
  <p rend="left" uuid="a3329879-d89e-4ca1-a864-b2948c73ea63">
   <choice>
    <reg>
     В
    </reg>
    <orig>
     Въ
    </orig>
   </choice>
   это время
   <choice>
    <reg>
     к
    </reg>
    <orig>
     къ
    </orig>
   </choice>
   берейтору
   <choice>
    <reg>
     подошёл
    </reg>
    <orig>
     подошёлъ
    </orig>
   </choice>
   его
   <choice>
    <reg>
     товарищ
    </reg>
    <orig>
     товарищъ
    </orig>
   </choice>
   и
   <choice>
    <reg>
     стал
    </reg>
    <orig>
     сталъ
    </orig>
   </choice>
   <choice>
    <reg>
     с
    </reg>
    <orig>
     съ
    </orig>
   </choice>
   <choice>
    <reg>
     ним
    </reg>
    <orig>
     нимъ
    </orig>
   </choice>
   разговаривать, и
   <choice>
    <reg>
     берейтор
    </reg>
    <orig>
     берейторъ
    </orig>
   </choice>
   <choice>
    <reg>
     перестал
    </reg>
    <orig>
     пересталъ
    </orig>
   </choice>
   <choice>
    <reg>
     смотреть
    </reg>
    <orig>
     смотрѣть
    </orig>
   </choice>
   на меня.
  </p>
  <p rend="left" uuid="0a21a27a-0916-4888-b6e0-76a4653986af">
   Только
   <choice>
    <reg>
     вдруг
    </reg>
    <orig>
     вдругъ
    </orig>
   </choice>
   я
   <choice>
    <reg>
     почувствовал
    </reg>
    <orig>
     почувствовалъ
    </orig>
   </choice>
   , что я свернулся немножко на
   <choice>
    <reg>
     бок
    </reg>
    <orig>
     бокъ
    </orig>
   </choice>
   <choice>
    <reg>
     с
    </reg>
    <orig>
     съ
    </orig>
   </choice>
   <choice>
    <reg>
     седла
    </reg>
    <orig>
     сѣдла
    </orig>
   </choice>
   . Я
   <choice>
    <reg>
     хотел
    </reg>
    <orig>
     хотѣлъ
    </orig>
   </choice>
   поправиться, но
   <choice>
    <reg>
     никак
    </reg>
    <orig>
     никакъ
    </orig>
   </choice>
   не
   <choice>
    <reg>
     мог
    </reg>
    <orig>
     могъ
    </orig>
   </choice>
   . Я
   <choice>
    <reg>
     хотел
    </reg>
    <orig>
     хотѣлъ
    </orig>
   </choice>
   закричать берейтору,
   <choice>
    <reg>
     чтоб
    </reg>
    <orig>
     чтобъ
    </orig>
   </choice>
   <choice>
    <reg>
     он
    </reg>
    <orig>
     онъ
    </orig>
   </choice>
   <choice>
    <reg>
     остановил
    </reg>
    <orig>
     остановилъ
    </orig>
   </choice>
   ; но
   <choice>
    <reg>
     думал
    </reg>
    <orig>
     думалъ
    </orig>
   </choice>
   , что
   <choice>
    <reg>
     будет
    </reg>
    <orig>
     будетъ
    </orig>
   </choice>
   стыдно, если я это
   <choice>
    <reg>
     сделаю
    </reg>
    <orig>
     сдѣлаю
    </orig>
   </choice>
   , и
   <choice>
    <reg>
     молчал
    </reg>
    <orig>
     молчалъ
    </orig>
   </choice>
   .
   <choice>
    <reg>
     Берейтор
    </reg>
    <orig>
     Берейторъ
    </orig>
   </choice>
   не
   <choice>
    <reg>
     смотрел
    </reg>
    <orig>
     смотрѣлъ
    </orig>
   </choice>
   на меня,
   <choice>
    <reg>
     Червончик
    </reg>
    <orig>
     Червончикъ
    </orig>
   </choice>
   все
   <choice>
    <reg>
     бежал
    </reg>
    <orig>
     бѣжалъ
    </orig>
   </choice>
   рысью, и я еще больше сбился на
   <choice>
    <reg>
     бок
    </reg>
    <orig>
     бокъ
    </orig>
   </choice>
   . Я
   <choice>
    <reg>
     посмотрел
    </reg>
    <orig>
     посмотрѣлъ
    </orig>
   </choice>
   на берейтора и
   <choice>
    <reg>
     думал
    </reg>
    <orig>
     думалъ
    </orig>
   </choice>
   , что
   <choice>
    <reg>
     он
    </reg>
    <orig>
     онъ
    </orig>
   </choice>
   <choice>
    <reg>
     поможет
    </reg>
    <orig>
     поможетъ
    </orig>
   </choice>
   <choice>
    <reg>
     мне
    </reg>
    <orig>
     мнѣ
    </orig>
   </choice>
   ; а
   <choice>
    <reg>
     он
    </reg>
    <orig>
     онъ
    </orig>
   </choice>
   все
   <choice>
    <reg>
     разговаривал
    </reg>
    <orig>
     разговаривалъ
    </orig>
   </choice>
   <choice>
    <reg>
     с
    </reg>
    <orig>
     съ
    </orig>
   </choice>
   <choice>
    <reg>
     своим
    </reg>
    <orig>
     своимъ
    </orig>
   </choice>
   <choice>
    <reg>
     товарищем
    </reg>
    <orig>
     товарищемъ
    </orig>
   </choice>
   и, не глядя на меня,
   <choice>
    <reg>
     приговаривал
    </reg>
    <orig>
     приговаривалъ
    </orig>
   </choice>
   : «
   <choice>
    <reg>
     молодец
    </reg>
    <orig>
     молодецъ
    </orig>
   </choice>
   <choice>
    <reg>
     кавалер
    </reg>
    <orig>
     кавалеръ
    </orig>
   </choice>
   ». Я уже
   <choice>
    <reg>
     совсем
    </reg>
    <orig>
     совсѣмъ
    </orig>
   </choice>
   <choice>
    <reg>
     был
    </reg>
    <orig>
     былъ
    </orig>
   </choice>
   на боку и очень испугался. Я
   <choice>
    <reg>
     думал
    </reg>
    <orig>
     думалъ
    </orig>
   </choice>
   , что я
   <choice>
    <reg>
     пропал
    </reg>
    <orig>
     пропалъ
    </orig>
   </choice>
   . Но кричать
   <choice>
    <reg>
     мне
    </reg>
    <orig>
     мнѣ
    </orig>
   </choice>
   стыдно было.
   <choice>
    <reg>
     Червончик
    </reg>
    <orig>
     Червончикъ
    </orig>
   </choice>
   <choice>
    <reg>
     тряхнул
    </reg>
    <orig>
     тряхнулъ
    </orig>
   </choice>
   меня еще
   <choice>
    <reg>
     раз
    </reg>
    <orig>
     разъ
    </orig>
   </choice>
   , я
   <choice>
    <reg>
     совсем
    </reg>
    <orig>
     совсѣмъ
    </orig>
   </choice>
   <choice>
    <reg>
     соскользнул
    </reg>
    <orig>
     соскользнулъ
    </orig>
   </choice>
   и
   <choice>
    <reg>
     упал
    </reg>
    <orig>
     упалъ
    </orig>
   </choice>
   на землю. Тогда
   <choice>
    <reg>
     Червончик
    </reg>
    <orig>
     Червончикъ
    </orig>
   </choice>
   остановился,
   <choice>
    <reg>
     берейтор
    </reg>
    <orig>
     берейторъ
    </orig>
   </choice>
   оглянулся и
   <choice>
    <reg>
     увидал
    </reg>
    <orig>
     увидалъ
    </orig>
   </choice>
   , что на
   <choice>
    <reg>
     Червончике
    </reg>
    <orig>
     Червончикѣ
    </orig>
   </choice>
   меня
   <choice>
    <reg>
     нет
    </reg>
    <orig>
     нѣтъ
    </orig>
   </choice>
   .
   <choice>
    <reg>
     Он
    </reg>
    <orig>
     Онъ
    </orig>
   </choice>
   <choice>
    <reg>
     сказал
    </reg>
    <orig>
     сказалъ
    </orig>
   </choice>
   : «
   <choice>
    <reg>
     вот-те
    </reg>
    <orig>
     вотъ-те
    </orig>
   </choice>
   на! свалился
   <choice>
    <reg>
     кавалер
    </reg>
    <orig>
     кавалеръ
    </orig>
   </choice>
   мой», и
   <choice>
    <reg>
     подошёл
    </reg>
    <orig>
     подошёлъ
    </orig>
   </choice>
   ко
   <choice>
    <reg>
     мне
    </reg>
    <orig>
     мнѣ
    </orig>
   </choice>
   . Когда я ему
   <choice>
    <reg>
     сказал
    </reg>
    <orig>
     сказалъ
    </orig>
   </choice>
   , что не ушибся,
   <choice>
    <reg>
     он
    </reg>
    <orig>
     онъ
    </orig>
   </choice>
   <choice>
    <reg>
     засмеялся
    </reg>
    <orig>
     засмѣялся
    </orig>
   </choice>
   и
   <choice>
    <reg>
     сказал
    </reg>
    <orig>
     сказалъ
    </orig>
   </choice>
   :
   <choice>
    <reg>
     детское
    </reg>
    <orig>
     дѣтское
    </orig>
   </choice>
   <choice>
    <reg>
     тело
    </reg>
    <orig>
     тѣло
    </orig>
   </choice>
   мягкое. А
   <choice>
    <reg>
     мне
    </reg>
    <orig>
     мнѣ
    </orig>
   </choice>
   <choice>
    <reg>
     хотелось
    </reg>
    <orig>
     хотѣлось
    </orig>
   </choice>
   плакать. Я
   <choice>
    <reg>
     попросил
    </reg>
    <orig>
     попросилъ
    </orig>
   </choice>
   , чтобы меня опять посадили; и меня посадили. И я
   <choice>
    <reg>
     уж
    </reg>
    <orig>
     ужъ
    </orig>
   </choice>
   больше не
   <choice>
    <reg>
     падал
    </reg>
    <orig>
     падалъ
    </orig>
   </choice>
   .
  </p>
  <p rend="left" uuid="b36bd63a-1085-4dce-b941-d0b06834afcc">
   <choice>
    <reg>
     Так
    </reg>
    <orig>
     Такъ
    </orig>
   </choice>
   мы
   <choice>
    <reg>
     ездили
    </reg>
    <orig>
     ѣздили
    </orig>
   </choice>
   <choice>
    <reg>
     в
    </reg>
    <orig>
     въ
    </orig>
   </choice>
   <choice>
    <reg>
     манеже
    </reg>
    <orig>
     манежѣ
    </orig>
   </choice>
   два раза
   <choice>
    <reg>
     в
    </reg>
    <orig>
     въ
    </orig>
   </choice>
   <choice>
    <reg>
     неделю
    </reg>
    <orig>
     недѣлю
    </orig>
   </choice>
   , и я скоро выучился
   <choice>
    <reg>
     ездить
    </reg>
    <orig>
     ѣздить
    </orig>
   </choice>
   хорошо, и ничего не боялся.
  </p>
  <p rend="left emptyline" uuid="2aa22424-b92c-4799-96bf-5cab9ea3ab6d">
   <pb n="392"/>
  </p>
  <p rend="centerline" uuid="e4ee5d6e-260e-48fd-be64-620d8827135d">
   — 24 —
  </p>
 </div>
</TEI>