<?xml version="1.0" encoding="utf-8"?>
<TEI xmlns="http://www.tei-c.org/ns/1.0" xmlns:xi="http://www.w3.org/2001/XInclude">
 <teiHeader>
  <fileDesc>
   <titleStmt>
    <title>
     Азбука. Книга I
    </title>
    <author>
     Толстой Л.Н.
    </author>
    <respStmt>
     <resp>
      подготовка TEI/XML
     </resp>
     <name>
      Мария Картышева, Евгений Можаев, Даниил Скоринкин, Елена Сидорова, Вероника Файнберг, Кирилл Милинцевич
     </name>
    </respStmt>
    <respStmt>
     <name>
      Анастасия Бонч-Осмоловская, Фёкла Толстая, Борис Орехов
     </name>
     <resp>
      Идея, постановка задач, руководство
     </resp>
    </respStmt>
   </titleStmt>
   <publicationStmt>
    <idno>
     Азбука  | Книга I
    </idno>
    <publisher>
     <orgName>
      Школа лингвистики НИУ ВШЭ
     </orgName>
    </publisher>
    <availability>
     <p>
      Тексты и метатекстовая разметка доступны для свободного использования и распространения по лицензии Creative Commons Attribution Share-Alike (cc by-sa)
     </p>
    </availability>
   </publicationStmt>
   <sourceDesc>
    <biblStruct>
     <analytic>
      <author>
       Толстой Л.Н.
      </author>
      <title level="a">
       Азбука. Книга I
      </title>
     </analytic>
     <monogr>
      <title level="m">
       Полное собрание сочинений. Том 22
      </title>
      <imprint>
       <pubPlace>
        Москва
       </pubPlace>
       <publisher>
        Государственное издательство "Художественная литература"
       </publisher>
       <date when="1871-1872"/>
      </imprint>
     </monogr>
     <series>
      <title level="s">
       Л.Н. Толстой. Полное собрание сочинений
      </title>
      <biblScope unit="vol">
       22
      </biblScope>
     </series>
    </biblStruct>
   </sourceDesc>
  </fileDesc>
  <encodingDesc>
   <classDecl>
    <xi:include href="taxonomy.xml"/>
   </classDecl>
  </encodingDesc>
  <profileDesc>
   <creation>
    <date notAfter="1872" notBefore="1871">
     1871-1872
    </date>
    <rs/>
   </creation>
   <textClass>
    <catRef target="#fiction" type="sphere"/>
    <catRef target="#произведения для детей" type="type"/>
    <catRef target="#works" type="works_letters_diaries"/>
    <catRef target="#азбука" type="ninetyDef"/>
    <catRef target="#Основное" type="main_var"/>
    <catRef target="#азбука" type="type_short"/>
    <catRef target="None" type="translation"/>
    <catRef target="None" type="translation_origin"/>
    <catRef target="#да" type="tolstoy_or_not"/>
    <catRef target="None" type="name_status"/>
   </textClass>
   <preparedness>
    finished
   </preparedness>
   <settingDesc>
    <time>
     XIX век
    </time>
   </settingDesc>
  </profileDesc>
  <xenoData>
   <cyclusName/>
   <p>
    Проект
    <title>
     Толстой.Digital
    </title>
    разрабатывается сотрудниками и студентами
    <orgName>
     Высшей школы экономики
    </orgName>
    в сотрудничестве с
    <orgName>
     Государственным музеем Л.Н. Толстого
    </orgName>
    . Источник текстов –
    <bibl>
     90-томное собрание сочинений Л.Н.Толстого
    </bibl>
    . Разметка основана на стандарте
    <ref target="http://www.tei-c.org">
     TEI (Text Encoding Initiative)
    </ref>
    .
   </p>
   <versionNumber/>
   <isFinished/>
   <isEdited/>
   <fullBibliographicDescription/>
  </xenoData>
 </teiHeader>
 <p rend="left emptyline">
  <pb n="244"/>
 </p>
 <div type="section" xml:id="ref122">
  <head rend="center">
   <hi rend="strong">
    ВОЛГА И ВАЗУЗА.
   </hi>
  </head>
  <p rend="left" uuid="5ef20128-1e4c-4ddf-b912-ac7252939e70">
   Были двѣ сестры Волга и Вазузa Онѣ стали спорить, кто изъ нихъ умнѣе и кто лучше проживётъ.
  </p>
  <p rend="left" uuid="a170b0ed-fbcb-48e8-91eb-eea75d6cb05f">
   Волга сказала: «
   <choice>
    <reg>
     зачем
    </reg>
   </choice>
   <choice>
    <reg>
     нам
    </reg>
   </choice>
   спорить, — мы
   <choice>
    <reg>
     обе
    </reg>
   </choice>
   на
   <choice>
    <reg>
     возрасте
    </reg>
   </choice>
   . Давай
   <choice>
    <reg>
     выйдем
    </reg>
   </choice>
   завтра по утру
   <choice>
    <reg>
     из
    </reg>
   </choice>
   дому и
   <choice>
    <reg>
     лойдём
    </reg>
   </choice>
   каждая своей дорогой; тогда
   <choice>
    <reg>
     увидим
    </reg>
   </choice>
   , кто
   <choice>
    <reg>
     из
    </reg>
   </choice>
   <choice>
    <reg>
     двоих
    </reg>
   </choice>
   лучше
   <choice>
    <reg>
     пройдёт
    </reg>
   </choice>
   и
   <choice>
    <reg>
     скорее
    </reg>
   </choice>
   <choice>
    <reg>
     придёт
    </reg>
   </choice>
   <choice>
    <reg>
     в
    </reg>
   </choice>
   Хвалынское царство.
  </p>
  <p rend="left" uuid="16e4ba93-1291-40b3-88c6-8dd827ec9d15">
   Вазуза согласилась, но обманула Волгу Только что Волга заснула, Вазуза ночью
   <choice>
    <reg>
     побежала
    </reg>
   </choice>
   прямой дорогой
   <choice>
    <reg>
     в
    </reg>
   </choice>
   Хвалынское царство.
  </p>
  <p rend="left" uuid="52a5b091-a591-477b-87ad-45b8c4ba3f53">
   Когда Волга встала и увидала, что сестра ея ушла, она ни тихо, ни скоро пошла своей дорогой и догнала Вазузу.
  </p>
  <p rend="left" uuid="e0b5c49c-41ac-489c-bcd1-52e80a36f8d8">
   Вазуза испугалась, чтобъ Волга не наказала ея; назвалась меньшей сестрой и попросила Волгу довести её до Хвалынскаго царства. Волга простила сестру и взяла съ собой.
  </p>
  <p rend="left" uuid="e9426c7d-6ddf-441f-8b42-45cb9ca6aac6">
   <choice>
    <reg>
     Река
    </reg>
   </choice>
   Волга начинается
   <choice>
    <reg>
     в
    </reg>
   </choice>
   <choice>
    <reg>
     Осташковском
    </reg>
   </choice>
   <choice>
    <reg>
     уезде
    </reg>
   </choice>
   <choice>
    <reg>
     из
    </reg>
   </choice>
   <choice>
    <reg>
     болот
    </reg>
   </choice>
   ,
   <choice>
    <reg>
     в
    </reg>
   </choice>
   <choice>
    <reg>
     деревне
    </reg>
   </choice>
   Волго.
   <choice>
    <reg>
     Там
    </reg>
   </choice>
   есть небольшой колодезь,
   <choice>
    <reg>
     из
    </reg>
   </choice>
   него
   <choice>
    <reg>
     течёт
    </reg>
   </choice>
   Волга. A
   <choice>
    <reg>
     река
    </reg>
   </choice>
   Вазуза начинается
   <choice>
    <reg>
     в
    </reg>
   </choice>
   <choice>
    <reg>
     горах
    </reg>
   </choice>
   . Вазуза
   <choice>
    <reg>
     течёт
    </reg>
   </choice>
   прямо, а Волга
   <choice>
    <reg>
     поворачивает
    </reg>
   </choice>
   .
  </p>
  <p rend="left" uuid="b57952c6-0b57-442a-8bf9-01ae021e660c">
   Вазуза весной раньше
   <choice>
    <reg>
     ломает
    </reg>
   </choice>
   <choice>
    <reg>
     лёд
    </reg>
   </choice>
   и
   <choice>
    <reg>
     проходит
    </reg>
   </choice>
   , а Волга
   <choice>
    <reg>
     позднее
    </reg>
   </choice>
   . Но когда
   <choice>
    <reg>
     обе
    </reg>
   </choice>
   <choice>
    <reg>
     реки
    </reg>
   </choice>
   сходятся,
   <choice>
    <reg>
     в
    </reg>
   </choice>
   <choice>
    <reg>
     Волге
    </reg>
   </choice>
   уже 30 саженей ширины, а Вазуза ещё узкая и маленькая
   <choice>
    <reg>
     речка
    </reg>
   </choice>
   . Волга
   <choice>
    <reg>
     проходит
    </reg>
   </choice>
   <choice>
    <reg>
     через
    </reg>
   </choice>
   всю
   <choice>
    <reg>
     Россию
    </reg>
   </choice>
   на три тысячи сто
   <choice>
    <reg>
     шестьдесят
    </reg>
   </choice>
   <choice>
    <reg>
     вёрст
    </reg>
   </choice>
   и
   <choice>
    <reg>
     впадает
    </reg>
   </choice>
   <choice>
    <reg>
     в
    </reg>
   </choice>
   Хвалынское (
   <choice>
    <reg>
     Каспийское
    </reg>
   </choice>
   ) море. И ширины
   <choice>
    <reg>
     в
    </reg>
   </choice>
   ней
   <choice>
    <reg>
     в
    </reg>
   </choice>
   полую воду
   <choice>
    <reg>
     бывает
    </reg>
   </choice>
   до
   <choice>
    <reg>
     двенадцати
    </reg>
   </choice>
   <choice>
    <reg>
     вёрст
    </reg>
   </choice>
   .
  </p>
  <p rend="left emptyline" uuid="0302e466-0dd1-4cf9-9a21-c3cfedca2e38">
   <pb n="245"/>
  </p>
  <p rend="centerline" uuid="dec6f4f3-29d2-4fe3-afc0-c18c79a4af30">
   — 43 —
  </p>
 </div>
</TEI>