<?xml version="1.0" encoding="utf-8"?>
<TEI xmlns="http://www.tei-c.org/ns/1.0" xmlns:xi="http://www.w3.org/2001/XInclude">
 <teiHeader>
  <fileDesc>
   <titleStmt>
    <title>
     Азбука. Книга I
    </title>
    <author>
     Толстой Л.Н.
    </author>
    <respStmt>
     <resp>
      подготовка TEI/XML
     </resp>
     <name>
      Мария Картышева, Евгений Можаев, Даниил Скоринкин, Елена Сидорова, Вероника Файнберг, Кирилл Милинцевич
     </name>
    </respStmt>
    <respStmt>
     <name>
      Анастасия Бонч-Осмоловская, Фёкла Толстая, Борис Орехов
     </name>
     <resp>
      Идея, постановка задач, руководство
     </resp>
    </respStmt>
   </titleStmt>
   <publicationStmt>
    <idno>
     Азбука  | Книга I
    </idno>
    <publisher>
     <orgName>
      Школа лингвистики НИУ ВШЭ
     </orgName>
    </publisher>
    <availability>
     <p>
      Тексты и метатекстовая разметка доступны для свободного использования и распространения по лицензии Creative Commons Attribution Share-Alike (cc by-sa)
     </p>
    </availability>
   </publicationStmt>
   <sourceDesc>
    <biblStruct>
     <analytic>
      <author>
       Толстой Л.Н.
      </author>
      <title level="a">
       Азбука. Книга I
      </title>
     </analytic>
     <monogr>
      <title level="m">
       Полное собрание сочинений. Том 22
      </title>
      <imprint>
       <pubPlace>
        Москва
       </pubPlace>
       <publisher>
        Государственное издательство "Художественная литература"
       </publisher>
       <date when="1871-1872"/>
      </imprint>
     </monogr>
     <series>
      <title level="s">
       Л.Н. Толстой. Полное собрание сочинений
      </title>
      <biblScope unit="vol">
       22
      </biblScope>
     </series>
    </biblStruct>
   </sourceDesc>
  </fileDesc>
  <encodingDesc>
   <classDecl>
    <xi:include href="taxonomy.xml"/>
   </classDecl>
  </encodingDesc>
  <profileDesc>
   <creation>
    <date notAfter="1872" notBefore="1871">
     1871-1872
    </date>
    <rs/>
   </creation>
   <textClass>
    <catRef target="#fiction" type="sphere"/>
    <catRef target="#произведения для детей" type="type"/>
    <catRef target="#works" type="works_letters_diaries"/>
    <catRef target="#азбука" type="ninetyDef"/>
    <catRef target="#Основное" type="main_var"/>
    <catRef target="#азбука" type="type_short"/>
    <catRef target="None" type="translation"/>
    <catRef target="None" type="translation_origin"/>
    <catRef target="#да" type="tolstoy_or_not"/>
    <catRef target="None" type="name_status"/>
   </textClass>
   <preparedness>
    finished
   </preparedness>
   <settingDesc>
    <time>
     XIX век
    </time>
   </settingDesc>
  </profileDesc>
  <xenoData>
   <cyclusName/>
   <p>
    Проект
    <title>
     Толстой.Digital
    </title>
    разрабатывается сотрудниками и студентами
    <orgName>
     Высшей школы экономики
    </orgName>
    в сотрудничестве с
    <orgName>
     Государственным музеем Л.Н. Толстого
    </orgName>
    . Источник текстов –
    <bibl>
     90-томное собрание сочинений Л.Н.Толстого
    </bibl>
    . Разметка основана на стандарте
    <ref target="http://www.tei-c.org">
     TEI (Text Encoding Initiative)
    </ref>
    .
   </p>
   <versionNumber/>
   <isFinished/>
   <isEdited/>
   <fullBibliographicDescription/>
  </xenoData>
 </teiHeader>
 <p rend="left emptyline">
  <pb n="80"/>
 </p>
 <div type="section" xml:id="ref30">
  <head rend="Azbuka left">
   <hi rend="strong">
    <choice>
     <reg>
      Мужик
     </reg>
    </choice>
    и лоша
    <hi rend="italic">
     д
    </hi>
    ь.
   </hi>
  </head>
  <p rend="Azbuka left" uuid="62c32cab-e053-4b16-bfb3-3840b3c9b3a9">
   П
   <hi rend="italic">
    о
   </hi>
   <choice>
    <reg>
     ехал
    </reg>
   </choice>
   <choice>
    <reg>
     мужик
    </reg>
   </choice>
   <hi rend="italic">
    в
   </hi>
   ъ
   <hi rend="italic">
   </hi>
   гор
   <hi rend="italic">
    од
   </hi>
   ъ за
   <hi rend="italic">
    ов
   </hi>
   <choice>
    <reg>
     сом
    </reg>
   </choice>
   дл
   <hi rend="italic">
    я
   </hi>
   лошади. Тольк
   <hi rend="italic">
    о ч
   </hi>
   то вы
   <hi rend="big">
    ѣ
   </hi>
   <choice>
    <reg>
     хал
    </reg>
   </choice>
   и
   <hi rend="italic">
    з
   </hi>
   ъ деревни, лоша
   <hi rend="italic">
    д
   </hi>
   ь стала зав
   <hi rend="italic">
    о
   </hi>
   рачивать наза
   <hi rend="italic">
    д
   </hi>
   ъ
   <choice>
    <reg>
     к
    </reg>
   </choice>
   дому.
   <choice>
    <reg>
     Мужик
    </reg>
   </choice>
   <choice>
    <reg>
     ударил
    </reg>
   </choice>
   лоша
   <hi rend="italic">
    д
   </hi>
   ь
   <choice>
    <reg>
     кнутом
    </reg>
   </choice>
   .
   <hi rend="italic">
    О
   </hi>
   на п
   <hi rend="italic">
    о
   </hi>
   шла и
   <choice>
    <reg>
     думает
    </reg>
   </choice>
   пр
   <hi rend="italic">
    о
   </hi>
   мужика: „куда
   <choice>
    <reg>
     он
    </reg>
   </choice>
   ,
   <choice>
    <reg>
     дурак
    </reg>
   </choice>
   , меня
   <choice>
    <reg>
     гонит
    </reg>
   </choice>
   ; лу
   <hi rend="italic">
    чш
   </hi>
   е бы д
   <hi rend="italic">
    о
   </hi>
   мой“. Не д
   <hi rend="italic">
    о
   </hi>
   <hi rend="big">
    ѣ
   </hi>
   <hi rend="italic">
    з
   </hi>
   жая д
   <hi rend="italic">
    о
   </hi>
   гор
   <hi rend="italic">
    о
   </hi>
   да,
   <choice>
    <reg>
     мужик
    </reg>
   </choice>
   <choice>
    <reg>
     видит
    </reg>
   </choice>
   ,
   <hi rend="italic">
    ч
   </hi>
   тo лошади
   <hi rend="italic">
    тя
   </hi>
   жело п
   <hi rend="italic">
    о
   </hi>
   гр
   <hi rend="italic">
    я
   </hi>
   зи, св
   <hi rend="italic">
    о
   </hi>
   р
   <hi rend="italic">
    о
   </hi>
   <choice>
    <reg>
     тил
    </reg>
   </choice>
   на м
   <hi rend="italic">
    о
   </hi>
   ст
   <hi rend="italic">
    о
   </hi>
   вую; а лоша
   <hi rend="italic">
    д
   </hi>
   ь в
   <hi rend="italic">
    о
   </hi>
   <choice>
    <reg>
     ротит
    </reg>
   </choice>
   прочь
   <hi rend="italic">
    о
   </hi>
   <choice>
    <reg>
     т
    </reg>
   </choice>
   м
   <hi rend="italic">
    о
   </hi>
   ст
   <hi rend="italic">
    о
   </hi>
   вой.
   <choice>
    <reg>
     Мужик
    </reg>
   </choice>
   <choice>
    <reg>
     ударил
    </reg>
   </choice>
  </p>
  <p rend="left emptyline" uuid="9d9d0bd3-76cf-4634-bf04-2b39401a7b6f">
   <pb n="81"/>
  </p>
  <p rend="centerline" uuid="9cbb838a-c4c4-4a65-bb2a-b300f16802c5">
   — 71 —
  </p>
  <p rend="Azbuka notindent" uuid="2eea28a9-2c93-442c-b2f4-784654c20265">
   <choice>
    <reg>
     кнутом
    </reg>
   </choice>
   и
   <choice>
    <reg>
     дёрнул
    </reg>
   </choice>
   лоша
   <hi rend="italic">
    д
   </hi>
   ь;
   <hi rend="italic">
    о
   </hi>
   на п
   <hi rend="italic">
    о
   </hi>
   шла на м
   <hi rend="italic">
    о
   </hi>
   ст
   <hi rend="italic">
    о
   </hi>
   вую и дума
   <hi rend="italic">
    е
   </hi>
   <choice>
    <reg>
     т
    </reg>
   </choice>
   : „зач
   <hi rend="big">
    ѣ
   </hi>
   <choice>
    <reg>
     м
    </reg>
   </choice>
   <choice>
    <reg>
     он
    </reg>
   </choice>
   меня п
   <hi rend="italic">
    о
   </hi>
   <choice>
    <reg>
     вернул
    </reg>
   </choice>
   на м
   <hi rend="italic">
    о
   </hi>
   ст
   <hi rend="italic">
    о
   </hi>
   вую, тольк
   <hi rend="italic">
    о
   </hi>
   к
   <hi rend="italic">
    о
   </hi>
   пыта
   <hi rend="italic">
    о
   </hi>
   бл
   <hi rend="italic">
    о
   </hi>
   ма
   <hi rend="italic">
    е
   </hi>
   шь.
   <choice>
    <reg>
     Тут
    </reg>
   </choice>
   по
   <hi rend="italic">
    д
   </hi>
   ъ н
   <hi rend="italic">
    о
   </hi>
   гами жёстко“.
  </p>
  <p rend="Azbuka left" uuid="93403bdb-dd2a-4f2e-a9b3-13ef76a3964b">
   <choice>
    <reg>
     Мужик
    </reg>
   </choice>
   п
   <hi rend="italic">
    од
   </hi>
   ъ
   <hi rend="big">
    ѣ
   </hi>
   <choice>
    <reg>
     хал
    </reg>
   </choice>
   <choice>
    <reg>
     к
    </reg>
   </choice>
   ла
   <hi rend="italic">
    в
   </hi>
   <choice>
    <reg>
     ке
    </reg>
   </choice>
   ,
   <choice>
    <reg>
     купил
    </reg>
   </choice>
   <hi rend="italic">
    ов
   </hi>
   са, и п
   <hi rend="italic">
    о
   </hi>
   <hi rend="big">
    ѣ
   </hi>
   <choice>
    <reg>
     хал
    </reg>
   </choice>
   д
   <hi rend="italic">
    о
   </hi>
   мой. К
   <hi rend="italic">
    о
   </hi>
   гда прi
   <hi rend="big">
    ѣ
   </hi>
   <choice>
    <reg>
     хал
    </reg>
   </choice>
   д
   <hi rend="italic">
    о
   </hi>
   мой,
   <choice>
    <reg>
     дал
    </reg>
   </choice>
   лошади
   <hi rend="italic">
    ов
   </hi>
   са. Лоша
   <hi rend="italic">
    д
   </hi>
   ь стала
   <hi rend="big">
    ѣ
   </hi>
   сть и дума
   <hi rend="italic">
    е
   </hi>
   <choice>
    <reg>
     т
    </reg>
   </choice>
   :
   <choice>
    <reg>
     „какие
    </reg>
   </choice>
   люди глупые! тольк
   <hi rend="italic">
    о
   </hi>
   <choice>
    <reg>
     любят
    </reg>
   </choice>
   на
   <hi rend="italic">
    д
   </hi>
   ъ нами умничать, а ума у
   <choice>
    <reg>
     них
    </reg>
   </choice>
   меньше наше
   <hi rend="italic">
    г
   </hi>
   о.
   <hi rend="italic">
    О
   </hi>
   <choice>
    <reg>
     чём
    </reg>
   </choice>
   <choice>
    <reg>
     он
    </reg>
   </choice>
   хл
   <hi rend="italic">
    о
   </hi>
   п
   <hi rend="italic">
    о
   </hi>
   <choice>
    <reg>
     тал
    </reg>
   </choice>
   ? Куда-то
   <hi rend="big">
    ѣ
   </hi>
   <choice>
    <reg>
     здил
    </reg>
   </choice>
   и г
   <hi rend="italic">
    о
   </hi>
   <choice>
    <reg>
     нял
    </reg>
   </choice>
   меня. Скольк
   <hi rend="italic">
    о
   </hi>
   мы ни
   <hi rend="big">
    ѣ
   </hi>
   здили, а вернулись же д
   <hi rend="italic">
    о
   </hi>
   мой. Луч
   <hi rend="italic">
    ш
   </hi>
   е бы
   <choice>
    <reg>
     с
    </reg>
   </choice>
   сам
   <hi rend="italic">
    аго
   </hi>
   начала
   <hi rend="italic">
    о
   </hi>
   става
   <hi rend="italic">
    ться
   </hi>
   <choice>
    <reg>
     нам
    </reg>
   </choice>
   <choice>
    <reg>
     с
    </reg>
   </choice>
   <choice>
    <reg>
     ним
    </reg>
   </choice>
   дома;
   <choice>
    <reg>
     он
    </reg>
   </choice>
   бы сид
   <hi rend="big">
    ѣ
   </hi>
   <choice>
    <reg>
     л
    </reg>
   </choice>
   на печи, а я бы
   <hi rend="big">
    ѣ
   </hi>
   ла
   <hi rend="italic">
    о
   </hi>
   вёсъ“.
  </p>
  <lb/>
 </div>
</TEI>