<?xml version="1.0" encoding="utf-8"?>
<TEI xmlns="http://www.tei-c.org/ns/1.0" xmlns:xi="http://www.w3.org/2001/XInclude">
 <teiHeader>
  <fileDesc>
   <titleStmt>
    <title>
     Азбука. Книга I
    </title>
    <author>
     Толстой Л.Н.
    </author>
    <respStmt>
     <resp>
      подготовка TEI/XML
     </resp>
     <name>
      Мария Картышева, Евгений Можаев, Даниил Скоринкин, Елена Сидорова, Вероника Файнберг, Кирилл Милинцевич
     </name>
    </respStmt>
    <respStmt>
     <name>
      Анастасия Бонч-Осмоловская, Фёкла Толстая, Борис Орехов
     </name>
     <resp>
      Идея, постановка задач, руководство
     </resp>
    </respStmt>
   </titleStmt>
   <publicationStmt>
    <idno>
     Азбука  | Книга I
    </idno>
    <publisher>
     <orgName>
      Школа лингвистики НИУ ВШЭ
     </orgName>
    </publisher>
    <availability>
     <p>
      Тексты и метатекстовая разметка доступны для свободного использования и распространения по лицензии Creative Commons Attribution Share-Alike (cc by-sa)
     </p>
    </availability>
   </publicationStmt>
   <sourceDesc>
    <biblStruct>
     <analytic>
      <author>
       Толстой Л.Н.
      </author>
      <title level="a">
       Азбука. Книга I
      </title>
     </analytic>
     <monogr>
      <title level="m">
       Полное собрание сочинений. Том 22
      </title>
      <imprint>
       <pubPlace>
        Москва
       </pubPlace>
       <publisher>
        Государственное издательство "Художественная литература"
       </publisher>
       <date when="1871-1872"/>
      </imprint>
     </monogr>
     <series>
      <title level="s">
       Л.Н. Толстой. Полное собрание сочинений
      </title>
      <biblScope unit="vol">
       22
      </biblScope>
     </series>
    </biblStruct>
   </sourceDesc>
  </fileDesc>
  <encodingDesc>
   <classDecl>
    <xi:include href="taxonomy.xml"/>
   </classDecl>
  </encodingDesc>
  <profileDesc>
   <creation>
    <date notAfter="1872" notBefore="1871">
     1871-1872
    </date>
    <rs/>
   </creation>
   <textClass>
    <catRef target="#fiction" type="sphere"/>
    <catRef target="#произведения для детей" type="type"/>
    <catRef target="#works" type="works_letters_diaries"/>
    <catRef target="#азбука" type="ninetyDef"/>
    <catRef target="#Основное" type="main_var"/>
    <catRef target="#азбука" type="type_short"/>
    <catRef target="None" type="translation"/>
    <catRef target="None" type="translation_origin"/>
    <catRef target="#да" type="tolstoy_or_not"/>
    <catRef target="None" type="name_status"/>
   </textClass>
   <preparedness>
    finished
   </preparedness>
   <settingDesc>
    <time>
     XIX век
    </time>
   </settingDesc>
  </profileDesc>
  <xenoData>
   <cyclusName/>
   <p>
    Проект
    <title>
     Толстой.Digital
    </title>
    разрабатывается сотрудниками и студентами
    <orgName>
     Высшей школы экономики
    </orgName>
    в сотрудничестве с
    <orgName>
     Государственным музеем Л.Н. Толстого
    </orgName>
    . Источник текстов –
    <bibl>
     90-томное собрание сочинений Л.Н.Толстого
    </bibl>
    . Разметка основана на стандарте
    <ref target="http://www.tei-c.org">
     TEI (Text Encoding Initiative)
    </ref>
    .
   </p>
   <versionNumber/>
   <isFinished/>
   <isEdited/>
   <fullBibliographicDescription/>
  </xenoData>
 </teiHeader>
 <p rend="left emptyline">
  <pb n="204"/>
 </p>
 <div type="section" xml:id="ref83">
  <head rend="center">
   <hi rend="strong">
    ЛИСИЦА И
    <choice>
     <reg>
      КОЗЁЛ
     </reg>
    </choice>
    .
   </hi>
  </head>
  <p rend="left" uuid="d939148b-1c68-4304-836e-4faa8b8f86e0">
   <choice>
    <reg>
     Захотелось
    </reg>
   </choice>
   козлу напиться;
   <choice>
    <reg>
     он
    </reg>
   </choice>
   <choice>
    <reg>
     слез
    </reg>
   </choice>
   <choice>
    <reg>
     под
    </reg>
   </choice>
   кручь
   <choice>
    <reg>
     к
    </reg>
   </choice>
   колодцу, напился и
   <choice>
    <reg>
     отяжелел
    </reg>
   </choice>
   .
   <choice>
    <reg>
     Стал
    </reg>
   </choice>
   <choice>
    <reg>
     он
    </reg>
   </choice>
   выбираться
   <choice>
    <reg>
     назад
    </reg>
   </choice>
   и не
   <choice>
    <reg>
     может
    </reg>
   </choice>
   . И
   <choice>
    <reg>
     стал
    </reg>
   </choice>
   <choice>
    <reg>
     он
    </reg>
   </choice>
   <choice>
    <reg>
     реветь
    </reg>
   </choice>
   . Лисица увидала и
   <choice>
    <reg>
     говорит
    </reg>
   </choice>
   :
  </p>
  <p rend="left emptyline" uuid="e4b6dc17-dc7d-4b0e-8565-85f0926acfb2">
   <pb n="205"/>
  </p>
  <p rend="centerline" uuid="5886f1c2-da73-42a8-9e5d-af821ea3b218">
   — 3 —
  </p>
  <p rend="left" uuid="9a7768df-5f15-4453-b44c-bbf9f58cf710">
   «То-то
   <choice>
    <reg>
     бестолковый
    </reg>
   </choice>
   !
   <choice>
    <reg>
     Коли бы
    </reg>
   </choice>
   у тебя, сколько
   <choice>
    <reg>
     в
    </reg>
   </choice>
   <choice>
    <reg>
     бороде
    </reg>
   </choice>
   <choice>
    <reg>
     волос
    </reg>
   </choice>
   , столько бы
   <choice>
    <reg>
     в
    </reg>
   </choice>
   <choice>
    <reg>
     голове
    </reg>
   </choice>
   ума было, ты прежде,
   <choice>
    <reg>
     чем
    </reg>
   </choice>
   <choice>
    <reg>
     слезать
    </reg>
   </choice>
   ,
   <choice>
    <reg>
     подумал
    </reg>
   </choice>
   бы,
   <choice>
    <reg>
     как
    </reg>
   </choice>
   <choice>
    <reg>
     назад
    </reg>
   </choice>
   выбраться».
  </p>
 </div>
</TEI>