<?xml version="1.0" encoding="utf-8"?>
<TEI xmlns="http://www.tei-c.org/ns/1.0" xmlns:xi="http://www.w3.org/2001/XInclude">
 <teiHeader>
  <fileDesc>
   <titleStmt>
    <title>
     Азбука. Книга I
    </title>
    <author>
     Толстой Л.Н.
    </author>
    <respStmt>
     <resp>
      подготовка TEI/XML
     </resp>
     <name>
      Мария Картышева, Евгений Можаев, Даниил Скоринкин, Елена Сидорова, Вероника Файнберг, Кирилл Милинцевич
     </name>
    </respStmt>
    <respStmt>
     <name>
      Анастасия Бонч-Осмоловская, Фёкла Толстая, Борис Орехов
     </name>
     <resp>
      Идея, постановка задач, руководство
     </resp>
    </respStmt>
   </titleStmt>
   <publicationStmt>
    <idno>
     Азбука  | Книга I
    </idno>
    <publisher>
     <orgName>
      Школа лингвистики НИУ ВШЭ
     </orgName>
    </publisher>
    <availability>
     <p>
      Тексты и метатекстовая разметка доступны для свободного использования и распространения по лицензии Creative Commons Attribution Share-Alike (cc by-sa)
     </p>
    </availability>
   </publicationStmt>
   <sourceDesc>
    <biblStruct>
     <analytic>
      <author>
       Толстой Л.Н.
      </author>
      <title level="a">
       Азбука. Книга I
      </title>
     </analytic>
     <monogr>
      <title level="m">
       Полное собрание сочинений. Том 22
      </title>
      <imprint>
       <pubPlace>
        Москва
       </pubPlace>
       <publisher>
        Государственное издательство "Художественная литература"
       </publisher>
       <date when="1871-1872"/>
      </imprint>
     </monogr>
     <series>
      <title level="s">
       Л.Н. Толстой. Полное собрание сочинений
      </title>
      <biblScope unit="vol">
       22
      </biblScope>
     </series>
    </biblStruct>
   </sourceDesc>
  </fileDesc>
  <encodingDesc>
   <classDecl>
    <xi:include href="taxonomy.xml"/>
   </classDecl>
  </encodingDesc>
  <profileDesc>
   <creation>
    <date notAfter="1872" notBefore="1871">
     1871-1872
    </date>
    <rs/>
   </creation>
   <textClass>
    <catRef target="#fiction" type="sphere"/>
    <catRef target="#произведения для детей" type="type"/>
    <catRef target="#works" type="works_letters_diaries"/>
    <catRef target="#азбука" type="ninetyDef"/>
    <catRef target="#Основное" type="main_var"/>
    <catRef target="#азбука" type="type_short"/>
    <catRef target="None" type="translation"/>
    <catRef target="None" type="translation_origin"/>
    <catRef target="#да" type="tolstoy_or_not"/>
    <catRef target="None" type="name_status"/>
   </textClass>
   <preparedness>
    finished
   </preparedness>
   <settingDesc>
    <time>
     XIX век
    </time>
   </settingDesc>
  </profileDesc>
  <xenoData>
   <cyclusName/>
   <p>
    Проект
    <title>
     Толстой.Digital
    </title>
    разрабатывается сотрудниками и студентами
    <orgName>
     Высшей школы экономики
    </orgName>
    в сотрудничестве с
    <orgName>
     Государственным музеем Л.Н. Толстого
    </orgName>
    . Источник текстов –
    <bibl>
     90-томное собрание сочинений Л.Н.Толстого
    </bibl>
    . Разметка основана на стандарте
    <ref target="http://www.tei-c.org">
     TEI (Text Encoding Initiative)
    </ref>
    .
   </p>
   <versionNumber/>
   <isFinished/>
   <isEdited/>
   <fullBibliographicDescription/>
  </xenoData>
 </teiHeader>
 <p rend="left emptyline">
  <pb n="77"/>
 </p>
 <div type="section" xml:id="ref23">
  <head rend="Azbuka left">
   <hi rend="strong">
    Л
    <hi rend="italic">
     я
    </hi>
    гушка и ле
    <hi rend="italic">
     в
    </hi>
    ъ.
   </hi>
  </head>
  <p rend="Azbuka left" uuid="e439c2a5-8d39-4aa5-92fc-31aed245236c">
   Ле
   <hi rend="italic">
    в
   </hi>
   ъ
   <choice>
    <reg>
     услыхал
    </reg>
   </choice>
   — л
   <hi rend="italic">
    я
   </hi>
   гушка громк
   <hi rend="italic">
    о
   </hi>
   <choice>
    <reg>
     квакает
    </reg>
   </choice>
   и п
   <hi rend="italic">
    о
   </hi>
   <choice>
    <reg>
     думал
    </reg>
   </choice>
   ,
   <hi rend="italic">
    ч
   </hi>
   то б
   <hi rend="italic">
    о
   </hi>
   льшой зв
   <hi rend="big">
    ѣ
   </hi>
   рь
   <choice>
    <reg>
     так
    </reg>
   </choice>
   громк
   <hi rend="italic">
    о
   </hi>
   <choice>
    <reg>
     кричит
    </reg>
   </choice>
   .
   <choice>
    <reg>
     Он
    </reg>
   </choice>
   п
   <hi rend="italic">
    о
   </hi>
   д
   <hi rend="italic">
    о
   </hi>
   <choice>
    <reg>
     ждал
    </reg>
   </choice>
   немног
   <hi rend="italic">
    о
   </hi>
   ,
   <choice>
    <reg>
     видит
    </reg>
   </choice>
   — вышла л
   <hi rend="italic">
    я
   </hi>
   гушка
   <choice>
    <reg>
     из
    </reg>
   </choice>
   б
   <hi rend="italic">
    о
   </hi>
   лота. Ле
   <hi rend="italic">
    в
   </hi>
   ъ
   <choice>
    <reg>
     раздавил
    </reg>
   </choice>
   ее лап
   <hi rend="italic">
    о
   </hi>
   й и
   <choice>
    <reg>
     сказал
    </reg>
   </choice>
   :
   <choice>
    <reg>
     „глядеть
    </reg>
   </choice>
   не на
   <hi rend="italic">
    ч
   </hi>
   то, а я испугал
   <hi rend="italic">
    ся
   </hi>
   “.
  </p>
 </div>
</TEI>