<?xml version="1.0" encoding="utf-8"?>
<TEI xmlns="http://www.tei-c.org/ns/1.0" xmlns:xi="http://www.w3.org/2001/XInclude">
 <teiHeader>
  <fileDesc>
   <titleStmt>
    <title>
     Азбука. Книга I
    </title>
    <author>
     Толстой Л.Н.
    </author>
    <respStmt>
     <resp>
      подготовка TEI/XML
     </resp>
     <name>
      Мария Картышева, Евгений Можаев, Даниил Скоринкин, Елена Сидорова, Вероника Файнберг, Кирилл Милинцевич
     </name>
    </respStmt>
    <respStmt>
     <name>
      Анастасия Бонч-Осмоловская, Фёкла Толстая, Борис Орехов
     </name>
     <resp>
      Идея, постановка задач, руководство
     </resp>
    </respStmt>
   </titleStmt>
   <publicationStmt>
    <idno>
     Азбука  | Книга I
    </idno>
    <publisher>
     <orgName>
      Школа лингвистики НИУ ВШЭ
     </orgName>
    </publisher>
    <availability>
     <p>
      Тексты и метатекстовая разметка доступны для свободного использования и распространения по лицензии Creative Commons Attribution Share-Alike (cc by-sa)
     </p>
    </availability>
   </publicationStmt>
   <sourceDesc>
    <biblStruct>
     <analytic>
      <author>
       Толстой Л.Н.
      </author>
      <title level="a">
       Азбука. Книга I
      </title>
     </analytic>
     <monogr>
      <title level="m">
       Полное собрание сочинений. Том 22
      </title>
      <imprint>
       <pubPlace>
        Москва
       </pubPlace>
       <publisher>
        Государственное издательство "Художественная литература"
       </publisher>
       <date when="1871-1872"/>
      </imprint>
     </monogr>
     <series>
      <title level="s">
       Л.Н. Толстой. Полное собрание сочинений
      </title>
      <biblScope unit="vol">
       22
      </biblScope>
     </series>
    </biblStruct>
   </sourceDesc>
  </fileDesc>
  <encodingDesc>
   <classDecl>
    <xi:include href="taxonomy.xml"/>
   </classDecl>
  </encodingDesc>
  <profileDesc>
   <creation>
    <date notAfter="1872" notBefore="1871">
     1871-1872
    </date>
    <rs/>
   </creation>
   <textClass>
    <catRef target="#fiction" type="sphere"/>
    <catRef target="#произведения для детей" type="type"/>
    <catRef target="#works" type="works_letters_diaries"/>
    <catRef target="#азбука" type="ninetyDef"/>
    <catRef target="#Основное" type="main_var"/>
    <catRef target="#азбука" type="type_short"/>
    <catRef target="None" type="translation"/>
    <catRef target="None" type="translation_origin"/>
    <catRef target="#да" type="tolstoy_or_not"/>
    <catRef target="None" type="name_status"/>
   </textClass>
   <preparedness>
    finished
   </preparedness>
   <settingDesc>
    <time>
     XIX век
    </time>
   </settingDesc>
  </profileDesc>
  <xenoData>
   <cyclusName/>
   <p>
    Проект
    <title>
     Толстой.Digital
    </title>
    разрабатывается сотрудниками и студентами
    <orgName>
     Высшей школы экономики
    </orgName>
    в сотрудничестве с
    <orgName>
     Государственным музеем Л.Н. Толстого
    </orgName>
    . Источник текстов –
    <bibl>
     90-томное собрание сочинений Л.Н.Толстого
    </bibl>
    . Разметка основана на стандарте
    <ref target="http://www.tei-c.org">
     TEI (Text Encoding Initiative)
    </ref>
    .
   </p>
   <versionNumber/>
   <isFinished/>
   <isEdited/>
   <fullBibliographicDescription/>
  </xenoData>
 </teiHeader>
 <p rend="left emptyline">
  <pb n="79"/>
 </p>
 <div type="section" xml:id="ref28">
  <head rend="Azbuka left">
   <hi rend="strong">
    <choice>
     <reg>
      Волк
     </reg>
    </choice>
    и старуха.
   </hi>
  </head>
  <p rend="Azbuka left" uuid="1f57b82f-17c1-48a2-828f-e565e9e84ebc">
   Г
   <hi rend="italic">
    о
   </hi>
   лодн
   <hi rend="italic">
    ы
   </hi>
   й
   <choice>
    <reg>
     волк
    </reg>
   </choice>
   <choice>
    <reg>
     разыскивал
    </reg>
   </choice>
   д
   <hi rend="italic">
    о
   </hi>
   бычу. На краю деревни
   <choice>
    <reg>
     он
    </reg>
   </choice>
   <choice>
    <reg>
     услыхал
    </reg>
   </choice>
   <choice>
    <reg>
     в
    </reg>
   </choice>
   <choice>
    <reg>
     избе
    </reg>
   </choice>
   плач
   <hi rend="italic">
    е
   </hi>
   <choice>
    <reg>
     т
    </reg>
   </choice>
   <choice>
    <reg>
     мальчик
    </reg>
   </choice>
   и старуха г
   <hi rend="italic">
    о
   </hi>
   в
   <hi rend="italic">
    о
   </hi>
   <choice>
    <reg>
     рит
    </reg>
   </choice>
   :
  </p>
  <p rend="Azbuka left" uuid="b3fa3e63-bb5e-453c-9f86-62abf3538ead">
   — Не перестанешь плакать, я тебя волку
   <hi rend="italic">
    о
   </hi>
   <choice>
    <reg>
     тдам
    </reg>
   </choice>
   .
  </p>
  <p rend="Azbuka left" uuid="b74a1704-a534-4600-891a-2d68738d9d68">
   <choice>
    <reg>
     Волк
    </reg>
   </choice>
   не п
   <hi rend="italic">
    о
   </hi>
   <choice>
    <reg>
     шёл
    </reg>
   </choice>
   дальше и
   <choice>
    <reg>
     стал
    </reg>
   </choice>
   д
   <hi rend="italic">
    о
   </hi>
   жида
   <hi rend="italic">
    ть
   </hi>
   с
   <hi rend="italic">
    я
   </hi>
   , к
   <hi rend="italic">
    о
   </hi>
   гда ему
   <hi rend="italic">
    о
   </hi>
   <choice>
    <reg>
     тдадут
    </reg>
   </choice>
   мальчика.
   <choice>
    <reg>
     Вот
    </reg>
   </choice>
   пришла ночь;
   <choice>
    <reg>
     он
    </reg>
   </choice>
   <hi rend="italic">
    в
   </hi>
   сё
   <hi rend="italic">
   </hi>
   <choice>
    <reg>
     ждёт
    </reg>
   </choice>
   и
   <choice>
    <reg>
     слышит
    </reg>
   </choice>
   — старуха
   <hi rend="italic">
    о
   </hi>
   пять приг
   <hi rend="italic">
    о
   </hi>
   <choice>
    <reg>
     варивает
    </reg>
   </choice>
   :
  </p>
  <p rend="Azbuka left" uuid="8f88d65c-1bba-4673-853a-d47be93198c5">
   — Не плачь, дит
   <hi rend="italic">
    я
   </hi>
   тко; не
   <hi rend="italic">
    о
   </hi>
   <choice>
    <reg>
     тдам
    </reg>
   </choice>
   тебя волку; только приди
   <choice>
    <reg>
     волк
    </reg>
   </choice>
   ,
   <choice>
    <reg>
     убьём
    </reg>
   </choice>
   е
   <hi rend="italic">
    г
   </hi>
   о.
  </p>
  <p rend="Azbuka left" uuid="734a7ed2-3933-4ffc-9e51-741789f57db0">
   <choice>
    <reg>
     Волк
    </reg>
   </choice>
   и п
   <hi rend="italic">
    о
   </hi>
   <choice>
    <reg>
     думал
    </reg>
   </choice>
   : видн
   <hi rend="italic">
    о
   </hi>
   <choice>
    <reg>
     тут
    </reg>
   </choice>
   г
   <hi rend="italic">
    о
   </hi>
   в
   <hi rend="italic">
    о
   </hi>
   <choice>
    <reg>
     рят
    </reg>
   </choice>
   <hi rend="italic">
    о
   </hi>
   дно, a
   <choice>
    <reg>
     делают
    </reg>
   </choice>
   другое; и п
   <hi rend="italic">
    о
   </hi>
   <choice>
    <reg>
     шёл
    </reg>
   </choice>
   прочь
   <hi rend="italic">
    о
   </hi>
   <choice>
    <reg>
     т
    </reg>
   </choice>
   деревни.
  </p>
  <p rend="left emptyline" uuid="048be698-cdc2-4207-8b38-ab78a3c10624">
   <pb n="80"/>
  </p>
  <p rend="centerline" uuid="f0f95739-0229-42b7-8fdb-c97f56f12364">
   — 70 —
  </p>
 </div>
</TEI>