<?xml version="1.0" encoding="utf-8"?>
<TEI xmlns="http://www.tei-c.org/ns/1.0" xmlns:xi="http://www.w3.org/2001/XInclude">
 <teiHeader>
  <fileDesc>
   <titleStmt>
    <title>
     Азбука. Книга I
    </title>
    <author>
     Толстой Л.Н.
    </author>
    <respStmt>
     <resp>
      подготовка TEI/XML
     </resp>
     <name>
      Мария Картышева, Евгений Можаев, Даниил Скоринкин, Елена Сидорова, Вероника Файнберг, Кирилл Милинцевич
     </name>
    </respStmt>
    <respStmt>
     <name>
      Анастасия Бонч-Осмоловская, Фёкла Толстая, Борис Орехов
     </name>
     <resp>
      Идея, постановка задач, руководство
     </resp>
    </respStmt>
   </titleStmt>
   <publicationStmt>
    <idno>
     Азбука  | Книга I
    </idno>
    <publisher>
     <orgName>
      Школа лингвистики НИУ ВШЭ
     </orgName>
    </publisher>
    <availability>
     <p>
      Тексты и метатекстовая разметка доступны для свободного использования и распространения по лицензии Creative Commons Attribution Share-Alike (cc by-sa)
     </p>
    </availability>
   </publicationStmt>
   <sourceDesc>
    <biblStruct>
     <analytic>
      <author>
       Толстой Л.Н.
      </author>
      <title level="a">
       Азбука. Книга I
      </title>
     </analytic>
     <monogr>
      <title level="m">
       Полное собрание сочинений. Том 22
      </title>
      <imprint>
       <pubPlace>
        Москва
       </pubPlace>
       <publisher>
        Государственное издательство "Художественная литература"
       </publisher>
       <date when="1871-1872"/>
      </imprint>
     </monogr>
     <series>
      <title level="s">
       Л.Н. Толстой. Полное собрание сочинений
      </title>
      <biblScope unit="vol">
       22
      </biblScope>
     </series>
    </biblStruct>
   </sourceDesc>
  </fileDesc>
  <encodingDesc>
   <classDecl>
    <xi:include href="taxonomy.xml"/>
   </classDecl>
  </encodingDesc>
  <profileDesc>
   <creation>
    <date notAfter="1872" notBefore="1871">
     1871-1872
    </date>
    <rs/>
   </creation>
   <textClass>
    <catRef target="#fiction" type="sphere"/>
    <catRef target="#произведения для детей" type="type"/>
    <catRef target="#works" type="works_letters_diaries"/>
    <catRef target="#азбука" type="ninetyDef"/>
    <catRef target="#Основное" type="main_var"/>
    <catRef target="#азбука" type="type_short"/>
    <catRef target="None" type="translation"/>
    <catRef target="None" type="translation_origin"/>
    <catRef target="#да" type="tolstoy_or_not"/>
    <catRef target="None" type="name_status"/>
   </textClass>
   <preparedness>
    finished
   </preparedness>
   <settingDesc>
    <time>
     XIX век
    </time>
   </settingDesc>
  </profileDesc>
  <xenoData>
   <cyclusName/>
   <p>
    Проект
    <title>
     Толстой.Digital
    </title>
    разрабатывается сотрудниками и студентами
    <orgName>
     Высшей школы экономики
    </orgName>
    в сотрудничестве с
    <orgName>
     Государственным музеем Л.Н. Толстого
    </orgName>
    . Источник текстов –
    <bibl>
     90-томное собрание сочинений Л.Н.Толстого
    </bibl>
    . Разметка основана на стандарте
    <ref target="http://www.tei-c.org">
     TEI (Text Encoding Initiative)
    </ref>
    .
   </p>
   <versionNumber/>
   <isFinished/>
   <isEdited/>
   <fullBibliographicDescription/>
  </xenoData>
 </teiHeader>
 <p rend="left emptyline">
  <pb n="72"/>
 </p>
 <div type="section" xml:id="ref13">
  <head rend="Azbuka left">
   <hi rend="strong">
    Ле
    <hi rend="italic">
     в
    </hi>
    ъ и мышь.
   </hi>
  </head>
  <p rend="Azbuka left" uuid="39a64319-858f-4dd5-8829-719ba98c1844">
   Ле
   <hi rend="italic">
    в
   </hi>
   ъ
   <choice>
    <reg>
     спал
    </reg>
   </choice>
   . Мышь пр
   <hi rend="italic">
    о
   </hi>
   б
   <hi rend="big">
    ѣ
   </hi>
   жала ему п
   <hi rend="italic">
    о
   </hi>
   т
   <hi rend="big">
    ѣ
   </hi>
   лу.
   <choice>
    <reg>
     Он
    </reg>
   </choice>
   пр
   <hi rend="italic">
    о
   </hi>
   снулся и п
   <hi rend="italic">
    о
   </hi>
   <choice>
    <reg>
     ймал
    </reg>
   </choice>
   её. Мышь стала
   <hi rend="italic">
    о
   </hi>
   тмалива
   <hi rend="italic">
    ться
   </hi>
   ;
   <hi rend="italic">
    о
   </hi>
   на сказала: пустишь и я тебя п
   <hi rend="italic">
    о
   </hi>
   милую“.
   <choice>
    <reg>
     Лев
    </reg>
   </choice>
   засм
   <hi rend="big">
    ѣ
   </hi>
   ялся,
   <hi rend="italic">
    ч
   </hi>
   то мышь
   <hi rend="italic">
    о
   </hi>
   б
   <hi rend="big">
    ѣ
   </hi>
   <choice>
    <reg>
     щает
    </reg>
   </choice>
   ему мил
   <hi rend="italic">
    о
   </hi>
   сть, и
   <choice>
    <reg>
     пустил
    </reg>
   </choice>
   её.
  </p>
  <p rend="Azbuka left" uuid="04f3d277-2764-4288-8327-3575525bc41c">
   П
   <hi rend="italic">
    о
   </hi>
   <choice>
    <reg>
     том
    </reg>
   </choice>
   <hi rend="italic">
    о
   </hi>
   хотники п
   <hi rend="italic">
    о
   </hi>
   ймали льва и прив
   <hi rend="italic">
    я
   </hi>
   зали верё
   <hi rend="italic">
    в
   </hi>
   кой
   <choice>
    <reg>
     к
    </reg>
   </choice>
   дереву. Мышь услыхала львиный ре
   <hi rend="italic">
    в
   </hi>
   ъ, приб
   <hi rend="big">
    ѣ
   </hi>
   жала,
  </p>
  <p rend="left emptyline" uuid="6c6fc3f6-f62f-4b17-b3e5-26a100893b53">
   <pb n="73"/>
  </p>
  <p rend="centerline" uuid="87a1254b-c909-4909-bf1e-894ad9f26e0d">
   — 63 —
  </p>
  <p rend="Azbuka notindent" uuid="c87ae014-1724-48b7-995e-549a5c05d5f0">
   перегрызла верё
   <hi rend="italic">
    в
   </hi>
   ку и сказала: „помнишь, ты см
   <hi rend="big">
    ѣ
   </hi>
   ялс
   <hi rend="italic">
    я
   </hi>
   , не
   <choice>
    <reg>
     думал
    </reg>
   </choice>
   ,
   <hi rend="italic">
    ч
   </hi>
   тобы
   <hi rend="italic">
    о
   </hi>
   <choice>
    <reg>
     т
    </reg>
   </choice>
   меня пришла
   <hi rend="italic">
    о
   </hi>
   тплата, а теперь видишь, —
   <choice>
    <reg>
     живёт
    </reg>
   </choice>
   и
   <hi rend="italic">
    о
   </hi>
   <choice>
    <reg>
     т
    </reg>
   </choice>
   мыши мил
   <hi rend="italic">
    о
   </hi>
   сть“.
  </p>
 </div>
</TEI>