<?xml version="1.0" encoding="utf-8"?>
<TEI xmlns="http://www.tei-c.org/ns/1.0" xmlns:xi="http://www.w3.org/2001/XInclude">
 <teiHeader>
  <fileDesc>
   <titleStmt>
    <title>
     Азбука. Книга I
    </title>
    <author>
     Толстой Л.Н.
    </author>
    <respStmt>
     <resp>
      подготовка TEI/XML
     </resp>
     <name>
      Мария Картышева, Евгений Можаев, Даниил Скоринкин, Елена Сидорова, Вероника Файнберг, Кирилл Милинцевич
     </name>
    </respStmt>
    <respStmt>
     <name>
      Анастасия Бонч-Осмоловская, Фёкла Толстая, Борис Орехов
     </name>
     <resp>
      Идея, постановка задач, руководство
     </resp>
    </respStmt>
   </titleStmt>
   <publicationStmt>
    <idno>
     Азбука  | Книга I
    </idno>
    <publisher>
     <orgName>
      Школа лингвистики НИУ ВШЭ
     </orgName>
    </publisher>
    <availability>
     <p>
      Тексты и метатекстовая разметка доступны для свободного использования и распространения по лицензии Creative Commons Attribution Share-Alike (cc by-sa)
     </p>
    </availability>
   </publicationStmt>
   <sourceDesc>
    <biblStruct>
     <analytic>
      <author>
       Толстой Л.Н.
      </author>
      <title level="a">
       Азбука. Книга I
      </title>
     </analytic>
     <monogr>
      <title level="m">
       Полное собрание сочинений. Том 22
      </title>
      <imprint>
       <pubPlace>
        Москва
       </pubPlace>
       <publisher>
        Государственное издательство "Художественная литература"
       </publisher>
       <date when="1871-1872"/>
      </imprint>
     </monogr>
     <series>
      <title level="s">
       Л.Н. Толстой. Полное собрание сочинений
      </title>
      <biblScope unit="vol">
       22
      </biblScope>
     </series>
    </biblStruct>
   </sourceDesc>
  </fileDesc>
  <encodingDesc>
   <classDecl>
    <xi:include href="taxonomy.xml"/>
   </classDecl>
  </encodingDesc>
  <profileDesc>
   <creation>
    <date notAfter="1872" notBefore="1871">
     1871-1872
    </date>
    <rs/>
   </creation>
   <textClass>
    <catRef target="#fiction" type="sphere"/>
    <catRef target="#произведения для детей" type="type"/>
    <catRef target="#works" type="works_letters_diaries"/>
    <catRef target="#азбука" type="ninetyDef"/>
    <catRef target="#Основное" type="main_var"/>
    <catRef target="#азбука" type="type_short"/>
    <catRef target="None" type="translation"/>
    <catRef target="None" type="translation_origin"/>
    <catRef target="#да" type="tolstoy_or_not"/>
    <catRef target="None" type="name_status"/>
   </textClass>
   <preparedness>
    finished
   </preparedness>
   <settingDesc>
    <time>
     XIX век
    </time>
   </settingDesc>
  </profileDesc>
  <xenoData>
   <cyclusName/>
   <p>
    Проект
    <title>
     Толстой.Digital
    </title>
    разрабатывается сотрудниками и студентами
    <orgName>
     Высшей школы экономики
    </orgName>
    в сотрудничестве с
    <orgName>
     Государственным музеем Л.Н. Толстого
    </orgName>
    . Источник текстов –
    <bibl>
     90-томное собрание сочинений Л.Н.Толстого
    </bibl>
    . Разметка основана на стандарте
    <ref target="http://www.tei-c.org">
     TEI (Text Encoding Initiative)
    </ref>
    .
   </p>
   <versionNumber/>
   <isFinished/>
   <isEdited/>
   <fullBibliographicDescription/>
  </xenoData>
 </teiHeader>
 <p rend="left emptyline">
  <pb n="102"/>
 </p>
 <div type="section" xml:id="ref47">
  <head rend="Azbuka left">
   <hi rend="strong">
    <choice>
     <reg>
      Как
     </reg>
    </choice>
    научились Бухарцы разводить
    <choice>
     <reg>
      шелковичных
     </reg>
    </choice>
    червей.
   </hi>
  </head>
  <p rend="Azbuka left" uuid="d3aefd2a-03d5-46cb-802f-276430352cdb">
   Китайцы долго одни
   <choice>
    <reg>
     умели
    </reg>
   </choice>
   разводить
   <choice>
    <reg>
     шёлк
    </reg>
   </choice>
   и ни кому этого искусства
  </p>
  <p rend="left emptyline" uuid="2de02cca-ed38-4926-9725-d793755672d7">
   <pb n="103"/>
  </p>
  <p rend="centerline" uuid="398fa6be-86f5-4ad0-8237-e593d910376b">
   — 93 —
  </p>
  <p rend="Azbuka notindent" uuid="34170a12-bf21-4d55-b6a2-563e97a44c20">
   не показывали, а продавали за
   <choice>
    <reg>
     дорогие
    </reg>
   </choice>
   деньги
   <choice>
    <reg>
     шёлковые
    </reg>
   </choice>
   ткани.
  </p>
  <p rend="Azbuka left" uuid="6f2da1a5-cc0a-4ed3-bef6-3ed0b41b7aa7">
   <choice>
    <reg>
     Бухарский
    </reg>
   </choice>
   царь
   <choice>
    <reg>
     услыхал
    </reg>
   </choice>
   <hi rend="big">
    <choice>
     <reg>
      об
     </reg>
    </choice>
   </hi>
   <choice>
    <reg>
     этом
    </reg>
   </choice>
   , и ему
   <choice>
    <reg>
     захотелось
    </reg>
   </choice>
   достать червей и научиться этому д
   <hi rend="big">
    ѣ
   </hi>
   лу.
   <choice>
    <reg>
     Он
    </reg>
   </choice>
   <choice>
    <reg>
     просил
    </reg>
   </choice>
   <choice>
    <reg>
     Китайцев
    </reg>
   </choice>
   дать ему с
   <hi rend="big">
    ѣ
   </hi>
   <choice>
    <reg>
     мян
    </reg>
   </choice>
   червей и
   <choice>
    <reg>
     деревьев
    </reg>
   </choice>
   . Они отказали. Тогда
   <choice>
    <reg>
     Бухарский
    </reg>
   </choice>
   царь
   <choice>
    <reg>
     послал
    </reg>
   </choice>
   сватать
   <hi rend="big">
    за
   </hi>
   себя дочь у
   <choice>
    <reg>
     Китайского
    </reg>
   </choice>
   Императора и
   <choice>
    <reg>
     велел
    </reg>
   </choice>
   сказать
   <choice>
    <reg>
     невесте
    </reg>
   </choice>
   , что
   <hi rend="big">
    у
   </hi>
   него всего много
   <hi rend="big">
    <choice>
     <reg>
      в
     </reg>
    </choice>
   </hi>
   <choice>
    <reg>
     царстве
    </reg>
   </choice>
   , н
   <hi rend="big">
    ѣ
   </hi>
   <choice>
    <reg>
     т
    </reg>
   </choice>
   только одного —
   <choice>
    <reg>
     шёлковых
    </reg>
   </choice>
   тканей; —
   <choice>
    <reg>
     так
    </reg>
   </choice>
   чтобы она
   <hi rend="big">
    <choice>
     <reg>
      с
     </reg>
    </choice>
   </hi>
   собою потихоньку привезла с
   <hi rend="big">
    ѣ
   </hi>
   <choice>
    <reg>
     мян
    </reg>
   </choice>
   шелковицы и червей, а то не
   <hi rend="big">
    во
   </hi>
   что ей
   <choice>
    <reg>
     будет
    </reg>
   </choice>
   наряжаться.
  </p>
  <p rend="Azbuka left" uuid="916bc3f2-a81d-4e96-b616-769f7a09137e">
   Царевна набрала с
   <hi rend="big">
    ѣ
   </hi>
   <choice>
    <reg>
     мян
    </reg>
   </choice>
   червей и
   <choice>
    <reg>
     деревьев
    </reg>
   </choice>
   и положила
   <choice>
    <reg>
     себе
    </reg>
   </choice>
   <hi rend="big">
    <choice>
     <reg>
      в
     </reg>
    </choice>
   </hi>
   головную повязку.
  </p>
  <p rend="Azbuka left" uuid="cf073aae-6c8c-495e-84c6-2f196d5a7f10">
   Когда
   <hi rend="big">
    на
   </hi>
   <choice>
    <reg>
     границе
    </reg>
   </choice>
   стали осматривать, — не
   <choice>
    <reg>
     везёт ли
    </reg>
   </choice>
   она
   <hi rend="big">
    <choice>
     <reg>
      с
     </reg>
    </choice>
   </hi>
   собою потихоньку чего запрещеннаго, никто не посмѣлъ развязать ея повязку.
  </p>
  <p rend="Azbuka left" uuid="57dac97d-4214-4f54-b8e8-513c6ddf7507">
   И Бухарцы развели
   <hi rend="big">
    у
   </hi>
   себя
   <choice>
    <reg>
     тутовые
    </reg>
   </choice>
   деревья и
   <choice>
    <reg>
     шелковичных
    </reg>
   </choice>
   червей, а царевна научила водить
   <choice>
    <reg>
     их
    </reg>
   </choice>
   .
  </p>
  <lb/>
  <p rend="centerline" uuid="eba5835e-c501-4259-b905-030e9e202906">
   — 94 —
  </p>
 </div>
</TEI>