<?xml version="1.0" encoding="utf-8"?>
<TEI xmlns="http://www.tei-c.org/ns/1.0" xmlns:xi="http://www.w3.org/2001/XInclude">
 <teiHeader>
  <fileDesc>
   <titleStmt>
    <title>
     Азбука. Книга I
    </title>
    <author>
     Толстой Л.Н.
    </author>
    <respStmt>
     <resp>
      подготовка TEI/XML
     </resp>
     <name>
      Мария Картышева, Евгений Можаев, Даниил Скоринкин, Елена Сидорова, Вероника Файнберг, Кирилл Милинцевич
     </name>
    </respStmt>
    <respStmt>
     <name>
      Анастасия Бонч-Осмоловская, Фёкла Толстая, Борис Орехов
     </name>
     <resp>
      Идея, постановка задач, руководство
     </resp>
    </respStmt>
   </titleStmt>
   <publicationStmt>
    <idno>
     Азбука  | Книга I
    </idno>
    <publisher>
     <orgName>
      Школа лингвистики НИУ ВШЭ
     </orgName>
    </publisher>
    <availability>
     <p>
      Тексты и метатекстовая разметка доступны для свободного использования и распространения по лицензии Creative Commons Attribution Share-Alike (cc by-sa)
     </p>
    </availability>
   </publicationStmt>
   <sourceDesc>
    <biblStruct>
     <analytic>
      <author>
       Толстой Л.Н.
      </author>
      <title level="a">
       Азбука. Книга I
      </title>
     </analytic>
     <monogr>
      <title level="m">
       Полное собрание сочинений. Том 22
      </title>
      <imprint>
       <pubPlace>
        Москва
       </pubPlace>
       <publisher>
        Государственное издательство "Художественная литература"
       </publisher>
       <date when="1871-1872"/>
      </imprint>
     </monogr>
     <series>
      <title level="s">
       Л.Н. Толстой. Полное собрание сочинений
      </title>
      <biblScope unit="vol">
       22
      </biblScope>
     </series>
    </biblStruct>
   </sourceDesc>
  </fileDesc>
  <encodingDesc>
   <classDecl>
    <xi:include href="taxonomy.xml"/>
   </classDecl>
  </encodingDesc>
  <profileDesc>
   <creation>
    <date notAfter="1872" notBefore="1871">
     1871-1872
    </date>
    <rs/>
   </creation>
   <textClass>
    <catRef target="#fiction" type="sphere"/>
    <catRef target="#произведения для детей" type="type"/>
    <catRef target="#works" type="works_letters_diaries"/>
    <catRef target="#азбука" type="ninetyDef"/>
    <catRef target="#Основное" type="main_var"/>
    <catRef target="#азбука" type="type_short"/>
    <catRef target="None" type="translation"/>
    <catRef target="None" type="translation_origin"/>
    <catRef target="#да" type="tolstoy_or_not"/>
    <catRef target="None" type="name_status"/>
   </textClass>
   <preparedness>
    finished
   </preparedness>
   <settingDesc>
    <time>
     XIX век
    </time>
   </settingDesc>
  </profileDesc>
  <xenoData>
   <cyclusName/>
   <p>
    Проект
    <title>
     Толстой.Digital
    </title>
    разрабатывается сотрудниками и студентами
    <orgName>
     Высшей школы экономики
    </orgName>
    в сотрудничестве с
    <orgName>
     Государственным музеем Л.Н. Толстого
    </orgName>
    . Источник текстов –
    <bibl>
     90-томное собрание сочинений Л.Н.Толстого
    </bibl>
    . Разметка основана на стандарте
    <ref target="http://www.tei-c.org">
     TEI (Text Encoding Initiative)
    </ref>
    .
   </p>
   <versionNumber/>
   <isFinished/>
   <isEdited/>
   <fullBibliographicDescription/>
  </xenoData>
 </teiHeader>
 <p rend="left emptyline">
  <pb n="419"/>
 </p>
 <div type="section" xml:id="ref196">
  <head rend="center">
   <hi rend="strong">
    <choice>
     <reg>
      ПОЛИКРАТ
     </reg>
    </choice>
    САМОССКІЙ.
   </hi>
  </head>
  <p rend="left" uuid="07ef9d78-ba0b-4c26-816d-c026187cabc2">
   <choice>
    <reg>
     Был
    </reg>
   </choice>
   <choice>
    <reg>
     один
    </reg>
   </choice>
   <choice>
    <reg>
     греческий
    </reg>
   </choice>
   Царь
   <choice>
    <reg>
     Поликрат
    </reg>
   </choice>
   .
   <choice>
    <reg>
     Он
    </reg>
   </choice>
   во
   <choice>
    <reg>
     всём
    </reg>
   </choice>
   <choice>
    <reg>
     был
    </reg>
   </choice>
   <choice>
    <reg>
     счастлив
    </reg>
   </choice>
   .
   <choice>
    <reg>
     Он
    </reg>
   </choice>
   <choice>
    <reg>
     завоевал
    </reg>
   </choice>
   много
   <choice>
    <reg>
     городов
    </reg>
   </choice>
   и
   <choice>
    <reg>
     стал
    </reg>
   </choice>
   очень
   <choice>
    <reg>
     богат
    </reg>
   </choice>
   .
   <choice>
    <reg>
     Поликрат
    </reg>
   </choice>
   и
   <choice>
    <reg>
     описал
    </reg>
   </choice>
   <choice>
    <reg>
     в
    </reg>
   </choice>
   <choice>
    <reg>
     письме
    </reg>
   </choice>
   всю свою счастливую жизнь, и
   <choice>
    <reg>
     послал
    </reg>
   </choice>
   это письмо своему другу царю Амазису
   <choice>
    <reg>
     в
    </reg>
   </choice>
   <choice>
    <reg>
     Египет
    </reg>
   </choice>
   .
   <choice>
    <reg>
     Амазис
    </reg>
   </choice>
   <choice>
    <reg>
     прочёл
    </reg>
   </choice>
   письмо, и
   <choice>
    <reg>
     написал
    </reg>
   </choice>
   Поликрату
   <choice>
    <reg>
     ответ
    </reg>
   </choice>
   .
   <choice>
    <reg>
     Он
    </reg>
   </choice>
   <choice>
    <reg>
     писал
    </reg>
   </choice>
   <choice>
    <reg>
     так
    </reg>
   </choice>
   : «
   <choice>
    <reg>
     Приятно
    </reg>
   </choice>
   <choice>
    <reg>
     бывает
    </reg>
   </choice>
   знать друга
   <choice>
    <reg>
     в
    </reg>
   </choice>
   <choice>
    <reg>
     удаче
    </reg>
   </choice>
   . Но
   <choice>
    <reg>
     мне
    </reg>
   </choice>
   твоё счастье не нравится. По моему, лучше
   <choice>
    <reg>
     бывает
    </reg>
   </choice>
   , когда
   <choice>
    <reg>
     человеку
    </reg>
   </choice>
   <choice>
    <reg>
     в
    </reg>
   </choice>
   <choice>
    <reg>
     одном
    </reg>
   </choice>
   <choice>
    <reg>
     деле
    </reg>
   </choice>
   удача, а
   <choice>
    <reg>
     в
    </reg>
   </choice>
   <choice>
    <reg>
     другом
    </reg>
   </choice>
   <choice>
    <reg>
     нет
    </reg>
   </choice>
   , — чтобы было
   <choice>
    <reg>
     в
    </reg>
   </choice>
   перемежку. Послушай меня и
   <choice>
    <reg>
     сделай
    </reg>
   </choice>
   <choice>
    <reg>
     вот
    </reg>
   </choice>
   что: чтó есть у тебя дороже всего, то возьми и брось куда нибудь
   <choice>
    <reg>
     в
    </reg>
   </choice>
   такое
   <choice>
    <reg>
     место
    </reg>
   </choice>
   , чтобы не попалось
   <choice>
    <reg>
     людям
    </reg>
   </choice>
   . И тогда у тебя
   <choice>
    <reg>
     будет
    </reg>
   </choice>
   счастье
   <choice>
    <reg>
     в
    </reg>
   </choice>
   перемежку
   <choice>
    <reg>
     с
    </reg>
   </choice>
   <choice>
    <reg>
     несчастьем
    </reg>
   </choice>
   ».
  </p>
  <p rend="left" uuid="0de27911-afe7-4a96-a4fe-d1ffcceea3c4">
   <choice>
    <reg>
     Поликрат
    </reg>
   </choice>
   <choice>
    <reg>
     прочёл
    </reg>
   </choice>
   это и послушался своего друга
   <choice>
    <reg>
     Он
    </reg>
   </choice>
   <choice>
    <reg>
     сделал
    </reg>
   </choice>
   <choice>
    <reg>
     вот
    </reg>
   </choice>
   что:
   <choice>
    <reg>
     был
    </reg>
   </choice>
   у него дорогой перстень,
   <choice>
    <reg>
     взял
    </reg>
   </choice>
   <choice>
    <reg>
     он
    </reg>
   </choice>
   <choice>
    <reg>
     этот
    </reg>
   </choice>
   перстень,
   <choice>
    <reg>
     собрал
    </reg>
   </choice>
   много народа, и
   <choice>
    <reg>
     сел
    </reg>
   </choice>
   со
   <choice>
    <reg>
     всем
    </reg>
   </choice>
   <choice>
    <reg>
     народом
    </reg>
   </choice>
   <choice>
    <reg>
     в
    </reg>
   </choice>
   лодку.
   <choice>
    <reg>
     Потом
    </reg>
   </choice>
   <choice>
    <reg>
     велел
    </reg>
   </choice>
   <choice>
    <reg>
     ехать
    </reg>
   </choice>
   <choice>
    <reg>
     в
    </reg>
   </choice>
   море. И когда
   <choice>
    <reg>
     выехал
    </reg>
   </choice>
   далеко за острова, тогда при
   <choice>
    <reg>
     всём
    </reg>
   </choice>
   <choice>
    <reg>
     народе
    </reg>
   </choice>
   <choice>
    <reg>
     бросил
    </reg>
   </choice>
   перстень
   <choice>
    <reg>
     в
    </reg>
   </choice>
   море и вернулся домой.
  </p>
  <p rend="left" uuid="414689b6-3fea-489f-b6e7-30e1135e13d7">
   На пятый день одному рыбаку случилось поймать очень большую, прекрасную рыбу, и
   <choice>
    <reg>
     захотел
    </reg>
   </choice>
   <choice>
    <reg>
     он
    </reg>
   </choice>
   подарить её Царю.
   <choice>
    <reg>
     Вот
    </reg>
   </choice>
   <choice>
    <reg>
     пришёл
    </reg>
   </choice>
   <choice>
    <reg>
     он
    </reg>
   </choice>
   <choice>
    <reg>
     к
    </reg>
   </choice>
   Поликрату на
   <choice>
    <reg>
     двор
    </reg>
   </choice>
   , и когда
   <choice>
    <reg>
     Поликрат
    </reg>
   </choice>
   <choice>
    <reg>
     вышел
    </reg>
   </choice>
   <choice>
    <reg>
     к
    </reg>
   </choice>
   нему,
   <choice>
    <reg>
     рыбак
    </reg>
   </choice>
   <choice>
    <reg>
     сказал
    </reg>
   </choice>
   : Царь, я
   <choice>
    <reg>
     поймал
    </reg>
   </choice>
   эту рыбу и
   <choice>
    <reg>
     принёс
    </reg>
   </choice>
   <choice>
    <reg>
     тебе
    </reg>
   </choice>
   , потому
  </p>
  <p rend="left emptyline" uuid="bb3b2843-65bb-4820-ab98-8b25c5fb851b">
   <pb n="420"/>
  </p>
  <p rend="centerline" uuid="dc835dbb-c173-444d-8150-064a01fe7382">
   — 52 —
  </p>
  <p rend="notindent" uuid="8b960f11-ad22-4684-96a6-e1730cac3752">
   что такую прекрасную рыбу только Царю кушать».
   <choice>
    <reg>
     Поликрат
    </reg>
   </choice>
   <choice>
    <reg>
     поблагодарил
    </reg>
   </choice>
   рыбака и
   <choice>
    <reg>
     позвал
    </reg>
   </choice>
   его
   <choice>
    <reg>
     к
    </reg>
   </choice>
   <choice>
    <reg>
     себе
    </reg>
   </choice>
   <choice>
    <reg>
     обедать
    </reg>
   </choice>
   .
   <choice>
    <reg>
     Рыбак
    </reg>
   </choice>
   <choice>
    <reg>
     отдал
    </reg>
   </choice>
   рыбу и
   <choice>
    <reg>
     пошёл
    </reg>
   </choice>
   <choice>
    <reg>
     к
    </reg>
   </choice>
   Царю, а поварà
   <choice>
    <reg>
     разрезали
    </reg>
   </choice>
   рыбу и нашли
   <choice>
    <reg>
     в
    </reg>
   </choice>
   ней
   <choice>
    <reg>
     тот
    </reg>
   </choice>
   самый перстень, чтó
   <choice>
    <reg>
     Поликрат
    </reg>
   </choice>
   <choice>
    <reg>
     бросил
    </reg>
   </choice>
   <choice>
    <reg>
     в
    </reg>
   </choice>
   море.
  </p>
  <p rend="left" uuid="344c1f77-6d12-41c2-8835-30c0493b8b2e">
   Когда повара принесли Поликрату его перстень и
   <choice>
    <reg>
     рассказали
    </reg>
   </choice>
   ,
   <choice>
    <reg>
     как
    </reg>
   </choice>
   они нашли его, —
   <choice>
    <reg>
     Поликрат
    </reg>
   </choice>
   <choice>
    <reg>
     написал
    </reg>
   </choice>
   другое письмо
   <choice>
    <reg>
     в
    </reg>
   </choice>
   <choice>
    <reg>
     Египет
    </reg>
   </choice>
   <choice>
    <reg>
     к
    </reg>
   </choice>
   своему другу Амазису и
   <choice>
    <reg>
     описал
    </reg>
   </choice>
   ,
   <choice>
    <reg>
     как
    </reg>
   </choice>
   <choice>
    <reg>
     он
    </reg>
   </choice>
   <choice>
    <reg>
     бросил
    </reg>
   </choice>
   перстень и
   <choice>
    <reg>
     как
    </reg>
   </choice>
   <choice>
    <reg>
     он
    </reg>
   </choice>
   нашёлся.
   <choice>
    <reg>
     Амазис
    </reg>
   </choice>
   <choice>
    <reg>
     прочёл
    </reg>
   </choice>
   письмо и
   <choice>
    <reg>
     подумал
    </reg>
   </choice>
   : это не
   <choice>
    <reg>
     к
    </reg>
   </choice>
   добру, — видно нельзя уйти
   <choice>
    <reg>
     от
    </reg>
   </choice>
   судьбы. А лучше
   <choice>
    <reg>
     мне
    </reg>
   </choice>
   разойтись
   <choice>
    <reg>
     с
    </reg>
   </choice>
   <choice>
    <reg>
     своим
    </reg>
   </choice>
   <choice>
    <reg>
     другом
    </reg>
   </choice>
   , чтобы
   <choice>
    <reg>
     потом
    </reg>
   </choice>
   не
   <choice>
    <reg>
     жалеть
    </reg>
   </choice>
   его; и
   <choice>
    <reg>
     он
    </reg>
   </choice>
   <choice>
    <reg>
     послал
    </reg>
   </choice>
   сказать Поликрату, что
   <choice>
    <reg>
     их
    </reg>
   </choice>
   <choice>
    <reg>
     дружбе
    </reg>
   </choice>
   <choice>
    <reg>
     конец
    </reg>
   </choice>
   .
  </p>
  <p rend="left" uuid="33d408c4-8036-449d-a437-20140ed642cd">
   <choice>
    <reg>
     В
    </reg>
   </choice>
   то время
   <choice>
    <reg>
     был
    </reg>
   </choice>
   <choice>
    <reg>
     один
    </reg>
   </choice>
   <choice>
    <reg>
     человек
    </reg>
   </choice>
   <choice>
    <reg>
     Оройтес
    </reg>
   </choice>
   .
   <choice>
    <reg>
     Этот
    </reg>
   </choice>
   <choice>
    <reg>
     Оройтес
    </reg>
   </choice>
   <choice>
    <reg>
     был
    </reg>
   </choice>
   сердить на Поликрата, и
   <choice>
    <reg>
     хотел
    </reg>
   </choice>
   погубить его.
   <choice>
    <reg>
     Вот
    </reg>
   </choice>
   <choice>
    <reg>
     Оройтес
    </reg>
   </choice>
   <choice>
    <reg>
     придумал
    </reg>
   </choice>
   какую хитрость.
   <choice>
    <reg>
     Написал
    </reg>
   </choice>
   <choice>
    <reg>
     он
    </reg>
   </choice>
   Поликрату, что будто
   <choice>
    <reg>
     Персидский
    </reg>
   </choice>
   царь
   <choice>
    <reg>
     Камбиз
    </reg>
   </choice>
   <choice>
    <reg>
     обидел
    </reg>
   </choice>
   его и
   <choice>
    <reg>
     хотел
    </reg>
   </choice>
   убить, и что
   <choice>
    <reg>
     он
    </reg>
   </choice>
   будто
   <choice>
    <reg>
     ушёл
    </reg>
   </choice>
   <choice>
    <reg>
     от
    </reg>
   </choice>
   него.
   <choice>
    <reg>
     Оройтес
    </reg>
   </choice>
   <choice>
    <reg>
     так
    </reg>
   </choice>
   <choice>
    <reg>
     писал
    </reg>
   </choice>
   Поликрату: «У меня много
   <choice>
    <reg>
     богатств
    </reg>
   </choice>
   , но я не знаю,
   <choice>
    <reg>
     где
    </reg>
   </choice>
   <choice>
    <reg>
     мне
    </reg>
   </choice>
   жить. Прими ты меня
   <choice>
    <reg>
     к
    </reg>
   </choice>
   <choice>
    <reg>
     себе
    </reg>
   </choice>
   <choice>
    <reg>
     с
    </reg>
   </choice>
   моими богатствами, и тогда мы
   <choice>
    <reg>
     с
    </reg>
   </choice>
   тобой
   <choice>
    <reg>
     сделаемся
    </reg>
   </choice>
   самые сильные цари. А если ты не
   <choice>
    <reg>
     веришь
    </reg>
   </choice>
   , что у меня много
   <choice>
    <reg>
     богатств
    </reg>
   </choice>
   ,
   <choice>
    <reg>
     так
    </reg>
   </choice>
   пришли кого-нибудь
   <choice>
    <reg>
     посмотреть
    </reg>
   </choice>
   .
  </p>
  <p rend="left" uuid="2c7e77ab-5837-42b7-932b-6919b329ebfb">
   <choice>
    <reg>
     Поликрат
    </reg>
   </choice>
   и
   <choice>
    <reg>
     послал
    </reg>
   </choice>
   своего слугу
   <choice>
    <reg>
     посмотреть
    </reg>
   </choice>
   , правда ли, что
   <choice>
    <reg>
     Оройтес
    </reg>
   </choice>
   <choice>
    <reg>
     привёз
    </reg>
   </choice>
   столько
   <choice>
    <reg>
     богатств
    </reg>
   </choice>
   . Когда слуга
   <choice>
    <reg>
     приехал
    </reg>
   </choice>
   <choice>
    <reg>
     смотреть
    </reg>
   </choice>
   богатства,
   <choice>
    <reg>
     Оройтес
    </reg>
   </choice>
   <choice>
    <reg>
     так
    </reg>
   </choice>
   <choice>
    <reg>
     обманул
    </reg>
   </choice>
   его:
   <choice>
    <reg>
     он
    </reg>
   </choice>
   <choice>
    <reg>
     взял
    </reg>
   </choice>
   много
   <choice>
    <reg>
     лодок
    </reg>
   </choice>
   и во
   <choice>
    <reg>
     все
    </reg>
   </choice>
   <choice>
    <reg>
     наложил
    </reg>
   </choice>
   камни; а
   <choice>
    <reg>
     сверх
    </reg>
   </choice>
   камней до
   <choice>
    <reg>
     краев
    </reg>
   </choice>
   <choice>
    <reg>
     заложил
    </reg>
   </choice>
   <choice>
    <reg>
     золотом
    </reg>
   </choice>
   .
  </p>
  <p rend="left emptyline" uuid="e34a9056-c3df-4219-a725-1a38e43d4ae6">
   <pb n="421"/>
  </p>
  <p rend="centerline" uuid="49454b75-1923-432d-aae8-3c8c971374d4">
   — 53 —
  </p>
  <p rend="left" uuid="c93bcbc5-1245-44a5-b024-6a6ebfe6b536">
   Когда слуга Поликрата
   <choice>
    <reg>
     увидел
    </reg>
   </choice>
   эти лодки,
   <choice>
    <reg>
     он
    </reg>
   </choice>
   <choice>
    <reg>
     поверил
    </reg>
   </choice>
   , что лодки
   <choice>
    <reg>
     все
    </reg>
   </choice>
   по края были полны
   <choice>
    <reg>
     золотом
    </reg>
   </choice>
   , и
   <choice>
    <reg>
     так
    </reg>
   </choice>
   и
   <choice>
    <reg>
     рассказал
    </reg>
   </choice>
   Поликрату.
  </p>
  <p rend="left" uuid="028a42a1-8e8d-4047-af41-99d0bccf1d81">
   Тогда
   <choice>
    <reg>
     Поликрат
    </reg>
   </choice>
   <choice>
    <reg>
     захотел
    </reg>
   </choice>
   <choice>
    <reg>
     сам
    </reg>
   </choice>
   <choice>
    <reg>
     ехать
    </reg>
   </choice>
   <choice>
    <reg>
     к
    </reg>
   </choice>
   Оройтесу
   <choice>
    <reg>
     смотреть
    </reg>
   </choice>
   его богатства.
   <choice>
    <reg>
     В
    </reg>
   </choice>
   эту самую ночь дочь Поликрата увидала во
   <choice>
    <reg>
     сне
    </reg>
   </choice>
   , что
   <choice>
    <reg>
     он
    </reg>
   </choice>
   будто
   <choice>
    <reg>
     висит
    </reg>
   </choice>
   на
   <choice>
    <reg>
     воздухе
    </reg>
   </choice>
   . Дочь и стала просить отца,
   <choice>
    <reg>
     чтоб
    </reg>
   </choice>
   <choice>
    <reg>
     он
    </reg>
   </choice>
   не
   <choice>
    <reg>
     ездил
    </reg>
   </choice>
   <choice>
    <reg>
     к
    </reg>
   </choice>
   Оройтесу; но
   <choice>
    <reg>
     отец
    </reg>
   </choice>
   <choice>
    <reg>
     рассердился
    </reg>
   </choice>
   и
   <choice>
    <reg>
     сказал
    </reg>
   </choice>
   , что
   <choice>
    <reg>
     он
    </reg>
   </choice>
   её не
   <choice>
    <reg>
     отдаст
    </reg>
   </choice>
   <choice>
    <reg>
     замуж
    </reg>
   </choice>
   , если она не
   <choice>
    <reg>
     замолчит
    </reg>
   </choice>
   <choice>
    <reg>
     сейчас
    </reg>
   </choice>
   . А дочь сказала: «Я рада никогда не идти
   <choice>
    <reg>
     замуж
    </reg>
   </choice>
   , только не
   <choice>
    <reg>
     езди
    </reg>
   </choice>
   ты
   <choice>
    <reg>
     к
    </reg>
   </choice>
   Оройтесу; я боюсь, что
   <choice>
    <reg>
     с
    </reg>
   </choice>
   тобой случится
   <choice>
    <reg>
     беда
    </reg>
   </choice>
   ».
  </p>
  <p rend="left" uuid="6ab2aa28-674f-480e-9adc-5c505a1c4d99">
   Отецъ не послушался ея и поѣхалъ. Когда онъ пріѣхалъ, Оройтесъ схватилъ его и повѣсилъ до смерти. Такъ-то сонъ дочери и совершился.
  </p>
  <p rend="left" uuid="fb3fc65c-8b30-4ab3-bf18-032b4dd151c2">
   <choice>
    <reg>
     Так
    </reg>
   </choice>
   и случилось,
   <choice>
    <reg>
     как
    </reg>
   </choice>
   <choice>
    <reg>
     угадал
    </reg>
   </choice>
   <choice>
    <reg>
     Амазис
    </reg>
   </choice>
   , что большое счастье Поликрата кончилось
   <choice>
    <reg>
     большим
    </reg>
   </choice>
   <choice>
    <reg>
     несчастьем
    </reg>
   </choice>
   .
  </p>
 </div>
</TEI>