<?xml version="1.0" encoding="utf-8"?>
<TEI xmlns="http://www.tei-c.org/ns/1.0" xmlns:xi="http://www.w3.org/2001/XInclude">
 <teiHeader>
  <fileDesc>
   <titleStmt>
    <title>
     Азбука. Книга I
    </title>
    <author>
     Толстой Л.Н.
    </author>
    <respStmt>
     <resp>
      подготовка TEI/XML
     </resp>
     <name>
      Мария Картышева, Евгений Можаев, Даниил Скоринкин, Елена Сидорова, Вероника Файнберг, Кирилл Милинцевич
     </name>
    </respStmt>
    <respStmt>
     <name>
      Анастасия Бонч-Осмоловская, Фёкла Толстая, Борис Орехов
     </name>
     <resp>
      Идея, постановка задач, руководство
     </resp>
    </respStmt>
   </titleStmt>
   <publicationStmt>
    <idno>
     Азбука  | Книга I
    </idno>
    <publisher>
     <orgName>
      Школа лингвистики НИУ ВШЭ
     </orgName>
    </publisher>
    <availability>
     <p>
      Тексты и метатекстовая разметка доступны для свободного использования и распространения по лицензии Creative Commons Attribution Share-Alike (cc by-sa)
     </p>
    </availability>
   </publicationStmt>
   <sourceDesc>
    <biblStruct>
     <analytic>
      <author>
       Толстой Л.Н.
      </author>
      <title level="a">
       Азбука. Книга I
      </title>
     </analytic>
     <monogr>
      <title level="m">
       Полное собрание сочинений. Том 22
      </title>
      <imprint>
       <pubPlace>
        Москва
       </pubPlace>
       <publisher>
        Государственное издательство "Художественная литература"
       </publisher>
       <date when="1871-1872"/>
      </imprint>
     </monogr>
     <series>
      <title level="s">
       Л.Н. Толстой. Полное собрание сочинений
      </title>
      <biblScope unit="vol">
       22
      </biblScope>
     </series>
    </biblStruct>
   </sourceDesc>
  </fileDesc>
  <encodingDesc>
   <classDecl>
    <xi:include href="taxonomy.xml"/>
   </classDecl>
  </encodingDesc>
  <profileDesc>
   <creation>
    <date notAfter="1872" notBefore="1871">
     1871-1872
    </date>
    <rs/>
   </creation>
   <textClass>
    <catRef target="#fiction" type="sphere"/>
    <catRef target="#произведения для детей" type="type"/>
    <catRef target="#works" type="works_letters_diaries"/>
    <catRef target="#азбука" type="ninetyDef"/>
    <catRef target="#Основное" type="main_var"/>
    <catRef target="#азбука" type="type_short"/>
    <catRef target="None" type="translation"/>
    <catRef target="None" type="translation_origin"/>
    <catRef target="#да" type="tolstoy_or_not"/>
    <catRef target="None" type="name_status"/>
   </textClass>
   <preparedness>
    finished
   </preparedness>
   <settingDesc>
    <time>
     XIX век
    </time>
   </settingDesc>
  </profileDesc>
  <xenoData>
   <cyclusName/>
   <p>
    Проект
    <title>
     Толстой.Digital
    </title>
    разрабатывается сотрудниками и студентами
    <orgName>
     Высшей школы экономики
    </orgName>
    в сотрудничестве с
    <orgName>
     Государственным музеем Л.Н. Толстого
    </orgName>
    . Источник текстов –
    <bibl>
     90-томное собрание сочинений Л.Н.Толстого
    </bibl>
    . Разметка основана на стандарте
    <ref target="http://www.tei-c.org">
     TEI (Text Encoding Initiative)
    </ref>
    .
   </p>
   <versionNumber/>
   <isFinished/>
   <isEdited/>
   <fullBibliographicDescription/>
  </xenoData>
 </teiHeader>
 <p rend="left emptyline">
  <pb n="273"/>
 </p>
 <div type="section" xml:id="ref139">
  <head rend="center">
   <hi rend="strong">
    ОСЯЗАНІЕ И
    <choice>
     <reg>
      ЗРЕНІЕ
     </reg>
    </choice>
    .
   </hi>
  </head>
  <p rend="left" uuid="49a8457f-49cf-4c78-b446-8a5e59d0cd41">
   Заплети указательный
   <choice>
    <reg>
     палец
    </reg>
   </choice>
   <choice>
    <reg>
     с
    </reg>
   </choice>
   <choice>
    <reg>
     средним
    </reg>
   </choice>
   и заплетёнными пальцами потрогивай
   <choice>
    <reg>
     маленький
    </reg>
   </choice>
   <choice>
    <reg>
     шарик
    </reg>
   </choice>
   <choice>
    <reg>
     так
    </reg>
   </choice>
   , чтобы
   <choice>
    <reg>
     он
    </reg>
   </choice>
   катался промежь
   <choice>
    <reg>
     обоих
    </reg>
   </choice>
   <choice>
    <reg>
     пальцев
    </reg>
   </choice>
   , а
   <choice>
    <reg>
     сам
    </reg>
   </choice>
   закрой глаза.
   <choice>
    <reg>
     Тебе
    </reg>
   </choice>
   покажется, что два шарика. Открой глаза, — увидишь, что
   <choice>
    <reg>
     один
    </reg>
   </choice>
   <choice>
    <reg>
     шарик
    </reg>
   </choice>
   . Пальцы обманули, а глаза поправили.
  </p>
  <p rend="left" uuid="4d3c4c66-a34e-4f40-b171-cbf81758955e">
   Погляди (всего лучше сбоку) на хорошее, чистое зеркало;
   <choice>
    <reg>
     тебе
    </reg>
   </choice>
   покажется, что это окно или дверь, и что
   <choice>
    <reg>
     там
    </reg>
   </choice>
   сзади что-то есть Ощупай
   <choice>
    <reg>
     пальцем
    </reg>
   </choice>
   , — увидишь что это зеркало. Глаза обманули, а пальцы поправили.
  </p>
  <p rend="left emptyline" uuid="f5043ac6-3496-4718-b09b-8117f8a3934c">
   <pb n="274"/>
  </p>
  <p rend="centerline" uuid="aae17f3c-6753-4f1e-8712-8e93cefb3567">
   — 72 —
  </p>
 </div>
</TEI>