<?xml version="1.0" encoding="utf-8"?>
<TEI xmlns="http://www.tei-c.org/ns/1.0" xmlns:xi="http://www.w3.org/2001/XInclude">
 <teiHeader>
  <fileDesc>
   <titleStmt>
    <title>
     Азбука. Книга I
    </title>
    <author>
     Толстой Л.Н.
    </author>
    <respStmt>
     <resp>
      подготовка TEI/XML
     </resp>
     <name>
      Мария Картышева, Евгений Можаев, Даниил Скоринкин, Елена Сидорова, Вероника Файнберг, Кирилл Милинцевич
     </name>
    </respStmt>
    <respStmt>
     <name>
      Анастасия Бонч-Осмоловская, Фёкла Толстая, Борис Орехов
     </name>
     <resp>
      Идея, постановка задач, руководство
     </resp>
    </respStmt>
   </titleStmt>
   <publicationStmt>
    <idno>
     Азбука  | Книга I
    </idno>
    <publisher>
     <orgName>
      Школа лингвистики НИУ ВШЭ
     </orgName>
    </publisher>
    <availability>
     <p>
      Тексты и метатекстовая разметка доступны для свободного использования и распространения по лицензии Creative Commons Attribution Share-Alike (cc by-sa)
     </p>
    </availability>
   </publicationStmt>
   <sourceDesc>
    <biblStruct>
     <analytic>
      <author>
       Толстой Л.Н.
      </author>
      <title level="a">
       Азбука. Книга I
      </title>
     </analytic>
     <monogr>
      <title level="m">
       Полное собрание сочинений. Том 22
      </title>
      <imprint>
       <pubPlace>
        Москва
       </pubPlace>
       <publisher>
        Государственное издательство "Художественная литература"
       </publisher>
       <date when="1871-1872"/>
      </imprint>
     </monogr>
     <series>
      <title level="s">
       Л.Н. Толстой. Полное собрание сочинений
      </title>
      <biblScope unit="vol">
       22
      </biblScope>
     </series>
    </biblStruct>
   </sourceDesc>
  </fileDesc>
  <encodingDesc>
   <classDecl>
    <xi:include href="taxonomy.xml"/>
   </classDecl>
  </encodingDesc>
  <profileDesc>
   <creation>
    <date notAfter="1872" notBefore="1871">
     1871-1872
    </date>
    <rs/>
   </creation>
   <textClass>
    <catRef target="#fiction" type="sphere"/>
    <catRef target="#произведения для детей" type="type"/>
    <catRef target="#works" type="works_letters_diaries"/>
    <catRef target="#азбука" type="ninetyDef"/>
    <catRef target="#Основное" type="main_var"/>
    <catRef target="#азбука" type="type_short"/>
    <catRef target="None" type="translation"/>
    <catRef target="None" type="translation_origin"/>
    <catRef target="#да" type="tolstoy_or_not"/>
    <catRef target="None" type="name_status"/>
   </textClass>
   <preparedness>
    finished
   </preparedness>
   <settingDesc>
    <time>
     XIX век
    </time>
   </settingDesc>
  </profileDesc>
  <xenoData>
   <cyclusName/>
   <p>
    Проект
    <title>
     Толстой.Digital
    </title>
    разрабатывается сотрудниками и студентами
    <orgName>
     Высшей школы экономики
    </orgName>
    в сотрудничестве с
    <orgName>
     Государственным музеем Л.Н. Толстого
    </orgName>
    . Источник текстов –
    <bibl>
     90-томное собрание сочинений Л.Н.Толстого
    </bibl>
    . Разметка основана на стандарте
    <ref target="http://www.tei-c.org">
     TEI (Text Encoding Initiative)
    </ref>
    .
   </p>
   <versionNumber/>
   <isFinished/>
   <isEdited/>
   <fullBibliographicDescription/>
  </xenoData>
 </teiHeader>
 <p rend="left emptyline">
  <pb n="96"/>
 </p>
 <div type="section" xml:id="ref43">
  <head rend="Azbuka left">
   <hi rend="strong">
    !
    <choice>
     <reg>
      Мышь-девочка
     </reg>
    </choice>
    .
   </hi>
  </head>
  <p rend="Azbuka left" uuid="f9f8a4e3-8fd5-4330-9e4f-9353c5686f21">
   <choice>
    <reg>
     Один
    </reg>
   </choice>
   <choice>
    <reg>
     человек
    </reg>
   </choice>
   <choice>
    <reg>
     шёл
    </reg>
   </choice>
   подл
   <hi rend="big">
    ѣ
   </hi>
   <choice>
    <reg>
     реки
    </reg>
   </choice>
   и
   <choice>
    <reg>
     увидал
    </reg>
   </choice>
   , что
   <choice>
    <reg>
     ворон
    </reg>
   </choice>
   <choice>
    <reg>
     несёт
    </reg>
   </choice>
   мышь.
   <choice>
    <reg>
     Он
    </reg>
   </choice>
   <choice>
    <reg>
     бросил
    </reg>
   </choice>
   <choice>
    <reg>
     в
    </reg>
   </choice>
   него
   <choice>
    <reg>
     камнем
    </reg>
   </choice>
   , и
   <choice>
    <reg>
     ворон
    </reg>
   </choice>
   <choice>
    <reg>
     выпустил
    </reg>
   </choice>
   мышь; мышь упала
   <choice>
    <reg>
     в
    </reg>
   </choice>
   воду. Челов
   <hi rend="big">
    ѣ
   </hi>
   <choice>
    <reg>
     к
    </reg>
   </choice>
   <choice>
    <reg>
     достал
    </reg>
   </choice>
   её
   <choice>
    <reg>
     из
    </reg>
   </choice>
   воды и
   <choice>
    <reg>
     принёс
    </reg>
   </choice>
   домой. У него не было д
   <hi rend="big">
    ѣ
   </hi>
   тей, и
   <choice>
    <reg>
     он
    </reg>
   </choice>
   <choice>
    <reg>
     сказал
    </reg>
   </choice>
   :
   <choice>
    <reg>
     „ах
    </reg>
   </choice>
   <hi rend="big">
    !
   </hi>
   <choice>
    <reg>
     еслиб
    </reg>
   </choice>
   эта мышь сд
   <hi rend="big">
    ѣ
   </hi>
   лалась д
   <hi rend="big">
    ѣ
   </hi>
   вочкой
   <hi rend="big">
    !
   </hi>
   “ И мышь сд
   <hi rend="big">
    ѣ
   </hi>
   лалась д
   <hi rend="big">
    ѣ
   </hi>
   вочкой. Когда д
   <hi rend="big">
    ѣ
   </hi>
   вочка выросла, челов
   <hi rend="big">
    ѣ
   </hi>
   <choice>
    <reg>
     к
    </reg>
   </choice>
   <choice>
    <reg>
     спросил
    </reg>
   </choice>
   её: „за кого ты хочешь
   <choice>
    <reg>
     замуж
    </reg>
   </choice>
   ?“
   <choice>
    <reg>
     Девочка
    </reg>
   </choice>
   сказала: „хочу выйти за того, кто сильн
   <hi rend="big">
    ѣ
   </hi>
   е
   <choice>
    <reg>
     всех
    </reg>
   </choice>
   на
   <choice>
    <reg>
     свете“
    </reg>
   </choice>
   .
   <choice>
    <reg>
     Человек
    </reg>
   </choice>
   <choice>
    <reg>
     пошёл
    </reg>
   </choice>
   <choice>
    <reg>
     к
    </reg>
   </choice>
   солнцу и
   <choice>
    <reg>
     сказал
    </reg>
   </choice>
   : „солнце
   <hi rend="big">
    !
   </hi>
   моя д
   <hi rend="big">
    ѣ
   </hi>
   вочка
   <choice>
    <reg>
     хочет
    </reg>
   </choice>
   выйти
   <choice>
    <reg>
     замуж
    </reg>
   </choice>
   за того, кто
   <choice>
    <reg>
     сильнее
    </reg>
   </choice>
   <choice>
    <reg>
     всех
    </reg>
   </choice>
   на св
   <hi rend="big">
    ѣ
   </hi>
   <choice>
    <reg>
     те
    </reg>
   </choice>
   . Ты
   <choice>
    <reg>
     сильнее
    </reg>
   </choice>
   <choice>
    <reg>
     всех
    </reg>
   </choice>
   ; женись на моей д
   <hi rend="big">
    ѣ
   </hi>
   <choice>
    <reg>
     вочке“
    </reg>
   </choice>
   . Солнце сказало: „я не
   <choice>
    <reg>
     сильнее
    </reg>
   </choice>
   <choice>
    <reg>
     всех
    </reg>
   </choice>
   : тучи
   <choice>
    <reg>
     заслоняют
    </reg>
   </choice>
   меня.“
  </p>
  <p rend="Azbuka left" uuid="f54381cf-cf13-4871-b1af-d01b521bd1d4">
   Челов
   <hi rend="big">
    ѣ
   </hi>
   <choice>
    <reg>
     к
    </reg>
   </choice>
   <choice>
    <reg>
     пошёл
    </reg>
   </choice>
   <choice>
    <reg>
     к
    </reg>
   </choice>
   <choice>
    <reg>
     тучам
    </reg>
   </choice>
   и
   <choice>
    <reg>
     сказал
    </reg>
   </choice>
   : „тучи
   <hi rend="big">
    !
   </hi>
   вы
   <choice>
    <reg>
     сильнее
    </reg>
   </choice>
   <choice>
    <reg>
     всех
    </reg>
   </choice>
   , женитесь на моей д
   <hi rend="big">
    ѣ
   </hi>
   <choice>
    <reg>
     вочке“
    </reg>
   </choice>
   . Тучи сказали: „н
   <hi rend="big">
    ѣ
   </hi>
   <choice>
    <reg>
     т
    </reg>
   </choice>
   , мы не
   <choice>
    <reg>
     сильнее
    </reg>
   </choice>
   <choice>
    <reg>
     всех
    </reg>
   </choice>
   : в
   <hi rend="big">
    ѣ
   </hi>
   <choice>
    <reg>
     тер
    </reg>
   </choice>
   <choice>
    <reg>
     гоняет
    </reg>
   </choice>
   насъ“.
  </p>
  <p rend="Azbuka left" uuid="37a253fe-5490-4582-9534-b7617b56472e">
   Челов
   <hi rend="big">
    ѣ
   </hi>
   <choice>
    <reg>
     к
    </reg>
   </choice>
   <choice>
    <reg>
     пошёл
    </reg>
   </choice>
   <choice>
    <reg>
     к
    </reg>
   </choice>
   в
   <hi rend="big">
    ѣ
   </hi>
   тру и
   <choice>
    <reg>
     сказал
    </reg>
   </choice>
   :
  </p>
  <p rend="left emptyline" uuid="d94606be-329e-4085-95e1-50d8b0a98631">
   <pb n="97"/>
  </p>
  <p rend="centerline" uuid="a60e258c-1e4d-4cac-b685-9695728a062b">
   — 87 —
  </p>
  <p rend="Azbuka left" uuid="8f63dd36-4fca-4c70-ace9-b49bb1665bae">
   „в
   <hi rend="big">
    ѣ
   </hi>
   <choice>
    <reg>
     тер
    </reg>
   </choice>
   <hi rend="big">
    !
   </hi>
   ты
   <choice>
    <reg>
     сильнее
    </reg>
   </choice>
   <choice>
    <reg>
     всех
    </reg>
   </choice>
   ; женись на моей д
   <hi rend="big">
    ѣ
   </hi>
   <choice>
    <reg>
     вочке“
    </reg>
   </choice>
   . В
   <hi rend="big">
    ѣ
   </hi>
   <choice>
    <reg>
     тер
    </reg>
   </choice>
   <choice>
    <reg>
     сказал
    </reg>
   </choice>
   : „я не
   <choice>
    <reg>
     сильнее
    </reg>
   </choice>
   <choice>
    <reg>
     всех
    </reg>
   </choice>
   : горы останавливают меня“.
  </p>
  <p rend="Azbuka left" uuid="ca9f2ec4-ef0d-4dad-985f-2888435ed8c9">
   Челов
   <hi rend="big">
    ѣ
   </hi>
   <choice>
    <reg>
     к
    </reg>
   </choice>
   <choice>
    <reg>
     пошёл
    </reg>
   </choice>
   <choice>
    <reg>
     к
    </reg>
   </choice>
   <choice>
    <reg>
     горам
    </reg>
   </choice>
   и
   <choice>
    <reg>
     сказал
    </reg>
   </choice>
   : „горы женитесь на моей д
   <hi rend="big">
    ѣ
   </hi>
   <choice>
    <reg>
     вочке
    </reg>
   </choice>
   : вы
   <choice>
    <reg>
     сильнее
    </reg>
   </choice>
   <choice>
    <reg>
     всехъ“
    </reg>
   </choice>
   . Горы сказали:
   <choice>
    <reg>
     „сильнее
    </reg>
   </choice>
   <choice>
    <reg>
     нас
    </reg>
   </choice>
   крыса: она
   <choice>
    <reg>
     грызёт
    </reg>
   </choice>
   насъ“.
  </p>
  <p rend="Azbuka left" uuid="e7b8454c-efd3-4ef9-8d61-9aad50c62c85">
   Тогда челов
   <hi rend="big">
    ѣ
   </hi>
   <choice>
    <reg>
     к
    </reg>
   </choice>
   <choice>
    <reg>
     пошёл
    </reg>
   </choice>
   <choice>
    <reg>
     к
    </reg>
   </choice>
   <choice>
    <reg>
     крысе
    </reg>
   </choice>
   и
   <choice>
    <reg>
     сказал
    </reg>
   </choice>
   : „крыса
   <hi rend="big">
    !
   </hi>
   ты
   <choice>
    <reg>
     сильнее
    </reg>
   </choice>
   <choice>
    <reg>
     всех
    </reg>
   </choice>
   ; женись на моей д
   <hi rend="big">
    ѣ
   </hi>
   <choice>
    <reg>
     вочке“
    </reg>
   </choice>
   . Крыса согласилась. Челов
   <hi rend="big">
    ѣ
   </hi>
   <choice>
    <reg>
     к
    </reg>
   </choice>
   вернулся
   <choice>
    <reg>
     к
    </reg>
   </choice>
   д
   <hi rend="big">
    ѣ
   </hi>
   <choice>
    <reg>
     вочке
    </reg>
   </choice>
   и
   <choice>
    <reg>
     сказал
    </reg>
   </choice>
   : „крыса
   <choice>
    <reg>
     сильнее
    </reg>
   </choice>
   <choice>
    <reg>
     всех
    </reg>
   </choice>
   : она
   <choice>
    <reg>
     грызёт
    </reg>
   </choice>
   горы, горы
   <choice>
    <reg>
     останавливают
    </reg>
   </choice>
   в
   <hi rend="big">
    ѣ
   </hi>
   <choice>
    <reg>
     тер
    </reg>
   </choice>
   , в
   <hi rend="big">
    ѣ
   </hi>
   <choice>
    <reg>
     тер
    </reg>
   </choice>
   <choice>
    <reg>
     гонит
    </reg>
   </choice>
   тучи, а тучи
   <choice>
    <reg>
     заслоняют
    </reg>
   </choice>
   солнце, и крыса
   <choice>
    <reg>
     хочет
    </reg>
   </choice>
   жениться на
   <choice>
    <reg>
     тебе“
    </reg>
   </choice>
   . Но д
   <hi rend="big">
    ѣ
   </hi>
   вочка сказала:
   <choice>
    <reg>
     „Ах
    </reg>
   </choice>
   <hi rend="big">
    !
   </hi>
   что
   <choice>
    <reg>
     мне
    </reg>
   </choice>
   теперь
   <choice>
    <reg>
     делать
    </reg>
   </choice>
   <hi rend="big">
    !
   </hi>
   <choice>
    <reg>
     как
    </reg>
   </choice>
   же я выйду
   <choice>
    <reg>
     замуж
    </reg>
   </choice>
   за крысу?“ Тогда челов
   <hi rend="big">
    ѣ
   </hi>
   <choice>
    <reg>
     к
    </reg>
   </choice>
   <choice>
    <reg>
     сказал
    </reg>
   </choice>
   :
   <choice>
    <reg>
     „ах
    </reg>
   </choice>
   <hi rend="big">
    !
   </hi>
   <choice>
    <reg>
     если-б
    </reg>
   </choice>
   моя д
   <hi rend="big">
    ѣ
   </hi>
   вочка сд
   <hi rend="big">
    ѣ
   </hi>
   лалась опять мышью
   <hi rend="big">
    !
   </hi>
   “
  </p>
  <p rend="Azbuka left" uuid="a0ef32f3-f836-427d-9d6d-ce5f25e8010e">
   И
   <choice>
    <reg>
     из
    </reg>
   </choice>
   д
   <hi rend="big">
    ѣ
   </hi>
   вочки сд
   <hi rend="big">
    ѣ
   </hi>
   лалась мышь, и мышь вышла
   <choice>
    <reg>
     замуж
    </reg>
   </choice>
   за крысу.
  </p>
  <p rend="left emptyline" uuid="241fd143-21f2-41e1-b292-060970d1f738">
   <pb n="98"/>
  </p>
  <p rend="centerline" uuid="5db35cbf-822b-4f1b-981a-2ebaed4e4918">
   — 88 —
  </p>
 </div>
</TEI>