<?xml version="1.0" encoding="utf-8"?>
<TEI xmlns="http://www.tei-c.org/ns/1.0" xmlns:xi="http://www.w3.org/2001/XInclude">
 <teiHeader>
  <fileDesc>
   <titleStmt>
    <title>
     Азбука. Книга I
    </title>
    <author>
     Толстой Л.Н.
    </author>
    <respStmt>
     <resp>
      подготовка TEI/XML
     </resp>
     <name>
      Мария Картышева, Евгений Можаев, Даниил Скоринкин, Елена Сидорова, Вероника Файнберг, Кирилл Милинцевич
     </name>
    </respStmt>
    <respStmt>
     <name>
      Анастасия Бонч-Осмоловская, Фёкла Толстая, Борис Орехов
     </name>
     <resp>
      Идея, постановка задач, руководство
     </resp>
    </respStmt>
   </titleStmt>
   <publicationStmt>
    <idno>
     Азбука  | Книга I
    </idno>
    <publisher>
     <orgName>
      Школа лингвистики НИУ ВШЭ
     </orgName>
    </publisher>
    <availability>
     <p>
      Тексты и метатекстовая разметка доступны для свободного использования и распространения по лицензии Creative Commons Attribution Share-Alike (cc by-sa)
     </p>
    </availability>
   </publicationStmt>
   <sourceDesc>
    <biblStruct>
     <analytic>
      <author>
       Толстой Л.Н.
      </author>
      <title level="a">
       Азбука. Книга I
      </title>
     </analytic>
     <monogr>
      <title level="m">
       Полное собрание сочинений. Том 22
      </title>
      <imprint>
       <pubPlace>
        Москва
       </pubPlace>
       <publisher>
        Государственное издательство "Художественная литература"
       </publisher>
       <date when="1871-1872"/>
      </imprint>
     </monogr>
     <series>
      <title level="s">
       Л.Н. Толстой. Полное собрание сочинений
      </title>
      <biblScope unit="vol">
       22
      </biblScope>
     </series>
    </biblStruct>
   </sourceDesc>
  </fileDesc>
  <encodingDesc>
   <classDecl>
    <xi:include href="taxonomy.xml"/>
   </classDecl>
  </encodingDesc>
  <profileDesc>
   <creation>
    <date notAfter="1872" notBefore="1871">
     1871-1872
    </date>
    <rs/>
   </creation>
   <textClass>
    <catRef target="#fiction" type="sphere"/>
    <catRef target="#произведения для детей" type="type"/>
    <catRef target="#works" type="works_letters_diaries"/>
    <catRef target="#азбука" type="ninetyDef"/>
    <catRef target="#Основное" type="main_var"/>
    <catRef target="#азбука" type="type_short"/>
    <catRef target="None" type="translation"/>
    <catRef target="None" type="translation_origin"/>
    <catRef target="#да" type="tolstoy_or_not"/>
    <catRef target="None" type="name_status"/>
   </textClass>
   <preparedness>
    finished
   </preparedness>
   <settingDesc>
    <time>
     XIX век
    </time>
   </settingDesc>
  </profileDesc>
  <xenoData>
   <cyclusName/>
   <p>
    Проект
    <title>
     Толстой.Digital
    </title>
    разрабатывается сотрудниками и студентами
    <orgName>
     Высшей школы экономики
    </orgName>
    в сотрудничестве с
    <orgName>
     Государственным музеем Л.Н. Толстого
    </orgName>
    . Источник текстов –
    <bibl>
     90-томное собрание сочинений Л.Н.Толстого
    </bibl>
    . Разметка основана на стандарте
    <ref target="http://www.tei-c.org">
     TEI (Text Encoding Initiative)
    </ref>
    .
   </p>
   <versionNumber/>
   <isFinished/>
   <isEdited/>
   <fullBibliographicDescription/>
  </xenoData>
 </teiHeader>
 <p rend="left emptyline">
  <pb n="407"/>
 </p>
 <div type="section" xml:id="ref190">
  <head rend="center">
   <hi rend="strong">
    БУЛЬКА И
    <choice>
     <reg>
      ВОЛК
     </reg>
    </choice>
    .
   </hi>
  </head>
  <p rend="left" uuid="eb3165c1-2230-4d79-abcc-e12ca80bb706">
   Когда я
   <choice>
    <reg>
     уезжал
    </reg>
   </choice>
   <choice>
    <reg>
     с
    </reg>
   </choice>
   Кавказа, тогда ещё
   <choice>
    <reg>
     там
    </reg>
   </choice>
   была война, и ночью опасно было
   <choice>
    <reg>
     ездить
    </reg>
   </choice>
   <choice>
    <reg>
     без
    </reg>
   </choice>
   конвоя.
  </p>
  <p rend="left" uuid="15dc1de8-3754-4d65-b109-4ba643d7d2b1">
   Я
   <choice>
    <reg>
     хотел
    </reg>
   </choice>
   <choice>
    <reg>
     выехать
    </reg>
   </choice>
   <choice>
    <reg>
     как
    </reg>
   </choice>
   можно раньше
   <choice>
    <reg>
     утром
    </reg>
   </choice>
   , и для этого не ложился спать.
  </p>
  <p rend="left" uuid="3f736834-e7e6-4ff1-8f5d-0f77c491e876">
   Мой
   <choice>
    <reg>
     приятель
    </reg>
   </choice>
   <choice>
    <reg>
     пришёл
    </reg>
   </choice>
   провожать меня, и мы
   <choice>
    <reg>
     сидели
    </reg>
   </choice>
   весь
   <choice>
    <reg>
     вечер
    </reg>
   </choice>
   и ночь на
   <choice>
    <reg>
     улице
    </reg>
   </choice>
   станицы
   <choice>
    <reg>
     перед
    </reg>
   </choice>
   моей хатой.
  </p>
  <p rend="left" uuid="f705a270-47c4-473c-aa11-2a4ebdea8402">
   Была
   <choice>
    <reg>
     месячная
    </reg>
   </choice>
   ночь
   <choice>
    <reg>
     с
    </reg>
   </choice>
   <choice>
    <reg>
     туманом
    </reg>
   </choice>
   , и было
   <choice>
    <reg>
     так
    </reg>
   </choice>
   <choice>
    <reg>
     светло
    </reg>
   </choice>
   , что читать можно, хотя
   <choice>
    <reg>
     месяца
    </reg>
   </choice>
   и не видно было.
  </p>
  <p rend="left" uuid="00516825-f1ce-4970-84ba-c64f2d67b719">
   <choice>
    <reg>
     В
    </reg>
   </choice>
   <choice>
    <reg>
     середине
    </reg>
   </choice>
   ночи мы
   <choice>
    <reg>
     вдруг
    </reg>
   </choice>
   услыхали, что
   <choice>
    <reg>
     через
    </reg>
   </choice>
   улицу на
   <choice>
    <reg>
     дворе
    </reg>
   </choice>
   <choice>
    <reg>
     пищит
    </reg>
   </choice>
   <choice>
    <reg>
     поросёнок
    </reg>
   </choice>
   .
   <choice>
    <reg>
     Один
    </reg>
   </choice>
   <choice>
    <reg>
     из
    </reg>
   </choice>
   <choice>
    <reg>
     нас
    </reg>
   </choice>
   <choice>
    <reg>
     закричал
    </reg>
   </choice>
   : «это
   <choice>
    <reg>
     волк
    </reg>
   </choice>
   <choice>
    <reg>
     душит
    </reg>
   </choice>
   поросёнка!»
  </p>
  <p rend="left" uuid="9b94fc3d-bd3d-4395-8747-ce4371a82151">
   Я
   <choice>
    <reg>
     побежал
    </reg>
   </choice>
   <choice>
    <reg>
     к
    </reg>
   </choice>
   <choice>
    <reg>
     себе
    </reg>
   </choice>
   <choice>
    <reg>
     в
    </reg>
   </choice>
   хату,
   <choice>
    <reg>
     схватил
    </reg>
   </choice>
   заряженное ружьё и
   <choice>
    <reg>
     выбежал
    </reg>
   </choice>
   на улицу.
   <choice>
    <reg>
     Все
    </reg>
   </choice>
   стояли у
   <choice>
    <reg>
     ворот
    </reg>
   </choice>
   того двора,
   <choice>
    <reg>
     где
    </reg>
   </choice>
   <choice>
    <reg>
     пищал
    </reg>
   </choice>
   <choice>
    <reg>
     поросёнок
    </reg>
   </choice>
   и кричали
   <choice>
    <reg>
     мне
    </reg>
   </choice>
  </p>
  <p rend="left emptyline" uuid="988337c2-879a-4f52-9ce0-f058489b44e4">
   <pb n="408"/>
  </p>
  <p rend="centerline" uuid="ac1c5ca0-0916-4eff-ad6c-9e0684e2f349">
   — 40 —
  </p>
  <p rend="left" uuid="dd36544a-dd62-4c58-8d1c-d4e0922c5f4f">
   «сюда!»
   <choice>
    <reg>
     Мильтон
    </reg>
   </choice>
   бросился за мной, —
   <choice>
    <reg>
     верно
    </reg>
   </choice>
   <choice>
    <reg>
     думал
    </reg>
   </choice>
   , что я на охоту иду
   <choice>
    <reg>
     с
    </reg>
   </choice>
   <choice>
    <reg>
     ружьем
    </reg>
   </choice>
   ; а Булька
   <choice>
    <reg>
     поднял
    </reg>
   </choice>
   свои
   <choice>
    <reg>
     короткия
    </reg>
   </choice>
   уши и метался
   <choice>
    <reg>
     из
    </reg>
   </choice>
   стороны
   <choice>
    <reg>
     в
    </reg>
   </choice>
   сторону,
   <choice>
    <reg>
     как
    </reg>
   </choice>
   будто
   <choice>
    <reg>
     спрашивал
    </reg>
   </choice>
   ,
   <choice>
    <reg>
     в
    </reg>
   </choice>
   кого ему
   <choice>
    <reg>
     велят
    </reg>
   </choice>
   <choice>
    <reg>
     вцепиться
    </reg>
   </choice>
   . Когда я
   <choice>
    <reg>
     подбежал
    </reg>
   </choice>
   <choice>
    <reg>
     к
    </reg>
   </choice>
   плетню, я
   <choice>
    <reg>
     увидал
    </reg>
   </choice>
   , что
   <choice>
    <reg>
     с
    </reg>
   </choice>
   той стороны двора прямо ко
   <choice>
    <reg>
     мне
    </reg>
   </choice>
   <choice>
    <reg>
     бежит
    </reg>
   </choice>
   <choice>
    <reg>
     зверь
    </reg>
   </choice>
   . Это
   <choice>
    <reg>
     был
    </reg>
   </choice>
   <choice>
    <reg>
     волк
    </reg>
   </choice>
   .
   <choice>
    <reg>
     Он
    </reg>
   </choice>
   <choice>
    <reg>
     подбежал
    </reg>
   </choice>
   <choice>
    <reg>
     к
    </reg>
   </choice>
   плетню и
   <choice>
    <reg>
     вскочил
    </reg>
   </choice>
   на него. Я отстранился
   <choice>
    <reg>
     от
    </reg>
   </choice>
   него и
   <choice>
    <reg>
     приготовил
    </reg>
   </choice>
   ружьё.
   <choice>
    <reg>
     Как
    </reg>
   </choice>
   только
   <choice>
    <reg>
     волк
    </reg>
   </choice>
   <choice>
    <reg>
     соскочил
    </reg>
   </choice>
   <choice>
    <reg>
     с
    </reg>
   </choice>
   плетня на мою сторону, я приложился почти
   <choice>
    <reg>
     в
    </reg>
   </choice>
   <choice>
    <reg>
     упор
    </reg>
   </choice>
   и
   <choice>
    <reg>
     спустил
    </reg>
   </choice>
   <choice>
    <reg>
     курок
    </reg>
   </choice>
   ; но ружьё
   <choice>
    <reg>
     сделало
    </reg>
   </choice>
   : «
   <choice>
    <reg>
     чик
    </reg>
   </choice>
   » и не
   <choice>
    <reg>
     выстрелило
    </reg>
   </choice>
   .
   <choice>
    <reg>
     Волк
    </reg>
   </choice>
   не остановился и
   <choice>
    <reg>
     побежал
    </reg>
   </choice>
   <choice>
    <reg>
     через
    </reg>
   </choice>
   улицу.
   <choice>
    <reg>
     Мильтон
    </reg>
   </choice>
   и Булька пустились за
   <choice>
    <reg>
     ним
    </reg>
   </choice>
   .
   <choice>
    <reg>
     Мильтон
    </reg>
   </choice>
   <choice>
    <reg>
     был
    </reg>
   </choice>
   близко
   <choice>
    <reg>
     от
    </reg>
   </choice>
   волка, но видно боялся схватить его; а Булька
   <choice>
    <reg>
     как
    </reg>
   </choice>
   ни торопился на
   <choice>
    <reg>
     своих
    </reg>
   </choice>
   <choice>
    <reg>
     коротких
    </reg>
   </choice>
   <choice>
    <reg>
     ногах
    </reg>
   </choice>
   — не
   <choice>
    <reg>
     мог
    </reg>
   </choice>
   <choice>
    <reg>
     поспеть
    </reg>
   </choice>
   . Мы
   <choice>
    <reg>
     бежали
    </reg>
   </choice>
   , чтó было силы, за
   <choice>
    <reg>
     волком
    </reg>
   </choice>
   , но и
   <choice>
    <reg>
     волк
    </reg>
   </choice>
   и собаки
   <choice>
    <reg>
     скрылис
    </reg>
   </choice>
   у
   <choice>
    <reg>
     нас
    </reg>
   </choice>
   <choice>
    <reg>
     из
    </reg>
   </choice>
   виду. Только у канавы на углу станицы мы услыхали подлаиванье,
   <choice>
    <reg>
     визг
    </reg>
   </choice>
   и
   <choice>
    <reg>
     видели
    </reg>
   </choice>
   сквозь
   <choice>
    <reg>
     месячный
    </reg>
   </choice>
   <choice>
    <reg>
     туман
    </reg>
   </choice>
   , что поднялась пыль и что собаки возились
   <choice>
    <reg>
     с
    </reg>
   </choice>
   <choice>
    <reg>
     волком
    </reg>
   </choice>
   . Когда мы
   <choice>
    <reg>
     прибежали
    </reg>
   </choice>
   <choice>
    <reg>
     к
    </reg>
   </choice>
   <choice>
    <reg>
     канаве
    </reg>
   </choice>
   , волка уже не было, и
   <choice>
    <reg>
     обе
    </reg>
   </choice>
   собаки вернулись
   <choice>
    <reg>
     к
    </reg>
   </choice>
   <choice>
    <reg>
     нам
    </reg>
   </choice>
   <choice>
    <reg>
     с
    </reg>
   </choice>
   поднятыми хвостами и
   <choice>
    <reg>
     рассерженными
    </reg>
   </choice>
   лицами. Булька
   <choice>
    <reg>
     рычал
    </reg>
   </choice>
   и
   <choice>
    <reg>
     толкал
    </reg>
   </choice>
   меня головой, —
   <choice>
    <reg>
     он
    </reg>
   </choice>
   видно
   <choice>
    <reg>
     хотел
    </reg>
   </choice>
   что-то
   <choice>
    <reg>
     рассказать
    </reg>
   </choice>
   , но не
   <choice>
    <reg>
     умел
    </reg>
   </choice>
   .
  </p>
  <p rend="left" uuid="4b2565a1-554c-439b-b8f9-e51257b63b92">
   Мы
   <choice>
    <reg>
     осмотрели
    </reg>
   </choice>
   <choice>
    <reg>
     собак
    </reg>
   </choice>
   и нашли, что у Бульки на
   <choice>
    <reg>
     голове
    </reg>
   </choice>
   была маленькая рана
   <choice>
    <reg>
     Он
    </reg>
   </choice>
   видно
   <choice>
    <reg>
     догнал
    </reg>
   </choice>
   волка
   <choice>
    <reg>
     перед
    </reg>
   </choice>
   канавой, но не
   <choice>
    <reg>
     успел
    </reg>
   </choice>
   захватить, и
   <choice>
    <reg>
     волк
    </reg>
   </choice>
   огрызнулся и
   <choice>
    <reg>
     убежал
    </reg>
   </choice>
   . Рана была небольшая,
   <choice>
    <reg>
     так
    </reg>
   </choice>
   что ничего
   <choice>
    <reg>
     опасного
    </reg>
   </choice>
   не было.
  </p>
  <p rend="left" uuid="9e709544-f605-4541-a7d4-684e222e294e">
   Мы вернулись
   <choice>
    <reg>
     назад
    </reg>
   </choice>
   <choice>
    <reg>
     к
    </reg>
   </choice>
   <choice>
    <reg>
     хате
    </reg>
   </choice>
   ,
   <choice>
    <reg>
     сидели
    </reg>
   </choice>
   и разговаривали
  </p>
  <p rend="left emptyline" uuid="d776dfbc-f694-41a0-ae45-f052f28e1aae">
   <pb n="409"/>
  </p>
  <p rend="centerline" uuid="a2d41da8-6e6b-4d39-bb21-0b86b5eea3bd">
   — 41 —
  </p>
  <p rend="notindent" uuid="2ad07a4d-7be8-473d-8f01-333fdb2223a4">
   о
   <choice>
    <reg>
     том
    </reg>
   </choice>
   , чтó случилось. Я
   <choice>
    <reg>
     досадовал
    </reg>
   </choice>
   на то, что ружьё моё
   <choice>
    <reg>
     осеклось
    </reg>
   </choice>
   и всё
   <choice>
    <reg>
     думал
    </reg>
   </choice>
   о
   <choice>
    <reg>
     том
    </reg>
   </choice>
   ,
   <choice>
    <reg>
     как
    </reg>
   </choice>
   бы
   <choice>
    <reg>
     тут
    </reg>
   </choice>
   же на
   <choice>
    <reg>
     месте
    </reg>
   </choice>
   остался
   <choice>
    <reg>
     волк
    </reg>
   </choice>
   ,
   <choice>
    <reg>
     еслиб
    </reg>
   </choice>
   оно
   <choice>
    <reg>
     выстрелило
    </reg>
   </choice>
   .
   <choice>
    <reg>
     Приятель
    </reg>
   </choice>
   мой удивлялся,
   <choice>
    <reg>
     как
    </reg>
   </choice>
   <choice>
    <reg>
     волк
    </reg>
   </choice>
   <choice>
    <reg>
     мог
    </reg>
   </choice>
   <choice>
    <reg>
     залезть
    </reg>
   </choice>
   на
   <choice>
    <reg>
     двор
    </reg>
   </choice>
   . Старый
   <choice>
    <reg>
     казак
    </reg>
   </choice>
   <choice>
    <reg>
     говорил
    </reg>
   </choice>
   , что
   <choice>
    <reg>
     тут
    </reg>
   </choice>
   <choice>
    <reg>
     нет
    </reg>
   </choice>
   ничего
   <choice>
    <reg>
     удивительного
    </reg>
   </choice>
   , что это
   <choice>
    <reg>
     был
    </reg>
   </choice>
   не
   <choice>
    <reg>
     волк
    </reg>
   </choice>
   , а что это была
   <choice>
    <reg>
     ведьма
    </reg>
   </choice>
   , и что она заколдовала моё ружьё.
   <choice>
    <reg>
     Так
    </reg>
   </choice>
   мы
   <choice>
    <reg>
     сидели
    </reg>
   </choice>
   и разговаривали.
   <choice>
    <reg>
     Вдруг
    </reg>
   </choice>
   собаки бросились, и мы увидали на
   <choice>
    <reg>
     середине
    </reg>
   </choice>
   улицы
   <choice>
    <reg>
     перед
    </reg>
   </choice>
   нами опять того же волка; но
   <choice>
    <reg>
     в
    </reg>
   </choice>
   <choice>
    <reg>
     этот
    </reg>
   </choice>
   <choice>
    <reg>
     раз
    </reg>
   </choice>
   <choice>
    <reg>
     он
    </reg>
   </choice>
   <choice>
    <reg>
     от
    </reg>
   </choice>
   нашего крика
   <choice>
    <reg>
     так
    </reg>
   </choice>
   скоро
   <choice>
    <reg>
     побежал
    </reg>
   </choice>
   , что собаки уже не догнали его.
  </p>
  <p rend="left" uuid="af8e0528-668c-4fa2-b9ed-a75bcc5dbaee">
   Старый
   <choice>
    <reg>
     казак
    </reg>
   </choice>
   <choice>
    <reg>
     после
    </reg>
   </choice>
   этого уже
   <choice>
    <reg>
     совсем
    </reg>
   </choice>
   <choice>
    <reg>
     уверился
    </reg>
   </choice>
   , что это
   <choice>
    <reg>
     был
    </reg>
   </choice>
   не
   <choice>
    <reg>
     волк
    </reg>
   </choice>
   , a
   <choice>
    <reg>
     ведьма
    </reg>
   </choice>
   ; а я
   <choice>
    <reg>
     подумал
    </reg>
   </choice>
   , что не
   <choice>
    <reg>
     бешеный
    </reg>
   </choice>
   ли это
   <choice>
    <reg>
     был
    </reg>
   </choice>
   <choice>
    <reg>
     волк
    </reg>
   </choice>
   , потому что я никогда не
   <choice>
    <reg>
     видывал
    </reg>
   </choice>
   и не
   <choice>
    <reg>
     слыхивал
    </reg>
   </choice>
   , чтобы
   <choice>
    <reg>
     волк
    </reg>
   </choice>
   <choice>
    <reg>
     после
    </reg>
   </choice>
   того,
   <choice>
    <reg>
     как
    </reg>
   </choice>
   его прогнали, вернулся опять на
   <choice>
    <reg>
     народ
    </reg>
   </choice>
   .
  </p>
  <p rend="left" uuid="e58ae1c0-7fd4-4721-b621-56a5b3852d69">
   На
   <choice>
    <reg>
     всякий
    </reg>
   </choice>
   случай я
   <choice>
    <reg>
     посыпал
    </reg>
   </choice>
   <choice>
    <reg>
     Бульке
    </reg>
   </choice>
   на рану пороху и
   <choice>
    <reg>
     зажёг
    </reg>
   </choice>
   его.
   <choice>
    <reg>
     Порох
    </reg>
   </choice>
   <choice>
    <reg>
     вспыхнул
    </reg>
   </choice>
   и
   <choice>
    <reg>
     выжег
    </reg>
   </choice>
   больное
   <choice>
    <reg>
     место
    </reg>
   </choice>
   .
  </p>
  <p rend="left" uuid="31ca7d53-cf17-4704-8e66-8607a2b02544">
   Я
   <choice>
    <reg>
     выжег
    </reg>
   </choice>
   <choice>
    <reg>
     порохом
    </reg>
   </choice>
   рану
   <choice>
    <reg>
     затем
    </reg>
   </choice>
   , чтобы выжечь
   <choice>
    <reg>
     бешеную
    </reg>
   </choice>
   слюню, если она еще не
   <choice>
    <reg>
     успела
    </reg>
   </choice>
   войти
   <choice>
    <reg>
     в
    </reg>
   </choice>
   кровь. Если же попала слюня и вошла уже
   <choice>
    <reg>
     в
    </reg>
   </choice>
   кровь, то я
   <choice>
    <reg>
     знал
    </reg>
   </choice>
   , что по крови она разойдётся по всему
   <choice>
    <reg>
     телу
    </reg>
   </choice>
   и тогда уже нельзя
   <choice>
    <reg>
     вылечить
    </reg>
   </choice>
   .
  </p>
 </div>
</TEI>