<?xml version="1.0" encoding="utf-8"?>
<TEI xmlns="http://www.tei-c.org/ns/1.0" xmlns:xi="http://www.w3.org/2001/XInclude">
 <teiHeader>
  <fileDesc>
   <titleStmt>
    <title>
     Азбука. Книга I
    </title>
    <author>
     Толстой Л.Н.
    </author>
    <respStmt>
     <resp>
      подготовка TEI/XML
     </resp>
     <name>
      Мария Картышева, Евгений Можаев, Даниил Скоринкин, Елена Сидорова, Вероника Файнберг, Кирилл Милинцевич
     </name>
    </respStmt>
    <respStmt>
     <name>
      Анастасия Бонч-Осмоловская, Фёкла Толстая, Борис Орехов
     </name>
     <resp>
      Идея, постановка задач, руководство
     </resp>
    </respStmt>
   </titleStmt>
   <publicationStmt>
    <idno>
     Азбука  | Книга I
    </idno>
    <publisher>
     <orgName>
      Школа лингвистики НИУ ВШЭ
     </orgName>
    </publisher>
    <availability>
     <p>
      Тексты и метатекстовая разметка доступны для свободного использования и распространения по лицензии Creative Commons Attribution Share-Alike (cc by-sa)
     </p>
    </availability>
   </publicationStmt>
   <sourceDesc>
    <biblStruct>
     <analytic>
      <author>
       Толстой Л.Н.
      </author>
      <title level="a">
       Азбука. Книга I
      </title>
     </analytic>
     <monogr>
      <title level="m">
       Полное собрание сочинений. Том 22
      </title>
      <imprint>
       <pubPlace>
        Москва
       </pubPlace>
       <publisher>
        Государственное издательство "Художественная литература"
       </publisher>
       <date when="1871-1872"/>
      </imprint>
     </monogr>
     <series>
      <title level="s">
       Л.Н. Толстой. Полное собрание сочинений
      </title>
      <biblScope unit="vol">
       22
      </biblScope>
     </series>
    </biblStruct>
   </sourceDesc>
  </fileDesc>
  <encodingDesc>
   <classDecl>
    <xi:include href="taxonomy.xml"/>
   </classDecl>
  </encodingDesc>
  <profileDesc>
   <creation>
    <date notAfter="1872" notBefore="1871">
     1871-1872
    </date>
    <rs/>
   </creation>
   <textClass>
    <catRef target="#fiction" type="sphere"/>
    <catRef target="#произведения для детей" type="type"/>
    <catRef target="#works" type="works_letters_diaries"/>
    <catRef target="#азбука" type="ninetyDef"/>
    <catRef target="#Основное" type="main_var"/>
    <catRef target="#азбука" type="type_short"/>
    <catRef target="None" type="translation"/>
    <catRef target="None" type="translation_origin"/>
    <catRef target="#да" type="tolstoy_or_not"/>
    <catRef target="None" type="name_status"/>
   </textClass>
   <preparedness>
    finished
   </preparedness>
   <settingDesc>
    <time>
     XIX век
    </time>
   </settingDesc>
  </profileDesc>
  <xenoData>
   <cyclusName/>
   <p>
    Проект
    <title>
     Толстой.Digital
    </title>
    разрабатывается сотрудниками и студентами
    <orgName>
     Высшей школы экономики
    </orgName>
    в сотрудничестве с
    <orgName>
     Государственным музеем Л.Н. Толстого
    </orgName>
    . Источник текстов –
    <bibl>
     90-томное собрание сочинений Л.Н.Толстого
    </bibl>
    . Разметка основана на стандарте
    <ref target="http://www.tei-c.org">
     TEI (Text Encoding Initiative)
    </ref>
    .
   </p>
   <versionNumber/>
   <isFinished/>
   <isEdited/>
   <fullBibliographicDescription/>
  </xenoData>
 </teiHeader>
 <p rend="left emptyline">
  <pb n="421"/>
 </p>
 <div type="section" xml:id="ref197">
  <head rend="center">
   <hi rend="strong">
    <choice>
     <reg>
      БОГ
     </reg>
    </choice>
    ПРАВДУ
    <choice>
     <reg>
      ВИДИТ
     </reg>
    </choice>
    , ДА НЕ СКОРО
    <choice>
     <reg>
      СКАЖЕТ
     </reg>
    </choice>
    .
   </hi>
  </head>
  <p rend="left" uuid="aeba32d7-5386-42e4-81b2-1b37e7bcf57e">
   <choice>
    <reg>
     В
    </reg>
   </choice>
   <choice>
    <reg>
     городе
    </reg>
   </choice>
   <choice>
    <reg>
     Владимире
    </reg>
   </choice>
   <choice>
    <reg>
     жил
    </reg>
   </choice>
   молодой
   <choice>
    <reg>
     купец
    </reg>
   </choice>
   <choice>
    <reg>
     Аксёнов
    </reg>
   </choice>
   . У него были
   <choice>
    <reg>
     две
    </reg>
   </choice>
   лавки и
   <choice>
    <reg>
     дом
    </reg>
   </choice>
   .
  </p>
  <p rend="left" uuid="f00a2182-dcc1-4ee0-9d98-b494f4774e25">
   <choice>
    <reg>
     Из
    </reg>
   </choice>
   себя
   <choice>
    <reg>
     Аксёнов
    </reg>
   </choice>
   <choice>
    <reg>
     был
    </reg>
   </choice>
   русый, кудрявый, красивый и первый
   <choice>
    <reg>
     весельчак
    </reg>
   </choice>
   и
   <choice>
    <reg>
     песенник
    </reg>
   </choice>
   .
   <choice>
    <reg>
     С
    </reg>
   </choice>
   молоду
   <choice>
    <reg>
     Аксёнов
    </reg>
   </choice>
   много
   <choice>
    <reg>
     пил
    </reg>
   </choice>
   и когда напивался —
   <choice>
    <reg>
     буянил
    </reg>
   </choice>
   , но
   <choice>
    <reg>
     с
    </reg>
   </choice>
   <choice>
    <reg>
     тех
    </reg>
   </choice>
   <choice>
    <reg>
     пор
    </reg>
   </choice>
   ,
   <choice>
    <reg>
     как
    </reg>
   </choice>
   женился,
   <choice>
    <reg>
     он
    </reg>
   </choice>
   <choice>
    <reg>
     бросил
    </reg>
   </choice>
   пить, и только
   <choice>
    <reg>
     изредка
    </reg>
   </choice>
   это случалось
   <choice>
    <reg>
     с
    </reg>
   </choice>
   <choice>
    <reg>
     ним
    </reg>
   </choice>
   .
  </p>
  <p rend="left" uuid="b57b735c-9158-43aa-b310-0aa2878bb0c1">
   <choice>
    <reg>
     Раз
    </reg>
   </choice>
   <choice>
    <reg>
     летом
    </reg>
   </choice>
   <choice>
    <reg>
     Аксёнов
    </reg>
   </choice>
   <choice>
    <reg>
     поехал
    </reg>
   </choice>
   <choice>
    <reg>
     в
    </reg>
   </choice>
   <choice>
    <reg>
     Нижний
    </reg>
   </choice>
   на ярмарку. Когда
   <choice>
    <reg>
     он
    </reg>
   </choice>
   <choice>
    <reg>
     стал
    </reg>
   </choice>
   прощаться
   <choice>
    <reg>
     с
    </reg>
   </choice>
   семьёй, жена сказала ему:
  </p>
  <p rend="left emptyline" uuid="d7a9a961-46c9-4f92-a106-4b3fe3fa7854">
   <pb n="422"/>
  </p>
  <p rend="centerline" uuid="3a4d3e22-f3f7-4d92-816a-c49c062e2841">
   — 54 —
  </p>
  <p rend="left" uuid="d5cdb603-068f-43d1-b712-79752a7a51e6">
   —
   <choice>
    <reg>
     Иван
    </reg>
   </choice>
   Дмитриевичу не
   <choice>
    <reg>
     езди
    </reg>
   </choice>
   ты нынче, я про тебя дурно во
   <choice>
    <reg>
     сне
    </reg>
   </choice>
   <choice>
    <reg>
     видела
    </reg>
   </choice>
   .
  </p>
  <p rend="left" uuid="357fefc1-5e05-42a3-8ed5-f80b4978f1a6">
   <choice>
    <reg>
     Аксёнов
    </reg>
   </choice>
   <choice>
    <reg>
     посмеялся
    </reg>
   </choice>
   и
   <choice>
    <reg>
     сказал
    </reg>
   </choice>
   :
  </p>
  <p rend="left" uuid="5302cce0-385a-4432-9527-7183d55bf5e3">
   — Ты всё боишься,
   <choice>
    <reg>
     как бы
    </reg>
   </choice>
   не
   <choice>
    <reg>
     загулял
    </reg>
   </choice>
   я на
   <choice>
    <reg>
     ярмарке
    </reg>
   </choice>
   ?
  </p>
  <p rend="left" uuid="a1f1bbf7-f18e-44d2-87f6-f193f0d1ee4e">
   Жена сказала:
  </p>
  <p rend="left" uuid="48137e87-2bdd-40ad-be6a-012870bcc446">
   — Не знаю сама, чего боюсь, а
   <choice>
    <reg>
     так
    </reg>
   </choice>
   дурно в
   <choice>
    <reg>
     дела
    </reg>
   </choice>
   , —
   <choice>
    <reg>
     видела
    </reg>
   </choice>
   , будто ты приходишь
   <choice>
    <reg>
     из
    </reg>
   </choice>
   города,
   <choice>
    <reg>
     снял
    </reg>
   </choice>
   шапку, а я гляжу: голова у тебя вся
   <choice>
    <reg>
     седая
    </reg>
   </choice>
   .
  </p>
  <p rend="left" uuid="dae68743-2af2-4b4e-9975-0a863f8aa71b">
   <choice>
    <reg>
     Аксёнов
    </reg>
   </choice>
   <choice>
    <reg>
     засмеялся
    </reg>
   </choice>
   .
  </p>
  <p rend="left" uuid="f4fb3575-b411-4832-8cd0-364e5599c316">
   — Ну, это
   <choice>
    <reg>
     к
    </reg>
   </choice>
   прибыли. Смотри, —
   <choice>
    <reg>
     как
    </reg>
   </choice>
   расторгуюсь,
   <choice>
    <reg>
     дорогих
    </reg>
   </choice>
   <choice>
    <reg>
     гостинцев
    </reg>
   </choice>
   привезу.
  </p>
  <p rend="left" uuid="a4522baa-5009-4dd5-a6d0-c9936a62630c">
   И
   <choice>
    <reg>
     он
    </reg>
   </choice>
   простился
   <choice>
    <reg>
     с
    </reg>
   </choice>
   семьёй и
   <choice>
    <reg>
     уехал
    </reg>
   </choice>
   .
  </p>
  <p rend="left" uuid="365444c1-4ab8-4e8e-b639-8cf3ac912e5b">
   На
   <choice>
    <reg>
     половине
    </reg>
   </choice>
   дороги
   <choice>
    <reg>
     съехался
    </reg>
   </choice>
   <choice>
    <reg>
     он
    </reg>
   </choice>
   <choice>
    <reg>
     с
    </reg>
   </choice>
   <choice>
    <reg>
     знакомым
    </reg>
   </choice>
   <choice>
    <reg>
     купцом
    </reg>
   </choice>
   и
   <choice>
    <reg>
     с
    </reg>
   </choice>
   <choice>
    <reg>
     ним
    </reg>
   </choice>
   <choice>
    <reg>
     вместе
    </reg>
   </choice>
   остановился ночевать. Они напились чаю
   <choice>
    <reg>
     вместе
    </reg>
   </choice>
   и легли спать
   <choice>
    <reg>
     в
    </reg>
   </choice>
   <choice>
    <reg>
     двух
    </reg>
   </choice>
   <choice>
    <reg>
     комнатах
    </reg>
   </choice>
   <choice>
    <reg>
     рядом
    </reg>
   </choice>
   .
   <choice>
    <reg>
     Аксёнов
    </reg>
   </choice>
   не
   <choice>
    <reg>
     любил
    </reg>
   </choice>
   долго спать,
   <choice>
    <reg>
     он
    </reg>
   </choice>
   проснулся среди ночи и, чтобы легче
   <choice>
    <reg>
     холодком
    </reg>
   </choice>
   было
   <choice>
    <reg>
     ехать
    </reg>
   </choice>
   ,
   <choice>
    <reg>
     взбудил
    </reg>
   </choice>
   ямщика и
   <choice>
    <reg>
     велел
    </reg>
   </choice>
   запрягать.
   <choice>
    <reg>
     Потом
    </reg>
   </choice>
   <choice>
    <reg>
     вышел
    </reg>
   </choice>
   <choice>
    <reg>
     в
    </reg>
   </choice>
   чёрную избу, расчёлся
   <choice>
    <reg>
     с
    </reg>
   </choice>
   <choice>
    <reg>
     хозяином
    </reg>
   </choice>
   и
   <choice>
    <reg>
     уехал
    </reg>
   </choice>
   .
  </p>
  <p rend="left" uuid="a97f6076-3634-43fb-9d04-3dd0799ea33d">
   <choice>
    <reg>
     Отъехавши
    </reg>
   </choice>
   <choice>
    <reg>
     вёрст
    </reg>
   </choice>
   <choice>
    <reg>
     сорок
    </reg>
   </choice>
   ,
   <choice>
    <reg>
     он
    </reg>
   </choice>
   опять остановился кормить,
   <choice>
    <reg>
     отдохнул
    </reg>
   </choice>
   <choice>
    <reg>
     в
    </reg>
   </choice>
   <choice>
    <reg>
     сенях
    </reg>
   </choice>
   на
   <choice>
    <reg>
     постоялом
    </reg>
   </choice>
   <choice>
    <reg>
     дворе
    </reg>
   </choice>
   , и
   <choice>
    <reg>
     в
    </reg>
   </choice>
   <choice>
    <reg>
     обед
    </reg>
   </choice>
   <choice>
    <reg>
     вышел
    </reg>
   </choice>
   на крыльцо и
   <choice>
    <reg>
     велел
    </reg>
   </choice>
   поставить
   <choice>
    <reg>
     самовар
    </reg>
   </choice>
   ,
   <choice>
    <reg>
     достал
    </reg>
   </choice>
   гитару и
   <choice>
    <reg>
     стал
    </reg>
   </choice>
   играть.
   <choice>
    <reg>
     Вдруг
    </reg>
   </choice>
   ко двору
   <choice>
    <reg>
     подъезжает
    </reg>
   </choice>
   тройка
   <choice>
    <reg>
     с
    </reg>
   </choice>
   <choice>
    <reg>
     колокольчиком
    </reg>
   </choice>
   , и
   <choice>
    <reg>
     из
    </reg>
   </choice>
   повозки
   <choice>
    <reg>
     выходит
    </reg>
   </choice>
   <choice>
    <reg>
     чиновник
    </reg>
   </choice>
   ,
   <choice>
    <reg>
     с
    </reg>
   </choice>
   двумя солдатами,
   <choice>
    <reg>
     подходит
    </reg>
   </choice>
   <choice>
    <reg>
     к
    </reg>
   </choice>
   Аксёнову и
   <choice>
    <reg>
     спрашивает
    </reg>
   </choice>
   : кто? откуда?
   <choice>
    <reg>
     Аксёнов
    </reg>
   </choice>
   всё
   <choice>
    <reg>
     рассказывает
    </reg>
   </choice>
   ,
   <choice>
    <reg>
     как
    </reg>
   </choice>
   есть, и
   <choice>
    <reg>
     просит
    </reg>
   </choice>
   : не угодно ли чайку
   <choice>
    <reg>
     вместе
    </reg>
   </choice>
   выпить? Только
   <choice>
    <reg>
     чиновник
    </reg>
   </choice>
   всё
   <choice>
    <reg>
     пристает
    </reg>
   </choice>
   <choice>
    <reg>
     с
    </reg>
   </choice>
   распросами: «
   <choice>
    <reg>
     Где
    </reg>
   </choice>
   <choice>
    <reg>
     ночевал
    </reg>
   </choice>
  </p>
  <p rend="left emptyline" uuid="00ca14ba-58bc-47d3-9c0d-b58a8c1432fc">
   <pb n="423"/>
  </p>
  <p rend="centerline" uuid="8dc876a2-19d2-458d-a722-5193cd71f97b">
   — 55 —
  </p>
  <p rend="notindent" uuid="78574f6f-0d9c-413b-905a-ca9d44b7862c">
   прошлую ночь?
   <choice>
    <reg>
     Один
    </reg>
   </choice>
   или
   <choice>
    <reg>
     с
    </reg>
   </choice>
   <choice>
    <reg>
     купцом
    </reg>
   </choice>
   ?
   <choice>
    <reg>
     Видел
    </reg>
   </choice>
   ли купца по утру?
   <choice>
    <reg>
     Зачем
    </reg>
   </choice>
   рано
   <choice>
    <reg>
     уехал
    </reg>
   </choice>
   со двора?» —
   <choice>
    <reg>
     Аксёнов
    </reg>
   </choice>
   удивился,
   <choice>
    <reg>
     зачем
    </reg>
   </choice>
   его обо
   <choice>
    <reg>
     всём
    </reg>
   </choice>
   <choice>
    <reg>
     спрашивают
    </reg>
   </choice>
   , всё
   <choice>
    <reg>
     рассказал
    </reg>
   </choice>
   ,
   <choice>
    <reg>
     как
    </reg>
   </choice>
   было, да и
   <choice>
    <reg>
     говорит
    </reg>
   </choice>
   : «
   <choice>
    <reg>
     Что-ж
    </reg>
   </choice>
   вы меня
   <choice>
    <reg>
     так
    </reg>
   </choice>
   выспрашиваете? Я ни
   <choice>
    <reg>
     вор
    </reg>
   </choice>
   , ни
   <choice>
    <reg>
     разбойник
    </reg>
   </choice>
   какой-нибудь.
   <choice>
    <reg>
     Еду
    </reg>
   </choice>
   по своему
   <choice>
    <reg>
     делу
    </reg>
   </choice>
   , и нечего меня спрашивать».
  </p>
  <p rend="left" uuid="9d6d7620-7537-455a-92f3-56d1fd7a3ef1">
   Тогда
   <choice>
    <reg>
     чиновник
    </reg>
   </choice>
   <choice>
    <reg>
     кликнул
    </reg>
   </choice>
   . солдать и
   <choice>
    <reg>
     сказал
    </reg>
   </choice>
   :
  </p>
  <p rend="left" uuid="7766cd2d-1db4-4ad6-851f-4d8dd5f59a62">
   — Я
   <choice>
    <reg>
     исправник
    </reg>
   </choice>
   , и спрашиваю тебя
   <choice>
    <reg>
     затем
    </reg>
   </choice>
   , что
   <choice>
    <reg>
     купец
    </reg>
   </choice>
   ,
   <choice>
    <reg>
     к
    </reg>
   </choice>
   <choice>
    <reg>
     каким
    </reg>
   </choice>
   ты
   <choice>
    <reg>
     ночевал
    </reg>
   </choice>
   прошлую ночь,
   <choice>
    <reg>
     зарезан
    </reg>
   </choice>
   . Покажи вещи, а вы обыщите его.
  </p>
  <p rend="left" uuid="cee0df76-2171-4607-bc9f-cc02c4193a73">
   Взошли
   <choice>
    <reg>
     в
    </reg>
   </choice>
   избу, взяли
   <choice>
    <reg>
     чемодан
    </reg>
   </choice>
   и
   <choice>
    <reg>
     мешок
    </reg>
   </choice>
   , и стали развязывать и искать.
   <choice>
    <reg>
     Вдруг
    </reg>
   </choice>
   <choice>
    <reg>
     исправник
    </reg>
   </choice>
   <choice>
    <reg>
     вынул
    </reg>
   </choice>
   <choice>
    <reg>
     из
    </reg>
   </choice>
   <choice>
    <reg>
     мешка
    </reg>
   </choice>
   <choice>
    <reg>
     ножик
    </reg>
   </choice>
   и
   <choice>
    <reg>
     закричал
    </reg>
   </choice>
   :
  </p>
  <p rend="left" uuid="33dcbde2-1428-4bae-bfca-6afa51dd35b6">
   — Это чей
   <choice>
    <reg>
     ножик
    </reg>
   </choice>
   ?
  </p>
  <p rend="left" uuid="1a466ca4-d78b-4e93-b78b-82e4870bae0a">
   <choice>
    <reg>
     Аксёнов
    </reg>
   </choice>
   <choice>
    <reg>
     поглядел
    </reg>
   </choice>
   ,
   <choice>
    <reg>
     видит
    </reg>
   </choice>
   —
   <choice>
    <reg>
     ножик
    </reg>
   </choice>
   <choice>
    <reg>
     в
    </reg>
   </choice>
   крови
   <choice>
    <reg>
     из
    </reg>
   </choice>
   его
   <choice>
    <reg>
     мешка
    </reg>
   </choice>
   достали, и испугался.
  </p>
  <p rend="left" uuid="801ccd3b-0639-40b1-92c6-17e14f903c37">
   — А
   <choice>
    <reg>
     от
    </reg>
   </choice>
   чего кровь на
   <choice>
    <reg>
     ноже
    </reg>
   </choice>
   ?
  </p>
  <p rend="left" uuid="190155ec-4924-4d6e-8201-75bb737cf3a5">
   <choice>
    <reg>
     Аксёнов
    </reg>
   </choice>
   <choice>
    <reg>
     хотел
    </reg>
   </choice>
   <choice>
    <reg>
     отвечать
    </reg>
   </choice>
   , но не
   <choice>
    <reg>
     мог
    </reg>
   </choice>
   выговорить слова.
  </p>
  <p rend="left" uuid="9f016e92-9020-406b-8bae-6b17b682ff70">
   — Я.... я не знаю.... я....
   <choice>
    <reg>
     нож
    </reg>
   </choice>
   .... я не мой....
  </p>
  <p rend="left" uuid="022bac6d-8550-422f-a6e0-1f611d5d045a">
   Тогда
   <choice>
    <reg>
     исправник
    </reg>
   </choice>
   <choice>
    <reg>
     сказал
    </reg>
   </choice>
   :
  </p>
  <p rend="left" uuid="5fee31cb-0e9b-4577-80c6-2cb4f37f154e">
   — Поутру купца нашли
   <choice>
    <reg>
     зарезанным
    </reg>
   </choice>
   на
   <choice>
    <reg>
     постеле
    </reg>
   </choice>
   .
   <choice>
    <reg>
     Кроме
    </reg>
   </choice>
   тебя некому было это
   <choice>
    <reg>
     сделать
    </reg>
   </choice>
   . Изба была заперта изнутри, а
   <choice>
    <reg>
     в
    </reg>
   </choice>
   <choice>
    <reg>
     избе
    </reg>
   </choice>
   никого,
   <choice>
    <reg>
     кроме
    </reg>
   </choice>
   тебя, не было.
   <choice>
    <reg>
     Вот
    </reg>
   </choice>
   и
   <choice>
    <reg>
     ножик
    </reg>
   </choice>
   <choice>
    <reg>
     в
    </reg>
   </choice>
   крови у тебя
   <choice>
    <reg>
     в
    </reg>
   </choice>
   <choice>
    <reg>
     мешке
    </reg>
   </choice>
   , да и по лицу видно. Говори,
   <choice>
    <reg>
     как
    </reg>
   </choice>
   ты
   <choice>
    <reg>
     убил
    </reg>
   </choice>
   его, и сколько ты
   <choice>
    <reg>
     ограбил
    </reg>
   </choice>
   <choice>
    <reg>
     денег
    </reg>
   </choice>
   ?
  </p>
  <p rend="left" uuid="11e16679-882b-4242-af71-a361bed06230">
   <choice>
    <reg>
     Аксёнов
    </reg>
   </choice>
   божился, что не
   <choice>
    <reg>
     он
    </reg>
   </choice>
   это
   <choice>
    <reg>
     сделал
    </reg>
   </choice>
   , что не
   <choice>
    <reg>
     видал
    </reg>
   </choice>
   купца
   <choice>
    <reg>
     после
    </reg>
   </choice>
   того,
   <choice>
    <reg>
     как
    </reg>
   </choice>
   <choice>
    <reg>
     пил
    </reg>
   </choice>
   чай
   <choice>
    <reg>
     с
    </reg>
   </choice>
   <choice>
    <reg>
     ним
    </reg>
   </choice>
   , что деньги у него только свои 8.000, что
   <choice>
    <reg>
     ножик
    </reg>
   </choice>
   не
  </p>
  <p rend="left emptyline" uuid="ea63d980-5222-4942-8a2c-8781a5e4ab56">
   <pb n="424"/>
  </p>
  <p rend="centerline" uuid="8f098a1b-f71a-4972-814c-b2c4c1a09d9c">
   — 56 —
  </p>
  <p rend="notindent" uuid="9da5d0d8-8b3c-4f82-89a0-4fe29dbadd1d">
   его. Но
   <choice>
    <reg>
     голос
    </reg>
   </choice>
   у него обрывался, лицо было
   <choice>
    <reg>
     бледно
    </reg>
   </choice>
   , и
   <choice>
    <reg>
     он
    </reg>
   </choice>
   весь трясся
   <choice>
    <reg>
     от
    </reg>
   </choice>
   страха,
   <choice>
    <reg>
     как
    </reg>
   </choice>
   виноватый.
  </p>
  <p rend="left" uuid="4ca7e7c4-3550-4142-b704-0c30586a7967">
   <choice>
    <reg>
     Исправник
    </reg>
   </choice>
   <choice>
    <reg>
     позвал
    </reg>
   </choice>
   <choice>
    <reg>
     солдат
    </reg>
   </choice>
   ,
   <choice>
    <reg>
     велел
    </reg>
   </choice>
   связать и вести его на
   <choice>
    <reg>
     телегу
    </reg>
   </choice>
   . Когда его
   <choice>
    <reg>
     с
    </reg>
   </choice>
   связанными ногами взвалили на
   <choice>
    <reg>
     телегу
    </reg>
   </choice>
   ,
   <choice>
    <reg>
     Аксёнов
    </reg>
   </choice>
   перекрестился и
   <choice>
    <reg>
     заплакал
    </reg>
   </choice>
   . У Аксёнова обобрали вещи и деньги, отослали его
   <choice>
    <reg>
     в
    </reg>
   </choice>
   <choice>
    <reg>
     ближний
    </reg>
   </choice>
   <choice>
    <reg>
     город
    </reg>
   </choice>
   ,
   <choice>
    <reg>
     в
    </reg>
   </choice>
   <choice>
    <reg>
     острог
    </reg>
   </choice>
   . Послали во
   <choice>
    <reg>
     Владимир
    </reg>
   </choice>
   узнать, какой
   <choice>
    <reg>
     человек
    </reg>
   </choice>
   <choice>
    <reg>
     был
    </reg>
   </choice>
   <choice>
    <reg>
     Аксёнов
    </reg>
   </choice>
   , и
   <choice>
    <reg>
     все
    </reg>
   </choice>
   купцы и жители
   <choice>
    <reg>
     владимирские
    </reg>
   </choice>
   показали, что
   <choice>
    <reg>
     Аксёнов
    </reg>
   </choice>
   <choice>
    <reg>
     с
    </reg>
   </choice>
   молоду
   <choice>
    <reg>
     пил
    </reg>
   </choice>
   и
   <choice>
    <reg>
     гулял
    </reg>
   </choice>
   , но
   <choice>
    <reg>
     был
    </reg>
   </choice>
   <choice>
    <reg>
     человек
    </reg>
   </choice>
   <choice>
    <reg>
     хороший
    </reg>
   </choice>
   . Тогда его стали судить. Судили его за то, что
   <choice>
    <reg>
     он
    </reg>
   </choice>
   <choice>
    <reg>
     убил
    </reg>
   </choice>
   <choice>
    <reg>
     рязанского
    </reg>
   </choice>
   купца и
   <choice>
    <reg>
     украл
    </reg>
   </choice>
   20.000
   <choice>
    <reg>
     денег
    </reg>
   </choice>
   .
  </p>
  <p rend="left" uuid="8c9de156-a4e0-4161-9443-1e0688496acb">
   Жена убивалась о мужѣ и не знала, чтó думать. Дѣти ея ещё всѣ были малы, а одинъ былъ у груди. Она забрала всѣхъ съ собою и поѣхала въ тотъ городъ, гдѣ ея мужъ содержался въ острогѣ. Сначала ея не пускали, но потомъ она упросила начальниковъ, и eё привели къ мужу. Когда она увидала его въ острожномъ платьѣ, въ цѣпяхъ, вмѣстѣ съ разбойниками, — она ударилась о землю и долго не могла очнуться. Потомъ она поставила дѣтей вокругъ себя, сѣла съ нимъ рядышкомъ и стала сказывать ему про домашнія дѣла и спрашивать его про всё, чтó съ нимъ случилось. Онъ всё разсказалъ ей. Она сказала:
  </p>
  <p rend="left" uuid="04ae97a1-e2b2-4a79-b4d7-52e2ee7e021b">
   —
   <choice>
    <reg>
     Как
    </reg>
   </choice>
   же быть теперь?
  </p>
  <p rend="left" uuid="69c7f731-7409-4903-b136-25ea9687eaeb">
   <choice>
    <reg>
     Он
    </reg>
   </choice>
   <choice>
    <reg>
     сказал
    </reg>
   </choice>
   :
  </p>
  <p rend="left" uuid="db7826e1-3232-49ab-a877-250a6d33091e">
   — Надо просить Царя. Нельзя же невинному погибать!
  </p>
  <p rend="left" uuid="5fecc0aa-72df-43ab-bed9-926e3ab56b40">
   Жена сказала, что она уже подавала
   <choice>
    <reg>
     прошение
    </reg>
   </choice>
   Царю, но что
   <choice>
    <reg>
     прошение
    </reg>
   </choice>
   не дошло.
   <choice>
    <reg>
     Аксёнов
    </reg>
   </choice>
   ничего не
   <choice>
    <reg>
     сказал
    </reg>
   </choice>
   и только потупился. Тогда жена сказала:
  </p>
  <p rend="left emptyline" uuid="7642c43c-1c4f-42ac-8135-d3c9455d70eb">
   <pb n="425"/>
  </p>
  <p rend="centerline" uuid="ffa8c11e-ee33-4661-8d92-1db0a04710f9">
   — 57 —
  </p>
  <p rend="left" uuid="4a3877f1-d1d6-4143-9fa9-e1d5407f8f06">
   — Не
   <choice>
    <reg>
     даром
    </reg>
   </choice>
   я тогда, помнишь,
   <choice>
    <reg>
     видела
    </reg>
   </choice>
   <choice>
    <reg>
     сон
    </reg>
   </choice>
   , что ты
   <choice>
    <reg>
     сед
    </reg>
   </choice>
   <choice>
    <reg>
     стал
    </reg>
   </choice>
   .
   <choice>
    <reg>
     Вот
    </reg>
   </choice>
   ужь и вправду ты
   <choice>
    <reg>
     с
    </reg>
   </choice>
   горя
   <choice>
    <reg>
     поседел
    </reg>
   </choice>
   . Не
   <choice>
    <reg>
     ездить
    </reg>
   </choice>
   бы
   <choice>
    <reg>
     тебе
    </reg>
   </choice>
   тогда.
  </p>
  <p rend="left" uuid="d77c7bb2-4ba8-4f18-b8ea-fa949485b2ff">
   И она начала перебирать его волоса и сказала:
  </p>
  <p rend="left" uuid="1dda0611-d28d-4261-9c61-5f929ca0209f">
   — Ваня,
   <choice>
    <reg>
     друг
    </reg>
   </choice>
   сердечный,
   <choice>
    <reg>
     жене
    </reg>
   </choice>
   скажи правду: не ты
   <choice>
    <reg>
     сделал
    </reg>
   </choice>
   это?
  </p>
  <p rend="left" uuid="329d597d-6d7a-4cf5-b614-68d1ccdd60a2">
   <choice>
    <reg>
     Аксёнов
    </reg>
   </choice>
   <choice>
    <reg>
     сказал
    </reg>
   </choice>
   : «и ты подумала на меня!» — закрылся руками и
   <choice>
    <reg>
     заплакал
    </reg>
   </choice>
   .
   <choice>
    <reg>
     Потом
    </reg>
   </choice>
   <choice>
    <reg>
     пришёл
    </reg>
   </choice>
   <choice>
    <reg>
     солдат
    </reg>
   </choice>
   и
   <choice>
    <reg>
     сказал
    </reg>
   </choice>
   , что
   <choice>
    <reg>
     жене
    </reg>
   </choice>
   <choice>
    <reg>
     с
    </reg>
   </choice>
   <choice>
    <reg>
     детьми
    </reg>
   </choice>
   надо уходить. И
   <choice>
    <reg>
     Аксёнов
    </reg>
   </choice>
   <choice>
    <reg>
     в
    </reg>
   </choice>
   <choice>
    <reg>
     последний
    </reg>
   </choice>
   <choice>
    <reg>
     раз
    </reg>
   </choice>
   простился
   <choice>
    <reg>
     с
    </reg>
   </choice>
   семьёй.
  </p>
  <p rend="left" uuid="76c1a6a0-75dd-4828-a033-2cc86651fd15">
   Когда жена ушла,
   <choice>
    <reg>
     Аксёнов
    </reg>
   </choice>
   <choice>
    <reg>
     стал
    </reg>
   </choice>
   вспоминать, чтó говорили. Когда
   <choice>
    <reg>
     он
    </reg>
   </choice>
   <choice>
    <reg>
     вспомнил
    </reg>
   </choice>
   , что жена тоже подумала на него и спрашивала его,
   <choice>
    <reg>
     он
    </reg>
   </choice>
   ли
   <choice>
    <reg>
     убил
    </reg>
   </choice>
   купца,
   <choice>
    <reg>
     он
    </reg>
   </choice>
   <choice>
    <reg>
     сказал
    </reg>
   </choice>
   <choice>
    <reg>
     себе
    </reg>
   </choice>
   : «видно,
   <choice>
    <reg>
     кроме
    </reg>
   </choice>
   Бога, никто не
   <choice>
    <reg>
     может
    </reg>
   </choice>
   знать правды, и только Его надо просить и
   <choice>
    <reg>
     от
    </reg>
   </choice>
   Него только
   <choice>
    <reg>
     ждал
    </reg>
   </choice>
   милости». И
   <choice>
    <reg>
     с
    </reg>
   </choice>
   <choice>
    <reg>
     тех
    </reg>
   </choice>
   <choice>
    <reg>
     пор
    </reg>
   </choice>
   <choice>
    <reg>
     Аксёнов
    </reg>
   </choice>
   <choice>
    <reg>
     перестал
    </reg>
   </choice>
   подавать
   <choice>
    <reg>
     прошения
    </reg>
   </choice>
   ,
   <choice>
    <reg>
     перестал
    </reg>
   </choice>
   <choice>
    <reg>
     надеяться
    </reg>
   </choice>
   и только молился Богу.
  </p>
  <p rend="left" uuid="1dd64148-3a36-418c-9a01-1e123c9e1e27">
   Аксёнова присудили наказать
   <choice>
    <reg>
     кнутом
    </reg>
   </choice>
   и сослать
   <choice>
    <reg>
     в
    </reg>
   </choice>
   каторжную работу.
   <choice>
    <reg>
     Так
    </reg>
   </choice>
   и
   <choice>
    <reg>
     сделали
    </reg>
   </choice>
   .
  </p>
  <p rend="left" uuid="34bee4bb-3539-4241-b3f0-a2455ef6f56d">
   Его
   <choice>
    <reg>
     высекли
    </reg>
   </choice>
   <choice>
    <reg>
     кнутом
    </reg>
   </choice>
   и
   <choice>
    <reg>
     потом
    </reg>
   </choice>
   , когда
   <choice>
    <reg>
     от
    </reg>
   </choice>
   кнута раны зажили, его погнали
   <choice>
    <reg>
     с
    </reg>
   </choice>
   другими каторжниками
   <choice>
    <reg>
     в
    </reg>
   </choice>
   Сибирь.
  </p>
  <p rend="left" uuid="4c579f3b-ca9f-48e4-a00b-076f81aee78d">
   <choice>
    <reg>
     В
    </reg>
   </choice>
   Сибири, на
   <choice>
    <reg>
     каторге
    </reg>
   </choice>
   ,
   <choice>
    <reg>
     Аксёнов
    </reg>
   </choice>
   <choice>
    <reg>
     жил
    </reg>
   </choice>
   26
   <choice>
    <reg>
     лет
    </reg>
   </choice>
   . Волоса его на
   <choice>
    <reg>
     голове
    </reg>
   </choice>
   стали
   <choice>
    <reg>
     белые
    </reg>
   </choice>
   ,
   <choice>
    <reg>
     как
    </reg>
   </choice>
   <choice>
    <reg>
     снег
    </reg>
   </choice>
   , и борода отросла длинная, узкая и
   <choice>
    <reg>
     седая
    </reg>
   </choice>
   . Вся весёлость его пропала.
   <choice>
    <reg>
     Он
    </reg>
   </choice>
   сгорбился,
   <choice>
    <reg>
     стал
    </reg>
   </choice>
   ходить тихо,
   <choice>
    <reg>
     говорил
    </reg>
   </choice>
   мало, никогда не
   <choice>
    <reg>
     смеялся
    </reg>
   </choice>
   и часто молился Богу.
  </p>
  <p rend="left" uuid="b8bf10c0-7222-4433-89a1-dfbb0f589a7f">
   <choice>
    <reg>
     В
    </reg>
   </choice>
   <choice>
    <reg>
     остроге
    </reg>
   </choice>
   <choice>
    <reg>
     Аксёнов
    </reg>
   </choice>
   выучился шить сапоги и на
   <choice>
    <reg>
     заработанные
    </reg>
   </choice>
   деньги
   <choice>
    <reg>
     купил
    </reg>
   </choice>
   Четьи-Минеи и
   <choice>
    <reg>
     читал
    </reg>
   </choice>
  </p>
  <p rend="left emptyline" uuid="26e81be3-2224-4a7c-97ef-857928636485">
   <pb n="426"/>
  </p>
  <p rend="centerline" uuid="c8889480-b974-40b1-bfa3-92907964db2f">
   — 58 —
  </p>
  <p rend="notindent" uuid="00b2af79-e5a0-4086-b0e1-04a91cbe3dce">
   <choice>
    <reg>
     их
    </reg>
   </choice>
   , когда
   <choice>
    <reg>
     был
    </reg>
   </choice>
   <choice>
    <reg>
     свет
    </reg>
   </choice>
   <choice>
    <reg>
     в
    </reg>
   </choice>
   <choice>
    <reg>
     остроге
    </reg>
   </choice>
   ; а по
   <choice>
    <reg>
     праздникам
    </reg>
   </choice>
   <choice>
    <reg>
     ходил
    </reg>
   </choice>
   <choice>
    <reg>
     в
    </reg>
   </choice>
   острожную церковь,
   <choice>
    <reg>
     читал
    </reg>
   </choice>
   <choice>
    <reg>
     Апостол
    </reg>
   </choice>
   и
   <choice>
    <reg>
     пел
    </reg>
   </choice>
   на
   <choice>
    <reg>
     клиросе
    </reg>
   </choice>
   , —
   <choice>
    <reg>
     голос
    </reg>
   </choice>
   у него всё еще
   <choice>
    <reg>
     был
    </reg>
   </choice>
   <choice>
    <reg>
     хорош
    </reg>
   </choice>
   ». Начальство любило Аксёнова за его смиренство, а товарищи острожные почитали его и называли «
   <choice>
    <reg>
     дедушкой
    </reg>
   </choice>
   » и «
   <choice>
    <reg>
     божьим
    </reg>
   </choice>
   <choice>
    <reg>
     человеком
    </reg>
   </choice>
   ». Когда бывали просьбы по острогу, товарищи всегда Аксёнова посылали просить начальство, и когда промежь
   <choice>
    <reg>
     каторжных
    </reg>
   </choice>
   были ссоры, то они всегда
   <choice>
    <reg>
     к
    </reg>
   </choice>
   Аксёнову приходили судиться.
  </p>
  <p rend="left" uuid="1aee6837-727b-4a6f-a210-6578d8795a08">
   <choice>
    <reg>
     Из
    </reg>
   </choice>
   дому никто не
   <choice>
    <reg>
     писал
    </reg>
   </choice>
   <choice>
    <reg>
     писем
    </reg>
   </choice>
   Аксёнову, и
   <choice>
    <reg>
     он
    </reg>
   </choice>
   не
   <choice>
    <reg>
     знал
    </reg>
   </choice>
   , живы ли его жена и
   <choice>
    <reg>
     дети
    </reg>
   </choice>
   .
  </p>
  <p rend="left" uuid="7103f6c9-a93c-4a7c-8a81-f7697ecadca2">
   Привели
   <choice>
    <reg>
     раз
    </reg>
   </choice>
   на каторгу
   <choice>
    <reg>
     новых
    </reg>
   </choice>
   <choice>
    <reg>
     колодников
    </reg>
   </choice>
   .
   <choice>
    <reg>
     Вечером
    </reg>
   </choice>
   <choice>
    <reg>
     все
    </reg>
   </choice>
   старые колодники собрались
   <choice>
    <reg>
     вокруг
    </reg>
   </choice>
   <choice>
    <reg>
     новых
    </reg>
   </choice>
   и стали
   <choice>
    <reg>
     их
    </reg>
   </choice>
   <choice>
    <reg>
     расспрашивать
    </reg>
   </choice>
   , кто
   <choice>
    <reg>
     из
    </reg>
   </choice>
   какого города или деревни и кто за
   <choice>
    <reg>
     какие
    </reg>
   </choice>
   <choice>
    <reg>
     дела
    </reg>
   </choice>
   .
   <choice>
    <reg>
     Аксёнов
    </reg>
   </choice>
   тоже
   <choice>
    <reg>
     подсел
    </reg>
   </choice>
   на нары
   <choice>
    <reg>
     подле
    </reg>
   </choice>
   <choice>
    <reg>
     новых
    </reg>
   </choice>
   и, потупившись,
   <choice>
    <reg>
     слушал
    </reg>
   </choice>
   , кто чтó
   <choice>
    <reg>
     рассказывал
    </reg>
   </choice>
   .
   <choice>
    <reg>
     Один
    </reg>
   </choice>
   <choice>
    <reg>
     из
    </reg>
   </choice>
   <choice>
    <reg>
     новых
    </reg>
   </choice>
   <choice>
    <reg>
     колодников
    </reg>
   </choice>
   <choice>
    <reg>
     был
    </reg>
   </choice>
   <choice>
    <reg>
     высокий
    </reg>
   </choice>
   , здоровый
   <choice>
    <reg>
     старик
    </reg>
   </choice>
   <choice>
    <reg>
     лет
    </reg>
   </choice>
   60-ти,
   <choice>
    <reg>
     с
    </reg>
   </choice>
   <choice>
    <reg>
     седой
    </reg>
   </choice>
   . стриженой бородой.
   <choice>
    <reg>
     Он
    </reg>
   </choice>
   <choice>
    <reg>
     рассказывал
    </reg>
   </choice>
   , за что его взяли.
   <choice>
    <reg>
     Он
    </reg>
   </choice>
   <choice>
    <reg>
     говорил
    </reg>
   </choice>
   :
  </p>
  <p rend="left" uuid="ec6b11b9-fcb8-4ea7-b12c-29065b0a7ebc">
   —
   <choice>
    <reg>
     Так
    </reg>
   </choice>
   , братцы, ни за что сюда
   <choice>
    <reg>
     попал
    </reg>
   </choice>
   . У ямщика лошадь
   <choice>
    <reg>
     отвязал
    </reg>
   </choice>
   <choice>
    <reg>
     от
    </reg>
   </choice>
   саней. Поймали,
   <choice>
    <reg>
     говорят
    </reg>
   </choice>
   :
   <choice>
    <reg>
     украл
    </reg>
   </choice>
   . А я говорю: я только
   <choice>
    <reg>
     доехать
    </reg>
   </choice>
   <choice>
    <reg>
     скорей
    </reg>
   </choice>
   <choice>
    <reg>
     хотел
    </reg>
   </choice>
   , — я лошадь
   <choice>
    <reg>
     пустил
    </reg>
   </choice>
   . Да и
   <choice>
    <reg>
     ямщик
    </reg>
   </choice>
   <choice>
    <reg>
     мне
    </reg>
   </choice>
   <choice>
    <reg>
     приятель
    </reg>
   </choice>
   .
   <choice>
    <reg>
     Порядок
    </reg>
   </choice>
   , я говорю? —
   <choice>
    <reg>
     Нет
    </reg>
   </choice>
   ,
   <choice>
    <reg>
     говорят
    </reg>
   </choice>
   ,
   <choice>
    <reg>
     украл
    </reg>
   </choice>
   . А того не
   <choice>
    <reg>
     знают
    </reg>
   </choice>
   , чтó и
   <choice>
    <reg>
     где
    </reg>
   </choice>
   <choice>
    <reg>
     украл
    </reg>
   </choice>
   . Были
   <choice>
    <reg>
     дела
    </reg>
   </choice>
   , давно бы
   <choice>
    <reg>
     следовало
    </reg>
   </choice>
   сюда попасть, да не могли уличить, а теперь не по закону сюда загнали. Да врёшь, —
   <choice>
    <reg>
     был
    </reg>
   </choice>
   <choice>
    <reg>
     в
    </reg>
   </choice>
   Сибири, да не долго
   <choice>
    <reg>
     гащивал
    </reg>
   </choice>
   .
  </p>
  <p rend="left" uuid="71baa99e-e285-4131-8651-75316616625a">
   — А ты откуда будешь?
   <choice>
    <reg>
     спросил
    </reg>
   </choice>
   <choice>
    <reg>
     один
    </reg>
   </choice>
   <choice>
    <reg>
     из
    </reg>
   </choice>
   <choice>
    <reg>
     колодников
    </reg>
   </choice>
   .
  </p>
  <p rend="left emptyline" uuid="f02225ab-964e-4ca3-9b0f-c78bba0e64f1">
   <pb n="427"/>
  </p>
  <p rend="centerline" uuid="bc93b193-3b0d-48d8-bd72-4e4a642d9722">
   — 59 —
  </p>
  <p rend="left" uuid="df56ef05-26e3-4cdf-a118-d2d76b9bae23">
   — А мы
   <choice>
    <reg>
     из
    </reg>
   </choice>
   города
   <choice>
    <reg>
     Владимира
    </reg>
   </choice>
   ,
   <choice>
    <reg>
     тамошние
    </reg>
   </choice>
   <choice>
    <reg>
     мещане
    </reg>
   </choice>
   . Звать
   <choice>
    <reg>
     Макаром
    </reg>
   </choice>
   , а
   <choice>
    <reg>
     величают
    </reg>
   </choice>
   <choice>
    <reg>
     Семёновичем
    </reg>
   </choice>
   .
  </p>
  <p rend="left" uuid="426e2505-c8ed-4122-9277-5c5269906d4c">
   <choice>
    <reg>
     Аксёнов
    </reg>
   </choice>
   <choice>
    <reg>
     поднял
    </reg>
   </choice>
   голову и
   <choice>
    <reg>
     спросил
    </reg>
   </choice>
   :
  </p>
  <p rend="left" uuid="91e66544-2547-4ebb-a378-d8bbc002f6a4">
   — А что, не
   <choice>
    <reg>
     слыхал
    </reg>
   </choice>
   ли,
   <choice>
    <reg>
     Семёныч
    </reg>
   </choice>
   , во
   <choice>
    <reg>
     Владимире
    </reg>
   </choice>
   <choice>
    <reg>
     городе
    </reg>
   </choice>
   про
   <choice>
    <reg>
     Аксёновых
    </reg>
   </choice>
   <choice>
    <reg>
     купцов
    </reg>
   </choice>
   ? Живы ли?
  </p>
  <p rend="left" uuid="dfdd6c82-eb50-4202-a02f-a4bbbff98829">
   —
   <choice>
    <reg>
     Как
    </reg>
   </choice>
   не слыхать! Богатые купцы —
   <choice>
    <reg>
     даром
    </reg>
   </choice>
   , что
   <choice>
    <reg>
     отец
    </reg>
   </choice>
   <choice>
    <reg>
     в
    </reg>
   </choice>
   Сибири. Такой же, видно,
   <choice>
    <reg>
     как
    </reg>
   </choice>
   и мы
   <choice>
    <reg>
     грешные
    </reg>
   </choice>
   . А ты
   <choice>
    <reg>
     сам
    </reg>
   </choice>
   ,
   <choice>
    <reg>
     дедушка
    </reg>
   </choice>
   , за
   <choice>
    <reg>
     какие
    </reg>
   </choice>
   <choice>
    <reg>
     дела
    </reg>
   </choice>
   ?
  </p>
  <p rend="left" uuid="127fb43e-78e0-4d8a-b4fb-e7a0bacc95cf">
   <choice>
    <reg>
     Аксёнов
    </reg>
   </choice>
   не
   <choice>
    <reg>
     любил
    </reg>
   </choice>
   говорить про свое несчастье;
   <choice>
    <reg>
     он
    </reg>
   </choice>
   <choice>
    <reg>
     вздохнул
    </reg>
   </choice>
   и
   <choice>
    <reg>
     сказал
    </reg>
   </choice>
   :
  </p>
  <p rend="left" uuid="1f8a15fd-f92d-4734-8496-83aeab27fcc2">
   — По
   <choice>
    <reg>
     грехам
    </reg>
   </choice>
   <choice>
    <reg>
     своим
    </reg>
   </choice>
   26-й
   <choice>
    <reg>
     год
    </reg>
   </choice>
   нахожусь
   <choice>
    <reg>
     в
    </reg>
   </choice>
   каторжной
   <choice>
    <reg>
     работе
    </reg>
   </choice>
   .
  </p>
  <p rend="left" uuid="0999f8b3-bec8-4de3-9b4a-7dba020cf29b">
   <choice>
    <reg>
     Макар
    </reg>
   </choice>
   <choice>
    <reg>
     Семенов
    </reg>
   </choice>
   <choice>
    <reg>
     сказал
    </reg>
   </choice>
   :
  </p>
  <p rend="left" uuid="31633dbd-c822-4b90-b996-21b3e2b9072e">
   — А по
   <choice>
    <reg>
     каким
    </reg>
   </choice>
   же
   <choice>
    <reg>
     таким
    </reg>
   </choice>
   <choice>
    <reg>
     грехам
    </reg>
   </choice>
   ?
  </p>
  <p rend="left" uuid="34e6fd3c-6756-4fff-90f4-81836238f8f5">
   <choice>
    <reg>
     Аксёнов
    </reg>
   </choice>
   <choice>
    <reg>
     сказал
    </reg>
   </choice>
   : «стало-быть
   <choice>
    <reg>
     стоил
    </reg>
   </choice>
   того», и не
   <choice>
    <reg>
     хотел
    </reg>
   </choice>
   больше
   <choice>
    <reg>
     рассказывать
    </reg>
   </choice>
   , но
   <choice>
    <reg>
     другие
    </reg>
   </choice>
   острожные товарищи
   <choice>
    <reg>
     рассказали
    </reg>
   </choice>
   новому,
   <choice>
    <reg>
     как
    </reg>
   </choice>
   <choice>
    <reg>
     Аксёнов
    </reg>
   </choice>
   <choice>
    <reg>
     попал
    </reg>
   </choice>
   <choice>
    <reg>
     в
    </reg>
   </choice>
   Сибирь. Они
   <choice>
    <reg>
     рассказали
    </reg>
   </choice>
   ,
   <choice>
    <reg>
     как
    </reg>
   </choice>
   на
   <choice>
    <reg>
     дороге
    </reg>
   </choice>
   кто-то
   <choice>
    <reg>
     убил
    </reg>
   </choice>
   купца и
   <choice>
    <reg>
     подсунул
    </reg>
   </choice>
   Аксёнову
   <choice>
    <reg>
     ножик
    </reg>
   </choice>
   , и
   <choice>
    <reg>
     как
    </reg>
   </choice>
   за это его понапрасну засудили.
  </p>
  <p rend="left" uuid="9f2fb740-e86e-48b5-9ece-9179198480b1">
   Когда
   <choice>
    <reg>
     Макар
    </reg>
   </choice>
   <choice>
    <reg>
     Семёнов
    </reg>
   </choice>
   <choice>
    <reg>
     услыхал
    </reg>
   </choice>
   это,
   <choice>
    <reg>
     он
    </reg>
   </choice>
   <choice>
    <reg>
     взглянул
    </reg>
   </choice>
   на Аксёнова,
   <choice>
    <reg>
     хлопнул
    </reg>
   </choice>
   себя руками по
   <choice>
    <reg>
     коленам
    </reg>
   </choice>
   и
   <choice>
    <reg>
     сказал
    </reg>
   </choice>
   :
  </p>
  <p rend="left" uuid="2c354783-ab0c-4eb3-8be5-02e1e6039c56">
   — Ну чудо!
   <choice>
    <reg>
     Вот
    </reg>
   </choice>
   чудо-то!
   <choice>
    <reg>
     Постарел
    </reg>
   </choice>
   же ты,
   <choice>
    <reg>
     дедушка
    </reg>
   </choice>
   !
  </p>
  <p rend="left" uuid="bbe66d70-1174-4719-a93b-0659938209c6">
   Его стали спрашивать, чему
   <choice>
    <reg>
     он
    </reg>
   </choice>
   удивлялся, и
   <choice>
    <reg>
     где
    </reg>
   </choice>
   <choice>
    <reg>
     он
    </reg>
   </choice>
   <choice>
    <reg>
     видел
    </reg>
   </choice>
   Аксёнова; но
   <choice>
    <reg>
     Макар
    </reg>
   </choice>
   <choice>
    <reg>
     Семёнов
    </reg>
   </choice>
   не
   <choice>
    <reg>
     отвечал
    </reg>
   </choice>
   ,
   <choice>
    <reg>
     он
    </reg>
   </choice>
   только
   <choice>
    <reg>
     сказал
    </reg>
   </choice>
   :
  </p>
  <p rend="left" uuid="0c3c2ce8-5bb4-4df7-9f0a-20777fa4c937">
   — Чудеса, ребята, —
   <choice>
    <reg>
     где
    </reg>
   </choice>
   <choice>
    <reg>
     свидеться
    </reg>
   </choice>
   пришлось!
  </p>
  <p rend="left" uuid="1ab98e43-f560-4b92-bd92-2119b6767cbc">
   И
   <choice>
    <reg>
     с
    </reg>
   </choice>
   <choice>
    <reg>
     этих
    </reg>
   </choice>
   <choice>
    <reg>
     слов
    </reg>
   </choice>
   пришло Аксёнову
   <choice>
    <reg>
     в
    </reg>
   </choice>
   мысли, что не
   <choice>
    <reg>
     знает
    </reg>
   </choice>
   ли
   <choice>
    <reg>
     этот
    </reg>
   </choice>
   <choice>
    <reg>
     человек
    </reg>
   </choice>
   про то, кто
   <choice>
    <reg>
     убил
    </reg>
   </choice>
   купца?
   <choice>
    <reg>
     Он
    </reg>
   </choice>
   <choice>
    <reg>
     сказал
    </reg>
   </choice>
   :
  </p>
  <p rend="left emptyline" uuid="8da9be09-753a-4744-a581-42932efeac06">
   <pb n="428"/>
  </p>
  <p rend="centerline" uuid="a165da96-3037-4858-9f45-9a6d627afa2c">
   — 60 —
  </p>
  <p rend="left" uuid="9c28400f-4aa4-4f85-8e87-e4131a318a96">
   — Или ты
   <choice>
    <reg>
     слыхал
    </reg>
   </choice>
   ,
   <choice>
    <reg>
     Семеныч
    </reg>
   </choice>
   , прежде про это
   <choice>
    <reg>
     дело
    </reg>
   </choice>
   , или
   <choice>
    <reg>
     видал
    </reg>
   </choice>
   меня прежде?
  </p>
  <p rend="left" uuid="3c165165-a30d-44e2-b4c3-f7cac1bb1ae6">
   — «
   <choice>
    <reg>
     Как
    </reg>
   </choice>
   не слыхать! Земля
   <choice>
    <reg>
     слухом
    </reg>
   </choice>
   полнится. Да давно ужь
   <choice>
    <reg>
     дело
    </reg>
   </choice>
   было; чтó и
   <choice>
    <reg>
     слыхал
    </reg>
   </choice>
   , то
   <choice>
    <reg>
     забыл
    </reg>
   </choice>
   »,
   <choice>
    <reg>
     сказал
    </reg>
   </choice>
   <choice>
    <reg>
     Макар
    </reg>
   </choice>
   <choice>
    <reg>
     Семёнов
    </reg>
   </choice>
   .
  </p>
  <p rend="left" uuid="0b473a77-d6f9-4849-9601-e5d017e3ad7c">
   — «
   <choice>
    <reg>
     Может
    </reg>
   </choice>
   <choice>
    <reg>
     слыхал
    </reg>
   </choice>
   , кто купца
   <choice>
    <reg>
     убил
    </reg>
   </choice>
   ?»
   <choice>
    <reg>
     спросил
    </reg>
   </choice>
   <choice>
    <reg>
     Аксёнов
    </reg>
   </choice>
   .
  </p>
  <p rend="left" uuid="1cc5bff4-1133-4b1b-a8c0-4b57ff1962b6">
   <choice>
    <reg>
     Макар
    </reg>
   </choice>
   <choice>
    <reg>
     Семёнов
    </reg>
   </choice>
   <choice>
    <reg>
     засмеялся
    </reg>
   </choice>
   и
   <choice>
    <reg>
     сказал
    </reg>
   </choice>
   :
  </p>
  <p rend="left" uuid="19761af2-0b54-461b-98c8-7fb4117681d0">
   — Да видно
   <choice>
    <reg>
     тот
    </reg>
   </choice>
   <choice>
    <reg>
     убил
    </reg>
   </choice>
   , у кого
   <choice>
    <reg>
     ножик
    </reg>
   </choice>
   <choice>
    <reg>
     в
    </reg>
   </choice>
   <choice>
    <reg>
     мешке
    </reg>
   </choice>
   нашёлся. Если кто и
   <choice>
    <reg>
     подсунул
    </reg>
   </choice>
   <choice>
    <reg>
     тебе
    </reg>
   </choice>
   <choice>
    <reg>
     ножик
    </reg>
   </choice>
   , не
   <choice>
    <reg>
     пойман
    </reg>
   </choice>
   — не
   <choice>
    <reg>
     вор
    </reg>
   </choice>
   . Да и
   <choice>
    <reg>
     как
    </reg>
   </choice>
   же
   <choice>
    <reg>
     тебе
    </reg>
   </choice>
   <choice>
    <reg>
     ножик
    </reg>
   </choice>
   <choice>
    <reg>
     в
    </reg>
   </choice>
   <choice>
    <reg>
     мешок
    </reg>
   </choice>
   сунуть?
   <choice>
    <reg>
     Ведь
    </reg>
   </choice>
   <choice>
    <reg>
     он
    </reg>
   </choice>
   у тебя
   <choice>
    <reg>
     в
    </reg>
   </choice>
   <choice>
    <reg>
     головах
    </reg>
   </choice>
   <choice>
    <reg>
     стоял
    </reg>
   </choice>
   ? Ты бы
   <choice>
    <reg>
     услыхал
    </reg>
   </choice>
   .
  </p>
  <p rend="left" uuid="22023faa-9a20-4c3b-b888-978e3139b144">
   Какъ только Аксёновъ услыхалъ эти слова, онъ подумалъ, что этотъ самый человѣкъ убилъ купца. Онъ всталъ и отошёлъ прочь. Всю эту ночь Аксёновъ не могъ заснуть. Нашла на него скука и стало ему представлятся: то представлялась ему его жена, такою, какою она была, когда провожала его въ послѣдній разъ на ярмарку. Такъ и видѣлъ онъ её, какъ живую, и видѣлъ ея лицо и глаза, и слышалъ, какъ она говорила ему и смѣялась. Потомъ представлялись ему дѣти, такія, какія они были тогда — маленькія, одинъ въ шубкѣ, другой у груди. И себя онъ вспоминалъ, какимъ онъ былъ тогда — весёлымъ, молодымъ; вспоминалъ, какъ онъ сидѣлъ на крылечкѣ на постояломъ дворѣ, гдѣ его взяли, и игралъ на гитарѣ, — и какъ у него на душѣ весело было тогда. И вспомнилъ лобное мѣсто, гдѣ его сѣкли, и палача, и народъ кругомъ, и цѣпи, и колодниковъ, и всю 26-ти-лѣтнюю осторожную жизнь, и свою старость вспомнилъ. И такая скука
  </p>
  <p rend="left emptyline" uuid="2492d14b-fe2a-4754-b207-7a0c7222842e">
   <pb n="429"/>
  </p>
  <p rend="centerline" uuid="436e2377-84b7-4cca-87bc-29e616c933b6">
   — 61 —
  </p>
  <p rend="notindent" uuid="2d5fd593-29e5-4ecb-af1c-65fc8fcdf178">
   нашла на Аксенова, что хоть руки на себя наложить
  </p>
  <p rend="left" uuid="b2df4437-cc5f-4ebc-88d3-f3d11c321ab6">
   — И всё
   <choice>
    <reg>
     от
    </reg>
   </choice>
   того
   <choice>
    <reg>
     злодея
    </reg>
   </choice>
   !..
   <choice>
    <reg>
     думал
    </reg>
   </choice>
   <choice>
    <reg>
     Аксёнов
    </reg>
   </choice>
   .
  </p>
  <p rend="left" uuid="86fffca2-7355-4c65-82e5-5e89122eca28">
   И на него нашла такая злость на Макара Семёнова, что хоть самому пропасть, a
   <choice>
    <reg>
     хотелось
    </reg>
   </choice>
   отмстить ему.
   <choice>
    <reg>
     Он
    </reg>
   </choice>
   <choice>
    <reg>
     читал
    </reg>
   </choice>
   молитвы всю ночь, но не
   <choice>
    <reg>
     мог
    </reg>
   </choice>
   успокоиться.
   <choice>
    <reg>
     Днём
    </reg>
   </choice>
   <choice>
    <reg>
     он
    </reg>
   </choice>
   не
   <choice>
    <reg>
     подходил
    </reg>
   </choice>
   <choice>
    <reg>
     к
    </reg>
   </choice>
   Макару Семёнову и не
   <choice>
    <reg>
     смотрел
    </reg>
   </choice>
   на него.
  </p>
  <p rend="left" uuid="ba03c696-d967-4d7b-9969-a4189f6ff739">
   <choice>
    <reg>
     Так
    </reg>
   </choice>
   прошли
   <choice>
    <reg>
     две
    </reg>
   </choice>
   <choice>
    <reg>
     недели
    </reg>
   </choice>
   . По
   <choice>
    <reg>
     ночам
    </reg>
   </choice>
   <choice>
    <reg>
     Аксёнов
    </reg>
   </choice>
   не
   <choice>
    <reg>
     мог
    </reg>
   </choice>
   спать, и на него находила такая скука, что
   <choice>
    <reg>
     он
    </reg>
   </choice>
   не
   <choice>
    <reg>
     знал
    </reg>
   </choice>
   , куда
   <choice>
    <reg>
     деваться
    </reg>
   </choice>
   .
  </p>
  <p rend="left" uuid="2b0bf832-1ed2-426d-afc4-ee806560b357">
   <choice>
    <reg>
     Один
    </reg>
   </choice>
   <choice>
    <reg>
     раз
    </reg>
   </choice>
   , ночью,
   <choice>
    <reg>
     он
    </reg>
   </choice>
   <choice>
    <reg>
     пошёл
    </reg>
   </choice>
   по острогу и
   <choice>
    <reg>
     увидал
    </reg>
   </choice>
   , что
   <choice>
    <reg>
     из-под
    </reg>
   </choice>
   одной нары сыплется земля.
   <choice>
    <reg>
     Он
    </reg>
   </choice>
   остановился
   <choice>
    <reg>
     посмотреть
    </reg>
   </choice>
   .
   <choice>
    <reg>
     Вдруг
    </reg>
   </choice>
   <choice>
    <reg>
     Макар
    </reg>
   </choice>
   <choice>
    <reg>
     Семёнов
    </reg>
   </choice>
   <choice>
    <reg>
     выскочил
    </reg>
   </choice>
   <choice>
    <reg>
     из-под
    </reg>
   </choice>
   нары и
   <choice>
    <reg>
     с
    </reg>
   </choice>
   <choice>
    <reg>
     испуганным
    </reg>
   </choice>
   <choice>
    <reg>
     лицом
    </reg>
   </choice>
   <choice>
    <reg>
     взглянул
    </reg>
   </choice>
   на Аксёнова.
   <choice>
    <reg>
     Аксёнов
    </reg>
   </choice>
   <choice>
    <reg>
     хотел
    </reg>
   </choice>
   пройти,
   <choice>
    <reg>
     чтоб
    </reg>
   </choice>
   не
   <choice>
    <reg>
     видеть
    </reg>
   </choice>
   его; но
   <choice>
    <reg>
     Макар
    </reg>
   </choice>
   <choice>
    <reg>
     ухватил
    </reg>
   </choice>
   его за руку и
   <choice>
    <reg>
     рассказал
    </reg>
   </choice>
   ,
   <choice>
    <reg>
     как
    </reg>
   </choice>
   <choice>
    <reg>
     он
    </reg>
   </choice>
   <choice>
    <reg>
     прокопал
    </reg>
   </choice>
   <choice>
    <reg>
     проход
    </reg>
   </choice>
   <choice>
    <reg>
     под
    </reg>
   </choice>
   <choice>
    <reg>
     стенами
    </reg>
   </choice>
   , и
   <choice>
    <reg>
     как
    </reg>
   </choice>
   <choice>
    <reg>
     он
    </reg>
   </choice>
   землю каждый день
   <choice>
    <reg>
     выносит
    </reg>
   </choice>
   <choice>
    <reg>
     в
    </reg>
   </choice>
   <choice>
    <reg>
     голенищах
    </reg>
   </choice>
   и
   <choice>
    <reg>
     высыпает
    </reg>
   </choice>
   на улицу, когда
   <choice>
    <reg>
     их
    </reg>
   </choice>
   <choice>
    <reg>
     гоняют
    </reg>
   </choice>
   на работу.
   <choice>
    <reg>
     Он
    </reg>
   </choice>
   <choice>
    <reg>
     сказал
    </reg>
   </choice>
   :
  </p>
  <p rend="left" uuid="5e5a493b-6f9c-42b2-97f8-ab81c46fb515">
   — Только молчи,
   <choice>
    <reg>
     старик
    </reg>
   </choice>
   , — я и тебя выведу. А если скажешь, — меня
   <choice>
    <reg>
     засекут
    </reg>
   </choice>
   ; да и
   <choice>
    <reg>
     тебе
    </reg>
   </choice>
   не спущу — убью.
  </p>
  <p rend="left" uuid="5ee3aa7b-eef3-4e0a-b9fa-2f6d48ce9543">
   Когда
   <choice>
    <reg>
     Аксёнов
    </reg>
   </choice>
   <choice>
    <reg>
     увидал
    </reg>
   </choice>
   своего
   <choice>
    <reg>
     злодея
    </reg>
   </choice>
   ,
   <choice>
    <reg>
     он
    </reg>
   </choice>
   весь затрясся
   <choice>
    <reg>
     от
    </reg>
   </choice>
   злости,
   <choice>
    <reg>
     выдернул
    </reg>
   </choice>
   руку и
   <choice>
    <reg>
     сказал
    </reg>
   </choice>
   :
  </p>
  <p rend="left" uuid="bf423cac-d28c-480f-9069-6689187eb021">
   — Выходить
   <choice>
    <reg>
     мне
    </reg>
   </choice>
   не за
   <choice>
    <reg>
     чем
    </reg>
   </choice>
   и убивать меня нечего, — ты меня уже давно
   <choice>
    <reg>
     убил
    </reg>
   </choice>
   . А сказывать про тебя буду, или
   <choice>
    <reg>
     нет
    </reg>
   </choice>
   , —
   <choice>
    <reg>
     как
    </reg>
   </choice>
   <choice>
    <reg>
     Бог
    </reg>
   </choice>
   на душу
   <choice>
    <reg>
     положит
    </reg>
   </choice>
   .
  </p>
  <p rend="left" uuid="39e5efd7-00a4-4e2a-8c88-37b9e81c3b97">
   На другой день, когда вывели
   <choice>
    <reg>
     колодников
    </reg>
   </choice>
   на работу, солдаты
   <choice>
    <reg>
     приметили
    </reg>
   </choice>
   , что
   <choice>
    <reg>
     Макар
    </reg>
   </choice>
   <choice>
    <reg>
     Семёнов
    </reg>
   </choice>
   <choice>
    <reg>
     высыпал
    </reg>
   </choice>
   землю, стали искать
   <choice>
    <reg>
     в
    </reg>
   </choice>
   <choice>
    <reg>
     остроге
    </reg>
   </choice>
   и нашли дыру.
   <choice>
    <reg>
     Начальник
    </reg>
   </choice>
   <choice>
    <reg>
     приехал
    </reg>
   </choice>
   <choice>
    <reg>
     в
    </reg>
   </choice>
   <choice>
    <reg>
     острог
    </reg>
   </choice>
   и
   <choice>
    <reg>
     стал
    </reg>
   </choice>
   <choice>
    <reg>
     всех
    </reg>
   </choice>
   допрашивать:
  </p>
  <p rend="left emptyline" uuid="766a6ff9-fcd8-4bdd-a770-5c18ec24560e">
   <pb n="430"/>
  </p>
  <p rend="centerline" uuid="d1acf13c-ae71-4d0d-b793-e3c4e87854a9">
   — 62 —
  </p>
  <p rend="notindent" uuid="adf538ce-3d36-414a-abb8-eebcd3734686">
   кто
   <choice>
    <reg>
     выкопал
    </reg>
   </choice>
   дыру?
   <choice>
    <reg>
     Все
    </reg>
   </choice>
   отпирались.
   <choice>
    <reg>
     Те
    </reg>
   </choice>
   , которые знали, не выдавали Макара Семёнова, потому что знали, что за это
   <choice>
    <reg>
     дело
    </reg>
   </choice>
   его
   <choice>
    <reg>
     засекут
    </reg>
   </choice>
   до полусмерти. Тогда
   <choice>
    <reg>
     начальник
    </reg>
   </choice>
   обратился
   <choice>
    <reg>
     к
    </reg>
   </choice>
   Аксёнову
   <choice>
    <reg>
     Он
    </reg>
   </choice>
   <choice>
    <reg>
     знал
    </reg>
   </choice>
   , что
   <choice>
    <reg>
     Аксёнов
    </reg>
   </choice>
   <choice>
    <reg>
     был
    </reg>
   </choice>
   справедливый
   <choice>
    <reg>
     человек
    </reg>
   </choice>
   , и
   <choice>
    <reg>
     сказал
    </reg>
   </choice>
   :
  </p>
  <p rend="left" uuid="0562a43e-9699-430e-aae8-162b415fabe8">
   —
   <choice>
    <reg>
     Старик
    </reg>
   </choice>
   , ты
   <choice>
    <reg>
     правдив
    </reg>
   </choice>
   , — скажи
   <choice>
    <reg>
     мне
    </reg>
   </choice>
   <choice>
    <reg>
     перед
    </reg>
   </choice>
   <choice>
    <reg>
     Богом
    </reg>
   </choice>
   , кто это
   <choice>
    <reg>
     сделал
    </reg>
   </choice>
   ?
  </p>
  <p rend="left" uuid="0a5aedb7-0229-4614-8f5e-9522c3a0b8d5">
   <choice>
    <reg>
     Макар
    </reg>
   </choice>
   <choice>
    <reg>
     Семёнов
    </reg>
   </choice>
   <choice>
    <reg>
     стоял
    </reg>
   </choice>
   <choice>
    <reg>
     как
    </reg>
   </choice>
   ни
   <choice>
    <reg>
     в
    </reg>
   </choice>
   <choice>
    <reg>
     чём
    </reg>
   </choice>
   не бывало и
   <choice>
    <reg>
     смотрел
    </reg>
   </choice>
   на начальника и не оглядывался на Аксёнова. У Аксёнова тряслись руки и губы, и
   <choice>
    <reg>
     он
    </reg>
   </choice>
   долго не
   <choice>
    <reg>
     мог
    </reg>
   </choice>
   слова выговорить.
   <choice>
    <reg>
     Он
    </reg>
   </choice>
   <choice>
    <reg>
     думал
    </reg>
   </choice>
   : «Если скрыть его, за что же я его прощу, когда
   <choice>
    <reg>
     он
    </reg>
   </choice>
   меня
   <choice>
    <reg>
     погубил
    </reg>
   </choice>
   ? Пускай поплатится за моё мученье. А сказать на него, точно — его
   <choice>
    <reg>
     засекут
    </reg>
   </choice>
   . А что,
   <choice>
    <reg>
     как
    </reg>
   </choice>
   я понапрасну на него думаю? Да и
   <choice>
    <reg>
     что-ж
    </reg>
   </choice>
   ,
   <choice>
    <reg>
     мне
    </reg>
   </choice>
   легче
   <choice>
    <reg>
     разве
    </reg>
   </choice>
   <choice>
    <reg>
     будет
    </reg>
   </choice>
   ?»
  </p>
  <p rend="left" uuid="17d71486-9654-46d2-a036-d7148d91c9cc">
   <choice>
    <reg>
     Начальник
    </reg>
   </choice>
   еще
   <choice>
    <reg>
     раз
    </reg>
   </choice>
   <choice>
    <reg>
     сказал
    </reg>
   </choice>
   : «ну,
   <choice>
    <reg>
     что-ж
    </reg>
   </choice>
   ,
   <choice>
    <reg>
     старик
    </reg>
   </choice>
   , говори правду: кто подкопался?»
  </p>
  <p rend="left" uuid="8c4bab69-e9f2-4bff-b7ae-3f6eb7c8d2c7">
   <choice>
    <reg>
     Аксёнов
    </reg>
   </choice>
   <choice>
    <reg>
     поглядел
    </reg>
   </choice>
   на Макара Семёнова и
   <choice>
    <reg>
     сказал
    </reg>
   </choice>
   :
  </p>
  <p rend="left" uuid="e8c3a65e-4121-4a34-acb6-da23f39362bd">
   — Я не
   <choice>
    <reg>
     видал
    </reg>
   </choice>
   и не знаю.
  </p>
  <p rend="left" uuid="e83b9139-03ee-4d91-bfdc-588da8a0c287">
   <choice>
    <reg>
     Так
    </reg>
   </choice>
   и не узнали, кто подкопался.
  </p>
  <p rend="left" uuid="c9746761-69c7-40f1-9d71-c4f171145d9f">
   На другую ночь, когда
   <choice>
    <reg>
     Аксёнов
    </reg>
   </choice>
   <choice>
    <reg>
     лёг
    </reg>
   </choice>
   на свою нару и чуть
   <choice>
    <reg>
     задремал
    </reg>
   </choice>
   ,
   <choice>
    <reg>
     он
    </reg>
   </choice>
   <choice>
    <reg>
     услыхал
    </reg>
   </choice>
   , что кто-то
   <choice>
    <reg>
     подошёл
    </reg>
   </choice>
   и
   <choice>
    <reg>
     сел
    </reg>
   </choice>
   у него
   <choice>
    <reg>
     в
    </reg>
   </choice>
   <choice>
    <reg>
     ногах
    </reg>
   </choice>
   .
   <choice>
    <reg>
     Он
    </reg>
   </choice>
   <choice>
    <reg>
     посмотрел
    </reg>
   </choice>
   <choice>
    <reg>
     в
    </reg>
   </choice>
   <choice>
    <reg>
     темноте
    </reg>
   </choice>
   и
   <choice>
    <reg>
     узнал
    </reg>
   </choice>
   Макара.
   <choice>
    <reg>
     Аксёнов
    </reg>
   </choice>
   <choice>
    <reg>
     сказал
    </reg>
   </choice>
   :
  </p>
  <p rend="left" uuid="5eb66e88-6701-442e-9762-42bcc3e04d91">
   — Чего
   <choice>
    <reg>
     тебе
    </reg>
   </choice>
   ещё
   <choice>
    <reg>
     от
    </reg>
   </choice>
   меня надо? Что ты
   <choice>
    <reg>
     тут
    </reg>
   </choice>
   <choice>
    <reg>
     делаешь
    </reg>
   </choice>
   ?
  </p>
  <p rend="left" uuid="d11b96a2-56a6-461c-9c70-b7b15b8719ab">
   <choice>
    <reg>
     Макар
    </reg>
   </choice>
   <choice>
    <reg>
     Семёнов
    </reg>
   </choice>
   <choice>
    <reg>
     молчал
    </reg>
   </choice>
   .
   <choice>
    <reg>
     Аксёнов
    </reg>
   </choice>
   приподнялся и
   <choice>
    <reg>
     сказал
    </reg>
   </choice>
   :
  </p>
  <p rend="left" uuid="9894751c-b1ed-4836-bebd-1d69539d16c5">
   — Что надо? Уйди! А то я солдата кликну.
  </p>
  <p rend="left emptyline" uuid="8693635d-844d-4953-8f62-75d950d19362">
   <pb n="431"/>
  </p>
  <p rend="centerline" uuid="16f91ae2-ca43-45df-a64a-ea72e9f660e7">
   — 63 —
  </p>
  <p rend="left" uuid="9f710bd8-411e-4fc6-bf5c-95238df982ec">
   <choice>
    <reg>
     Макар
    </reg>
   </choice>
   <choice>
    <reg>
     Семёнов
    </reg>
   </choice>
   нагнулся близко
   <choice>
    <reg>
     к
    </reg>
   </choice>
   Аксёнову и
   <choice>
    <reg>
     шёпотом
    </reg>
   </choice>
   <choice>
    <reg>
     сказал
    </reg>
   </choice>
   :
  </p>
  <p rend="left" uuid="586d0912-4f3d-4bf7-a116-9423df8905a1">
   —
   <choice>
    <reg>
     Иван
    </reg>
   </choice>
   <choice>
    <reg>
     Дмитриевич
    </reg>
   </choice>
   , прости меня!
  </p>
  <p rend="left" uuid="f08ef05e-8bc5-4d61-b910-53b0ba8bf42a">
   <choice>
    <reg>
     Аксёнов
    </reg>
   </choice>
   <choice>
    <reg>
     сказал
    </reg>
   </choice>
   : «за что тебя прощать?»
  </p>
  <p rend="left" uuid="3d90a6fb-ff56-400d-bdf0-3ac9c8943b0b">
   — Я купца
   <choice>
    <reg>
     убил
    </reg>
   </choice>
   , я и
   <choice>
    <reg>
     ножик
    </reg>
   </choice>
   <choice>
    <reg>
     тебе
    </reg>
   </choice>
   <choice>
    <reg>
     подсунул
    </reg>
   </choice>
   . Я и тебя
   <choice>
    <reg>
     хотел
    </reg>
   </choice>
   убить, да на
   <choice>
    <reg>
     дворе
    </reg>
   </choice>
   <choice>
    <reg>
     зашумели
    </reg>
   </choice>
   ; я
   <choice>
    <reg>
     сунул
    </reg>
   </choice>
   <choice>
    <reg>
     тебе
    </reg>
   </choice>
   <choice>
    <reg>
     ножик
    </reg>
   </choice>
   <choice>
    <reg>
     в
    </reg>
   </choice>
   <choice>
    <reg>
     мешок
    </reg>
   </choice>
   и
   <choice>
    <reg>
     вылез
    </reg>
   </choice>
   <choice>
    <reg>
     в
    </reg>
   </choice>
   окошко.
   <choice>
    <reg>
     Аксёнов
    </reg>
   </choice>
   <choice>
    <reg>
     молчал
    </reg>
   </choice>
   и не
   <choice>
    <reg>
     знал
    </reg>
   </choice>
   , что сказать.
   <choice>
    <reg>
     Макар
    </reg>
   </choice>
   <choice>
    <reg>
     Семёнов
    </reg>
   </choice>
   спустился
   <choice>
    <reg>
     с
    </reg>
   </choice>
   нары, поклонился
   <choice>
    <reg>
     в
    </reg>
   </choice>
   землю и
   <choice>
    <reg>
     сказал
    </reg>
   </choice>
   :
  </p>
  <p rend="left" uuid="6d362a5c-65eb-4236-92c4-42332e1298fb">
   —
   <choice>
    <reg>
     Иван
    </reg>
   </choice>
   <choice>
    <reg>
     Дмитриевич
    </reg>
   </choice>
   , прости меня, прости ради Бога. Я объявлюсь, что я купца
   <choice>
    <reg>
     убил
    </reg>
   </choice>
   , — тебя
   <choice>
    <reg>
     простят
    </reg>
   </choice>
   . Ты домой вернёшься.
  </p>
  <p rend="left" uuid="3df2fcd5-91e1-45a0-9495-f3177bb46e17">
   <choice>
    <reg>
     Аксёнов
    </reg>
   </choice>
   <choice>
    <reg>
     сказал
    </reg>
   </choice>
   :
  </p>
  <p rend="left" uuid="c101bf5e-516e-44a3-92eb-ec689e425a76">
   —
   <choice>
    <reg>
     Тебе
    </reg>
   </choice>
   говорить легко, a
   <choice>
    <reg>
     мне
    </reg>
   </choice>
   <choice>
    <reg>
     терпеть
    </reg>
   </choice>
   каково! Куда я пойду теперь?... Жена померла,
   <choice>
    <reg>
     дети
    </reg>
   </choice>
   забыли;
   <choice>
    <reg>
     мне
    </reg>
   </choice>
   ходить некуда...
  </p>
  <p rend="left" uuid="8acd8067-380a-47fb-92f9-67936b471caf">
   <choice>
    <reg>
     Макар
    </reg>
   </choice>
   <choice>
    <reg>
     Семёнов
    </reg>
   </choice>
   не
   <choice>
    <reg>
     вставал
    </reg>
   </choice>
   <choice>
    <reg>
     с
    </reg>
   </choice>
   полу, бился головой о землю и
   <choice>
    <reg>
     говорил
    </reg>
   </choice>
   :
  </p>
  <p rend="left" uuid="116afeb8-f2df-42b9-8c6b-ae022c6299df">
   — «
   <choice>
    <reg>
     Иван
    </reg>
   </choice>
   <choice>
    <reg>
     Дмитрич
    </reg>
   </choice>
   , прости! Когда меня
   <choice>
    <reg>
     кнутом
    </reg>
   </choice>
   <choice>
    <reg>
     секли
    </reg>
   </choice>
   ,
   <choice>
    <reg>
     мне
    </reg>
   </choice>
   легче было,
   <choice>
    <reg>
     чем
    </reg>
   </choice>
   теперь на тебя
   <choice>
    <reg>
     смотреть
    </reg>
   </choice>
   .... А ты ещё
   <choice>
    <reg>
     пожалел
    </reg>
   </choice>
   меня — не
   <choice>
    <reg>
     сказал
    </reg>
   </choice>
   . Прости меня ради Христа! Прости ты меня,
   <choice>
    <reg>
     злодея
    </reg>
   </choice>
   <choice>
    <reg>
     окаянного
    </reg>
   </choice>
   !» — И
   <choice>
    <reg>
     он
    </reg>
   </choice>
   <choice>
    <reg>
     зарыдал
    </reg>
   </choice>
   .
  </p>
  <p rend="left" uuid="7355f695-5993-48d5-9a8f-affc1cb2a7fa">
   Когда
   <choice>
    <reg>
     Аксёнов
    </reg>
   </choice>
   <choice>
    <reg>
     услыхал
    </reg>
   </choice>
   , что
   <choice>
    <reg>
     Макар
    </reg>
   </choice>
   <choice>
    <reg>
     Семёнов
    </reg>
   </choice>
   <choice>
    <reg>
     плачет
    </reg>
   </choice>
   ,
   <choice>
    <reg>
     он
    </reg>
   </choice>
   <choice>
    <reg>
     сам
    </reg>
   </choice>
   <choice>
    <reg>
     заплакал
    </reg>
   </choice>
   и
   <choice>
    <reg>
     сказал
    </reg>
   </choice>
   :
  </p>
  <p rend="left" uuid="9e22cd39-a65e-4322-90ef-0c2163a8ba9f">
   — «
   <choice>
    <reg>
     Бог
    </reg>
   </choice>
   <choice>
    <reg>
     простит
    </reg>
   </choice>
   тебя;
   <choice>
    <reg>
     может
    </reg>
   </choice>
   быть я во сто
   <choice>
    <reg>
     раз
    </reg>
   </choice>
   хуже тебя!» И
   <choice>
    <reg>
     вдруг
    </reg>
   </choice>
   у него на
   <choice>
    <reg>
     душе
    </reg>
   </choice>
   легко стало. И
   <choice>
    <reg>
     он
    </reg>
   </choice>
   <choice>
    <reg>
     перестал
    </reg>
   </choice>
   скучать о
   <choice>
    <reg>
     доме
    </reg>
   </choice>
   , и никуда не
   <choice>
    <reg>
     хотел
    </reg>
   </choice>
   <choice>
    <reg>
     из
    </reg>
   </choice>
   острога, а только
   <choice>
    <reg>
     думал
    </reg>
   </choice>
   о
   <choice>
    <reg>
     последнем
    </reg>
   </choice>
   <choice>
    <reg>
     часе
    </reg>
   </choice>
   .
  </p>
  <p rend="left emptyline" uuid="0f169d84-63e8-429c-86ea-e4a5eb9dadbe">
   <pb n="432"/>
  </p>
  <p rend="centerline" uuid="a0bf2658-ac26-4d3f-8c19-0ab314476b5c">
   — 64 —
  </p>
  <p rend="left" uuid="166fc7c3-52f0-479f-8911-3cf5a6cc222c">
   <choice>
    <reg>
     Макар
    </reg>
   </choice>
   <choice>
    <reg>
     Семёнов
    </reg>
   </choice>
   не послушался Аксёнова и объявился
   <choice>
    <reg>
     виноватым
    </reg>
   </choice>
   . Когда вышло Аксёнову
   <choice>
    <reg>
     разрешение
    </reg>
   </choice>
   вернуться, —
   <choice>
    <reg>
     Аксёнов
    </reg>
   </choice>
   уже
   <choice>
    <reg>
     умер
    </reg>
   </choice>
   .
  </p>
 </div>
</TEI>