<?xml version="1.0" encoding="utf-8"?>
<TEI xmlns="http://www.tei-c.org/ns/1.0" xmlns:xi="http://www.w3.org/2001/XInclude">
 <teiHeader>
  <fileDesc>
   <titleStmt>
    <title>
     Азбука. Книга I
    </title>
    <author>
     Толстой Л.Н.
    </author>
    <respStmt>
     <resp>
      подготовка TEI/XML
     </resp>
     <name>
      Мария Картышева, Евгений Можаев, Даниил Скоринкин, Елена Сидорова, Вероника Файнберг, Кирилл Милинцевич
     </name>
    </respStmt>
    <respStmt>
     <name>
      Анастасия Бонч-Осмоловская, Фёкла Толстая, Борис Орехов
     </name>
     <resp>
      Идея, постановка задач, руководство
     </resp>
    </respStmt>
   </titleStmt>
   <publicationStmt>
    <idno>
     Азбука  | Книга I
    </idno>
    <publisher>
     <orgName>
      Школа лингвистики НИУ ВШЭ
     </orgName>
    </publisher>
    <availability>
     <p>
      Тексты и метатекстовая разметка доступны для свободного использования и распространения по лицензии Creative Commons Attribution Share-Alike (cc by-sa)
     </p>
    </availability>
   </publicationStmt>
   <sourceDesc>
    <biblStruct>
     <analytic>
      <author>
       Толстой Л.Н.
      </author>
      <title level="a">
       Азбука. Книга I
      </title>
     </analytic>
     <monogr>
      <title level="m">
       Полное собрание сочинений. Том 22
      </title>
      <imprint>
       <pubPlace>
        Москва
       </pubPlace>
       <publisher>
        Государственное издательство "Художественная литература"
       </publisher>
       <date when="1871-1872"/>
      </imprint>
     </monogr>
     <series>
      <title level="s">
       Л.Н. Толстой. Полное собрание сочинений
      </title>
      <biblScope unit="vol">
       22
      </biblScope>
     </series>
    </biblStruct>
   </sourceDesc>
  </fileDesc>
  <encodingDesc>
   <classDecl>
    <xi:include href="taxonomy.xml"/>
   </classDecl>
  </encodingDesc>
  <profileDesc>
   <creation>
    <date notAfter="1872" notBefore="1871">
     1871-1872
    </date>
    <rs/>
   </creation>
   <textClass>
    <catRef target="#fiction" type="sphere"/>
    <catRef target="#произведения для детей" type="type"/>
    <catRef target="#works" type="works_letters_diaries"/>
    <catRef target="#азбука" type="ninetyDef"/>
    <catRef target="#Основное" type="main_var"/>
    <catRef target="#азбука" type="type_short"/>
    <catRef target="None" type="translation"/>
    <catRef target="None" type="translation_origin"/>
    <catRef target="#да" type="tolstoy_or_not"/>
    <catRef target="None" type="name_status"/>
   </textClass>
   <preparedness>
    finished
   </preparedness>
   <settingDesc>
    <time>
     XIX век
    </time>
   </settingDesc>
  </profileDesc>
  <xenoData>
   <cyclusName/>
   <p>
    Проект
    <title>
     Толстой.Digital
    </title>
    разрабатывается сотрудниками и студентами
    <orgName>
     Высшей школы экономики
    </orgName>
    в сотрудничестве с
    <orgName>
     Государственным музеем Л.Н. Толстого
    </orgName>
    . Источник текстов –
    <bibl>
     90-томное собрание сочинений Л.Н.Толстого
    </bibl>
    . Разметка основана на стандарте
    <ref target="http://www.tei-c.org">
     TEI (Text Encoding Initiative)
    </ref>
    .
   </p>
   <versionNumber/>
   <isFinished/>
   <isEdited/>
   <fullBibliographicDescription/>
  </xenoData>
 </teiHeader>
 <p rend="left emptyline">
  <pb n="565"/>
 </p>
 <div type="section" xml:id="ref241">
  <head rend="center">
   <hi rend="strong">
    <choice>
     <reg>
      ЛЕВ
     </reg>
    </choice>
    ,
    <choice>
     <reg>
      ОСЕЛ
     </reg>
    </choice>
    И ЛИСИЦА.
   </hi>
  </head>
  <p rend="left" uuid="36836f56-979e-436e-b008-fe57cf10ffce">
   <choice>
    <reg>
     Лев
    </reg>
   </choice>
   ,
   <choice>
    <reg>
     осел
    </reg>
   </choice>
   и лисица вышли на добычу. Наловили они много
   <choice>
    <reg>
     зверей
    </reg>
   </choice>
   , и
   <choice>
    <reg>
     лев
    </reg>
   </choice>
   <choice>
    <reg>
     велел
    </reg>
   </choice>
   ослу
   <choice>
    <reg>
     делить
    </reg>
   </choice>
   .
   <choice>
    <reg>
     Осел
    </reg>
   </choice>
   <choice>
    <reg>
     разделил
    </reg>
   </choice>
   по ровну на три части и
   <choice>
    <reg>
     говорит
    </reg>
   </choice>
   : «ну, теперь берите!»
   <choice>
    <reg>
     Лев
    </reg>
   </choice>
   <choice>
    <reg>
     рассердился
    </reg>
   </choice>
   ,
   <choice>
    <reg>
     съел
    </reg>
   </choice>
   осла и
   <choice>
    <reg>
     велел
    </reg>
   </choice>
   <choice>
    <reg>
     лисице
    </reg>
   </choice>
   <choice>
    <reg>
     переделить
    </reg>
   </choice>
   . Лисица все собрала
   <choice>
    <reg>
     в
    </reg>
   </choice>
   одну кучу, a
   <choice>
    <reg>
     себе
    </reg>
   </choice>
   чуточку оставила.
   <choice>
    <reg>
     Лев
    </reg>
   </choice>
   <choice>
    <reg>
     посмотрел
    </reg>
   </choice>
   и
   <choice>
    <reg>
     говорит
    </reg>
   </choice>
   : «Ну, умница! Кто
   <choice>
    <reg>
     ж
    </reg>
   </choice>
   тебя
   <choice>
    <reg>
     научил
    </reg>
   </choice>
   <choice>
    <reg>
     так
    </reg>
   </choice>
   хорошо делить?»
  </p>
  <p rend="left" uuid="4ad7263f-c395-4f76-94cd-32b01830996b">
   Она
   <choice>
    <reg>
     говорит
    </reg>
   </choice>
   : «А
   <choice>
    <reg>
     с
    </reg>
   </choice>
   <choice>
    <reg>
     ослом-то
    </reg>
   </choice>
   чтó было?»
  </p>
 </div>
</TEI>