<?xml version="1.0" encoding="utf-8"?>
<TEI xmlns="http://www.tei-c.org/ns/1.0" xmlns:xi="http://www.w3.org/2001/XInclude">
 <teiHeader>
  <fileDesc>
   <titleStmt>
    <title>
     Азбука. Книга I
    </title>
    <author>
     Толстой Л.Н.
    </author>
    <respStmt>
     <resp>
      подготовка TEI/XML
     </resp>
     <name>
      Мария Картышева, Евгений Можаев, Даниил Скоринкин, Елена Сидорова, Вероника Файнберг, Кирилл Милинцевич
     </name>
    </respStmt>
    <respStmt>
     <name>
      Анастасия Бонч-Осмоловская, Фёкла Толстая, Борис Орехов
     </name>
     <resp>
      Идея, постановка задач, руководство
     </resp>
    </respStmt>
   </titleStmt>
   <publicationStmt>
    <idno>
     Азбука  | Книга I
    </idno>
    <publisher>
     <orgName>
      Школа лингвистики НИУ ВШЭ
     </orgName>
    </publisher>
    <availability>
     <p>
      Тексты и метатекстовая разметка доступны для свободного использования и распространения по лицензии Creative Commons Attribution Share-Alike (cc by-sa)
     </p>
    </availability>
   </publicationStmt>
   <sourceDesc>
    <biblStruct>
     <analytic>
      <author>
       Толстой Л.Н.
      </author>
      <title level="a">
       Азбука. Книга I
      </title>
     </analytic>
     <monogr>
      <title level="m">
       Полное собрание сочинений. Том 22
      </title>
      <imprint>
       <pubPlace>
        Москва
       </pubPlace>
       <publisher>
        Государственное издательство "Художественная литература"
       </publisher>
       <date when="1871-1872"/>
      </imprint>
     </monogr>
     <series>
      <title level="s">
       Л.Н. Толстой. Полное собрание сочинений
      </title>
      <biblScope unit="vol">
       22
      </biblScope>
     </series>
    </biblStruct>
   </sourceDesc>
  </fileDesc>
  <encodingDesc>
   <classDecl>
    <xi:include href="taxonomy.xml"/>
   </classDecl>
  </encodingDesc>
  <profileDesc>
   <creation>
    <date notAfter="1872" notBefore="1871">
     1871-1872
    </date>
    <rs/>
   </creation>
   <textClass>
    <catRef target="#fiction" type="sphere"/>
    <catRef target="#произведения для детей" type="type"/>
    <catRef target="#works" type="works_letters_diaries"/>
    <catRef target="#азбука" type="ninetyDef"/>
    <catRef target="#Основное" type="main_var"/>
    <catRef target="#азбука" type="type_short"/>
    <catRef target="None" type="translation"/>
    <catRef target="None" type="translation_origin"/>
    <catRef target="#да" type="tolstoy_or_not"/>
    <catRef target="None" type="name_status"/>
   </textClass>
   <preparedness>
    finished
   </preparedness>
   <settingDesc>
    <time>
     XIX век
    </time>
   </settingDesc>
  </profileDesc>
  <xenoData>
   <cyclusName/>
   <p>
    Проект
    <title>
     Толстой.Digital
    </title>
    разрабатывается сотрудниками и студентами
    <orgName>
     Высшей школы экономики
    </orgName>
    в сотрудничестве с
    <orgName>
     Государственным музеем Л.Н. Толстого
    </orgName>
    . Источник текстов –
    <bibl>
     90-томное собрание сочинений Л.Н.Толстого
    </bibl>
    . Разметка основана на стандарте
    <ref target="http://www.tei-c.org">
     TEI (Text Encoding Initiative)
    </ref>
    .
   </p>
   <versionNumber/>
   <isFinished/>
   <isEdited/>
   <fullBibliographicDescription/>
  </xenoData>
 </teiHeader>
 <p rend="left emptyline">
  <pb n="268"/>
 </p>
 <div type="section" xml:id="ref136">
  <head rend="center">
   <hi rend="strong">
    ОТЧЕГО
    <choice>
     <reg>
      БЫВАЕТ
     </reg>
    </choice>
    <choice>
     <reg>
      ВЕТЕР
     </reg>
    </choice>
    ?
   </hi>
  </head>
  <p rend="left" uuid="48063d1c-1c8a-44e4-879e-160e6cc23b52">
   Рыбы
   <choice>
    <reg>
     живут
    </reg>
   </choice>
   <choice>
    <reg>
     в
    </reg>
   </choice>
   <choice>
    <reg>
     воде
    </reg>
   </choice>
   , а люди
   <choice>
    <reg>
     в
    </reg>
   </choice>
   <choice>
    <reg>
     воздухе
    </reg>
   </choice>
   .
   <choice>
    <reg>
     Рыбам
    </reg>
   </choice>
   не слышно и не видно воды, пока сами рыбы не шевелятся, или пока вода не шевелится. И
   <choice>
    <reg>
     нам
    </reg>
   </choice>
   также не слышно воздуха, пока мы не шевелимся, или
   <choice>
    <reg>
     воздух
    </reg>
   </choice>
   не шевелится.
  </p>
  <p rend="left" uuid="17f93b4b-d6d8-4e56-b76c-d8cd6ab1aa6a">
   Но
   <choice>
    <reg>
     как
    </reg>
   </choice>
   только мы
   <choice>
    <reg>
     побежим
    </reg>
   </choice>
   , мы
   <choice>
    <reg>
     слышим
    </reg>
   </choice>
   <choice>
    <reg>
     воздух
    </reg>
   </choice>
   —
   <choice>
    <reg>
     нам
    </reg>
   </choice>
   дуеть
   <choice>
    <reg>
     в
    </reg>
   </choice>
   лицо; а иногда слышно, когда мы
   <choice>
    <reg>
     бежим
    </reg>
   </choice>
   ,
   <choice>
    <reg>
     как
    </reg>
   </choice>
   <choice>
    <reg>
     воздух
    </reg>
   </choice>
   <choice>
    <reg>
     в
    </reg>
   </choice>
   <choice>
    <reg>
     ушах
    </reg>
   </choice>
   <choice>
    <reg>
     свистит
    </reg>
   </choice>
   .
   <choice>
    <reg>
     Когда же
    </reg>
   </choice>
   <choice>
    <reg>
     отворим
    </reg>
   </choice>
   дверь
   <choice>
    <reg>
     в
    </reg>
   </choice>
   тёплую горницу, то всегда
   <choice>
    <reg>
     дует
    </reg>
   </choice>
   <choice>
    <reg>
     ветер
    </reg>
   </choice>
   <hi rend="italic">
    <choice>
     <reg>
      низом
     </reg>
    </choice>
   </hi>
   со двора
   <choice>
    <reg>
     в
    </reg>
   </choice>
   горницу, а
   <hi rend="italic">
    <choice>
     <reg>
      верхом
     </reg>
    </choice>
   </hi>
   <choice>
    <reg>
     дует
    </reg>
   </choice>
   <choice>
    <reg>
     из
    </reg>
   </choice>
   горницы на
   <choice>
    <reg>
     двор
    </reg>
   </choice>
   .
  </p>
  <p rend="left" uuid="675781d5-902c-4311-9f2a-973da6d27664">
   Когда кто-нибудь
   <choice>
    <reg>
     ходит
    </reg>
   </choice>
   по
   <choice>
    <reg>
     комнате
    </reg>
   </choice>
   или
   <choice>
    <reg>
     махает
    </reg>
   </choice>
   <choice>
    <reg>
     платьем
    </reg>
   </choice>
   , то мы
   <choice>
    <reg>
     говорим
    </reg>
   </choice>
   : «
   <choice>
    <reg>
     он
    </reg>
   </choice>
   <choice>
    <reg>
     ветер
    </reg>
   </choice>
   <choice>
    <reg>
     делает
    </reg>
   </choice>
   », а когда
   <choice>
    <reg>
     топят
    </reg>
   </choice>
   печку, всегда
   <choice>
    <reg>
     в
    </reg>
   </choice>
   неё
   <choice>
    <reg>
     дует
    </reg>
   </choice>
   <choice>
    <reg>
     ветер
    </reg>
   </choice>
   . Когда на
   <choice>
    <reg>
     дворе
    </reg>
   </choice>
   <choice>
    <reg>
     дует
    </reg>
   </choice>
   <choice>
    <reg>
     ветер
    </reg>
   </choice>
   , то
   <choice>
    <reg>
     он
    </reg>
   </choice>
   <choice>
    <reg>
     дует
    </reg>
   </choice>
   <choice>
    <reg>
     целые
    </reg>
   </choice>
   дни и ночи, иногда
   <choice>
    <reg>
     в
    </reg>
   </choice>
   одну сторону, иногда
   <choice>
    <reg>
     в
    </reg>
   </choice>
   другую. Это
   <choice>
    <reg>
     бывает
    </reg>
   </choice>
   оттого, что
   <choice>
    <reg>
     где
    </reg>
   </choice>
   нибудь на
   <choice>
    <reg>
     земле
    </reg>
   </choice>
   <choice>
    <reg>
     воздух
    </reg>
   </choice>
   очень
   <choice>
    <reg>
     разогреется
    </reg>
   </choice>
   , а
   <choice>
    <reg>
     в
    </reg>
   </choice>
   <choice>
    <reg>
     другом
    </reg>
   </choice>
   <choice>
    <reg>
     месте
    </reg>
   </choice>
   <choice>
    <reg>
     остынет
    </reg>
   </choice>
   , — тогда и начинается
   <choice>
    <reg>
     ветер
    </reg>
   </choice>
   , и
   <choice>
    <reg>
     низом
    </reg>
   </choice>
   <choice>
    <reg>
     идет
    </reg>
   </choice>
   холодный
   <choice>
    <reg>
     дух
    </reg>
   </choice>
   , а
   <choice>
    <reg>
     верхом
    </reg>
   </choice>
   теплый,
   <choice>
    <reg>
     так
    </reg>
   </choice>
   же
   <choice>
    <reg>
     как
    </reg>
   </choice>
   <choice>
    <reg>
     с
    </reg>
   </choice>
   надворья
   <choice>
    <reg>
     в
    </reg>
   </choice>
   избу. И до
   <choice>
    <reg>
     тех
    </reg>
   </choice>
   <choice>
    <reg>
     пор
    </reg>
   </choice>
   <choice>
    <reg>
     дует
    </reg>
   </choice>
   , пока не
   <choice>
    <reg>
     согреется
    </reg>
   </choice>
   <choice>
    <reg>
     там
    </reg>
   </choice>
   ,
   <choice>
    <reg>
     где
    </reg>
   </choice>
   было холодно, и не
   <choice>
    <reg>
     остынет
    </reg>
   </choice>
   <choice>
    <reg>
     там
    </reg>
   </choice>
   ,
   <choice>
    <reg>
     где
    </reg>
   </choice>
   было жарко.
  </p>
 </div>
</TEI>