<?xml version="1.0" encoding="utf-8"?>
<TEI xmlns="http://www.tei-c.org/ns/1.0" xmlns:xi="http://www.w3.org/2001/XInclude">
 <teiHeader>
  <fileDesc>
   <titleStmt>
    <title>
     Азбука. Книга I
    </title>
    <author>
     Толстой Л.Н.
    </author>
    <respStmt>
     <resp>
      подготовка TEI/XML
     </resp>
     <name>
      Мария Картышева, Евгений Можаев, Даниил Скоринкин, Елена Сидорова, Вероника Файнберг, Кирилл Милинцевич
     </name>
    </respStmt>
    <respStmt>
     <name>
      Анастасия Бонч-Осмоловская, Фёкла Толстая, Борис Орехов
     </name>
     <resp>
      Идея, постановка задач, руководство
     </resp>
    </respStmt>
   </titleStmt>
   <publicationStmt>
    <idno>
     Азбука  | Книга I
    </idno>
    <publisher>
     <orgName>
      Школа лингвистики НИУ ВШЭ
     </orgName>
    </publisher>
    <availability>
     <p>
      Тексты и метатекстовая разметка доступны для свободного использования и распространения по лицензии Creative Commons Attribution Share-Alike (cc by-sa)
     </p>
    </availability>
   </publicationStmt>
   <sourceDesc>
    <biblStruct>
     <analytic>
      <author>
       Толстой Л.Н.
      </author>
      <title level="a">
       Азбука. Книга I
      </title>
     </analytic>
     <monogr>
      <title level="m">
       Полное собрание сочинений. Том 22
      </title>
      <imprint>
       <pubPlace>
        Москва
       </pubPlace>
       <publisher>
        Государственное издательство "Художественная литература"
       </publisher>
       <date when="1871-1872"/>
      </imprint>
     </monogr>
     <series>
      <title level="s">
       Л.Н. Толстой. Полное собрание сочинений
      </title>
      <biblScope unit="vol">
       22
      </biblScope>
     </series>
    </biblStruct>
   </sourceDesc>
  </fileDesc>
  <encodingDesc>
   <classDecl>
    <xi:include href="taxonomy.xml"/>
   </classDecl>
  </encodingDesc>
  <profileDesc>
   <creation>
    <date notAfter="1872" notBefore="1871">
     1871-1872
    </date>
    <rs/>
   </creation>
   <textClass>
    <catRef target="#fiction" type="sphere"/>
    <catRef target="#произведения для детей" type="type"/>
    <catRef target="#works" type="works_letters_diaries"/>
    <catRef target="#азбука" type="ninetyDef"/>
    <catRef target="#Основное" type="main_var"/>
    <catRef target="#азбука" type="type_short"/>
    <catRef target="None" type="translation"/>
    <catRef target="None" type="translation_origin"/>
    <catRef target="#да" type="tolstoy_or_not"/>
    <catRef target="None" type="name_status"/>
   </textClass>
   <preparedness>
    finished
   </preparedness>
   <settingDesc>
    <time>
     XIX век
    </time>
   </settingDesc>
  </profileDesc>
  <xenoData>
   <cyclusName/>
   <p>
    Проект
    <title>
     Толстой.Digital
    </title>
    разрабатывается сотрудниками и студентами
    <orgName>
     Высшей школы экономики
    </orgName>
    в сотрудничестве с
    <orgName>
     Государственным музеем Л.Н. Толстого
    </orgName>
    . Источник текстов –
    <bibl>
     90-томное собрание сочинений Л.Н.Толстого
    </bibl>
    . Разметка основана на стандарте
    <ref target="http://www.tei-c.org">
     TEI (Text Encoding Initiative)
    </ref>
    .
   </p>
   <versionNumber/>
   <isFinished/>
   <isEdited/>
   <fullBibliographicDescription/>
  </xenoData>
 </teiHeader>
 <p rend="left emptyline">
  <pb n="71"/>
 </p>
 <div type="section" xml:id="ref10">
  <head rend="Azbuka left">
   <hi rend="strong">
    Г
    <hi rend="italic">
     о
    </hi>
    л
    <hi rend="italic">
     о
    </hi>
    ва и
    <choice>
     <reg>
      хвост
     </reg>
    </choice>
    <choice>
     <reg>
      змеи
     </reg>
    </choice>
    .
   </hi>
  </head>
  <p rend="Azbuka left" uuid="4aa9615e-dedd-4f1e-afe7-a9ab20f6e703">
   Зм
   <hi rend="big">
    ѣ
   </hi>
   ин
   <hi rend="italic">
    ый
   </hi>
   <choice>
    <reg>
     хвост
    </reg>
   </choice>
   <choice>
    <reg>
     заспорил
    </reg>
   </choice>
   <choice>
    <reg>
     с
    </reg>
   </choice>
   зм
   <hi rend="big">
    ѣ
   </hi>
   ин
   <hi rend="italic">
    о
   </hi>
   й г
   <hi rend="italic">
    о
   </hi>
   л
   <hi rend="italic">
    о
   </hi>
   вой
   <hi rend="italic">
    о
   </hi>
   <choice>
    <reg>
     том
    </reg>
   </choice>
   , к
   <hi rend="italic">
    о
   </hi>
   му х
   <hi rend="italic">
    о
   </hi>
   дить впереди? Г
   <hi rend="italic">
    о
   </hi>
   л
   <hi rend="italic">
    о
   </hi>
   ва сказала: „ты не можешь х
   <hi rend="italic">
    о
   </hi>
   дить перед
   <hi rend="italic">
    о
   </hi>
   <choice>
    <reg>
     м
    </reg>
   </choice>
   , у тебя н
   <hi rend="big">
    ѣ
   </hi>
   <choice>
    <reg>
     т
    </reg>
   </choice>
   гла
   <hi rend="italic">
    з
   </hi>
   ъ и ушей“.
   <choice>
    <reg>
     Хвост
    </reg>
   </choice>
   <choice>
    <reg>
     сказал
    </reg>
   </choice>
   : „а за то в
   <hi rend="italic">
    о
   </hi>
   <choice>
    <reg>
     мне
    </reg>
   </choice>
   сила, я тебя двигаю; если зах
   <hi rend="italic">
    о
   </hi>
   чу, да
   <hi rend="italic">
    о
   </hi>
   бернусь в
   <hi rend="italic">
    о
   </hi>
   кру
   <hi rend="italic">
    г
   </hi>
   ъ дерева, ты
   <choice>
    <reg>
     с
    </reg>
   </choice>
   м
   <hi rend="big">
    ѣ
   </hi>
   ста не тронешьс
   <hi rend="italic">
    я
   </hi>
   . Г
   <hi rend="italic">
    о
   </hi>
   л
   <hi rend="italic">
    о
   </hi>
   ва сказала: „раз
   <hi rend="italic">
    о
   </hi>
   йдёмся!“
  </p>
  <p rend="Azbuka left" uuid="ded40de5-4115-4c33-b63d-c0681cc8fd24">
   И
   <choice>
    <reg>
     хвост
    </reg>
   </choice>
   <hi rend="italic">
    о
   </hi>
   т
   <hi rend="italic">
    о
   </hi>
   рвалс
   <hi rend="italic">
    я
   </hi>
   <hi rend="italic">
    о
   </hi>
   <choice>
    <reg>
     т
    </reg>
   </choice>
   г
   <hi rend="italic">
    о
   </hi>
   л
   <hi rend="italic">
    о
   </hi>
   вы и п
   <hi rend="italic">
    о
   </hi>
   пол
   <hi rend="italic">
    з
   </hi>
   ъ
   <choice>
    <reg>
     вперед
    </reg>
   </choice>
   . Но тольк
   <hi rend="italic">
    о
   </hi>
   <hi rend="italic">
    ч
   </hi>
   то
   <choice>
    <reg>
     он
    </reg>
   </choice>
   <hi rend="italic">
    о
   </hi>
   тпол
   <hi rend="italic">
    з
   </hi>
   ъ
   <hi rend="italic">
    о
   </hi>
   <choice>
    <reg>
     т
    </reg>
   </choice>
   г
   <hi rend="italic">
    о
   </hi>
   л
   <hi rend="italic">
    о
   </hi>
   вы, п
   <hi rend="italic">
    о
   </hi>
   <choice>
    <reg>
     пал
    </reg>
   </choice>
   <choice>
    <reg>
     в
    </reg>
   </choice>
   трещину и пр
   <hi rend="italic">
    о
   </hi>
   валилс
   <hi rend="italic">
    я
   </hi>
   .
  </p>
 </div>
</TEI>