<?xml version="1.0" encoding="utf-8"?>
<TEI xmlns="http://www.tei-c.org/ns/1.0" xmlns:xi="http://www.w3.org/2001/XInclude">
 <teiHeader>
  <fileDesc>
   <titleStmt>
    <title>
     Азбука. Книга I
    </title>
    <author>
     Толстой Л.Н.
    </author>
    <respStmt>
     <resp>
      подготовка TEI/XML
     </resp>
     <name>
      Мария Картышева, Евгений Можаев, Даниил Скоринкин, Елена Сидорова, Вероника Файнберг, Кирилл Милинцевич
     </name>
    </respStmt>
    <respStmt>
     <name>
      Анастасия Бонч-Осмоловская, Фёкла Толстая, Борис Орехов
     </name>
     <resp>
      Идея, постановка задач, руководство
     </resp>
    </respStmt>
   </titleStmt>
   <publicationStmt>
    <idno>
     Азбука  | Книга I
    </idno>
    <publisher>
     <orgName>
      Школа лингвистики НИУ ВШЭ
     </orgName>
    </publisher>
    <availability>
     <p>
      Тексты и метатекстовая разметка доступны для свободного использования и распространения по лицензии Creative Commons Attribution Share-Alike (cc by-sa)
     </p>
    </availability>
   </publicationStmt>
   <sourceDesc>
    <biblStruct>
     <analytic>
      <author>
       Толстой Л.Н.
      </author>
      <title level="a">
       Азбука. Книга I
      </title>
     </analytic>
     <monogr>
      <title level="m">
       Полное собрание сочинений. Том 22
      </title>
      <imprint>
       <pubPlace>
        Москва
       </pubPlace>
       <publisher>
        Государственное издательство "Художественная литература"
       </publisher>
       <date when="1871-1872"/>
      </imprint>
     </monogr>
     <series>
      <title level="s">
       Л.Н. Толстой. Полное собрание сочинений
      </title>
      <biblScope unit="vol">
       22
      </biblScope>
     </series>
    </biblStruct>
   </sourceDesc>
  </fileDesc>
  <encodingDesc>
   <classDecl>
    <xi:include href="taxonomy.xml"/>
   </classDecl>
  </encodingDesc>
  <profileDesc>
   <creation>
    <date notAfter="1872" notBefore="1871">
     1871-1872
    </date>
    <rs/>
   </creation>
   <textClass>
    <catRef target="#fiction" type="sphere"/>
    <catRef target="#произведения для детей" type="type"/>
    <catRef target="#works" type="works_letters_diaries"/>
    <catRef target="#азбука" type="ninetyDef"/>
    <catRef target="#Основное" type="main_var"/>
    <catRef target="#азбука" type="type_short"/>
    <catRef target="None" type="translation"/>
    <catRef target="None" type="translation_origin"/>
    <catRef target="#да" type="tolstoy_or_not"/>
    <catRef target="None" type="name_status"/>
   </textClass>
   <preparedness>
    finished
   </preparedness>
   <settingDesc>
    <time>
     XIX век
    </time>
   </settingDesc>
  </profileDesc>
  <xenoData>
   <cyclusName/>
   <p>
    Проект
    <title>
     Толстой.Digital
    </title>
    разрабатывается сотрудниками и студентами
    <orgName>
     Высшей школы экономики
    </orgName>
    в сотрудничестве с
    <orgName>
     Государственным музеем Л.Н. Толстого
    </orgName>
    . Источник текстов –
    <bibl>
     90-томное собрание сочинений Л.Н.Толстого
    </bibl>
    . Разметка основана на стандарте
    <ref target="http://www.tei-c.org">
     TEI (Text Encoding Initiative)
    </ref>
    .
   </p>
   <versionNumber/>
   <isFinished/>
   <isEdited/>
   <fullBibliographicDescription/>
  </xenoData>
 </teiHeader>
 <p rend="left emptyline">
  <pb n="378"/>
 </p>
 <div type="section" xml:id="ref177">
  <head rend="center">
   <hi rend="strong">
    <choice>
     <reg>
      ГАЛЧЁНОК
     </reg>
     <orig>
      ГАЛЧЁНОКЪ
     </orig>
    </choice>
    .
   </hi>
  </head>
  <p rend="left" uuid="0b6daa60-bc33-4863-810c-e8fcf9d45d7d">
   <choice>
    <reg>
     Пустынник
    </reg>
    <orig>
     Пустынникъ
    </orig>
   </choice>
   <choice>
    <reg>
     увидал
    </reg>
    <orig>
     увидалъ
    </orig>
   </choice>
   <choice>
    <reg>
     раз
    </reg>
    <orig>
     разъ
    </orig>
   </choice>
   <choice>
    <reg>
     в
    </reg>
    <orig>
     въ
    </orig>
   </choice>
   <choice>
    <reg>
     лесу
    </reg>
    <orig>
     лѣсу
    </orig>
   </choice>
   сокола.
   <choice>
    <reg>
     Сокол
    </reg>
    <orig>
     Соколъ
    </orig>
   </choice>
   <choice>
    <reg>
     принес
    </reg>
    <orig>
     принесъ
    </orig>
   </choice>
   <choice>
    <reg>
     в
    </reg>
    <orig>
     въ
    </orig>
   </choice>
   <choice>
    <reg>
     гнездо
    </reg>
    <orig>
     гнѣздо
    </orig>
   </choice>
   <choice>
    <reg>
     кусок
    </reg>
    <orig>
     кусокъ
    </orig>
   </choice>
   мяса,
   <choice>
    <reg>
     разорвал
    </reg>
    <orig>
     разорвалъ
    </orig>
   </choice>
   мясо на
   <choice>
    <reg>
     маленькие
    </reg>
    <orig>
     маленькiе
    </orig>
   </choice>
   куски и
   <choice>
    <reg>
     стал
    </reg>
    <orig>
     сталъ
    </orig>
   </choice>
   кормить галчонка.
  </p>
  <p rend="left" uuid="94b81d93-1866-43e1-852b-f8420d0a2d80">
   Пустынникъ удивился, как такъ соколъ кормитъ галчёнка, и подумалъ: «галчёнокъ, и тотъ у Бога не пропадётъ: и научилъ же Богъ этого сокола кормить чужаго сироту. Видно Богъ всѣхъ тварей кормитъ, а мы всё о себѣ думаемъ. Перестану я о себѣ заботиться, не буду себѣ припасать пищи. Богъ всѣхъ тварей не оставляетъ, и меня не оставитъ».
  </p>
  <p rend="left" uuid="1f0fff74-8d15-4ee4-9734-31e76a212bc6">
   <choice>
    <reg>
     Так
    </reg>
    <orig>
     Такъ
    </orig>
   </choice>
   и
   <choice>
    <reg>
     сделал
    </reg>
    <orig>
     сдѣлалъ
    </orig>
   </choice>
   :
   <choice>
    <reg>
     сел
    </reg>
    <orig>
     сѣлъ
    </orig>
   </choice>
   <choice>
    <reg>
     в
    </reg>
    <orig>
     въ
    </orig>
   </choice>
   <choice>
    <reg>
     лесу
    </reg>
    <orig>
     лѣсу
    </orig>
   </choice>
   и не
   <choice>
    <reg>
     вставал
    </reg>
    <orig>
     вставалъ
    </orig>
   </choice>
   <choice>
    <reg>
     с
    </reg>
    <orig>
     съ
    </orig>
   </choice>
   <choice>
    <reg>
     места
    </reg>
    <orig>
     мѣста
    </orig>
   </choice>
   , а только молился Богу. Три дня и три ночи
   <choice>
    <reg>
     он
    </reg>
    <orig>
     онъ
    </orig>
   </choice>
   <choice>
    <reg>
     пробыл
    </reg>
    <orig>
     пробылъ
    </orig>
   </choice>
   <choice>
    <reg>
     без
    </reg>
    <orig>
     безъ
    </orig>
   </choice>
   питья и
   <choice>
    <reg>
     еды
    </reg>
    <orig>
     ѣды
    </orig>
   </choice>
   . На
   <choice>
    <reg>
     третий
    </reg>
    <orig>
     третiй
    </orig>
   </choice>
   день
   <choice>
    <reg>
     пустынник
    </reg>
    <orig>
     пустынникъ
    </orig>
   </choice>
   <choice>
    <reg>
     так
    </reg>
    <orig>
     такъ
    </orig>
   </choice>
   <choice>
    <reg>
     ослабел
    </reg>
    <orig>
     ослабѣлъ
    </orig>
   </choice>
   , что
   <choice>
    <reg>
     уж
    </reg>
    <orig>
     ужъ
    </orig>
   </choice>
   не
   <choice>
    <reg>
     мог
    </reg>
    <orig>
     могъ
    </orig>
   </choice>
   поднять руки.
   <choice>
    <reg>
     От
    </reg>
    <orig>
     Отъ
    </orig>
   </choice>
   слабости
   <choice>
    <reg>
     он
    </reg>
    <orig>
     онъ
    </orig>
   </choice>
   <choice>
    <reg>
     заснул
    </reg>
    <orig>
     заснулъ
    </orig>
   </choice>
   . И приснился ему
   <choice>
    <reg>
     старец
    </reg>
    <orig>
     старецъ
    </orig>
   </choice>
   .
   <choice>
    <reg>
     Старец
    </reg>
    <orig>
     Старецъ
    </orig>
   </choice>
   будто
   <choice>
    <reg>
     подошёл
    </reg>
    <orig>
     подошёлъ
    </orig>
   </choice>
   <choice>
    <reg>
     к
    </reg>
    <orig>
     къ
    </orig>
   </choice>
   нему и
   <choice>
    <reg>
     говорит
    </reg>
    <orig>
     говоритъ
    </orig>
   </choice>
   : «ты
   <choice>
    <reg>
     зачем
    </reg>
    <orig>
     зачѣмъ
    </orig>
   </choice>
   <choice>
    <reg>
     себе
    </reg>
    <orig>
     себѣ
    </orig>
   </choice>
   пищи не припасаешь? Ты думаешь Богу угодить, а ты
   <choice>
    <reg>
     грешишь
    </reg>
    <orig>
     грѣшишь
    </orig>
   </choice>
   .
   <choice>
    <reg>
     Бог
    </reg>
    <orig>
     Богъ
    </orig>
   </choice>
   <choice>
    <reg>
     так
    </reg>
    <orig>
     такъ
    </orig>
   </choice>
   <choice>
    <reg>
     мир
    </reg>
    <orig>
     мiръ
    </orig>
   </choice>
   <choice>
    <reg>
     устроил
    </reg>
    <orig>
     устроилъ
    </orig>
   </choice>
   ,
   <choice>
    <reg>
     чтоб
    </reg>
    <orig>
     чтобъ
    </orig>
   </choice>
   каждая тварь добывала
   <choice>
    <reg>
     себе
    </reg>
    <orig>
     себѣ
    </orig>
   </choice>
   нужное.
   <choice>
    <reg>
     Бог
    </reg>
    <orig>
     Богъ
    </orig>
   </choice>
   <choice>
    <reg>
     велел
    </reg>
    <orig>
     велѣлъ
    </orig>
   </choice>
   соколу кормить галчонка потому, что
   <choice>
    <reg>
     галчёнок
    </reg>
    <orig>
     галчёнокъ
    </orig>
   </choice>
   <choice>
    <reg>
     пропал
    </reg>
    <orig>
     пропалъ
    </orig>
   </choice>
   бы
   <choice>
    <reg>
     без
    </reg>
    <orig>
     безъ
    </orig>
   </choice>
   сокола; а ты можешь
   <choice>
    <reg>
     сам
    </reg>
    <orig>
     самъ
    </orig>
   </choice>
   работать. Ты хочешь испытывать Бога, а это
   <choice>
    <reg>
     грех
    </reg>
    <orig>
     грѣхъ
    </orig>
   </choice>
   . Проснись и работай по прежнему».
   <choice>
    <reg>
     Пустынник
    </reg>
    <orig>
     Пустынникъ
    </orig>
   </choice>
   проснулся и
   <choice>
    <reg>
     стал
    </reg>
    <orig>
     сталъ
    </orig>
   </choice>
   жить по прежнему.
  </p>
 </div>
</TEI>