<?xml version="1.0" encoding="utf-8"?>
<TEI xmlns="http://www.tei-c.org/ns/1.0" xmlns:xi="http://www.w3.org/2001/XInclude">
 <teiHeader>
  <fileDesc>
   <titleStmt>
    <title>
     Азбука. Книга I
    </title>
    <author>
     Толстой Л.Н.
    </author>
    <respStmt>
     <resp>
      подготовка TEI/XML
     </resp>
     <name>
      Мария Картышева, Евгений Можаев, Даниил Скоринкин, Елена Сидорова, Вероника Файнберг, Кирилл Милинцевич
     </name>
    </respStmt>
    <respStmt>
     <name>
      Анастасия Бонч-Осмоловская, Фёкла Толстая, Борис Орехов
     </name>
     <resp>
      Идея, постановка задач, руководство
     </resp>
    </respStmt>
   </titleStmt>
   <publicationStmt>
    <idno>
     Азбука  | Книга I
    </idno>
    <publisher>
     <orgName>
      Школа лингвистики НИУ ВШЭ
     </orgName>
    </publisher>
    <availability>
     <p>
      Тексты и метатекстовая разметка доступны для свободного использования и распространения по лицензии Creative Commons Attribution Share-Alike (cc by-sa)
     </p>
    </availability>
   </publicationStmt>
   <sourceDesc>
    <biblStruct>
     <analytic>
      <author>
       Толстой Л.Н.
      </author>
      <title level="a">
       Азбука. Книга I
      </title>
     </analytic>
     <monogr>
      <title level="m">
       Полное собрание сочинений. Том 22
      </title>
      <imprint>
       <pubPlace>
        Москва
       </pubPlace>
       <publisher>
        Государственное издательство "Художественная литература"
       </publisher>
       <date when="1871-1872"/>
      </imprint>
     </monogr>
     <series>
      <title level="s">
       Л.Н. Толстой. Полное собрание сочинений
      </title>
      <biblScope unit="vol">
       22
      </biblScope>
     </series>
    </biblStruct>
   </sourceDesc>
  </fileDesc>
  <encodingDesc>
   <classDecl>
    <xi:include href="taxonomy.xml"/>
   </classDecl>
  </encodingDesc>
  <profileDesc>
   <creation>
    <date notAfter="1872" notBefore="1871">
     1871-1872
    </date>
    <rs/>
   </creation>
   <textClass>
    <catRef target="#fiction" type="sphere"/>
    <catRef target="#произведения для детей" type="type"/>
    <catRef target="#works" type="works_letters_diaries"/>
    <catRef target="#азбука" type="ninetyDef"/>
    <catRef target="#Основное" type="main_var"/>
    <catRef target="#азбука" type="type_short"/>
    <catRef target="None" type="translation"/>
    <catRef target="None" type="translation_origin"/>
    <catRef target="#да" type="tolstoy_or_not"/>
    <catRef target="None" type="name_status"/>
   </textClass>
   <preparedness>
    finished
   </preparedness>
   <settingDesc>
    <time>
     XIX век
    </time>
   </settingDesc>
  </profileDesc>
  <xenoData>
   <cyclusName/>
   <p>
    Проект
    <title>
     Толстой.Digital
    </title>
    разрабатывается сотрудниками и студентами
    <orgName>
     Высшей школы экономики
    </orgName>
    в сотрудничестве с
    <orgName>
     Государственным музеем Л.Н. Толстого
    </orgName>
    . Источник текстов –
    <bibl>
     90-томное собрание сочинений Л.Н.Толстого
    </bibl>
    . Разметка основана на стандарте
    <ref target="http://www.tei-c.org">
     TEI (Text Encoding Initiative)
    </ref>
    .
   </p>
   <versionNumber/>
   <isFinished/>
   <isEdited/>
   <fullBibliographicDescription/>
  </xenoData>
 </teiHeader>
 <p rend="left emptyline">
  <pb n="73"/>
 </p>
 <div type="section" xml:id="ref15">
  <head rend="Azbuka left">
   <hi rend="strong">
    <choice>
     <reg>
      Лгун
     </reg>
    </choice>
    .
   </hi>
  </head>
  <p rend="Azbuka left" uuid="39156262-5ff2-4f72-91dd-34454b928a4a">
   <choice>
    <reg>
     Мальчик
    </reg>
   </choice>
   стерё
   <hi rend="italic">
    г
   </hi>
   ъ
   <hi rend="italic">
    о
   </hi>
   <choice>
    <reg>
     вец
    </reg>
   </choice>
   и бу
   <hi rend="italic">
    д
   </hi>
   то
   <choice>
    <reg>
     увидал
    </reg>
   </choice>
   волка,
   <choice>
    <reg>
     стал
    </reg>
   </choice>
   звать: „п
   <hi rend="italic">
    о
   </hi>
   м
   <hi rend="italic">
    о
   </hi>
   гите,
  </p>
  <p rend="left emptyline" uuid="e6ca0c12-5b0d-4a2f-a478-51c0ee32506b">
   <pb n="74"/>
  </p>
  <p rend="centerline" uuid="899ca85f-c678-4249-9c28-9931664126dc">
   — 64 —
  </p>
  <p rend="Azbuka notindent" uuid="a4be3090-392c-4912-8146-7af03d866527">
   <choice>
    <reg>
     волк
    </reg>
   </choice>
   !
   <choice>
    <reg>
     волк
    </reg>
   </choice>
   !“ Мужики приб
   <hi rend="big">
    ѣ
   </hi>
   жали и
   <choice>
    <reg>
     видят
    </reg>
   </choice>
   : неправда.
   <choice>
    <reg>
     Как
    </reg>
   </choice>
   <hi rend="italic">
    с
   </hi>
   д
   <hi rend="big">
    ѣ
   </hi>
   <choice>
    <reg>
     лал
    </reg>
   </choice>
   <choice>
    <reg>
     он
    </reg>
   </choice>
   <choice>
    <reg>
     так
    </reg>
   </choice>
   и два и три раза, случил
   <hi rend="italic">
    о
   </hi>
   сь — и
   <hi rend="italic">
    в
   </hi>
   правду наб
   <hi rend="big">
    ѣ
   </hi>
   <choice>
    <reg>
     жал
    </reg>
   </choice>
   <choice>
    <reg>
     волк
    </reg>
   </choice>
   .
   <choice>
    <reg>
     Мальчик
    </reg>
   </choice>
   <choice>
    <reg>
     стал
    </reg>
   </choice>
   кричать: „сюда, сюда, ск
   <hi rend="italic">
    о
   </hi>
   <choice>
    <reg>
     рей
    </reg>
   </choice>
   ,
   <choice>
    <reg>
     волк
    </reg>
   </choice>
   !“ Мужики п
   <hi rend="italic">
    о
   </hi>
   думали,
   <hi rend="italic">
    ч
   </hi>
   то
   <hi rend="italic">
    о
   </hi>
   пять по
   <hi rend="italic">
    в
   </hi>
   сегдашнему
   <hi rend="italic">
    о
   </hi>
   <choice>
    <reg>
     бманывает
    </reg>
   </choice>
   , — не п
   <hi rend="italic">
    о
   </hi>
   слушали его.
   <choice>
    <reg>
     Волк
    </reg>
   </choice>
   <choice>
    <reg>
     видит
    </reg>
   </choice>
   , б
   <hi rend="italic">
    о
   </hi>
   ят
   <hi rend="italic">
    ься
   </hi>
   нече
   <hi rend="italic">
    г
   </hi>
   о: на пр
   <hi rend="italic">
    о
   </hi>
   <choice>
    <reg>
     сторе
    </reg>
   </choice>
   перер
   <hi rend="big">
    ѣ
   </hi>
   <choice>
    <reg>
     зал
    </reg>
   </choice>
   всё стад
   <hi rend="italic">
    о
   </hi>
   .
  </p>
 </div>
</TEI>