<?xml version="1.0" encoding="utf-8"?>
<TEI xmlns="http://www.tei-c.org/ns/1.0" xmlns:xi="http://www.w3.org/2001/XInclude">
 <teiHeader>
  <fileDesc>
   <titleStmt>
    <title>
     Азбука. Книга I
    </title>
    <author>
     Толстой Л.Н.
    </author>
    <respStmt>
     <resp>
      подготовка TEI/XML
     </resp>
     <name>
      Мария Картышева, Евгений Можаев, Даниил Скоринкин, Елена Сидорова, Вероника Файнберг, Кирилл Милинцевич
     </name>
    </respStmt>
    <respStmt>
     <name>
      Анастасия Бонч-Осмоловская, Фёкла Толстая, Борис Орехов
     </name>
     <resp>
      Идея, постановка задач, руководство
     </resp>
    </respStmt>
   </titleStmt>
   <publicationStmt>
    <idno>
     Азбука  | Книга I
    </idno>
    <publisher>
     <orgName>
      Школа лингвистики НИУ ВШЭ
     </orgName>
    </publisher>
    <availability>
     <p>
      Тексты и метатекстовая разметка доступны для свободного использования и распространения по лицензии Creative Commons Attribution Share-Alike (cc by-sa)
     </p>
    </availability>
   </publicationStmt>
   <sourceDesc>
    <biblStruct>
     <analytic>
      <author>
       Толстой Л.Н.
      </author>
      <title level="a">
       Азбука. Книга I
      </title>
     </analytic>
     <monogr>
      <title level="m">
       Полное собрание сочинений. Том 22
      </title>
      <imprint>
       <pubPlace>
        Москва
       </pubPlace>
       <publisher>
        Государственное издательство "Художественная литература"
       </publisher>
       <date when="1871-1872"/>
      </imprint>
     </monogr>
     <series>
      <title level="s">
       Л.Н. Толстой. Полное собрание сочинений
      </title>
      <biblScope unit="vol">
       22
      </biblScope>
     </series>
    </biblStruct>
   </sourceDesc>
  </fileDesc>
  <encodingDesc>
   <classDecl>
    <xi:include href="taxonomy.xml"/>
   </classDecl>
  </encodingDesc>
  <profileDesc>
   <creation>
    <date notAfter="1872" notBefore="1871">
     1871-1872
    </date>
    <rs/>
   </creation>
   <textClass>
    <catRef target="#fiction" type="sphere"/>
    <catRef target="#произведения для детей" type="type"/>
    <catRef target="#works" type="works_letters_diaries"/>
    <catRef target="#азбука" type="ninetyDef"/>
    <catRef target="#Основное" type="main_var"/>
    <catRef target="#азбука" type="type_short"/>
    <catRef target="None" type="translation"/>
    <catRef target="None" type="translation_origin"/>
    <catRef target="#да" type="tolstoy_or_not"/>
    <catRef target="None" type="name_status"/>
   </textClass>
   <preparedness>
    finished
   </preparedness>
   <settingDesc>
    <time>
     XIX век
    </time>
   </settingDesc>
  </profileDesc>
  <xenoData>
   <cyclusName/>
   <p>
    Проект
    <title>
     Толстой.Digital
    </title>
    разрабатывается сотрудниками и студентами
    <orgName>
     Высшей школы экономики
    </orgName>
    в сотрудничестве с
    <orgName>
     Государственным музеем Л.Н. Толстого
    </orgName>
    . Источник текстов –
    <bibl>
     90-томное собрание сочинений Л.Н.Толстого
    </bibl>
    . Разметка основана на стандарте
    <ref target="http://www.tei-c.org">
     TEI (Text Encoding Initiative)
    </ref>
    .
   </p>
   <versionNumber/>
   <isFinished/>
   <isEdited/>
   <fullBibliographicDescription/>
  </xenoData>
 </teiHeader>
 <p rend="left emptyline">
  <pb n="562"/>
 </p>
 <div type="section" xml:id="ref237">
  <head rend="center">
   <hi rend="strong">
    <choice>
     <reg>
      ВОЛК
     </reg>
    </choice>
    И
    <choice>
     <reg>
      ЯГНЕНОК
     </reg>
    </choice>
    .
   </hi>
  </head>
  <p rend="left" uuid="8a490054-fa55-489f-96ed-9fa43561d830">
   <choice>
    <reg>
     Волк
    </reg>
   </choice>
   <choice>
    <reg>
     увидал
    </reg>
   </choice>
   , —
   <choice>
    <reg>
     ягненок
    </reg>
   </choice>
   <choice>
    <reg>
     пьет
    </reg>
   </choice>
   у
   <choice>
    <reg>
     реки
    </reg>
   </choice>
   .
  </p>
  <p rend="left" uuid="0714f4eb-f774-4340-b6af-43ce0101e259">
   <choice>
    <reg>
     Захотелось
    </reg>
   </choice>
   волку
   <choice>
    <reg>
     съесть
    </reg>
   </choice>
   ягнёнка, и
   <choice>
    <reg>
     стал
    </reg>
   </choice>
   он
   <choice>
    <reg>
     к
    </reg>
   </choice>
   нему придираться. «Ты,»
   <choice>
    <reg>
     говорит
    </reg>
   </choice>
   , «
   <choice>
    <reg>
     мне
    </reg>
   </choice>
   воду мутишь и пить не даешь.»
  </p>
  <p rend="left emptyline" uuid="c3ec92a0-6c67-499a-9a8e-f5769dc5e8c5">
   <pb n="563"/>
  </p>
  <p rend="centerline" uuid="b3245785-6254-431e-b353-f6334adb31e5">
   — 3 —
  </p>
  <p rend="left" uuid="1f6a13d1-7196-41f9-bb0a-28d999787c3b">
   <choice>
    <reg>
     Ягненок
    </reg>
   </choice>
   <choice>
    <reg>
     говорит
    </reg>
   </choice>
   : «
   <choice>
    <reg>
     Ах
    </reg>
   </choice>
   <choice>
    <reg>
     волк
    </reg>
   </choice>
   ,
   <choice>
    <reg>
     как
    </reg>
   </choice>
   я могу
   <choice>
    <reg>
     тебе
    </reg>
   </choice>
   воду мутить?
   <choice>
    <reg>
     Ведь
    </reg>
   </choice>
   я ниже по
   <choice>
    <reg>
     воде
    </reg>
   </choice>
   стою, да и то кончиками
   <choice>
    <reg>
     губ
    </reg>
   </choice>
   пью. А
   <choice>
    <reg>
     волк
    </reg>
   </choice>
   <choice>
    <reg>
     говорит
    </reg>
   </choice>
   : «Ну,
   <choice>
    <reg>
     так
    </reg>
   </choice>
   <choice>
    <reg>
     зачем
    </reg>
   </choice>
   ты
   <choice>
    <reg>
     прошлым
    </reg>
   </choice>
   <choice>
    <reg>
     летом
    </reg>
   </choice>
   моего отца
   <choice>
    <reg>
     ругал
    </reg>
   </choice>
   ?»
   <choice>
    <reg>
     Ягненок
    </reg>
   </choice>
   <choice>
    <reg>
     говорит
    </reg>
   </choice>
   : «Да я,
   <choice>
    <reg>
     волк
    </reg>
   </choice>
   , и не родился еще
   <choice>
    <reg>
     прошлым
    </reg>
   </choice>
   <choice>
    <reg>
     летом
    </reg>
   </choice>
   ».
   <choice>
    <reg>
     Волк
    </reg>
   </choice>
   <choice>
    <reg>
     рассердился
    </reg>
   </choice>
   и
   <choice>
    <reg>
     говорит
    </reg>
   </choice>
   : «Тебя не переговоришь.
   <choice>
    <reg>
     Так
    </reg>
   </choice>
   я
   <choice>
    <reg>
     натощак
    </reg>
   </choice>
   ; за то и
   <choice>
    <reg>
     съем
    </reg>
   </choice>
   тебя».
  </p>
 </div>
</TEI>