<?xml version="1.0" encoding="utf-8"?>
<TEI xmlns="http://www.tei-c.org/ns/1.0" xmlns:xi="http://www.w3.org/2001/XInclude">
 <teiHeader>
  <fileDesc>
   <titleStmt>
    <title>
     Азбука. Книга I
    </title>
    <author>
     Толстой Л.Н.
    </author>
    <respStmt>
     <resp>
      подготовка TEI/XML
     </resp>
     <name>
      Мария Картышева, Евгений Можаев, Даниил Скоринкин, Елена Сидорова, Вероника Файнберг, Кирилл Милинцевич
     </name>
    </respStmt>
    <respStmt>
     <name>
      Анастасия Бонч-Осмоловская, Фёкла Толстая, Борис Орехов
     </name>
     <resp>
      Идея, постановка задач, руководство
     </resp>
    </respStmt>
   </titleStmt>
   <publicationStmt>
    <idno>
     Азбука  | Книга I
    </idno>
    <publisher>
     <orgName>
      Школа лингвистики НИУ ВШЭ
     </orgName>
    </publisher>
    <availability>
     <p>
      Тексты и метатекстовая разметка доступны для свободного использования и распространения по лицензии Creative Commons Attribution Share-Alike (cc by-sa)
     </p>
    </availability>
   </publicationStmt>
   <sourceDesc>
    <biblStruct>
     <analytic>
      <author>
       Толстой Л.Н.
      </author>
      <title level="a">
       Азбука. Книга I
      </title>
     </analytic>
     <monogr>
      <title level="m">
       Полное собрание сочинений. Том 22
      </title>
      <imprint>
       <pubPlace>
        Москва
       </pubPlace>
       <publisher>
        Государственное издательство "Художественная литература"
       </publisher>
       <date when="1871-1872"/>
      </imprint>
     </monogr>
     <series>
      <title level="s">
       Л.Н. Толстой. Полное собрание сочинений
      </title>
      <biblScope unit="vol">
       22
      </biblScope>
     </series>
    </biblStruct>
   </sourceDesc>
  </fileDesc>
  <encodingDesc>
   <classDecl>
    <xi:include href="taxonomy.xml"/>
   </classDecl>
  </encodingDesc>
  <profileDesc>
   <creation>
    <date notAfter="1872" notBefore="1871">
     1871-1872
    </date>
    <rs/>
   </creation>
   <textClass>
    <catRef target="#fiction" type="sphere"/>
    <catRef target="#произведения для детей" type="type"/>
    <catRef target="#works" type="works_letters_diaries"/>
    <catRef target="#азбука" type="ninetyDef"/>
    <catRef target="#Основное" type="main_var"/>
    <catRef target="#азбука" type="type_short"/>
    <catRef target="None" type="translation"/>
    <catRef target="None" type="translation_origin"/>
    <catRef target="#да" type="tolstoy_or_not"/>
    <catRef target="None" type="name_status"/>
   </textClass>
   <preparedness>
    finished
   </preparedness>
   <settingDesc>
    <time>
     XIX век
    </time>
   </settingDesc>
  </profileDesc>
  <xenoData>
   <cyclusName/>
   <p>
    Проект
    <title>
     Толстой.Digital
    </title>
    разрабатывается сотрудниками и студентами
    <orgName>
     Высшей школы экономики
    </orgName>
    в сотрудничестве с
    <orgName>
     Государственным музеем Л.Н. Толстого
    </orgName>
    . Источник текстов –
    <bibl>
     90-томное собрание сочинений Л.Н.Толстого
    </bibl>
    . Разметка основана на стандарте
    <ref target="http://www.tei-c.org">
     TEI (Text Encoding Initiative)
    </ref>
    .
   </p>
   <versionNumber/>
   <isFinished/>
   <isEdited/>
   <fullBibliographicDescription/>
  </xenoData>
 </teiHeader>
 <p rend="left emptyline">
  <pb n="637"/>
 </p>
   <div type="section" xml:id="ref261">
    <head rend="center">
     <hi rend="strong">
      ГАЗЫ.
     </hi>
     <lb/>
     <hi rend="strong">
      I.
     </hi>
    </head>
    <p rend="left" uuid="be9e261c-9c71-4a7a-a377-d618d3209308">
     <choice>
      <reg>
       Воздух
      </reg>
      <orig>
       Воздухъ
      </orig>
     </choice>
     <choice>
      <reg>
       бывает
      </reg>
      <orig>
       бываетъ
      </orig>
     </choice>
     разный, хоть
     <choice>
      <reg>
       он
      </reg>
      <orig>
       онъ
      </orig>
     </choice>
     всегда
     <choice>
      <reg>
       светлый
      </reg>
      <orig>
       свѣтлый
      </orig>
     </choice>
     и невидный.
    </p>
    <p rend="left" uuid="e7a0fb9e-f547-4c5e-9d71-596fe00be6db">
     Вода расходится
     <choice>
      <reg>
       в
      </reg>
      <orig>
       въ
      </orig>
     </choice>
     <choice>
      <reg>
       воздухе
      </reg>
      <orig>
       воздухѣ
      </orig>
     </choice>
     ,
     <choice>
      <reg>
       делается
      </reg>
      <orig>
       дѣлается
      </orig>
     </choice>
     летучею; и когда много воды
     <choice>
      <reg>
       в
      </reg>
      <orig>
       въ
      </orig>
     </choice>
     <choice>
      <reg>
       воздухе
      </reg>
      <orig>
       воздухѣ
      </orig>
     </choice>
     ,
     <choice>
      <reg>
       он
      </reg>
      <orig>
       онъ
      </orig>
     </choice>
     <choice>
      <reg>
       бывает
      </reg>
      <orig>
       бываетъ
      </orig>
     </choice>
     сырой, когда мало — сухой.
    </p>
    <p rend="left" uuid="2b8c6138-c2b5-4124-afaf-55f69af0e0c1">
     Когда
     <choice>
      <reg>
       в
      </reg>
      <orig>
       въ
      </orig>
     </choice>
     <choice>
      <reg>
       закрытом
      </reg>
      <orig>
       закрытомъ
      </orig>
     </choice>
     <choice>
      <reg>
       месте
      </reg>
      <orig>
       мѣстѣ
      </orig>
     </choice>
     <choice>
      <reg>
       надышут
      </reg>
      <orig>
       надышутъ
      </orig>
     </choice>
     люди,
     <choice>
      <reg>
       воздух
      </reg>
      <orig>
       воздухъ
      </orig>
     </choice>
     <choice>
      <reg>
       бывает
      </reg>
      <orig>
       бываетъ
      </orig>
     </choice>
     дурной, нездоровый; а на
     <choice>
      <reg>
       открытых
      </reg>
      <orig>
       открытыхъ
      </orig>
     </choice>
     <choice>
      <reg>
       местах
      </reg>
      <orig>
       мѣстахъ
      </orig>
     </choice>
     , или
     <choice>
      <reg>
       в
      </reg>
      <orig>
       въ
      </orig>
     </choice>
     <choice>
      <reg>
       лесу
      </reg>
      <orig>
       лѣсу
      </orig>
     </choice>
     , —
     <choice>
      <reg>
       воздух
      </reg>
      <orig>
       воздухъ
      </orig>
     </choice>
     здоровый,
     <choice>
      <reg>
       хороший
      </reg>
      <orig>
       хорошiй
      </orig>
     </choice>
     . Это
     <choice>
      <reg>
       бывает
      </reg>
      <orig>
       бываетъ
      </orig>
     </choice>
     <choice>
      <reg>
       от
      </reg>
      <orig>
       отъ
      </orig>
     </choice>
     того, что
     <choice>
      <reg>
       в
      </reg>
      <orig>
       въ
      </orig>
     </choice>
     закрытой
     <choice>
      <reg>
       комнате
      </reg>
      <orig>
       комнатѣ
      </orig>
     </choice>
     <choice>
      <reg>
       к
      </reg>
      <orig>
       къ
      </orig>
     </choice>
     обыкновенному воздуху прибавился
     <choice>
      <reg>
       тот
      </reg>
      <orig>
       тотъ
      </orig>
     </choice>
     дурной
     <choice>
      <reg>
       воздух
      </reg>
      <orig>
       воздухъ
      </orig>
     </choice>
     , который
     <choice>
      <reg>
       выдыхают
      </reg>
      <orig>
       выдыхаютъ
      </orig>
     </choice>
     <choice>
      <reg>
       из
      </reg>
      <orig>
       изъ
      </orig>
     </choice>
     себя люди и
     <choice>
      <reg>
       все
      </reg>
      <orig>
       всѣ
      </orig>
     </choice>
     <choice>
      <reg>
       животные
      </reg>
      <orig>
       животныя
      </orig>
     </choice>
     .
    </p>
    <p rend="left" uuid="00e77bf8-975a-4ac8-8cf7-c7088c452b53">
     Стало быть
     <choice>
      <reg>
       в
      </reg>
      <orig>
       въ
      </orig>
     </choice>
     <choice>
      <reg>
       воздухе
      </reg>
      <orig>
       воздухѣ
      </orig>
     </choice>
     есть
     <choice>
      <reg>
       разные
      </reg>
      <orig>
       разныя
      </orig>
     </choice>
     части, и
     <choice>
      <reg>
       их
      </reg>
      <orig>
       ихъ
      </orig>
     </choice>
     <choice>
      <reg>
       глазом
      </reg>
      <orig>
       глазомъ
      </orig>
     </choice>
     нельзя отличить:
     <choice>
      <reg>
       все
      </reg>
      <orig>
       всѣ
      </orig>
     </choice>
     похожи на обыкновенный
     <choice>
      <reg>
       воздух
      </reg>
      <orig>
       воздухъ
      </orig>
     </choice>
     . Эти
     <choice>
      <reg>
       разные
      </reg>
      <orig>
       разныя
      </orig>
     </choice>
     вещества, разные
     <hi rend="italic">
      газы,
     </hi>
     смѣшаны въ воздухѣ такъ, какъ вода съ уксусомъ или съ виномъ. Если въ воду налить водки, то вода и водка перемѣшаются такъ, что глазомъ не разберешь, есть ли въ водѣ водка, или нѣтъ, — и много ли ея, или мало. Но понюхать, — и можно разобрать; такъ и въ воздухѣ бываетъ разная смѣсь, и глазами ничего нельзя видѣть, а можно только почувствовать, когда долго подышешь. Въ хорошемъ воздухѣ дышать пріятно и здорово, въ дурномъ тяжело и иногда вредно.
    </p>
    <p rend="left" uuid="c4912326-15b5-4437-bf82-ff4b60ee6e9d">
     Для
     <choice>
      <reg>
       дыхания
      </reg>
      <orig>
       дыханiя
      </orig>
     </choice>
     <choice>
      <reg>
       нужнее
      </reg>
      <orig>
       нужнѣе
      </orig>
     </choice>
     <choice>
      <reg>
       всех
      </reg>
      <orig>
       всѣхъ
      </orig>
     </choice>
     частей воздуха одна, называемая
     <hi rend="italic">
      <choice>
       <reg>
        кислородом
       </reg>
       <orig>
        кислородомъ
       </orig>
      </choice>
      .
     </hi>
     Если собрать
     <choice>
      <reg>
       этот
      </reg>
      <orig>
       этотъ
      </orig>
     </choice>
     <choice>
      <reg>
       газ
      </reg>
      <orig>
       газъ
      </orig>
     </choice>
     <choice>
      <reg>
       отдельно
      </reg>
      <orig>
       отдѣльно
      </orig>
     </choice>
     и всунуть
     <choice>
      <reg>
       в
      </reg>
      <orig>
       въ
      </orig>
     </choice>
     него курилку, то она
     <choice>
      <reg>
       сейчас
      </reg>
      <orig>
       сейчасъ
      </orig>
     </choice>
     загорится
     <choice>
      <reg>
       огнем
      </reg>
      <orig>
       огнемъ
      </orig>
     </choice>
     . Стало быть
     <choice>
      <reg>
       от
      </reg>
      <orig>
       отъ
      </orig>
     </choice>
     него дерево и всякая другая вещь
     <choice>
      <reg>
       горит
      </reg>
      <orig>
       горитъ
      </orig>
     </choice>
     <choice>
      <reg>
       сильнее
      </reg>
      <orig>
       сильнѣе
      </orig>
     </choice>
     . А если кислорода
     <choice>
      <reg>
       нет
      </reg>
      <orig>
       нѣтъ
      </orig>
     </choice>
     <choice>
      <reg>
       в
      </reg>
      <orig>
       въ
      </orig>
     </choice>
     <choice>
      <reg>
       воздухе
      </reg>
      <orig>
       воздухѣ
      </orig>
     </choice>
     , и всунуть
     <choice>
      <reg>
       в
      </reg>
      <orig>
       въ
      </orig>
     </choice>
     такой
     <choice>
      <reg>
       воздух
      </reg>
      <orig>
       воздухъ
      </orig>
     </choice>
     курилку, она погаснеть.
    </p>
    <p rend="left emptyline" uuid="1b754758-e1a5-40b8-a269-5ae7f242e49e">
     <pb n="638"/>
    </p>
    <p rend="centerline" uuid="a3ea61ac-d61c-4cf4-91e7-b7431c88282f">
     — 78 —
    </p>
    <p rend="left" uuid="b29ffb87-107d-410a-bc89-21972f4a41f4">
     Отъ того воздухъ и нуженъ для горѣнія, что въ немъ есть кислородъ. Чтобы огонь разгорѣлся, на него дуютъ машутъ; а если хочешь, чтобы загорѣвшаяся вещь погасла, — сдѣлай такъ, чтобы вокругъ нея не было воздуха; накрой ее, зажми со всѣхъ сторонъ, — и она погаснетъ
    </p>
    <p rend="left" uuid="5a0c0849-15f1-4a68-a2e9-52eaa03f4fdb">
     Другая часть воздуха —
     <hi rend="italic">
      <choice>
       <reg>
        азот
       </reg>
       <orig>
        азотъ
       </orig>
      </choice>
      .
     </hi>
     <choice>
      <reg>
       В
      </reg>
      <orig>
       Въ
      </orig>
     </choice>
     <choice>
      <reg>
       нем
      </reg>
      <orig>
       немъ
      </orig>
     </choice>
     дышать нельзя и вещи не
     <choice>
      <reg>
       могут
      </reg>
      <orig>
       могутъ
      </orig>
     </choice>
     <choice>
      <reg>
       гореть
      </reg>
      <orig>
       горѣть
      </orig>
     </choice>
     .
    </p>
    <p rend="left" uuid="dc2f3a6b-76ff-4788-92cc-265e55654980">
     Третья часть воздуха — углекислый
     <choice>
      <reg>
       газ
      </reg>
      <orig>
       газъ
      </orig>
     </choice>
     <hi rend="italic">
      , углекислота.
     </hi>
     Она тоже не годится ни для
     <choice>
      <reg>
       дыхания
      </reg>
      <orig>
       дыханiя
      </orig>
     </choice>
     , ни для
     <choice>
      <reg>
       горения
      </reg>
      <orig>
       горѣнiя
      </orig>
     </choice>
     . Этого газа мало
     <choice>
      <reg>
       в
      </reg>
      <orig>
       въ
      </orig>
     </choice>
     <choice>
      <reg>
       воздухе
      </reg>
      <orig>
       воздухѣ
      </orig>
     </choice>
     , но
     <choice>
      <reg>
       он
      </reg>
      <orig>
       онъ
      </orig>
     </choice>
     <choice>
      <reg>
       везде
      </reg>
      <orig>
       вездѣ
      </orig>
     </choice>
     есть. Когда же его наберется много, то
     <choice>
      <reg>
       он
      </reg>
      <orig>
       онъ
      </orig>
     </choice>
     опускается и собирается внизу, потому что
     <choice>
      <reg>
       он
      </reg>
      <orig>
       онъ
      </orig>
     </choice>
     <choice>
      <reg>
       тяжелее
      </reg>
      <orig>
       тяжелѣе
      </orig>
     </choice>
     <choice>
      <reg>
       других
      </reg>
      <orig>
       другихъ
      </orig>
     </choice>
     <choice>
      <reg>
       газов
      </reg>
      <orig>
       газовъ
      </orig>
     </choice>
     .
    </p>
    <p rend="left" uuid="71a10cef-d7ca-4d37-8c70-87b86f211e54">
     Четвертая часть воздуха — водяные пары, летучая вода.
    </p>
    <p rend="left" uuid="9d6dc9c8-9172-430f-9952-ad472019c822">
     Когда мы
     <choice>
      <reg>
       дышем
      </reg>
      <orig>
       дышемъ
      </orig>
     </choice>
     , то
     <choice>
      <reg>
       кислород
      </reg>
      <orig>
       кислородъ
      </orig>
     </choice>
     <choice>
      <reg>
       уходит
      </reg>
      <orig>
       уходитъ
      </orig>
     </choice>
     <choice>
      <reg>
       в
      </reg>
      <orig>
       въ
      </orig>
     </choice>
     наше
     <choice>
      <reg>
       тело
      </reg>
      <orig>
       тѣло
      </orig>
     </choice>
     , и
     <choice>
      <reg>
       в
      </reg>
      <orig>
       въ
      </orig>
     </choice>
     <choice>
      <reg>
       том
      </reg>
      <orig>
       томъ
      </orig>
     </choice>
     <choice>
      <reg>
       воздухе
      </reg>
      <orig>
       воздухѣ
      </orig>
     </choice>
     , который мы
     <choice>
      <reg>
       выдыхаем
      </reg>
      <orig>
       выдыхаемъ
      </orig>
     </choice>
     , кислорода меньше,
     <choice>
      <reg>
       чем
      </reg>
      <orig>
       чѣмъ
      </orig>
     </choice>
     <choice>
      <reg>
       в
      </reg>
      <orig>
       въ
      </orig>
     </choice>
     <choice>
      <reg>
       обыкновенном
      </reg>
      <orig>
       обыкновенномъ
      </orig>
     </choice>
     <choice>
      <reg>
       воздухе
      </reg>
      <orig>
       воздухѣ
      </orig>
     </choice>
     , а за то больше углекислоты.
     <choice>
      <reg>
       Вот
      </reg>
      <orig>
       Вотъ
      </orig>
     </choice>
     <choice>
      <reg>
       от
      </reg>
      <orig>
       отъ
      </orig>
     </choice>
     чего
     <choice>
      <reg>
       воздух
      </reg>
      <orig>
       воздухъ
      </orig>
     </choice>
     становится
     <choice>
      <reg>
       дурным
      </reg>
      <orig>
       дурнымъ
      </orig>
     </choice>
     <choice>
      <reg>
       от
      </reg>
      <orig>
       отъ
      </orig>
     </choice>
     <choice>
      <reg>
       дыхания
      </reg>
      <orig>
       дыханiя
      </orig>
     </choice>
     .
    </p>
    <p rend="left" uuid="8ac5c8cc-d7c2-4bd9-a10e-9776d03cffd4">
     Деревья, травы и
     <choice>
      <reg>
       все
      </reg>
      <orig>
       всѣ
      </orig>
     </choice>
     <choice>
      <reg>
       растения
      </reg>
      <orig>
       растенiя
      </orig>
     </choice>
     тоже
     <choice>
      <reg>
       дышут
      </reg>
      <orig>
       дышутъ
      </orig>
     </choice>
     только они не
     <choice>
      <reg>
       втягивают
      </reg>
      <orig>
       втягиваютъ
      </orig>
     </choice>
     <choice>
      <reg>
       в
      </reg>
      <orig>
       въ
      </orig>
     </choice>
     себя
     <choice>
      <reg>
       воздух
      </reg>
      <orig>
       воздухъ
      </orig>
     </choice>
     ,
     <choice>
      <reg>
       как
      </reg>
      <orig>
       какъ
      </orig>
     </choice>
     мы
     <choice>
      <reg>
       втягиваем
      </reg>
      <orig>
       втягиваемъ
      </orig>
     </choice>
     грудью, а
     <choice>
      <reg>
       вбирают
      </reg>
      <orig>
       вбираютъ
      </orig>
     </choice>
     его
     <choice>
      <reg>
       всеми
      </reg>
      <orig>
       всѣми
      </orig>
     </choice>
     листочками и молодой корою. И
     <choice>
      <reg>
       из
      </reg>
      <orig>
       изъ
      </orig>
     </choice>
     <choice>
      <reg>
       всех
      </reg>
      <orig>
       всѣхъ
      </orig>
     </choice>
     <choice>
      <reg>
       листочков
      </reg>
      <orig>
       листочковъ
      </orig>
     </choice>
     тоже
     <choice>
      <reg>
       незаметно
      </reg>
      <orig>
       незамѣтно
      </orig>
     </choice>
     выдыхается
     <choice>
      <reg>
       воздух
      </reg>
      <orig>
       воздухъ
      </orig>
     </choice>
     ; и
     <choice>
      <reg>
       этот
      </reg>
      <orig>
       этотъ
      </orig>
     </choice>
     <choice>
      <reg>
       воздух
      </reg>
      <orig>
       воздухъ
      </orig>
     </choice>
     тоже не такой,
     <choice>
      <reg>
       как
      </reg>
      <orig>
       какъ
      </orig>
     </choice>
     обыкновенный:
     <choice>
      <reg>
       в
      </reg>
      <orig>
       въ
      </orig>
     </choice>
     <choice>
      <reg>
       нем
      </reg>
      <orig>
       немъ
      </orig>
     </choice>
     меньше углекислоты и больше кислорода. Стало быть
     <choice>
      <reg>
       растениям
      </reg>
      <orig>
       растенiямъ
      </orig>
     </choice>
     нужна углекислота, которая не нужна и вредна
     <choice>
      <reg>
       животным
      </reg>
      <orig>
       животнымъ
      </orig>
     </choice>
     . И
     <choice>
      <reg>
       вот
      </reg>
      <orig>
       вотъ
      </orig>
     </choice>
     отчего
     <choice>
      <reg>
       в
      </reg>
      <orig>
       въ
      </orig>
     </choice>
     <choice>
      <reg>
       лесу
      </reg>
      <orig>
       лѣсу
      </orig>
     </choice>
     <choice>
      <reg>
       воздух
      </reg>
      <orig>
       воздухъ
      </orig>
     </choice>
     такой здоровый: тамь и углекислоты меньше, и кислорода больше.
    </p>
    <lb/>
    <p rend="centerline" uuid="d0d12f91-bcb2-4297-898c-6daa19593fb4">
     — 79 —
    </p>
   </div>
   <div xml:id="h000014005006009"/>
   <div type="section" xml:id="ref262">
    <head rend="center">
     <hi rend="strong">
      ГАЗЫ.
     </hi>
     <lb/>
     <hi rend="strong">
      II.
     </hi>
    </head>
    <p rend="left" uuid="dcf10f1c-d2e0-4df9-89c8-54c987889ae0">
     Если
     <choice>
      <reg>
       в
      </reg>
      <orig>
       въ
      </orig>
     </choice>
     ведро
     <choice>
      <reg>
       с
      </reg>
      <orig>
       съ
      </orig>
     </choice>
     водой набросать камней,
     <choice>
      <reg>
       пробок
      </reg>
      <orig>
       пробокъ
      </orig>
     </choice>
     , соломы, дерева
     <choice>
      <reg>
       сухого
      </reg>
      <orig>
       сухаго
      </orig>
     </choice>
     и
     <choice>
      <reg>
       сырого
      </reg>
      <orig>
       сыраго
      </orig>
     </choice>
     , насыпать песку, глины, соли, налить туда же масла, водки, и все это взболтать и
     <choice>
      <reg>
       смешать
      </reg>
      <orig>
       смѣшать
      </orig>
     </choice>
     , — и
     <choice>
      <reg>
       потом
      </reg>
      <orig>
       потомъ
      </orig>
     </choice>
     <choice>
      <reg>
       посмотреть
      </reg>
      <orig>
       посмотрѣть
      </orig>
     </choice>
     , что
     <choice>
      <reg>
       будет
      </reg>
      <orig>
       будетъ
      </orig>
     </choice>
     <choice>
      <reg>
       делаться
      </reg>
      <orig>
       дѣлаться
      </orig>
     </choice>
     , то увидишь, что камни, глина,
     <choice>
      <reg>
       песок
      </reg>
      <orig>
       песокъ
      </orig>
     </choice>
     <choice>
      <reg>
       пойдут
      </reg>
      <orig>
       пойдутъ
      </orig>
     </choice>
     на дно; сухое дерево, солома, пробки, масло
     <choice>
      <reg>
       всплывут
      </reg>
      <orig>
       всплывутъ
      </orig>
     </choice>
     кверху; соль и водка распустятся,
     <choice>
      <reg>
       так
      </reg>
      <orig>
       такъ
      </orig>
     </choice>
     что
     <choice>
      <reg>
       их
      </reg>
      <orig>
       ихъ
      </orig>
     </choice>
     не
     <choice>
      <reg>
       будет
      </reg>
      <orig>
       будетъ
      </orig>
     </choice>
     видно. Все это
     <choice>
      <reg>
       будет
      </reg>
      <orig>
       будетъ
      </orig>
     </choice>
     сначала кружиться, шевелиться, толкать
     <choice>
      <reg>
       друг
      </reg>
      <orig>
       другъ
      </orig>
     </choice>
     друга, а
     <choice>
      <reg>
       потом
      </reg>
      <orig>
       потомъ
      </orig>
     </choice>
     все
     <choice>
      <reg>
       найдет
      </reg>
      <orig>
       найдетъ
      </orig>
     </choice>
     <choice>
      <reg>
       себе
      </reg>
      <orig>
       себѣ
      </orig>
     </choice>
     <choice>
      <reg>
       место
      </reg>
      <orig>
       мѣсто
      </orig>
     </choice>
     и
     <choice>
      <reg>
       расстановится
      </reg>
      <orig>
       разстановится
      </orig>
     </choice>
     : чтò
     <choice>
      <reg>
       тяжелее
      </reg>
      <orig>
       тяжелѣе
      </orig>
     </choice>
     , то
     <choice>
      <reg>
       скорее
      </reg>
      <orig>
       скорѣе
      </orig>
     </choice>
     <choice>
      <reg>
       пойдет
      </reg>
      <orig>
       пойдетъ
      </orig>
     </choice>
     книзу; чтò легче, то
     <choice>
      <reg>
       скорее
      </reg>
      <orig>
       скорѣе
      </orig>
     </choice>
     <choice>
      <reg>
       пойдет
      </reg>
      <orig>
       пойдетъ
      </orig>
     </choice>
     на
     <choice>
      <reg>
       верх
      </reg>
      <orig>
       верхъ
      </orig>
     </choice>
     .
    </p>
    <p rend="left" uuid="0d7f1da4-d99f-4eac-af41-2573228272c7">
     Точно также
     <choice>
      <reg>
       в
      </reg>
      <orig>
       въ
      </orig>
     </choice>
     <choice>
      <reg>
       воздухе
      </reg>
      <orig>
       воздухѣ
      </orig>
     </choice>
     ,
     <choice>
      <reg>
       над
      </reg>
      <orig>
       надъ
      </orig>
     </choice>
     землею
     <choice>
      <reg>
       размещаются
      </reg>
      <orig>
       размѣщаются
      </orig>
     </choice>
     <choice>
      <reg>
       все
      </reg>
      <orig>
       всѣ
      </orig>
     </choice>
     газы.
     <choice>
      <reg>
       Какие
      </reg>
      <orig>
       Какiе
      </orig>
     </choice>
     <choice>
      <reg>
       тяжелее
      </reg>
      <orig>
       тяжелѣе
      </orig>
     </choice>
     воздуха,
     <choice>
      <reg>
       те
      </reg>
      <orig>
       тѣ
      </orig>
     </choice>
     садятся ниже;
     <choice>
      <reg>
       какие
      </reg>
      <orig>
       какiе
      </orig>
     </choice>
     легче,
     <choice>
      <reg>
       те
      </reg>
      <orig>
       тѣ
      </orig>
     </choice>
     поднимаются выше;
     <choice>
      <reg>
       какие
      </reg>
      <orig>
       какiе
      </orig>
     </choice>
     <choice>
      <reg>
       могут
      </reg>
      <orig>
       могутъ
      </orig>
     </choice>
     распуститься,
     <choice>
      <reg>
       те
      </reg>
      <orig>
       тѣ
      </orig>
     </choice>
     расходятся по всему воздуху.
    </p>
    <p rend="left" uuid="14bfd942-3acc-475a-863b-88b616af9208">
     Если бы газы не
     <choice>
      <reg>
       делались
      </reg>
      <orig>
       дѣлались
      </orig>
     </choice>
     новые, не
     <choice>
      <reg>
       смешивались
      </reg>
      <orig>
       смѣшивались
      </orig>
     </choice>
     бы
     <choice>
      <reg>
       с
      </reg>
      <orig>
       съ
      </orig>
     </choice>
     другими, не
     <choice>
      <reg>
       переменялись
      </reg>
      <orig>
       перемѣнялись
      </orig>
     </choice>
     . бы, то
     <choice>
      <reg>
       воздух
      </reg>
      <orig>
       воздухъ
      </orig>
     </choice>
     бы
     <choice>
      <reg>
       стоял
      </reg>
      <orig>
       стоялъ
      </orig>
     </choice>
     <choice>
      <reg>
       над
      </reg>
      <orig>
       надъ
      </orig>
     </choice>
     землею и не шевелился бы,
     <choice>
      <reg>
       как
      </reg>
      <orig>
       какъ
      </orig>
     </choice>
     вода
     <choice>
      <reg>
       в
      </reg>
      <orig>
       въ
      </orig>
     </choice>
     <choice>
      <reg>
       ведре
      </reg>
      <orig>
       ведрѣ
      </orig>
     </choice>
     , когда она устоится; но на
     <choice>
      <reg>
       земле
      </reg>
      <orig>
       землѣ
      </orig>
     </choice>
     <choice>
      <reg>
       беспрестанно
      </reg>
      <orig>
       безпрестанно
      </orig>
     </choice>
     <choice>
      <reg>
       делаются
      </reg>
      <orig>
       дѣлаются
      </orig>
     </choice>
     новые газы, и
     <choice>
      <reg>
       те
      </reg>
      <orig>
       тѣ
      </orig>
     </choice>
     ,
     <choice>
      <reg>
       какие
      </reg>
      <orig>
       какiе
      </orig>
     </choice>
     есть,
     <choice>
      <reg>
       смешиваются
      </reg>
      <orig>
       смѣшиваются
      </orig>
     </choice>
     <choice>
      <reg>
       с
      </reg>
      <orig>
       съ
      </orig>
     </choice>
     другими веществами.
    </p>
    <p rend="left" uuid="f3bb12ea-cd4d-4e2f-af60-4ed99db8b1d6">
     Каждый
     <choice>
      <reg>
       человек
      </reg>
      <orig>
       человѣкъ
      </orig>
     </choice>
     , каждое животное, когда
     <choice>
      <reg>
       дышет
      </reg>
      <orig>
       дышетъ
      </orig>
     </choice>
     , то
     <choice>
      <reg>
       выбирает
      </reg>
      <orig>
       выбираетъ
      </orig>
     </choice>
     <choice>
      <reg>
       из
      </reg>
      <orig>
       изъ
      </orig>
     </choice>
     воздуха
     <choice>
      <reg>
       кислород
      </reg>
      <orig>
       кислородъ
      </orig>
     </choice>
     и
     <choice>
      <reg>
       в
      </reg>
      <orig>
       въ
      </orig>
     </choice>
     <choice>
      <reg>
       самом
      </reg>
      <orig>
       самомъ
      </orig>
     </choice>
     <choice>
      <reg>
       себе
      </reg>
      <orig>
       себѣ
      </orig>
     </choice>
     <choice>
      <reg>
       смешивает
      </reg>
      <orig>
       смѣшиваетъ
      </orig>
     </choice>
     его
     <choice>
      <reg>
       с
      </reg>
      <orig>
       съ
      </orig>
     </choice>
     веществами своего
     <choice>
      <reg>
       тела
      </reg>
      <orig>
       тѣла
      </orig>
     </choice>
     , а
     <choice>
      <reg>
       выпускает
      </reg>
      <orig>
       выпускаетъ
      </orig>
     </choice>
     уже
     <choice>
      <reg>
       другим
      </reg>
      <orig>
       другимъ
      </orig>
     </choice>
     <choice>
      <reg>
       газом
      </reg>
      <orig>
       газомъ
      </orig>
     </choice>
     . Всякое
     <choice>
      <reg>
       растение
      </reg>
      <orig>
       растенiе
      </orig>
     </choice>
     — трава, дерево
     <choice>
      <reg>
       забирает
      </reg>
      <orig>
       забираетъ
      </orig>
     </choice>
     <choice>
      <reg>
       в
      </reg>
      <orig>
       въ
      </orig>
     </choice>
     себя углекислоту и
     <choice>
      <reg>
       выпускает
      </reg>
      <orig>
       выпускаетъ
      </orig>
     </choice>
     <choice>
      <reg>
       кислород
      </reg>
      <orig>
       кислородъ
      </orig>
     </choice>
     . Вода
     <choice>
      <reg>
       в
      </reg>
      <orig>
       въ
      </orig>
     </choice>
     <choice>
      <reg>
       одном
      </reg>
      <orig>
       одномъ
      </orig>
     </choice>
     <choice>
      <reg>
       месте
      </reg>
      <orig>
       мѣстѣ
      </orig>
     </choice>
     <choice>
      <reg>
       из
      </reg>
      <orig>
       изъ
      </orig>
     </choice>
     жидкой
     <choice>
      <reg>
       делается
      </reg>
      <orig>
       дѣлается
      </orig>
     </choice>
     летучею,
     <choice>
      <reg>
       водяным
      </reg>
      <orig>
       водянымъ
      </orig>
     </choice>
     <choice>
      <reg>
       газом
      </reg>
      <orig>
       газомъ
      </orig>
     </choice>
     , невидимым
     <choice>
      <reg>
       паром
      </reg>
      <orig>
       паромъ
      </orig>
     </choice>
     ;
     <choice>
      <reg>
       в
      </reg>
      <orig>
       въ
      </orig>
     </choice>
    </p>
    <p rend="left emptyline" uuid="63a8a0db-c3e7-4ae5-a6c0-f878f7e095a3">
     <pb n="640"/>
    </p>
    <p rend="centerline" uuid="070e1d4c-22d3-45c8-b606-410e4da5ba8f">
     — 80 —
    </p>
    <p rend="notindent" uuid="9fd25138-ed39-4b4d-9c21-8c4a273f411c">
     <choice>
      <reg>
       другом
      </reg>
      <orig>
       другомъ
      </orig>
     </choice>
     <choice>
      <reg>
       месте
      </reg>
      <orig>
       мѣстѣ
      </orig>
     </choice>
     <choice>
      <reg>
       из
      </reg>
      <orig>
       изъ
      </orig>
     </choice>
     летучей воды
     <choice>
      <reg>
       делается
      </reg>
      <orig>
       дѣлается
      </orig>
     </choice>
     жидкая.
     <choice>
      <reg>
       От
      </reg>
      <orig>
       Отъ
      </orig>
     </choice>
     этого
     <choice>
      <reg>
       в
      </reg>
      <orig>
       въ
      </orig>
     </choice>
     <choice>
      <reg>
       воздухе
      </reg>
      <orig>
       воздухѣ
      </orig>
     </choice>
     всегда
     <choice>
      <reg>
       ходят
      </reg>
      <orig>
       ходятъ
      </orig>
     </choice>
     разные газы:
     <choice>
      <reg>
       какие
      </reg>
      <orig>
       какiе
      </orig>
     </choice>
     легче,
     <choice>
      <reg>
       те
      </reg>
      <orig>
       тѣ
      </orig>
     </choice>
     <choice>
      <reg>
       идут
      </reg>
      <orig>
       идутъ
      </orig>
     </choice>
     <choice>
      <reg>
       вверх
      </reg>
      <orig>
       вверхъ
      </orig>
     </choice>
     ,
     <choice>
      <reg>
       какие
      </reg>
      <orig>
       какiе
      </orig>
     </choice>
     <choice>
      <reg>
       тяжелее
      </reg>
      <orig>
       тяжелѣе
      </orig>
     </choice>
     —
     <choice>
      <reg>
       те
      </reg>
      <orig>
       тѣ
      </orig>
     </choice>
     опускаются
     <choice>
      <reg>
       вниз
      </reg>
      <orig>
       внизъ
      </orig>
     </choice>
     , — и
     <choice>
      <reg>
       ходят
      </reg>
      <orig>
       ходятъ
      </orig>
     </choice>
     газы
     <choice>
      <reg>
       беспрестанно
      </reg>
      <orig>
       безпрестанно
      </orig>
     </choice>
     ,
     <choice>
      <reg>
       как
      </reg>
      <orig>
       какъ
      </orig>
     </choice>
     <choice>
      <reg>
       в
      </reg>
      <orig>
       въ
      </orig>
     </choice>
     <choice>
      <reg>
       ведре
      </reg>
      <orig>
       ведрѣ
      </orig>
     </choice>
     <choice>
      <reg>
       с
      </reg>
      <orig>
       съ
      </orig>
     </choice>
     водою
     <choice>
      <reg>
       разные
      </reg>
      <orig>
       разныя
      </orig>
     </choice>
     вещества. Но всего больше весь
     <choice>
      <reg>
       воздух
      </reg>
      <orig>
       воздухъ
      </orig>
     </choice>
     шевелится и
     <choice>
      <reg>
       ходит
      </reg>
      <orig>
       ходитъ
      </orig>
     </choice>
     <choice>
      <reg>
       от
      </reg>
      <orig>
       отъ
      </orig>
     </choice>
     того, что —
     <choice>
      <reg>
       как
      </reg>
      <orig>
       какъ
      </orig>
     </choice>
     <choice>
      <reg>
       он
      </reg>
      <orig>
       онъ
      </orig>
     </choice>
     <choice>
      <reg>
       где
      </reg>
      <orig>
       гдѣ
      </orig>
     </choice>
     <choice>
      <reg>
       нагреется
      </reg>
      <orig>
       нагрѣется
      </orig>
     </choice>
     ,
     <choice>
      <reg>
       так
      </reg>
      <orig>
       такъ
      </orig>
     </choice>
     поднимается кверху, — а
     <choice>
      <reg>
       как
      </reg>
      <orig>
       какъ
      </orig>
     </choice>
     <choice>
      <reg>
       остынет
      </reg>
      <orig>
       остынетъ
      </orig>
     </choice>
     ,
     <choice>
      <reg>
       так
      </reg>
      <orig>
       такъ
      </orig>
     </choice>
     <choice>
      <reg>
       идет
      </reg>
      <orig>
       идетъ
      </orig>
     </choice>
     <choice>
      <reg>
       к
      </reg>
      <orig>
       къ
      </orig>
     </choice>
     низу. Когда
     <choice>
      <reg>
       в
      </reg>
      <orig>
       въ
      </orig>
     </choice>
     солнечный день солнце
     <choice>
      <reg>
       с
      </reg>
      <orig>
       съ
      </orig>
     </choice>
     боку
     <choice>
      <reg>
       светит
      </reg>
      <orig>
       свѣтитъ
      </orig>
     </choice>
     <choice>
      <reg>
       в
      </reg>
      <orig>
       въ
      </orig>
     </choice>
     окно, то
     <choice>
      <reg>
       к
      </reg>
      <orig>
       къ
      </orig>
     </choice>
     <choice>
      <reg>
       лучах
      </reg>
      <orig>
       лучахъ
      </orig>
     </choice>
     солнца видно,
     <choice>
      <reg>
       как
      </reg>
      <orig>
       какъ
      </orig>
     </choice>
     кружатся и
     <choice>
      <reg>
       прыгают
      </reg>
      <orig>
       прыгаютъ
      </orig>
     </choice>
     кверху и книзу пылинки. Это крутится теплый и холодный
     <choice>
      <reg>
       воздух
      </reg>
      <orig>
       воздухъ
      </orig>
     </choice>
     и
     <choice>
      <reg>
       носит
      </reg>
      <orig>
       носитъ
      </orig>
     </choice>
     <choice>
      <reg>
       с
      </reg>
      <orig>
       съ
      </orig>
     </choice>
     собою
     <choice>
      <reg>
       легкия
      </reg>
      <orig>
       легкiя
      </orig>
     </choice>
     пылинки.
    </p>
   </div>
</TEI>