<?xml version="1.0" encoding="utf-8"?>
<TEI xmlns="http://www.tei-c.org/ns/1.0" xmlns:xi="http://www.w3.org/2001/XInclude">
 <teiHeader>
  <fileDesc>
   <titleStmt>
    <title>
     Азбука. Книга I
    </title>
    <author>
     Толстой Л.Н.
    </author>
    <respStmt>
     <resp>
      подготовка TEI/XML
     </resp>
     <name>
      Мария Картышева, Евгений Можаев, Даниил Скоринкин, Елена Сидорова, Вероника Файнберг, Кирилл Милинцевич
     </name>
    </respStmt>
    <respStmt>
     <name>
      Анастасия Бонч-Осмоловская, Фёкла Толстая, Борис Орехов
     </name>
     <resp>
      Идея, постановка задач, руководство
     </resp>
    </respStmt>
   </titleStmt>
   <publicationStmt>
    <idno>
     Азбука  | Книга I
    </idno>
    <publisher>
     <orgName>
      Школа лингвистики НИУ ВШЭ
     </orgName>
    </publisher>
    <availability>
     <p>
      Тексты и метатекстовая разметка доступны для свободного использования и распространения по лицензии Creative Commons Attribution Share-Alike (cc by-sa)
     </p>
    </availability>
   </publicationStmt>
   <sourceDesc>
    <biblStruct>
     <analytic>
      <author>
       Толстой Л.Н.
      </author>
      <title level="a">
       Азбука. Книга I
      </title>
     </analytic>
     <monogr>
      <title level="m">
       Полное собрание сочинений. Том 22
      </title>
      <imprint>
       <pubPlace>
        Москва
       </pubPlace>
       <publisher>
        Государственное издательство "Художественная литература"
       </publisher>
       <date when="1871-1872"/>
      </imprint>
     </monogr>
     <series>
      <title level="s">
       Л.Н. Толстой. Полное собрание сочинений
      </title>
      <biblScope unit="vol">
       22
      </biblScope>
     </series>
    </biblStruct>
   </sourceDesc>
  </fileDesc>
  <encodingDesc>
   <classDecl>
    <xi:include href="taxonomy.xml"/>
   </classDecl>
  </encodingDesc>
  <profileDesc>
   <creation>
    <date notAfter="1872" notBefore="1871">
     1871-1872
    </date>
    <rs/>
   </creation>
   <textClass>
    <catRef target="#fiction" type="sphere"/>
    <catRef target="#произведения для детей" type="type"/>
    <catRef target="#works" type="works_letters_diaries"/>
    <catRef target="#азбука" type="ninetyDef"/>
    <catRef target="#Основное" type="main_var"/>
    <catRef target="#азбука" type="type_short"/>
    <catRef target="None" type="translation"/>
    <catRef target="None" type="translation_origin"/>
    <catRef target="#да" type="tolstoy_or_not"/>
    <catRef target="None" type="name_status"/>
   </textClass>
   <preparedness>
    finished
   </preparedness>
   <settingDesc>
    <time>
     XIX век
    </time>
   </settingDesc>
  </profileDesc>
  <xenoData>
   <cyclusName/>
   <p>
    Проект
    <title>
     Толстой.Digital
    </title>
    разрабатывается сотрудниками и студентами
    <orgName>
     Высшей школы экономики
    </orgName>
    в сотрудничестве с
    <orgName>
     Государственным музеем Л.Н. Толстого
    </orgName>
    . Источник текстов –
    <bibl>
     90-томное собрание сочинений Л.Н.Толстого
    </bibl>
    . Разметка основана на стандарте
    <ref target="http://www.tei-c.org">
     TEI (Text Encoding Initiative)
    </ref>
    .
   </p>
   <versionNumber/>
   <isFinished/>
   <isEdited/>
   <fullBibliographicDescription/>
  </xenoData>
 </teiHeader>
 <p rend="left emptyline">
  <pb n="212"/>
 </p>
 <div type="section" xml:id="ref100">
  <head rend="center">
   <hi rend="strong">
    <choice>
     <reg>
      ЕЖ
     </reg>
    </choice>
    И
    <choice>
     <reg>
      ЗАЯЦ
     </reg>
    </choice>
    .
   </hi>
  </head>
  <p rend="left" uuid="a66999f0-0346-4be3-9e19-c377fce1ba4c">
   <choice>
    <reg>
     Повстречал
    </reg>
   </choice>
   <choice>
    <reg>
     заяц
    </reg>
   </choice>
   ежа и
   <choice>
    <reg>
     говорит
    </reg>
   </choice>
   :
  </p>
  <p rend="left" uuid="0dcad753-952e-46a8-89f6-fc6bb3879453">
   «
   <choice>
    <reg>
     Всем
    </reg>
   </choice>
   бы ты
   <choice>
    <reg>
     хорош
    </reg>
   </choice>
   ,
   <choice>
    <reg>
     ёж
    </reg>
   </choice>
   , только ноги у тебя
   <choice>
    <reg>
     кривые
    </reg>
   </choice>
   , заплетаются».
  </p>
  <p rend="left" uuid="d997f228-47b6-4fb3-994a-9d1933d4d777">
   <choice>
    <reg>
     Еж
    </reg>
   </choice>
   <choice>
    <reg>
     рассердился
    </reg>
   </choice>
   и
   <choice>
    <reg>
     говорит
    </reg>
   </choice>
   :
  </p>
  <p rend="left" uuid="b1afc49f-c8c1-40f8-b4af-38cd9ad51e97">
   «Ты
   <choice>
    <reg>
     что-ж
    </reg>
   </choice>
   <choice>
    <reg>
     смеешься
    </reg>
   </choice>
   ; мои
   <choice>
    <reg>
     кривые
    </reg>
   </choice>
   ноги
   <choice>
    <reg>
     скорее
    </reg>
   </choice>
   <choice>
    <reg>
     двоих
    </reg>
   </choice>
   <choice>
    <reg>
     прямых
    </reg>
   </choice>
   <choice>
    <reg>
     бегают
    </reg>
   </choice>
   .
   <choice>
    <reg>
     Вот
    </reg>
   </choice>
   дай только схожу домой, а
   <choice>
    <reg>
     потом
    </reg>
   </choice>
   давай на перегонку»!
  </p>
  <p rend="left" uuid="9475a77e-c574-476b-b467-b8bc27c58b02">
   <choice>
    <reg>
     Еж
    </reg>
   </choice>
   <choice>
    <reg>
     пошёл
    </reg>
   </choice>
   домой и
   <choice>
    <reg>
     говорит
    </reg>
   </choice>
   <choice>
    <reg>
     жене
    </reg>
   </choice>
   : «я
   <choice>
    <reg>
     с
    </reg>
   </choice>
   <choice>
    <reg>
     зайцом
    </reg>
   </choice>
   <choice>
    <reg>
     поспорил
    </reg>
   </choice>
   :
   <choice>
    <reg>
     хотим
    </reg>
   </choice>
   <choice>
    <reg>
     бежать
    </reg>
   </choice>
   на перегонку».
  </p>
  <p rend="left" uuid="b1d83e81-b046-4930-8f65-fe1fd7243eb9">
   Ежова жена и
   <choice>
    <reg>
     говорит
    </reg>
   </choice>
   : «ты, видно,
   <choice>
    <reg>
     с
    </reg>
   </choice>
   ума
   <choice>
    <reg>
     сошёл
    </reg>
   </choice>
   !
   <choice>
    <reg>
     где
    </reg>
   </choice>
   <choice>
    <reg>
     тебе
    </reg>
   </choice>
   <choice>
    <reg>
     с
    </reg>
   </choice>
   <choice>
    <reg>
     зайцем
    </reg>
   </choice>
   <choice>
    <reg>
     бежать
    </reg>
   </choice>
   ? У него ноги
   <choice>
    <reg>
     быстрые
    </reg>
   </choice>
   ».
  </p>
  <p rend="left" uuid="af17cffb-5eee-46fa-a50a-b66f9679b8bf">
   А
   <choice>
    <reg>
     ёж
    </reg>
   </choice>
   <choice>
    <reg>
     говорит
    </reg>
   </choice>
   : «у него ноги
   <choice>
    <reg>
     быстрые
    </reg>
   </choice>
   , а у меня
   <choice>
    <reg>
     ум
    </reg>
   </choice>
   быстрый. Ты только
   <choice>
    <reg>
     делай
    </reg>
   </choice>
   , чтó я велю.
   <choice>
    <reg>
     Пойдём
    </reg>
   </choice>
   <choice>
    <reg>
     в
    </reg>
   </choice>
   поле».
  </p>
  <p rend="left emptyline" uuid="3395ac78-606a-496c-bae4-067508bdbe6d">
   <pb n="213"/>
  </p>
  <p rend="centerline" uuid="f9205bab-a978-42e6-a654-7e926cf1812c">
   — 11 —
  </p>
  <p rend="left" uuid="f238dc04-b20a-498e-a61e-01bb91861e9e">
   <choice>
    <reg>
     Вот
    </reg>
   </choice>
   пришли они на вспаханное поле
   <choice>
    <reg>
     к
    </reg>
   </choice>
   зайцу;
   <choice>
    <reg>
     ёж
    </reg>
   </choice>
   и
   <choice>
    <reg>
     говорит
    </reg>
   </choice>
   <choice>
    <reg>
     жене
    </reg>
   </choice>
   :
  </p>
  <p rend="left" uuid="f0385b47-72e2-4880-be2d-2b07fe5afbfa">
   «Спрячься ты на
   <choice>
    <reg>
     этом
    </reg>
   </choice>
   <choice>
    <reg>
     конце
    </reg>
   </choice>
   борозды, а мы
   <choice>
    <reg>
     с
    </reg>
   </choice>
   <choice>
    <reg>
     зайцом
    </reg>
   </choice>
   <choice>
    <reg>
     побежим
    </reg>
   </choice>
   <choice>
    <reg>
     с
    </reg>
   </choice>
   <choice>
    <reg>
     другого
    </reg>
   </choice>
   конца;
   <choice>
    <reg>
     как
    </reg>
   </choice>
   <choice>
    <reg>
     он
    </reg>
   </choice>
   <choice>
    <reg>
     разбежится
    </reg>
   </choice>
   , я вернусь
   <choice>
    <reg>
     назад
    </reg>
   </choice>
   ; а
   <choice>
    <reg>
     как
    </reg>
   </choice>
   <choice>
    <reg>
     прибежит
    </reg>
   </choice>
   <choice>
    <reg>
     к
    </reg>
   </choice>
   твоему концу, ты выходи и скажи: а я уже давно жду.
   <choice>
    <reg>
     Он
    </reg>
   </choice>
   тебя
   <choice>
    <reg>
     от
    </reg>
   </choice>
   меня не
   <choice>
    <reg>
     узнает
    </reg>
   </choice>
   —
   <choice>
    <reg>
     подумает
    </reg>
   </choice>
   , что это я».
  </p>
  <p rend="left" uuid="b6c06a4d-d1e8-4100-82da-b1924eec96ce">
   Ежова жена спряталась
   <choice>
    <reg>
     в
    </reg>
   </choice>
   <choice>
    <reg>
     борозде
    </reg>
   </choice>
   , а
   <choice>
    <reg>
     ёж
    </reg>
   </choice>
   <choice>
    <reg>
     с
    </reg>
   </choice>
   <choice>
    <reg>
     зайцом
    </reg>
   </choice>
   <choice>
    <reg>
     побежали
    </reg>
   </choice>
   <choice>
    <reg>
     с
    </reg>
   </choice>
   <choice>
    <reg>
     другого
    </reg>
   </choice>
   конца.
  </p>
  <p rend="left" uuid="ad15a5b6-0443-41fa-8b75-66e21bfbe6d9">
   <choice>
    <reg>
     Как
    </reg>
   </choice>
   <choice>
    <reg>
     заяц
    </reg>
   </choice>
   <choice>
    <reg>
     разбежался
    </reg>
   </choice>
   ,
   <choice>
    <reg>
     ёж
    </reg>
   </choice>
   вернулся
   <choice>
    <reg>
     назад
    </reg>
   </choice>
   и спрятался
   <choice>
    <reg>
     в
    </reg>
   </choice>
   борозду.
   <choice>
    <reg>
     Заяц
    </reg>
   </choice>
   <choice>
    <reg>
     прискакал
    </reg>
   </choice>
   на другой
   <choice>
    <reg>
     конец
    </reg>
   </choice>
   борозды: глядь! — а ежова жена уже
   <choice>
    <reg>
     там
    </reg>
   </choice>
   и
   <choice>
    <reg>
     говорит
    </reg>
   </choice>
   : «а я уже давно жду».
  </p>
  <p rend="left" uuid="6baeb8a6-9636-4ebf-92b3-fdf5835ee68b">
   <choice>
    <reg>
     Заяц
    </reg>
   </choice>
   <choice>
    <reg>
     думает
    </reg>
   </choice>
   : «чтó за чудо!
   <choice>
    <reg>
     как
    </reg>
   </choice>
   это
   <choice>
    <reg>
     он
    </reg>
   </choice>
   меня
   <choice>
    <reg>
     обогнал
    </reg>
   </choice>
   »?
  </p>
  <p rend="left" uuid="545b229f-2c35-433a-89d5-b311ff9ceb90">
   «Ну»,
   <choice>
    <reg>
     говорит
    </reg>
   </choice>
   , «давай ещё
   <choice>
    <reg>
     раз
    </reg>
   </choice>
   <choice>
    <reg>
     побежим
    </reg>
   </choice>
   »!
  </p>
  <p rend="left" uuid="906e2a13-c70a-4d98-960a-736f93a1c962">
   «Давай»!
  </p>
  <p rend="left" uuid="94e7b8a4-f7ef-42c6-957b-b3787194b8b0">
   <choice>
    <reg>
     Заяц
    </reg>
   </choice>
   пустился
   <choice>
    <reg>
     назад
    </reg>
   </choice>
   ,
   <choice>
    <reg>
     прибежал
    </reg>
   </choice>
   на другой
   <choice>
    <reg>
     конец
    </reg>
   </choice>
   : глядь! — а
   <choice>
    <reg>
     ёж
    </reg>
   </choice>
   уже
   <choice>
    <reg>
     там
    </reg>
   </choice>
   , да и
   <choice>
    <reg>
     говорит
    </reg>
   </choice>
   : «э,
   <choice>
    <reg>
     брат
    </reg>
   </choice>
   , ты только теперь, а я уже давно
   <choice>
    <reg>
     тут
    </reg>
   </choice>
   .»
  </p>
  <p rend="left" uuid="6eda7784-8daf-44e5-90fa-3ca7d500a275">
   «Что за чудо!»
   <choice>
    <reg>
     думает
    </reg>
   </choice>
   <choice>
    <reg>
     заяц
    </reg>
   </choice>
   , «ужь
   <choice>
    <reg>
     как
    </reg>
   </choice>
   я шибко
   <choice>
    <reg>
     скакал
    </reg>
   </choice>
   , а всё
   <choice>
    <reg>
     он
    </reg>
   </choice>
   <choice>
    <reg>
     обогнал
    </reg>
   </choice>
   меня. Ну,
   <choice>
    <reg>
     так
    </reg>
   </choice>
   <choice>
    <reg>
     побежим
    </reg>
   </choice>
   ещё
   <choice>
    <reg>
     раз
    </reg>
   </choice>
   , теперь ужь не обгонишь».
  </p>
  <p rend="left" uuid="9af845d7-1e89-40f9-a58f-50a9bad5f28b">
   «
   <choice>
    <reg>
     Побежим
    </reg>
   </choice>
   !»
  </p>
  <p rend="left" uuid="a61369d5-5d8d-4322-ae2e-5077229df220">
   <choice>
    <reg>
     Поскакал
    </reg>
   </choice>
   <choice>
    <reg>
     заяц
    </reg>
   </choice>
   , что было духу: глядь! —
   <choice>
    <reg>
     ёж
    </reg>
   </choice>
   впереди
   <choice>
    <reg>
     сидит
    </reg>
   </choice>
   и дожидается.
  </p>
  <p rend="left" uuid="413f94b1-0ca7-4a04-bf3c-3ec6f8f6d682">
   И
   <choice>
    <reg>
     так
    </reg>
   </choice>
   <choice>
    <reg>
     заяц
    </reg>
   </choice>
   до
   <choice>
    <reg>
     тех
    </reg>
   </choice>
   <choice>
    <reg>
     пор
    </reg>
   </choice>
   <choice>
    <reg>
     скакал
    </reg>
   </choice>
   <choice>
    <reg>
     из
    </reg>
   </choice>
   конца
   <choice>
    <reg>
     в
    </reg>
   </choice>
   <choice>
    <reg>
     конец
    </reg>
   </choice>
   , что
   <choice>
    <reg>
     из
    </reg>
   </choice>
   <choice>
    <reg>
     сил
    </reg>
   </choice>
   выбился.
  </p>
  <p rend="left" uuid="bb728c14-1d86-46f0-9b61-ad62ad69a4f3">
   <choice>
    <reg>
     Заяц
    </reg>
   </choice>
   покорился и
   <choice>
    <reg>
     сказал
    </reg>
   </choice>
   , что
   <choice>
    <reg>
     вперёд
    </reg>
   </choice>
   никогда не
   <choice>
    <reg>
     будет
    </reg>
   </choice>
   спорить.
  </p>
  <p rend="left emptyline" uuid="dd464a72-b8b6-4432-9fbc-37799dea920d">
   <pb n="214"/>
  </p>
  <p rend="centerline" uuid="1be0fb53-6fcd-4ab5-a76e-fdef6a500eb4">
   — 12 —
  </p>
 </div>
</TEI>