<?xml version="1.0" encoding="utf-8"?>
<TEI xmlns="http://www.tei-c.org/ns/1.0" xmlns:xi="http://www.w3.org/2001/XInclude">
 <teiHeader>
  <fileDesc>
   <titleStmt>
    <title>
     Азбука. Книга I
    </title>
    <author>
     Толстой Л.Н.
    </author>
    <respStmt>
     <resp>
      подготовка TEI/XML
     </resp>
     <name>
      Мария Картышева, Евгений Можаев, Даниил Скоринкин, Елена Сидорова, Вероника Файнберг, Кирилл Милинцевич
     </name>
    </respStmt>
    <respStmt>
     <name>
      Анастасия Бонч-Осмоловская, Фёкла Толстая, Борис Орехов
     </name>
     <resp>
      Идея, постановка задач, руководство
     </resp>
    </respStmt>
   </titleStmt>
   <publicationStmt>
    <idno>
     Азбука  | Книга I
    </idno>
    <publisher>
     <orgName>
      Школа лингвистики НИУ ВШЭ
     </orgName>
    </publisher>
    <availability>
     <p>
      Тексты и метатекстовая разметка доступны для свободного использования и распространения по лицензии Creative Commons Attribution Share-Alike (cc by-sa)
     </p>
    </availability>
   </publicationStmt>
   <sourceDesc>
    <biblStruct>
     <analytic>
      <author>
       Толстой Л.Н.
      </author>
      <title level="a">
       Азбука. Книга I
      </title>
     </analytic>
     <monogr>
      <title level="m">
       Полное собрание сочинений. Том 22
      </title>
      <imprint>
       <pubPlace>
        Москва
       </pubPlace>
       <publisher>
        Государственное издательство "Художественная литература"
       </publisher>
       <date when="1871-1872"/>
      </imprint>
     </monogr>
     <series>
      <title level="s">
       Л.Н. Толстой. Полное собрание сочинений
      </title>
      <biblScope unit="vol">
       22
      </biblScope>
     </series>
    </biblStruct>
   </sourceDesc>
  </fileDesc>
  <encodingDesc>
   <classDecl>
    <xi:include href="taxonomy.xml"/>
   </classDecl>
  </encodingDesc>
  <profileDesc>
   <creation>
    <date notAfter="1872" notBefore="1871">
     1871-1872
    </date>
    <rs/>
   </creation>
   <textClass>
    <catRef target="#fiction" type="sphere"/>
    <catRef target="#произведения для детей" type="type"/>
    <catRef target="#works" type="works_letters_diaries"/>
    <catRef target="#азбука" type="ninetyDef"/>
    <catRef target="#Основное" type="main_var"/>
    <catRef target="#азбука" type="type_short"/>
    <catRef target="None" type="translation"/>
    <catRef target="None" type="translation_origin"/>
    <catRef target="#да" type="tolstoy_or_not"/>
    <catRef target="None" type="name_status"/>
   </textClass>
   <preparedness>
    finished
   </preparedness>
   <settingDesc>
    <time>
     XIX век
    </time>
   </settingDesc>
  </profileDesc>
  <xenoData>
   <cyclusName/>
   <p>
    Проект
    <title>
     Толстой.Digital
    </title>
    разрабатывается сотрудниками и студентами
    <orgName>
     Высшей школы экономики
    </orgName>
    в сотрудничестве с
    <orgName>
     Государственным музеем Л.Н. Толстого
    </orgName>
    . Источник текстов –
    <bibl>
     90-томное собрание сочинений Л.Н.Толстого
    </bibl>
    . Разметка основана на стандарте
    <ref target="http://www.tei-c.org">
     TEI (Text Encoding Initiative)
    </ref>
    .
   </p>
   <versionNumber/>
   <isFinished/>
   <isEdited/>
   <fullBibliographicDescription/>
  </xenoData>
 </teiHeader>
 <p rend="left emptyline">
  <pb n="216"/>
 </p>
 <div type="section" xml:id="ref103">
  <head rend="center">
   <hi rend="strong">
    КАКАЯ
    <choice>
     <reg>
      БЫВАЕТ
     </reg>
    </choice>
    РОСА НА
    <choice>
     <reg>
      ТРАВЕ
     </reg>
    </choice>
    .
   </hi>
  </head>
  <p rend="left" uuid="4d75df61-0378-480c-a3c6-c9e34b87f889">
   Когда
   <choice>
    <reg>
     в
    </reg>
   </choice>
   солнечное утро,
   <choice>
    <reg>
     летом
    </reg>
   </choice>
   , пойдёшь
   <choice>
    <reg>
     в
    </reg>
   </choice>
   <choice>
    <reg>
     лес
    </reg>
   </choice>
   , то на
   <choice>
    <reg>
     полях
    </reg>
   </choice>
   ,
   <choice>
    <reg>
     в
    </reg>
   </choice>
   <choice>
    <reg>
     траве
    </reg>
   </choice>
   видны алмазы.
   <choice>
    <reg>
     Все
    </reg>
   </choice>
   алмазы эти
   <choice>
    <reg>
     блестят
    </reg>
   </choice>
   и переливаются на
   <choice>
    <reg>
     солнде
    </reg>
   </choice>
   разными
   <choice>
    <reg>
     цветами
    </reg>
   </choice>
   — и
   <choice>
    <reg>
     желтым
    </reg>
   </choice>
   , и
   <choice>
    <reg>
     красным
    </reg>
   </choice>
   , и
   <choice>
    <reg>
     синим
    </reg>
   </choice>
   . Когда подойдёшь ближе и разглядишь, чтó это такое, то увидишь, что это капли росы собрались
   <choice>
    <reg>
     в
    </reg>
   </choice>
   <choice>
    <reg>
     треугольных
    </reg>
   </choice>
   <choice>
    <reg>
     листах
    </reg>
   </choice>
   травы и
   <choice>
    <reg>
     блестят
    </reg>
   </choice>
   на
   <choice>
    <reg>
     солнце
    </reg>
   </choice>
   .
  </p>
  <p rend="left" uuid="8820aed3-2487-4a4f-a3b5-084622fc2b9c">
   <choice>
    <reg>
     Листок
    </reg>
   </choice>
   этой травы внутри
   <choice>
    <reg>
     мохнат
    </reg>
   </choice>
   и
   <choice>
    <reg>
     пушист
    </reg>
   </choice>
   <choice>
    <reg>
     как
    </reg>
   </choice>
   <choice>
    <reg>
     бархат
    </reg>
   </choice>
   . И капли катаются по листку и не
   <choice>
    <reg>
     мочат
    </reg>
   </choice>
   его.
  </p>
  <p rend="left" uuid="ccac0d6c-bfa7-4b72-b105-a8fc6dd65c1f">
   Когда неосторожно сорвёшь
   <choice>
    <reg>
     листок
    </reg>
   </choice>
   <choice>
    <reg>
     с
    </reg>
   </choice>
   росинкой, то капелька скатится
   <choice>
    <reg>
     как
    </reg>
   </choice>
   <choice>
    <reg>
     шарик
    </reg>
   </choice>
   <choice>
    <reg>
     светлый
    </reg>
   </choice>
   , и не увидишь,
   <choice>
    <reg>
     как
    </reg>
   </choice>
   <choice>
    <reg>
     проскользнёт
    </reg>
   </choice>
   мимо стебля. Бывало, сорвёшь такую чашечку, потихоньку поднесёшь ко рту и выпьешь росинку, и росинка эта
   <choice>
    <reg>
     вкуснее
    </reg>
   </choice>
   <choice>
    <reg>
     всякого
    </reg>
   </choice>
   напитка кажется.
  </p>
 </div>
</TEI>