<?xml version="1.0" encoding="utf-8"?>
<TEI xmlns="http://www.tei-c.org/ns/1.0" xmlns:xi="http://www.w3.org/2001/XInclude">
 <teiHeader>
  <fileDesc>
   <titleStmt>
    <title>
     Азбука. Книга I
    </title>
    <author>
     Толстой Л.Н.
    </author>
    <respStmt>
     <resp>
      подготовка TEI/XML
     </resp>
     <name>
      Мария Картышева, Евгений Можаев, Даниил Скоринкин, Елена Сидорова, Вероника Файнберг, Кирилл Милинцевич
     </name>
    </respStmt>
    <respStmt>
     <name>
      Анастасия Бонч-Осмоловская, Фёкла Толстая, Борис Орехов
     </name>
     <resp>
      Идея, постановка задач, руководство
     </resp>
    </respStmt>
   </titleStmt>
   <publicationStmt>
    <idno>
     Азбука  | Книга I
    </idno>
    <publisher>
     <orgName>
      Школа лингвистики НИУ ВШЭ
     </orgName>
    </publisher>
    <availability>
     <p>
      Тексты и метатекстовая разметка доступны для свободного использования и распространения по лицензии Creative Commons Attribution Share-Alike (cc by-sa)
     </p>
    </availability>
   </publicationStmt>
   <sourceDesc>
    <biblStruct>
     <analytic>
      <author>
       Толстой Л.Н.
      </author>
      <title level="a">
       Азбука. Книга I
      </title>
     </analytic>
     <monogr>
      <title level="m">
       Полное собрание сочинений. Том 22
      </title>
      <imprint>
       <pubPlace>
        Москва
       </pubPlace>
       <publisher>
        Государственное издательство "Художественная литература"
       </publisher>
       <date when="1871-1872"/>
      </imprint>
     </monogr>
     <series>
      <title level="s">
       Л.Н. Толстой. Полное собрание сочинений
      </title>
      <biblScope unit="vol">
       22
      </biblScope>
     </series>
    </biblStruct>
   </sourceDesc>
  </fileDesc>
  <encodingDesc>
   <classDecl>
    <xi:include href="taxonomy.xml"/>
   </classDecl>
  </encodingDesc>
  <profileDesc>
   <creation>
    <date notAfter="1872" notBefore="1871">
     1871-1872
    </date>
    <rs/>
   </creation>
   <textClass>
    <catRef target="#fiction" type="sphere"/>
    <catRef target="#произведения для детей" type="type"/>
    <catRef target="#works" type="works_letters_diaries"/>
    <catRef target="#азбука" type="ninetyDef"/>
    <catRef target="#Основное" type="main_var"/>
    <catRef target="#азбука" type="type_short"/>
    <catRef target="None" type="translation"/>
    <catRef target="None" type="translation_origin"/>
    <catRef target="#да" type="tolstoy_or_not"/>
    <catRef target="None" type="name_status"/>
   </textClass>
   <preparedness>
    finished
   </preparedness>
   <settingDesc>
    <time>
     XIX век
    </time>
   </settingDesc>
  </profileDesc>
  <xenoData>
   <cyclusName/>
   <p>
    Проект
    <title>
     Толстой.Digital
    </title>
    разрабатывается сотрудниками и студентами
    <orgName>
     Высшей школы экономики
    </orgName>
    в сотрудничестве с
    <orgName>
     Государственным музеем Л.Н. Толстого
    </orgName>
    . Источник текстов –
    <bibl>
     90-томное собрание сочинений Л.Н.Толстого
    </bibl>
    . Разметка основана на стандарте
    <ref target="http://www.tei-c.org">
     TEI (Text Encoding Initiative)
    </ref>
    .
   </p>
   <versionNumber/>
   <isFinished/>
   <isEdited/>
   <fullBibliographicDescription/>
  </xenoData>
 </teiHeader>
 <p rend="left emptyline">
  <pb n="433"/>
 </p>
 <div type="section" xml:id="ref199">
  <head rend="center">
   <hi rend="strong">
    КЛОПЫ.
   </hi>
  </head>
  <p rend="left" uuid="caee1476-c99d-475c-8e76-f3b35cbdb22a">
   Я остановился ночевать на
   <choice>
    <reg>
     постоялом
    </reg>
   </choice>
   <choice>
    <reg>
     дворе
    </reg>
   </choice>
   . Прежде
   <choice>
    <reg>
     чем
    </reg>
   </choice>
   ложиться спать, я
   <choice>
    <reg>
     взял
    </reg>
   </choice>
   <choice>
    <reg>
     свечу
    </reg>
   </choice>
   и
   <choice>
    <reg>
     посмотрел
    </reg>
   </choice>
   углы кровати и
   <choice>
    <reg>
     стен
    </reg>
   </choice>
   , и когда
   <choice>
    <reg>
     увидал
    </reg>
   </choice>
   , что во
   <choice>
    <reg>
     всех
    </reg>
   </choice>
   <choice>
    <reg>
     углах
    </reg>
   </choice>
   были клопы,
   <choice>
    <reg>
     стал
    </reg>
   </choice>
   придумывать —
   <choice>
    <reg>
     как бы
    </reg>
   </choice>
   устроиться на ночь
   <choice>
    <reg>
     так
    </reg>
   </choice>
   , чтобы клопы не добрались до меня.
  </p>
  <p rend="left" uuid="13700963-cadb-44ea-bfd3-799af9f88bea">
   Со мною была складная кровать, но я
   <choice>
    <reg>
     знал
    </reg>
   </choice>
   , что поставь я её и
   <choice>
    <reg>
     посредине
    </reg>
   </choice>
   комнаты, клопы
   <choice>
    <reg>
     сползут
    </reg>
   </choice>
   со
   <choice>
    <reg>
     стен
    </reg>
   </choice>
   на
   <choice>
    <reg>
     пол
    </reg>
   </choice>
   , и
   <choice>
    <reg>
     с
    </reg>
   </choice>
   полу по
   <choice>
    <reg>
     ножкам
    </reg>
   </choice>
   кровати доберутся
  </p>
  <p rend="left emptyline" uuid="68d849e5-8034-4f9c-a381-b595c3c22c49">
   <pb n="434"/>
  </p>
  <p rend="centerline" uuid="0c6e4b09-0d38-4f8f-80a5-007283f57700">
   — 66 —
  </p>
  <p rend="notindent" uuid="a8c262b6-4545-4d5d-8edc-6e14084f89cd">
   и до меня; а потому я
   <choice>
    <reg>
     попросил
    </reg>
   </choice>
   у хозяина четыре
   <choice>
    <reg>
     деревянные
    </reg>
   </choice>
   чашки,
   <choice>
    <reg>
     налил
    </reg>
   </choice>
   <choice>
    <reg>
     в
    </reg>
   </choice>
   чашки воды и каждую ножку кровати
   <choice>
    <reg>
     поставил
    </reg>
   </choice>
   <choice>
    <reg>
     в
    </reg>
   </choice>
   чашку
   <choice>
    <reg>
     с
    </reg>
   </choice>
   водой. Я
   <choice>
    <reg>
     лёг
    </reg>
   </choice>
   ,
   <choice>
    <reg>
     поставил
    </reg>
   </choice>
   <choice>
    <reg>
     свечу
    </reg>
   </choice>
   на
   <choice>
    <reg>
     пол
    </reg>
   </choice>
   и
   <choice>
    <reg>
     стал
    </reg>
   </choice>
   <choice>
    <reg>
     смотреть
    </reg>
   </choice>
   — чтó
   <choice>
    <reg>
     будут
    </reg>
   </choice>
   <choice>
    <reg>
     делать
    </reg>
   </choice>
   клопы.
   <choice>
    <reg>
     Клопов
    </reg>
   </choice>
   было много и они уже чуяли меня: я
   <choice>
    <reg>
     видел
    </reg>
   </choice>
   ,
   <choice>
    <reg>
     как
    </reg>
   </choice>
   они ползли по полу,
   <choice>
    <reg>
     влезали
    </reg>
   </choice>
   на край чашки и одни падали
   <choice>
    <reg>
     в
    </reg>
   </choice>
   воду,
   <choice>
    <reg>
     другие
    </reg>
   </choice>
   ворочались
   <choice>
    <reg>
     назад
    </reg>
   </choice>
   . «
   <choice>
    <reg>
     Перехитрил
    </reg>
   </choice>
   я
   <choice>
    <reg>
     вас
    </reg>
   </choice>
   »,
   <choice>
    <reg>
     подумал
    </reg>
   </choice>
   я, «теперь не доберётесь» — и
   <choice>
    <reg>
     хотел
    </reg>
   </choice>
   уже тушить
   <choice>
    <reg>
     свечу
    </reg>
   </choice>
   ,
   <choice>
    <reg>
     как
    </reg>
   </choice>
   <choice>
    <reg>
     вдруг
    </reg>
   </choice>
   <choice>
    <reg>
     почувствовал
    </reg>
   </choice>
   , что меня
   <choice>
    <reg>
     кусает
    </reg>
   </choice>
   что-то. Осматриваюсь:
   <choice>
    <reg>
     клоп
    </reg>
   </choice>
   .
   <choice>
    <reg>
     Как
    </reg>
   </choice>
   <choice>
    <reg>
     он
    </reg>
   </choice>
   <choice>
    <reg>
     попал
    </reg>
   </choice>
   ко
   <choice>
    <reg>
     мне
    </reg>
   </choice>
   ? Не прошло минуты, я
   <choice>
    <reg>
     нашёл
    </reg>
   </choice>
   <choice>
    <reg>
     другого
    </reg>
   </choice>
   ; я
   <choice>
    <reg>
     стал
    </reg>
   </choice>
   оглядываться и допытываться —
   <choice>
    <reg>
     как
    </reg>
   </choice>
   до меня они добрались?
  </p>
  <p rend="left" uuid="60ceaaf4-25d4-481e-82a1-2988b929d33c">
   Долго я не
   <choice>
    <reg>
     мог
    </reg>
   </choice>
   понять, но
   <choice>
    <reg>
     наконец
    </reg>
   </choice>
   <choice>
    <reg>
     взглянул
    </reg>
   </choice>
   на
   <choice>
    <reg>
     потолок
    </reg>
   </choice>
   и
   <choice>
    <reg>
     увидал
    </reg>
   </choice>
   —
   <choice>
    <reg>
     клоп
    </reg>
   </choice>
   <choice>
    <reg>
     полз
    </reg>
   </choice>
   по потолку;
   <choice>
    <reg>
     как
    </reg>
   </choice>
   только
   <choice>
    <reg>
     он
    </reg>
   </choice>
   <choice>
    <reg>
     дополз
    </reg>
   </choice>
   вровень
   <choice>
    <reg>
     с
    </reg>
   </choice>
   кроватью,
   <choice>
    <reg>
     он
    </reg>
   </choice>
   <choice>
    <reg>
     отцепился
    </reg>
   </choice>
   <choice>
    <reg>
     от
    </reg>
   </choice>
   потолка и
   <choice>
    <reg>
     упал
    </reg>
   </choice>
   на меня. «
   <choice>
    <reg>
     Нет
    </reg>
   </choice>
   »,
   <choice>
    <reg>
     подумал
    </reg>
   </choice>
   я, «
   <choice>
    <reg>
     вас
    </reg>
   </choice>
   не перехитришь»,
   <choice>
    <reg>
     надел
    </reg>
   </choice>
   шубу и
   <choice>
    <reg>
     вышел
    </reg>
   </choice>
   на
   <choice>
    <reg>
     двор
    </reg>
   </choice>
   .
  </p>
 </div>
</TEI>