<?xml version="1.0" encoding="utf-8"?>
<TEI xmlns="http://www.tei-c.org/ns/1.0" xmlns:xi="http://www.w3.org/2001/XInclude">
 <teiHeader>
  <fileDesc>
   <titleStmt>
    <title>
     Азбука. Книга I
    </title>
    <author>
     Толстой Л.Н.
    </author>
    <respStmt>
     <resp>
      подготовка TEI/XML
     </resp>
     <name>
      Мария Картышева, Евгений Можаев, Даниил Скоринкин, Елена Сидорова, Вероника Файнберг, Кирилл Милинцевич
     </name>
    </respStmt>
    <respStmt>
     <name>
      Анастасия Бонч-Осмоловская, Фёкла Толстая, Борис Орехов
     </name>
     <resp>
      Идея, постановка задач, руководство
     </resp>
    </respStmt>
   </titleStmt>
   <publicationStmt>
    <idno>
     Азбука  | Книга I
    </idno>
    <publisher>
     <orgName>
      Школа лингвистики НИУ ВШЭ
     </orgName>
    </publisher>
    <availability>
     <p>
      Тексты и метатекстовая разметка доступны для свободного использования и распространения по лицензии Creative Commons Attribution Share-Alike (cc by-sa)
     </p>
    </availability>
   </publicationStmt>
   <sourceDesc>
    <biblStruct>
     <analytic>
      <author>
       Толстой Л.Н.
      </author>
      <title level="a">
       Азбука. Книга I
      </title>
     </analytic>
     <monogr>
      <title level="m">
       Полное собрание сочинений. Том 22
      </title>
      <imprint>
       <pubPlace>
        Москва
       </pubPlace>
       <publisher>
        Государственное издательство "Художественная литература"
       </publisher>
       <date when="1871-1872"/>
      </imprint>
     </monogr>
     <series>
      <title level="s">
       Л.Н. Толстой. Полное собрание сочинений
      </title>
      <biblScope unit="vol">
       22
      </biblScope>
     </series>
    </biblStruct>
   </sourceDesc>
  </fileDesc>
  <encodingDesc>
   <classDecl>
    <xi:include href="taxonomy.xml"/>
   </classDecl>
  </encodingDesc>
  <profileDesc>
   <creation>
    <date notAfter="1872" notBefore="1871">
     1871-1872
    </date>
    <rs/>
   </creation>
   <textClass>
    <catRef target="#fiction" type="sphere"/>
    <catRef target="#произведения для детей" type="type"/>
    <catRef target="#works" type="works_letters_diaries"/>
    <catRef target="#азбука" type="ninetyDef"/>
    <catRef target="#Основное" type="main_var"/>
    <catRef target="#азбука" type="type_short"/>
    <catRef target="None" type="translation"/>
    <catRef target="None" type="translation_origin"/>
    <catRef target="#да" type="tolstoy_or_not"/>
    <catRef target="None" type="name_status"/>
   </textClass>
   <preparedness>
    finished
   </preparedness>
   <settingDesc>
    <time>
     XIX век
    </time>
   </settingDesc>
  </profileDesc>
  <xenoData>
   <cyclusName/>
   <p>
    Проект
    <title>
     Толстой.Digital
    </title>
    разрабатывается сотрудниками и студентами
    <orgName>
     Высшей школы экономики
    </orgName>
    в сотрудничестве с
    <orgName>
     Государственным музеем Л.Н. Толстого
    </orgName>
    . Источник текстов –
    <bibl>
     90-томное собрание сочинений Л.Н.Толстого
    </bibl>
    . Разметка основана на стандарте
    <ref target="http://www.tei-c.org">
     TEI (Text Encoding Initiative)
    </ref>
    .
   </p>
   <versionNumber/>
   <isFinished/>
   <isEdited/>
   <fullBibliographicDescription/>
  </xenoData>
 </teiHeader>
 <p rend="left emptyline">
  <pb n="370"/>
 </p>
 <div type="section" xml:id="ref161">
  <head rend="center">
   <hi rend="strong">
    ОЛЕНЬ.
   </hi>
  </head>
  <p rend="left" uuid="8f902167-082d-43d4-85ea-ae265e2112f4">
   Олень
   <choice>
    <reg>
     подошёл
    </reg>
   </choice>
   <choice>
    <reg>
     к
    </reg>
   </choice>
   <choice>
    <reg>
     речке
    </reg>
   </choice>
   напиться,
   <choice>
    <reg>
     увидал
    </reg>
   </choice>
   себя
   <choice>
    <reg>
     в
    </reg>
   </choice>
   <choice>
    <reg>
     воде
    </reg>
   </choice>
   и
   <choice>
    <reg>
     стал
    </reg>
   </choice>
   радоваться на свои рога, что они велики и развилисты, а на ноги
   <choice>
    <reg>
     посмотрел
    </reg>
   </choice>
   и
   <choice>
    <reg>
     говорит
    </reg>
   </choice>
   : «Только ноги мои плохи и жидки.»
   <choice>
    <reg>
     Вдруг
    </reg>
   </choice>
   выскочи
   <choice>
    <reg>
     лев
    </reg>
   </choice>
   и бросься на оленя. Олень пустился скакать по чистому полю.
   <choice>
    <reg>
     Он
    </reg>
   </choice>
   <choice>
    <reg>
     уходил
    </reg>
   </choice>
   , а
   <choice>
    <reg>
     как
    </reg>
   </choice>
   <choice>
    <reg>
     пришёл
    </reg>
   </choice>
   <choice>
    <reg>
     лес
    </reg>
   </choice>
   , запутался рогами за сучья, и
   <choice>
    <reg>
     лев
    </reg>
   </choice>
   <choice>
    <reg>
     схватил
    </reg>
   </choice>
   его.
   <choice>
    <reg>
     Как
    </reg>
   </choice>
   пришло погибать оленю,
   <choice>
    <reg>
     он
    </reg>
   </choice>
   и
   <choice>
    <reg>
     говорит
    </reg>
   </choice>
   : «То-то глупый я! Про кого
   <choice>
    <reg>
     думал
    </reg>
   </choice>
   , что плохи и жидки,
   <choice>
    <reg>
     те
    </reg>
   </choice>
   спасали, а на кого радовался,
   <choice>
    <reg>
     от
    </reg>
   </choice>
   <choice>
    <reg>
     тех
    </reg>
   </choice>
   <choice>
    <reg>
     пропал
    </reg>
   </choice>
   .»
  </p>
 </div>
</TEI>