<?xml version="1.0" encoding="utf-8"?>
<TEI xmlns="http://www.tei-c.org/ns/1.0" xmlns:xi="http://www.w3.org/2001/XInclude">
 <teiHeader>
  <fileDesc>
   <titleStmt>
    <title>
     Азбука. Книга I
    </title>
    <author>
     Толстой Л.Н.
    </author>
    <respStmt>
     <resp>
      подготовка TEI/XML
     </resp>
     <name>
      Мария Картышева, Евгений Можаев, Даниил Скоринкин, Елена Сидорова, Вероника Файнберг, Кирилл Милинцевич
     </name>
    </respStmt>
    <respStmt>
     <name>
      Анастасия Бонч-Осмоловская, Фёкла Толстая, Борис Орехов
     </name>
     <resp>
      Идея, постановка задач, руководство
     </resp>
    </respStmt>
   </titleStmt>
   <publicationStmt>
    <idno>
     Азбука  | Книга I
    </idno>
    <publisher>
     <orgName>
      Школа лингвистики НИУ ВШЭ
     </orgName>
    </publisher>
    <availability>
     <p>
      Тексты и метатекстовая разметка доступны для свободного использования и распространения по лицензии Creative Commons Attribution Share-Alike (cc by-sa)
     </p>
    </availability>
   </publicationStmt>
   <sourceDesc>
    <biblStruct>
     <analytic>
      <author>
       Толстой Л.Н.
      </author>
      <title level="a">
       Азбука. Книга I
      </title>
     </analytic>
     <monogr>
      <title level="m">
       Полное собрание сочинений. Том 22
      </title>
      <imprint>
       <pubPlace>
        Москва
       </pubPlace>
       <publisher>
        Государственное издательство "Художественная литература"
       </publisher>
       <date when="1871-1872"/>
      </imprint>
     </monogr>
     <series>
      <title level="s">
       Л.Н. Толстой. Полное собрание сочинений
      </title>
      <biblScope unit="vol">
       22
      </biblScope>
     </series>
    </biblStruct>
   </sourceDesc>
  </fileDesc>
  <encodingDesc>
   <classDecl>
    <xi:include href="taxonomy.xml"/>
   </classDecl>
  </encodingDesc>
  <profileDesc>
   <creation>
    <date notAfter="1872" notBefore="1871">
     1871-1872
    </date>
    <rs/>
   </creation>
   <textClass>
    <catRef target="#fiction" type="sphere"/>
    <catRef target="#произведения для детей" type="type"/>
    <catRef target="#works" type="works_letters_diaries"/>
    <catRef target="#азбука" type="ninetyDef"/>
    <catRef target="#Основное" type="main_var"/>
    <catRef target="#азбука" type="type_short"/>
    <catRef target="None" type="translation"/>
    <catRef target="None" type="translation_origin"/>
    <catRef target="#да" type="tolstoy_or_not"/>
    <catRef target="None" type="name_status"/>
   </textClass>
   <preparedness>
    finished
   </preparedness>
   <settingDesc>
    <time>
     XIX век
    </time>
   </settingDesc>
  </profileDesc>
  <xenoData>
   <cyclusName/>
   <p>
    Проект
    <title>
     Толстой.Digital
    </title>
    разрабатывается сотрудниками и студентами
    <orgName>
     Высшей школы экономики
    </orgName>
    в сотрудничестве с
    <orgName>
     Государственным музеем Л.Н. Толстого
    </orgName>
    . Источник текстов –
    <bibl>
     90-томное собрание сочинений Л.Н.Толстого
    </bibl>
    . Разметка основана на стандарте
    <ref target="http://www.tei-c.org">
     TEI (Text Encoding Initiative)
    </ref>
    .
   </p>
   <versionNumber/>
   <isFinished/>
   <isEdited/>
   <fullBibliographicDescription/>
  </xenoData>
 </teiHeader>
 <p rend="left emptyline">
  <pb n="86"/>
 </p>
 <div type="section" xml:id="ref36">
  <head rend="Azbuka left">
   <hi rend="strong">
    Пожарныя собаки.
   </hi>
  </head>
  <p rend="Azbuka left" uuid="e3480291-44c7-45d9-bbfb-defa2c9553a7">
   <choice>
    <reg>
     Бывает
    </reg>
   </choice>
   часто, что
   <choice>
    <reg>
     в
    </reg>
   </choice>
   <choice>
    <reg>
     городах
    </reg>
   </choice>
   на
   <choice>
    <reg>
     пожарах
    </reg>
   </choice>
   остаются д
   <hi rend="big">
    ѣ
   </hi>
   ти
   <choice>
    <reg>
     в
    </reg>
   </choice>
   <choice>
    <reg>
     домах
    </reg>
   </choice>
   , и
   <choice>
    <reg>
     их
    </reg>
   </choice>
   нельзя вытащить
   <hi rend="big">
    ;
   </hi>
   потому что они
   <choice>
    <reg>
     от
    </reg>
   </choice>
   испуга спрячутся и
   <choice>
    <reg>
     молчат
    </reg>
   </choice>
   , а
   <choice>
    <reg>
     от
    </reg>
   </choice>
   дыма нельзя
   <choice>
    <reg>
     их
    </reg>
   </choice>
   <choice>
    <reg>
     рассмотреть
    </reg>
   </choice>
   . Для этого
   <choice>
    <reg>
     в
    </reg>
   </choice>
   <choice>
    <reg>
     Лондоне
    </reg>
   </choice>
   <choice>
    <reg>
     приучены
    </reg>
   </choice>
   собаки. Собаки эти
   <choice>
    <reg>
     живут
    </reg>
   </choice>
   <choice>
    <reg>
     с
    </reg>
   </choice>
   пожарными, и когда загорится
   <choice>
    <reg>
     дом
    </reg>
   </choice>
   , то пожарные
   <choice>
    <reg>
     посылают
    </reg>
   </choice>
   <choice>
    <reg>
     собак
    </reg>
   </choice>
   вытаскивать д
   <hi rend="big">
    ѣ
   </hi>
   тей. Одна такая собака
   <choice>
    <reg>
     в
    </reg>
   </choice>
   <choice>
    <reg>
     Лондоне
    </reg>
   </choice>
   спасла
   <choice>
    <reg>
     двенадцать
    </reg>
   </choice>
   д
   <hi rend="big">
    ѣ
   </hi>
   тей
   <hi rend="big">
    ;
   </hi>
   её звали
   <choice>
    <reg>
     Боб
    </reg>
   </choice>
   .
  </p>
  <p rend="Azbuka left" uuid="ef4f3bea-9726-4c32-bdb9-2584734d6de9">
   <choice>
    <reg>
     Один
    </reg>
   </choice>
   <choice>
    <reg>
     раз
    </reg>
   </choice>
   <choice>
    <reg>
     загорелся
    </reg>
   </choice>
   <choice>
    <reg>
     дом
    </reg>
   </choice>
   . И когда пожарные прi
   <hi rend="big">
    ѣ
   </hi>
   хали
   <choice>
    <reg>
     к
    </reg>
   </choice>
   дому,
   <choice>
    <reg>
     к
    </reg>
   </choice>
   <choice>
    <reg>
     ним
    </reg>
   </choice>
   выб
   <hi rend="big">
    ѣ
   </hi>
   жала женщина. Она плакала и говорила, что
   <choice>
    <reg>
     в
    </reg>
   </choice>
   <choice>
    <reg>
     доме
    </reg>
   </choice>
   осталась двухл
   <hi rend="big">
    ѣ
   </hi>
   тняя д
   <hi rend="big">
    ѣ
   </hi>
   вочка. Пожарные послали Боба.
   <choice>
    <reg>
     Боб
    </reg>
   </choice>
   поб
   <hi rend="big">
    ѣ
   </hi>
   <choice>
    <reg>
     жал
    </reg>
   </choice>
   по л
   <hi rend="big">
    ѣ
   </hi>
   <choice>
    <reg>
     стнице
    </reg>
   </choice>
   и скрылся
   <choice>
    <reg>
     в
    </reg>
   </choice>
   <choice>
    <reg>
     дыме
    </reg>
   </choice>
   .
   <choice>
    <reg>
     Через
    </reg>
   </choice>
   пять
   <choice>
    <reg>
     минут
    </reg>
   </choice>
   <choice>
    <reg>
     он
    </reg>
   </choice>
   <choice>
    <reg>
     выбежал
    </reg>
   </choice>
   <choice>
    <reg>
     из
    </reg>
   </choice>
   дома и
   <choice>
    <reg>
     в
    </reg>
   </choice>
   <choice>
    <reg>
     зубах
    </reg>
   </choice>
   за рубашку
   <choice>
    <reg>
     нёс
    </reg>
   </choice>
   д
   <hi rend="big">
    ѣ
   </hi>
   вочку. Мать
  </p>
  <p rend="left emptyline" uuid="323ccbf5-0511-4281-b7b1-ad0683127a87">
   <pb n="87"/>
  </p>
  <p rend="centerline" uuid="2ffbce2e-839b-45a3-b314-e910a9c25286">
   — 77 —
  </p>
  <p rend="Azbuka notindent" uuid="583c9c66-5ecd-4b7d-ab3f-5d1eb3d43b0a">
   бросилась
   <choice>
    <reg>
     к
    </reg>
   </choice>
   дочери и плакала
   <choice>
    <reg>
     от
    </reg>
   </choice>
   радости, что дочь была жива. Пожарные ласкали собаку и осматривали её — не
   <choice>
    <reg>
     обгорела
    </reg>
   </choice>
   ли она
   <hi rend="big">
    ;
   </hi>
   но
   <choice>
    <reg>
     Боб
    </reg>
   </choice>
   рвался опять
   <choice>
    <reg>
     в
    </reg>
   </choice>
   <choice>
    <reg>
     дом
    </reg>
   </choice>
   . Пожарные подумали, что
   <choice>
    <reg>
     в
    </reg>
   </choice>
   <choice>
    <reg>
     доме
    </reg>
   </choice>
   есть ещё что-нибудь живое, и пустили его. Собака поб
   <hi rend="big">
    ѣ
   </hi>
   жала
   <choice>
    <reg>
     в
    </reg>
   </choice>
   <choice>
    <reg>
     дом
    </reg>
   </choice>
   и скоро выб
   <hi rend="big">
    ѣ
   </hi>
   жала
   <choice>
    <reg>
     с
    </reg>
   </choice>
   <choice>
    <reg>
     чем-то
    </reg>
   </choice>
   <choice>
    <reg>
     в
    </reg>
   </choice>
   <choice>
    <reg>
     зубах
    </reg>
   </choice>
   . Когда
   <choice>
    <reg>
     народ
    </reg>
   </choice>
   <choice>
    <reg>
     рассмотрел
    </reg>
   </choice>
   то, что она несла, то
   <choice>
    <reg>
     все
    </reg>
   </choice>
   расхохотались: она несла большую куклу.
  </p>
 </div>
</TEI>