<?xml version="1.0" encoding="utf-8"?>
<TEI xmlns="http://www.tei-c.org/ns/1.0" xmlns:xi="http://www.w3.org/2001/XInclude">
 <teiHeader>
  <fileDesc>
   <titleStmt>
    <title>
     Азбука. Книга I
    </title>
    <author>
     Толстой Л.Н.
    </author>
    <respStmt>
     <resp>
      подготовка TEI/XML
     </resp>
     <name>
      Мария Картышева, Евгений Можаев, Даниил Скоринкин, Елена Сидорова, Вероника Файнберг, Кирилл Милинцевич
     </name>
    </respStmt>
    <respStmt>
     <name>
      Анастасия Бонч-Осмоловская, Фёкла Толстая, Борис Орехов
     </name>
     <resp>
      Идея, постановка задач, руководство
     </resp>
    </respStmt>
   </titleStmt>
   <publicationStmt>
    <idno>
     Азбука  | Книга I
    </idno>
    <publisher>
     <orgName>
      Школа лингвистики НИУ ВШЭ
     </orgName>
    </publisher>
    <availability>
     <p>
      Тексты и метатекстовая разметка доступны для свободного использования и распространения по лицензии Creative Commons Attribution Share-Alike (cc by-sa)
     </p>
    </availability>
   </publicationStmt>
   <sourceDesc>
    <biblStruct>
     <analytic>
      <author>
       Толстой Л.Н.
      </author>
      <title level="a">
       Азбука. Книга I
      </title>
     </analytic>
     <monogr>
      <title level="m">
       Полное собрание сочинений. Том 22
      </title>
      <imprint>
       <pubPlace>
        Москва
       </pubPlace>
       <publisher>
        Государственное издательство "Художественная литература"
       </publisher>
       <date when="1871-1872"/>
      </imprint>
     </monogr>
     <series>
      <title level="s">
       Л.Н. Толстой. Полное собрание сочинений
      </title>
      <biblScope unit="vol">
       22
      </biblScope>
     </series>
    </biblStruct>
   </sourceDesc>
  </fileDesc>
  <encodingDesc>
   <classDecl>
    <xi:include href="taxonomy.xml"/>
   </classDecl>
  </encodingDesc>
  <profileDesc>
   <creation>
    <date notAfter="1872" notBefore="1871">
     1871-1872
    </date>
    <rs/>
   </creation>
   <textClass>
    <catRef target="#fiction" type="sphere"/>
    <catRef target="#произведения для детей" type="type"/>
    <catRef target="#works" type="works_letters_diaries"/>
    <catRef target="#азбука" type="ninetyDef"/>
    <catRef target="#Основное" type="main_var"/>
    <catRef target="#азбука" type="type_short"/>
    <catRef target="None" type="translation"/>
    <catRef target="None" type="translation_origin"/>
    <catRef target="#да" type="tolstoy_or_not"/>
    <catRef target="None" type="name_status"/>
   </textClass>
   <preparedness>
    finished
   </preparedness>
   <settingDesc>
    <time>
     XIX век
    </time>
   </settingDesc>
  </profileDesc>
  <xenoData>
   <cyclusName/>
   <p>
    Проект
    <title>
     Толстой.Digital
    </title>
    разрабатывается сотрудниками и студентами
    <orgName>
     Высшей школы экономики
    </orgName>
    в сотрудничестве с
    <orgName>
     Государственным музеем Л.Н. Толстого
    </orgName>
    . Источник текстов –
    <bibl>
     90-томное собрание сочинений Л.Н.Толстого
    </bibl>
    . Разметка основана на стандарте
    <ref target="http://www.tei-c.org">
     TEI (Text Encoding Initiative)
    </ref>
    .
   </p>
   <versionNumber/>
   <isFinished/>
   <isEdited/>
   <fullBibliographicDescription/>
  </xenoData>
 </teiHeader>
 <p rend="left emptyline">
  <pb n="373"/>
 </p>
 <div type="section" xml:id="ref168">
  <head rend="center">
   <hi rend="strong">
    <choice>
     <reg>
      ЛЕВ
     </reg>
    </choice>
    И ЛИСИЦА.
   </hi>
  </head>
  <p rend="left" uuid="27e30ebd-b30a-4072-99d3-a6bf3cff075a">
   <choice>
    <reg>
     Лев
    </reg>
   </choice>
   <choice>
    <reg>
     от
    </reg>
   </choice>
   старости не
   <choice>
    <reg>
     мог
    </reg>
   </choice>
   уже ловить
   <choice>
    <reg>
     зверей
    </reg>
   </choice>
   и
   <choice>
    <reg>
     задумал
    </reg>
   </choice>
   <choice>
    <reg>
     хитростию
    </reg>
   </choice>
   жить:
   <choice>
    <reg>
     зашёл
    </reg>
   </choice>
   <choice>
    <reg>
     он
    </reg>
   </choice>
   <choice>
    <reg>
     в
    </reg>
   </choice>
   пещеру,
   <choice>
    <reg>
     лёг
    </reg>
   </choice>
   и притворился
   <choice>
    <reg>
     больным
    </reg>
   </choice>
   . Стали ходить
   <choice>
    <reg>
     звери
    </reg>
   </choice>
   его
   <choice>
    <reg>
     проведыват
    </reg>
   </choice>
   и
   <choice>
    <reg>
     он
    </reg>
   </choice>
   <choice>
    <reg>
     съедал
    </reg>
   </choice>
   <choice>
    <reg>
     тех
    </reg>
   </choice>
   , которые входили
   <choice>
    <reg>
     к
    </reg>
   </choice>
   нему
   <choice>
    <reg>
     в
    </reg>
   </choice>
   пещеру. Лисица смекнула
   <choice>
    <reg>
     дело
    </reg>
   </choice>
   , стала у входа
   <choice>
    <reg>
     в
    </reg>
   </choice>
   пещеру и
   <choice>
    <reg>
     говорит
    </reg>
   </choice>
   : «что
   <choice>
    <reg>
     лев
    </reg>
   </choice>
   ,
   <choice>
    <reg>
     как
    </reg>
   </choice>
   можешь?»
  </p>
  <p rend="left" uuid="7ef72961-9f56-489d-ba4f-17afb923bce8">
   <choice>
    <reg>
     Лев
    </reg>
   </choice>
   <choice>
    <reg>
     говорит
    </reg>
   </choice>
   : «плохо, — да ты отчегожь не входишь?»
  </p>
  <p rend="left" uuid="4bdc6959-a037-44d8-b01b-c842e53c6f0b">
   А лисица
   <choice>
    <reg>
     говорит
    </reg>
   </choice>
   : «оттого не вхожу, что по
   <choice>
    <reg>
     следам
    </reg>
   </choice>
   вижу —
   <choice>
    <reg>
     входов
    </reg>
   </choice>
   много, а
   <choice>
    <reg>
     выходов
    </reg>
   </choice>
   <choice>
    <reg>
     нет
    </reg>
   </choice>
   ».
  </p>
  <p rend="left emptyline" uuid="86c38636-58ac-41b2-a7d2-d59aec46e833">
   <pb n="374"/>
  </p>
  <p rend="centerline" uuid="08b82ac4-44d5-475e-8a4f-da737bee9385">
   — 6 —
  </p>
 </div>
</TEI>