<?xml version="1.0" encoding="utf-8"?>
<TEI xmlns="http://www.tei-c.org/ns/1.0" xmlns:xi="http://www.w3.org/2001/XInclude">
 <teiHeader>
  <fileDesc>
   <titleStmt>
    <title>
     Азбука. Книга I
    </title>
    <author>
     Толстой Л.Н.
    </author>
    <respStmt>
     <resp>
      подготовка TEI/XML
     </resp>
     <name>
      Мария Картышева, Евгений Можаев, Даниил Скоринкин, Елена Сидорова, Вероника Файнберг, Кирилл Милинцевич
     </name>
    </respStmt>
    <respStmt>
     <name>
      Анастасия Бонч-Осмоловская, Фёкла Толстая, Борис Орехов
     </name>
     <resp>
      Идея, постановка задач, руководство
     </resp>
    </respStmt>
   </titleStmt>
   <publicationStmt>
    <idno>
     Азбука  | Книга I
    </idno>
    <publisher>
     <orgName>
      Школа лингвистики НИУ ВШЭ
     </orgName>
    </publisher>
    <availability>
     <p>
      Тексты и метатекстовая разметка доступны для свободного использования и распространения по лицензии Creative Commons Attribution Share-Alike (cc by-sa)
     </p>
    </availability>
   </publicationStmt>
   <sourceDesc>
    <biblStruct>
     <analytic>
      <author>
       Толстой Л.Н.
      </author>
      <title level="a">
       Азбука. Книга I
      </title>
     </analytic>
     <monogr>
      <title level="m">
       Полное собрание сочинений. Том 22
      </title>
      <imprint>
       <pubPlace>
        Москва
       </pubPlace>
       <publisher>
        Государственное издательство "Художественная литература"
       </publisher>
       <date when="1871-1872"/>
      </imprint>
     </monogr>
     <series>
      <title level="s">
       Л.Н. Толстой. Полное собрание сочинений
      </title>
      <biblScope unit="vol">
       22
      </biblScope>
     </series>
    </biblStruct>
   </sourceDesc>
  </fileDesc>
  <encodingDesc>
   <classDecl>
    <xi:include href="taxonomy.xml"/>
   </classDecl>
  </encodingDesc>
  <profileDesc>
   <creation>
    <date notAfter="1872" notBefore="1871">
     1871-1872
    </date>
    <rs/>
   </creation>
   <textClass>
    <catRef target="#fiction" type="sphere"/>
    <catRef target="#произведения для детей" type="type"/>
    <catRef target="#works" type="works_letters_diaries"/>
    <catRef target="#азбука" type="ninetyDef"/>
    <catRef target="#Основное" type="main_var"/>
    <catRef target="#азбука" type="type_short"/>
    <catRef target="None" type="translation"/>
    <catRef target="None" type="translation_origin"/>
    <catRef target="#да" type="tolstoy_or_not"/>
    <catRef target="None" type="name_status"/>
   </textClass>
   <preparedness>
    finished
   </preparedness>
   <settingDesc>
    <time>
     XIX век
    </time>
   </settingDesc>
  </profileDesc>
  <xenoData>
   <cyclusName/>
   <p>
    Проект
    <title>
     Толстой.Digital
    </title>
    разрабатывается сотрудниками и студентами
    <orgName>
     Высшей школы экономики
    </orgName>
    в сотрудничестве с
    <orgName>
     Государственным музеем Л.Н. Толстого
    </orgName>
    . Источник текстов –
    <bibl>
     90-томное собрание сочинений Л.Н.Толстого
    </bibl>
    . Разметка основана на стандарте
    <ref target="http://www.tei-c.org">
     TEI (Text Encoding Initiative)
    </ref>
    .
   </p>
   <versionNumber/>
   <isFinished/>
   <isEdited/>
   <fullBibliographicDescription/>
  </xenoData>
 </teiHeader>
 <p rend="left emptyline">
  <pb n="82"/>
 </p>
 <div type="section" xml:id="ref31">
  <head rend="Azbuka left">
   <hi rend="strong">
    Море.
   </hi>
  </head>
  <p rend="Azbuka left" uuid="f123c5ba-30f7-464e-901d-98bebb6667c1">
   Море широко и глубоко; конца морю не видно
   <hi rend="big">
    .
   </hi>
   <choice>
    <reg>
     В
    </reg>
   </choice>
   <choice>
    <reg>
     море
    </reg>
   </choice>
   солнце
   <choice>
    <reg>
     встаёт
    </reg>
   </choice>
   и
   <choice>
    <reg>
     в
    </reg>
   </choice>
   <choice>
    <reg>
     море
    </reg>
   </choice>
   садится
   <hi rend="big">
    .
   </hi>
   Дна моря никто не
   <choice>
    <reg>
     достал
    </reg>
   </choice>
   и не
   <choice>
    <reg>
     знает
    </reg>
   </choice>
   <hi rend="big">
    .
   </hi>
   Когда
   <choice>
    <reg>
     ветра
    </reg>
   </choice>
   <choice>
    <reg>
     нет
    </reg>
   </choice>
   , море сине и гладко; когда
   <choice>
    <reg>
     подует
    </reg>
   </choice>
   <choice>
    <reg>
     ветер
    </reg>
   </choice>
   , море всколыхается и
   <choice>
    <reg>
     станет
    </reg>
   </choice>
   неровно
   <hi rend="big">
    .
   </hi>
   Подымутся по морю волны; одна волна догоняетъ другую; онѣ сходятся, сталкиваются и съ нихъ брызжетъ бѣлая пѣна
   <hi rend="big">
    .
   </hi>
   Тогда корабли волнами
   <choice>
    <reg>
     кидает
    </reg>
   </choice>
   ,
   <choice>
    <reg>
     как
    </reg>
   </choice>
   щепки
   <hi rend="big">
    .
   </hi>
   <hi rend="italic">
    Кто на
    <choice>
     <reg>
      море
     </reg>
    </choice>
    не
    <choice>
     <reg>
      бывал
     </reg>
    </choice>
    ,
    <choice>
     <reg>
      тот
     </reg>
    </choice>
    Богу не маливался
   </hi>
   <hi rend="big">
    .
   </hi>
  </p>
 </div>
</TEI>