<?xml version="1.0" encoding="utf-8"?>
<TEI xmlns="http://www.tei-c.org/ns/1.0" xmlns:xi="http://www.w3.org/2001/XInclude">
 <teiHeader>
  <fileDesc>
   <titleStmt>
    <title>
     Азбука. Книга I
    </title>
    <author>
     Толстой Л.Н.
    </author>
    <respStmt>
     <resp>
      подготовка TEI/XML
     </resp>
     <name>
      Мария Картышева, Евгений Можаев, Даниил Скоринкин, Елена Сидорова, Вероника Файнберг, Кирилл Милинцевич
     </name>
    </respStmt>
    <respStmt>
     <name>
      Анастасия Бонч-Осмоловская, Фёкла Толстая, Борис Орехов
     </name>
     <resp>
      Идея, постановка задач, руководство
     </resp>
    </respStmt>
   </titleStmt>
   <publicationStmt>
    <idno>
     Азбука  | Книга I
    </idno>
    <publisher>
     <orgName>
      Школа лингвистики НИУ ВШЭ
     </orgName>
    </publisher>
    <availability>
     <p>
      Тексты и метатекстовая разметка доступны для свободного использования и распространения по лицензии Creative Commons Attribution Share-Alike (cc by-sa)
     </p>
    </availability>
   </publicationStmt>
   <sourceDesc>
    <biblStruct>
     <analytic>
      <author>
       Толстой Л.Н.
      </author>
      <title level="a">
       Азбука. Книга I
      </title>
     </analytic>
     <monogr>
      <title level="m">
       Полное собрание сочинений. Том 22
      </title>
      <imprint>
       <pubPlace>
        Москва
       </pubPlace>
       <publisher>
        Государственное издательство "Художественная литература"
       </publisher>
       <date when="1871-1872"/>
      </imprint>
     </monogr>
     <series>
      <title level="s">
       Л.Н. Толстой. Полное собрание сочинений
      </title>
      <biblScope unit="vol">
       22
      </biblScope>
     </series>
    </biblStruct>
   </sourceDesc>
  </fileDesc>
  <encodingDesc>
   <classDecl>
    <xi:include href="taxonomy.xml"/>
   </classDecl>
  </encodingDesc>
  <profileDesc>
   <creation>
    <date notAfter="1872" notBefore="1871">
     1871-1872
    </date>
    <rs/>
   </creation>
   <textClass>
    <catRef target="#fiction" type="sphere"/>
    <catRef target="#произведения для детей" type="type"/>
    <catRef target="#works" type="works_letters_diaries"/>
    <catRef target="#азбука" type="ninetyDef"/>
    <catRef target="#Основное" type="main_var"/>
    <catRef target="#азбука" type="type_short"/>
    <catRef target="None" type="translation"/>
    <catRef target="None" type="translation_origin"/>
    <catRef target="#да" type="tolstoy_or_not"/>
    <catRef target="None" type="name_status"/>
   </textClass>
   <preparedness>
    finished
   </preparedness>
   <settingDesc>
    <time>
     XIX век
    </time>
   </settingDesc>
  </profileDesc>
  <xenoData>
   <cyclusName/>
   <p>
    Проект
    <title>
     Толстой.Digital
    </title>
    разрабатывается сотрудниками и студентами
    <orgName>
     Высшей школы экономики
    </orgName>
    в сотрудничестве с
    <orgName>
     Государственным музеем Л.Н. Толстого
    </orgName>
    . Источник текстов –
    <bibl>
     90-томное собрание сочинений Л.Н.Толстого
    </bibl>
    . Разметка основана на стандарте
    <ref target="http://www.tei-c.org">
     TEI (Text Encoding Initiative)
    </ref>
    .
   </p>
   <versionNumber/>
   <isFinished/>
   <isEdited/>
   <fullBibliographicDescription/>
  </xenoData>
 </teiHeader>
 <p rend="left emptyline">
  <pb n="236"/>
 </p>
 <div type="section" xml:id="ref117">
  <head rend="center">
   <hi rend="strong">
    ДВА БРАТА.
   </hi>
  </head>
  <p rend="left" uuid="848dec34-c8c2-4bab-bc9b-c34abca8de83">
   Два брата пошли
   <choice>
    <reg>
     вместе
    </reg>
   </choice>
   путешествовать.
   <choice>
    <reg>
     В
    </reg>
   </choice>
   полдень они легли отдохнуть
   <choice>
    <reg>
     в
    </reg>
   </choice>
   <choice>
    <reg>
     лесу
    </reg>
   </choice>
   . Когда они проснулись, то увидали —
   <choice>
    <reg>
     подле
    </reg>
   </choice>
   <choice>
    <reg>
     них
    </reg>
   </choice>
   <choice>
    <reg>
     лежит
    </reg>
   </choice>
   камень и на
   <choice>
    <reg>
     камне
    </reg>
   </choice>
   что-то написано. Они стали разбирать и прочли:
  </p>
  <p rend="left" uuid="4fd78fa7-cbdd-401b-8b53-6aaf20304413">
   <hi rend="italic">
    «Кто
    <choice>
     <reg>
      найдет
     </reg>
    </choice>
    <choice>
     <reg>
      этот
     </reg>
    </choice>
    камень
   </hi>
   ,
   <hi rend="italic">
    <choice>
     <reg>
      тот
     </reg>
    </choice>
    пускай
    <choice>
     <reg>
      идёт
     </reg>
    </choice>
   </hi>
   <hi rend="italic">
    прямо
    <choice>
     <reg>
      в
     </reg>
    </choice>
    <choice>
     <reg>
      лес
     </reg>
    </choice>
    на
    <choice>
     <reg>
      восход
     </reg>
    </choice>
    солнца. Во
    <choice>
     <reg>
      лесу
     </reg>
    </choice>
    придёть
    <choice>
     <reg>
      река
     </reg>
    </choice>
    ; пускай
    <choice>
     <reg>
      плывёт
     </reg>
    </choice>
    <choice>
     <reg>
      через
     </reg>
    </choice>
    <choice>
     <reg>
      реку
     </reg>
    </choice>
    на другую сторону. Увидишь
    <choice>
     <reg>
      медведицу
     </reg>
    </choice>
    <choice>
     <reg>
      с
     </reg>
    </choice>
    <choice>
     <reg>
      медвежатами
     </reg>
    </choice>
    : отними
    <choice>
     <reg>
      медвежат
     </reg>
    </choice>
    у
    <choice>
     <reg>
      медведицы
     </reg>
    </choice>
    и
    <choice>
     <reg>
      беги
     </reg>
    </choice>
    <choice>
     <reg>
      без
     </reg>
    </choice>
    оглядки прямо
    <choice>
     <reg>
      в
     </reg>
    </choice>
    гору. На
    <choice>
     <reg>
      горе
     </reg>
    </choice>
    увидишь
    <choice>
     <reg>
      дом
     </reg>
    </choice>
    и
    <choice>
     <reg>
      в
     </reg>
    </choice>
    <choice>
     <reg>
      доме
     </reg>
    </choice>
    <choice>
     <reg>
      том
     </reg>
    </choice>
    найдёшь
    <choice>
     <reg>
      счастие
     </reg>
    </choice>
   </hi>
   ».
  </p>
  <p rend="left" uuid="0221fa4f-e3d9-41f9-bf72-eb1ebb04a1ca">
   Братья прочли, чтó было написано, и меньшой
   <choice>
    <reg>
     сказал
    </reg>
   </choice>
   : «давай,
   <choice>
    <reg>
     пойдём
    </reg>
   </choice>
   <choice>
    <reg>
     вместе
    </reg>
   </choice>
   .
   <choice>
    <reg>
     Может
    </reg>
   </choice>
   быть мы
   <choice>
    <reg>
     переплывём
    </reg>
   </choice>
   эту
   <choice>
    <reg>
     реку
    </reg>
   </choice>
   ,
   <choice>
    <reg>
     донесём
    </reg>
   </choice>
   <choice>
    <reg>
     медвежат
    </reg>
   </choice>
   до дому и
   <choice>
    <reg>
     вместе
    </reg>
   </choice>
   <choice>
    <reg>
     найдём
    </reg>
   </choice>
   <choice>
    <reg>
     счастие
    </reg>
   </choice>
   ».
  </p>
  <p rend="left" uuid="aedec7e3-e5df-41e0-9b17-39f2bc99e0a2">
   Тогда
   <choice>
    <reg>
     старший
    </reg>
   </choice>
   <choice>
    <reg>
     сказал
    </reg>
   </choice>
   : «я не пойду
   <choice>
    <reg>
     в
    </reg>
   </choice>
   <choice>
    <reg>
     лес
    </reg>
   </choice>
   за
   <choice>
    <reg>
     медвежатами
    </reg>
   </choice>
  </p>
  <p rend="left emptyline" uuid="83bbe158-6ef6-4fc8-8e62-fa4e3794c3ea">
   <pb n="237"/>
  </p>
  <p rend="centerline" uuid="ba3613da-c43a-4f26-b7aa-687c1bc437e1">
   — 35 —
  </p>
  <p rend="notindent" uuid="7b430578-c775-4566-8cf0-0d2feba30001">
   и
   <choice>
    <reg>
     тебе
    </reg>
   </choice>
   не
   <choice>
    <reg>
     советую
    </reg>
   </choice>
   . Первое
   <choice>
    <reg>
     дело
    </reg>
   </choice>
   : никто не
   <choice>
    <reg>
     знает
    </reg>
   </choice>
   —
   <choice>
    <reg>
     правда ли
    </reg>
   </choice>
   написана на
   <choice>
    <reg>
     этом
    </reg>
   </choice>
   <choice>
    <reg>
     камне
    </reg>
   </choice>
   ;
   <choice>
    <reg>
     может
    </reg>
   </choice>
   быть всё это написано на
   <choice>
    <reg>
     смех
    </reg>
   </choice>
   . Да
   <choice>
    <reg>
     может
    </reg>
   </choice>
   быть мы и не
   <choice>
    <reg>
     так
    </reg>
   </choice>
   разобрали. Второе: — если и правда написано, —
   <choice>
    <reg>
     пойдём
    </reg>
   </choice>
   мы
   <choice>
    <reg>
     в
    </reg>
   </choice>
   <choice>
    <reg>
     лес
    </reg>
   </choice>
   ,
   <choice>
    <reg>
     придёт
    </reg>
   </choice>
   ночь, мы не
   <choice>
    <reg>
     попадём
    </reg>
   </choice>
   на
   <choice>
    <reg>
     реку
    </reg>
   </choice>
   и заблудимся. Да если и
   <choice>
    <reg>
     найдём
    </reg>
   </choice>
   <choice>
    <reg>
     реку
    </reg>
   </choice>
   ,
   <choice>
    <reg>
     как
    </reg>
   </choice>
   мы
   <choice>
    <reg>
     переплывём
    </reg>
   </choice>
   её?
   <choice>
    <reg>
     Может
    </reg>
   </choice>
   быть она быстра и широка? Третье: — если и
   <choice>
    <reg>
     переплывём
    </reg>
   </choice>
   <choice>
    <reg>
     реку
    </reg>
   </choice>
   ,
   <choice>
    <reg>
     разве
    </reg>
   </choice>
   лёгкое
   <choice>
    <reg>
     дело
    </reg>
   </choice>
   отнять у
   <choice>
    <reg>
     медведицы
    </reg>
   </choice>
   <choice>
    <reg>
     медвежат
    </reg>
   </choice>
   : она
   <choice>
    <reg>
     нас
    </reg>
   </choice>
   <choice>
    <reg>
     задерёт
    </reg>
   </choice>
   , и мы,
   <choice>
    <reg>
     вместо
    </reg>
   </choice>
   <choice>
    <reg>
     счастия
    </reg>
   </choice>
   ,
   <choice>
    <reg>
     пропадём
    </reg>
   </choice>
   ни за что. Четвёртое
   <choice>
    <reg>
     дело
    </reg>
   </choice>
   : — если
   <choice>
    <reg>
     нам
    </reg>
   </choice>
   и удастся унести
   <choice>
    <reg>
     медвежат
    </reg>
   </choice>
   , мы не
   <choice>
    <reg>
     добежим
    </reg>
   </choice>
   <choice>
    <reg>
     без
    </reg>
   </choice>
   отдыха
   <choice>
    <reg>
     в
    </reg>
   </choice>
   гору.
   <choice>
    <reg>
     Главное же
    </reg>
   </choice>
   <choice>
    <reg>
     дело
    </reg>
   </choice>
   — не сказано
   <hi rend="italic">
    какое
    <choice>
     <reg>
      счастие
     </reg>
    </choice>
    мы
   </hi>
   <hi rend="italic">
    <choice>
     <reg>
      найдём
     </reg>
    </choice>
    <choice>
     <reg>
      в
     </reg>
    </choice>
    <choice>
     <reg>
      этом
     </reg>
    </choice>
    <choice>
     <reg>
      доме
     </reg>
    </choice>
    ?
    <choice>
     <reg>
      Может-быть
     </reg>
    </choice>
    <choice>
     <reg>
      нас
     </reg>
    </choice>
    <choice>
     <reg>
      там
     </reg>
    </choice>
   </hi>
   <hi rend="italic">
    <choice>
     <reg>
      ждёт
     </reg>
    </choice>
    такое
    <choice>
     <reg>
      счастие
     </reg>
    </choice>
    , какого
    <choice>
     <reg>
      нам
     </reg>
    </choice>
    вовсе не нужно
   </hi>
   ».
  </p>
  <p rend="left" uuid="ce267e9a-1b3c-4f4b-b019-9a56e06cd763">
   А меньшой
   <choice>
    <reg>
     сказал
    </reg>
   </choice>
   «по моему не
   <choice>
    <reg>
     так
    </reg>
   </choice>
   . Напрасно этого писать па
   <choice>
    <reg>
     камне
    </reg>
   </choice>
   не
   <choice>
    <reg>
     стали бы
    </reg>
   </choice>
   . И всё написано ясно. Первое
   <choice>
    <reg>
     дело
    </reg>
   </choice>
   : —
   <choice>
    <reg>
     нам
    </reg>
   </choice>
   <choice>
    <reg>
     беды
    </reg>
   </choice>
   не
   <choice>
    <reg>
     будет
    </reg>
   </choice>
   , если и попытаемся. Второе
   <choice>
    <reg>
     дело
    </reg>
   </choice>
   : — если мы не
   <choice>
    <reg>
     пойдём
    </reg>
   </choice>
   , кто нибудь другой
   <choice>
    <reg>
     прочтёт
    </reg>
   </choice>
   надпись на
   <choice>
    <reg>
     камне
    </reg>
   </choice>
   и
   <choice>
    <reg>
     найдёт
    </reg>
   </choice>
   счастье, а мы останемся ни при
   <choice>
    <reg>
     чём
    </reg>
   </choice>
   . Третье
   <choice>
    <reg>
     дело
    </reg>
   </choice>
   : не потрудиться, да не поработать, ничто
   <choice>
    <reg>
     в
    </reg>
   </choice>
   <choice>
    <reg>
     свете
    </reg>
   </choice>
   не
   <choice>
    <reg>
     радует
    </reg>
   </choice>
   . Четвёртое: — не хочу я,
   <choice>
    <reg>
     чтоб
    </reg>
   </choice>
   подумали, что я чего-нибудь да побоялся».
  </p>
  <p rend="left" uuid="c6987368-2e2c-49d2-a792-f2a6a19d722f">
   Тогда
   <choice>
    <reg>
     старший
    </reg>
   </choice>
   <choice>
    <reg>
     сказал
    </reg>
   </choice>
   , «и пословица
   <choice>
    <reg>
     говорит
    </reg>
   </choice>
   :
   <hi rend="italic">
    искать большого
    <choice>
     <reg>
      счастия
     </reg>
    </choice>
   </hi>
   —
   <hi rend="italic">
    малое потерять;
   </hi>
   да, ещё:
   <hi rend="italic">
    не сули журавля
   </hi>
   <hi rend="italic">
    <choice>
     <reg>
      в
     </reg>
    </choice>
    <choice>
     <reg>
      небе
     </reg>
    </choice>
    , а дай синицу
    <choice>
     <reg>
      в
     </reg>
    </choice>
    руки».
   </hi>
  </p>
  <p rend="left" uuid="a27d4114-f2ac-492a-a2b1-99c47258355a">
   А меньшой
   <choice>
    <reg>
     сказал
    </reg>
   </choice>
   : «а я
   <choice>
    <reg>
     слыхал
    </reg>
   </choice>
   —
   <hi rend="italic">
    <choice>
     <reg>
      волков
     </reg>
    </choice>
    бояться
   </hi>
   ,
   <hi rend="italic">
    <choice>
     <reg>
      в
     </reg>
    </choice>
    <choice>
     <reg>
      лес
     </reg>
    </choice>
    не ходить;
   </hi>
   да ещё:
   <hi rend="italic">
    <choice>
     <reg>
      под
     </reg>
    </choice>
    <choice>
     <reg>
      лежачий
     </reg>
    </choice>
    камень вода не
    <choice>
     <reg>
      потечёт
     </reg>
    </choice>
    .
   </hi>
   По
   <choice>
    <reg>
     мне
    </reg>
   </choice>
   надо идти».
  </p>
  <p rend="left emptyline" uuid="8b4fc640-90c8-4dcf-a6d8-f9334882c222">
   <pb n="238"/>
  </p>
  <p rend="centerline" uuid="c386ca8d-fc50-4a4b-98a6-338582cd2908">
   — 36 —
  </p>
  <p rend="left" uuid="27361b6a-1aca-4dea-bf19-dc9121f8d911">
   Меньшой брать
   <choice>
    <reg>
     пошёл
    </reg>
   </choice>
   , a
   <choice>
    <reg>
     старший
    </reg>
   </choice>
   остался.
  </p>
  <p rend="left" uuid="e5a37b24-345d-4816-81f2-ba1ed0d303d7">
   <choice>
    <reg>
     Как
    </reg>
   </choice>
   только меньшой брать
   <choice>
    <reg>
     вошёл
    </reg>
   </choice>
   <choice>
    <reg>
     в
    </reg>
   </choice>
   <choice>
    <reg>
     лесь
    </reg>
   </choice>
   ,
   <choice>
    <reg>
     он
    </reg>
   </choice>
   <choice>
    <reg>
     напал
    </reg>
   </choice>
   на
   <choice>
    <reg>
     реку
    </reg>
   </choice>
   ,
   <choice>
    <reg>
     переплыл
    </reg>
   </choice>
   её и
   <choice>
    <reg>
     тут же
    </reg>
   </choice>
   на берегу
   <choice>
    <reg>
     увидал
    </reg>
   </choice>
   <choice>
    <reg>
     медведицу
    </reg>
   </choice>
   . Она спала.
   <choice>
    <reg>
     Он
    </reg>
   </choice>
   <choice>
    <reg>
     ухватил
    </reg>
   </choice>
   <choice>
    <reg>
     медвежать
    </reg>
   </choice>
   и
   <choice>
    <reg>
     побежал
    </reg>
   </choice>
   <choice>
    <reg>
     без
    </reg>
   </choice>
   оглядки на гору. Только что
   <choice>
    <reg>
     добежал
    </reg>
   </choice>
   до верху, — выходить ему на
   <choice>
    <reg>
     встречу
    </reg>
   </choice>
   <choice>
    <reg>
     народ
    </reg>
   </choice>
   : подвезли ему карету, повезли
   <choice>
    <reg>
     в
    </reg>
   </choice>
   <choice>
    <reg>
     город
    </reg>
   </choice>
   и
   <choice>
    <reg>
     сделали
    </reg>
   </choice>
   <choice>
    <reg>
     царём
    </reg>
   </choice>
   .
  </p>
  <p rend="left" uuid="dd695aab-8fed-44aa-ba1f-e8a4e5816305">
   <choice>
    <reg>
     Он
    </reg>
   </choice>
   <choice>
    <reg>
     царствовал
    </reg>
   </choice>
   пять
   <choice>
    <reg>
     лет
    </reg>
   </choice>
   . На 6-ой
   <choice>
    <reg>
     год
    </reg>
   </choice>
   <choice>
    <reg>
     пришёл
    </reg>
   </choice>
   на него войной другой царь,
   <choice>
    <reg>
     сильнее
    </reg>
   </choice>
   его:
   <choice>
    <reg>
     завоевал
    </reg>
   </choice>
   <choice>
    <reg>
     город
    </reg>
   </choice>
   и
   <choice>
    <reg>
     прогнал
    </reg>
   </choice>
   его. Тогда меньшой брать
   <choice>
    <reg>
     пошёл
    </reg>
   </choice>
   опять странствовать и
   <choice>
    <reg>
     пришёл
    </reg>
   </choice>
   <choice>
    <reg>
     к
    </reg>
   </choice>
   старшему брату.
  </p>
  <p rend="left" uuid="37eb3a7e-4518-4db1-aeb4-bb93982b5086">
   <choice>
    <reg>
     Старший
    </reg>
   </choice>
   <choice>
    <reg>
     брат
    </reg>
   </choice>
   <choice>
    <reg>
     жил
    </reg>
   </choice>
   <choice>
    <reg>
     в
    </reg>
   </choice>
   <choice>
    <reg>
     деревне
    </reg>
   </choice>
   ни богато, ни
   <choice>
    <reg>
     бедно
    </reg>
   </choice>
   . Братья обрадовались
   <choice>
    <reg>
     друг
    </reg>
   </choice>
   другу и стали
   <choice>
    <reg>
     рассказывать
    </reg>
   </choice>
   про свою жизнь.
  </p>
  <p rend="left" uuid="5da4eb62-67ee-4898-bbcb-24a474d0a520">
   <choice>
    <reg>
     Старший
    </reg>
   </choice>
   брать и
   <choice>
    <reg>
     говорит
    </reg>
   </choice>
   : «
   <choice>
    <reg>
     вот
    </reg>
   </choice>
   и вышла моя правда: я всё время жиль тихо я хорошо, а ты хошь и
   <choice>
    <reg>
     был
    </reg>
   </choice>
   <choice>
    <reg>
     царём
    </reg>
   </choice>
   , за то много горя
   <choice>
    <reg>
     видел
    </reg>
   </choice>
   ».
  </p>
  <p rend="left" uuid="7d5ce78f-de08-4a42-afb1-a28598911e1d">
   А меньшой
   <choice>
    <reg>
     сказал
    </reg>
   </choice>
   : «я не тужу, что
   <choice>
    <reg>
     пошёл
    </reg>
   </choice>
   тогда
   <choice>
    <reg>
     в
    </reg>
   </choice>
   <choice>
    <reg>
     лес
    </reg>
   </choice>
   на гору; хошь
   <choice>
    <reg>
     мне
    </reg>
   </choice>
   и плохо теперь, за то есть
   <choice>
    <reg>
     чем
    </reg>
   </choice>
   помянуть мою жизнь, a
   <choice>
    <reg>
     тебе
    </reg>
   </choice>
   и помянуть-то
   <choice>
    <reg>
     нечем
    </reg>
   </choice>
   ».
  </p>
 </div>
</TEI>