<?xml version="1.0" encoding="utf-8"?>
<TEI xmlns="http://www.tei-c.org/ns/1.0" xmlns:xi="http://www.w3.org/2001/XInclude">
 <teiHeader>
  <fileDesc>
   <titleStmt>
    <title>
     Азбука. Книга I
    </title>
    <author>
     Толстой Л.Н.
    </author>
    <respStmt>
     <resp>
      подготовка TEI/XML
     </resp>
     <name>
      Мария Картышева, Евгений Можаев, Даниил Скоринкин, Елена Сидорова, Вероника Файнберг, Кирилл Милинцевич
     </name>
    </respStmt>
    <respStmt>
     <name>
      Анастасия Бонч-Осмоловская, Фёкла Толстая, Борис Орехов
     </name>
     <resp>
      Идея, постановка задач, руководство
     </resp>
    </respStmt>
   </titleStmt>
   <publicationStmt>
    <idno>
     Азбука  | Книга I
    </idno>
    <publisher>
     <orgName>
      Школа лингвистики НИУ ВШЭ
     </orgName>
    </publisher>
    <availability>
     <p>
      Тексты и метатекстовая разметка доступны для свободного использования и распространения по лицензии Creative Commons Attribution Share-Alike (cc by-sa)
     </p>
    </availability>
   </publicationStmt>
   <sourceDesc>
    <biblStruct>
     <analytic>
      <author>
       Толстой Л.Н.
      </author>
      <title level="a">
       Азбука. Книга I
      </title>
     </analytic>
     <monogr>
      <title level="m">
       Полное собрание сочинений. Том 22
      </title>
      <imprint>
       <pubPlace>
        Москва
       </pubPlace>
       <publisher>
        Государственное издательство "Художественная литература"
       </publisher>
       <date when="1871-1872"/>
      </imprint>
     </monogr>
     <series>
      <title level="s">
       Л.Н. Толстой. Полное собрание сочинений
      </title>
      <biblScope unit="vol">
       22
      </biblScope>
     </series>
    </biblStruct>
   </sourceDesc>
  </fileDesc>
  <encodingDesc>
   <classDecl>
    <xi:include href="taxonomy.xml"/>
   </classDecl>
  </encodingDesc>
  <profileDesc>
   <creation>
    <date notAfter="1872" notBefore="1871">
     1871-1872
    </date>
    <rs/>
   </creation>
   <textClass>
    <catRef target="#fiction" type="sphere"/>
    <catRef target="#произведения для детей" type="type"/>
    <catRef target="#works" type="works_letters_diaries"/>
    <catRef target="#азбука" type="ninetyDef"/>
    <catRef target="#Основное" type="main_var"/>
    <catRef target="#азбука" type="type_short"/>
    <catRef target="None" type="translation"/>
    <catRef target="None" type="translation_origin"/>
    <catRef target="#да" type="tolstoy_or_not"/>
    <catRef target="None" type="name_status"/>
   </textClass>
   <preparedness>
    finished
   </preparedness>
   <settingDesc>
    <time>
     XIX век
    </time>
   </settingDesc>
  </profileDesc>
  <xenoData>
   <cyclusName/>
   <p>
    Проект
    <title>
     Толстой.Digital
    </title>
    разрабатывается сотрудниками и студентами
    <orgName>
     Высшей школы экономики
    </orgName>
    в сотрудничестве с
    <orgName>
     Государственным музеем Л.Н. Толстого
    </orgName>
    . Источник текстов –
    <bibl>
     90-томное собрание сочинений Л.Н.Толстого
    </bibl>
    . Разметка основана на стандарте
    <ref target="http://www.tei-c.org">
     TEI (Text Encoding Initiative)
    </ref>
    .
   </p>
   <versionNumber/>
   <isFinished/>
   <isEdited/>
   <fullBibliographicDescription/>
  </xenoData>
 </teiHeader>
 <p rend="left emptyline">
  <pb n="400"/>
 </p>
 <div type="section" xml:id="ref186">
  <head rend="center">
   <hi rend="strong">
    БУЛЬКА И
    <choice>
     <reg>
      КАБАН
     </reg>
    </choice>
    .
   </hi>
  </head>
  <p rend="left" uuid="386fb2f0-1045-4dbc-8333-72a727aa7c63">
   <choice>
    <reg>
     Один
    </reg>
   </choice>
   <choice>
    <reg>
     раз
    </reg>
   </choice>
   на
   <choice>
    <reg>
     Кавказе
    </reg>
   </choice>
   мы пошли на охоту за кабанами, и Булька
   <choice>
    <reg>
     прибежал
    </reg>
   </choice>
   со мной. Только-что
   <choice>
    <reg>
     гончия
    </reg>
   </choice>
   погнали, Булька бросился на
   <choice>
    <reg>
     их
    </reg>
   </choice>
   <choice>
    <reg>
     голос
    </reg>
   </choice>
   и скрылся
   <choice>
    <reg>
     в
    </reg>
   </choice>
   <choice>
    <reg>
     лесу
    </reg>
   </choice>
   . Это было
   <choice>
    <reg>
     в
    </reg>
   </choice>
   <choice>
    <reg>
     Ноябре
    </reg>
   </choice>
   <choice>
    <reg>
     месяце
    </reg>
   </choice>
   : кабаны и свиньи тогда
   <choice>
    <reg>
     бывают
    </reg>
   </choice>
   очень жирные.
  </p>
  <p rend="left" uuid="e6b7215b-c13a-448b-955a-8db85ca8a1c6">
   На
   <choice>
    <reg>
     Кавказе
    </reg>
   </choice>
   ,
   <choice>
    <reg>
     в
    </reg>
   </choice>
   <choice>
    <reg>
     лесах
    </reg>
   </choice>
   ,
   <choice>
    <reg>
     где
    </reg>
   </choice>
   <choice>
    <reg>
     живут
    </reg>
   </choice>
   кабаны,
   <choice>
    <reg>
     бывает
    </reg>
   </choice>
   много
   <choice>
    <reg>
     вкусных
    </reg>
   </choice>
   <choice>
    <reg>
     плодов
    </reg>
   </choice>
   :
   <choice>
    <reg>
     дикого
    </reg>
   </choice>
   винограду,
   <choice>
    <reg>
     шишек
    </reg>
   </choice>
   ,
   <choice>
    <reg>
     яблок
    </reg>
   </choice>
   ,
   <choice>
    <reg>
     груш
    </reg>
   </choice>
   , ежевики, желудей, терновнику. И когда
   <choice>
    <reg>
     все
    </reg>
   </choice>
   эти плоды
   <choice>
    <reg>
     поспеют
    </reg>
   </choice>
   и тронутся
   <choice>
    <reg>
     морозом
    </reg>
   </choice>
   — кабаны
   <choice>
    <reg>
     отъедаются
    </reg>
   </choice>
   и
   <choice>
    <reg>
     жиреют
    </reg>
   </choice>
   .
  </p>
  <p rend="left" uuid="a4711fe7-d174-43f1-89a6-c6e75fad72fa">
   <choice>
    <reg>
     В
    </reg>
   </choice>
   то время
   <choice>
    <reg>
     кабан
    </reg>
   </choice>
   <choice>
    <reg>
     так
    </reg>
   </choice>
   <choice>
    <reg>
     бывает
    </reg>
   </choice>
   <choice>
    <reg>
     жирен
    </reg>
   </choice>
   , что не долго
   <choice>
    <reg>
     может
    </reg>
   </choice>
   <choice>
    <reg>
     бегать
    </reg>
   </choice>
   <choice>
    <reg>
     под
    </reg>
   </choice>
   собаками. Когда его
   <choice>
    <reg>
     погоняют
    </reg>
   </choice>
   часа два,
   <choice>
    <reg>
     он
    </reg>
   </choice>
   забивается
   <choice>
    <reg>
     в
    </reg>
   </choice>
   чащу и останавливается. Тогда охотники
   <choice>
    <reg>
     бегут
    </reg>
   </choice>
   <choice>
    <reg>
     к
    </reg>
   </choice>
   тому
   <choice>
    <reg>
     месту
    </reg>
   </choice>
   ,
   <choice>
    <reg>
     где
    </reg>
   </choice>
   <choice>
    <reg>
     он
    </reg>
   </choice>
   <choice>
    <reg>
     стоит
    </reg>
   </choice>
   и
   <choice>
    <reg>
     стреляют
    </reg>
   </choice>
   . По лаю
   <choice>
    <reg>
     собак
    </reg>
   </choice>
   можно знать,
   <choice>
    <reg>
     стал
    </reg>
   </choice>
   ли
   <choice>
    <reg>
     кабан
    </reg>
   </choice>
   или
   <choice>
    <reg>
     бежит
    </reg>
   </choice>
   . Если
   <choice>
    <reg>
     он
    </reg>
   </choice>
   <choice>
    <reg>
     бежит
    </reg>
   </choice>
   , то собаки
   <choice>
    <reg>
     лают
    </reg>
   </choice>
   <choice>
    <reg>
     с
    </reg>
   </choice>
   <choice>
    <reg>
     визгом
    </reg>
   </choice>
   ,
   <choice>
    <reg>
     как
    </reg>
   </choice>
   будто
   <choice>
    <reg>
     их
    </reg>
   </choice>
   <choice>
    <reg>
     бьют
    </reg>
   </choice>
   ; а если
   <choice>
    <reg>
     он
    </reg>
   </choice>
   <choice>
    <reg>
     стоит
    </reg>
   </choice>
   , то они
   <choice>
    <reg>
     лают
    </reg>
   </choice>
   ,
   <choice>
    <reg>
     как
    </reg>
   </choice>
   на
   <choice>
    <reg>
     человека
    </reg>
   </choice>
   , и
   <choice>
    <reg>
     подвывают
    </reg>
   </choice>
   .
  </p>
  <p rend="left" uuid="aa20955c-bf22-4a03-99a9-b71ccf51f6d2">
   <choice>
    <reg>
     В
    </reg>
   </choice>
   эту охоту я долго
   <choice>
    <reg>
     бегал
    </reg>
   </choice>
   по
   <choice>
    <reg>
     лесу
    </reg>
   </choice>
   , но ни разу
   <choice>
    <reg>
     мне
    </reg>
   </choice>
   не удалось
   <choice>
    <reg>
     перебежать
    </reg>
   </choice>
   дорогу кабану.
   <choice>
    <reg>
     Наконец
    </reg>
   </choice>
   я
   <choice>
    <reg>
     услыхал
    </reg>
   </choice>
   протяжный лай и вой
   <choice>
    <reg>
     гончих
    </reg>
   </choice>
   <choice>
    <reg>
     собак
    </reg>
   </choice>
   и
   <choice>
    <reg>
     побежал
    </reg>
   </choice>
   <choice>
    <reg>
     к
    </reg>
   </choice>
   тому
   <choice>
    <reg>
     месту
    </reg>
   </choice>
   .
   <choice>
    <reg>
     Уж
    </reg>
   </choice>
   я
   <choice>
    <reg>
     был
    </reg>
   </choice>
   близко
   <choice>
    <reg>
     от
    </reg>
   </choice>
   кабана.
   <choice>
    <reg>
     Мне
    </reg>
   </choice>
   уже
   <choice>
    <reg>
     слышен
    </reg>
   </choice>
   <choice>
    <reg>
     был
    </reg>
   </choice>
   <choice>
    <reg>
     треск
    </reg>
   </choice>
   по
   <choice>
    <reg>
     чаще
    </reg>
   </choice>
   . Это ворочался
   <choice>
    <reg>
     кабан
    </reg>
   </choice>
   <choice>
    <reg>
     с
    </reg>
   </choice>
   собаками. Но слышно было по
  </p>
  <p rend="left emptyline" uuid="f4bc0990-1ae1-403b-8001-5d0edef90ada">
   <pb n="401"/>
  </p>
  <p rend="centerline" uuid="88826126-46b8-405e-809a-89f79a6a1392">
   — 33 —
  </p>
  <p rend="notindent" uuid="cec54a07-971f-4489-8435-794cc9dc0a90">
   лаю, что они не брали его, а только кружились около.
   <choice>
    <reg>
     Вдруг
    </reg>
   </choice>
   я
   <choice>
    <reg>
     услыхал
    </reg>
   </choice>
   — зашуршало что-то сзади, и
   <choice>
    <reg>
     увидал
    </reg>
   </choice>
   Бульку.
   <choice>
    <reg>
     Он
    </reg>
   </choice>
   видно
   <choice>
    <reg>
     потерял
    </reg>
   </choice>
   <choice>
    <reg>
     гончих
    </reg>
   </choice>
   <choice>
    <reg>
     в
    </reg>
   </choice>
   <choice>
    <reg>
     лесу
    </reg>
   </choice>
   и спутался, а теперь
   <choice>
    <reg>
     слышал
    </reg>
   </choice>
   <choice>
    <reg>
     их
    </reg>
   </choice>
   лай и, также
   <choice>
    <reg>
     как
    </reg>
   </choice>
   я, что было духу катился
   <choice>
    <reg>
     в
    </reg>
   </choice>
   ту сторону.
   <choice>
    <reg>
     Он
    </reg>
   </choice>
   <choice>
    <reg>
     бежал
    </reg>
   </choice>
   <choice>
    <reg>
     через
    </reg>
   </choice>
   полянку по высокой
   <choice>
    <reg>
     траве
    </reg>
   </choice>
   , и
   <choice>
    <reg>
     мне
    </reg>
   </choice>
   <choice>
    <reg>
     от
    </reg>
   </choice>
   него видна только была его чёрная голова и закушенный
   <choice>
    <reg>
     язык
    </reg>
   </choice>
   <choice>
    <reg>
     в
    </reg>
   </choice>
   <choice>
    <reg>
     белых
    </reg>
   </choice>
   <choice>
    <reg>
     зубах
    </reg>
   </choice>
   . Я
   <choice>
    <reg>
     окликнул
    </reg>
   </choice>
   его, но
   <choice>
    <reg>
     он
    </reg>
   </choice>
   не оглянулся,
   <choice>
    <reg>
     обогнал
    </reg>
   </choice>
   меня и скрылся
   <choice>
    <reg>
     в
    </reg>
   </choice>
   <choice>
    <reg>
     чаще
    </reg>
   </choice>
   . Я
   <choice>
    <reg>
     побежал
    </reg>
   </choice>
   за
   <choice>
    <reg>
     ним
    </reg>
   </choice>
   , но
   <choice>
    <reg>
     чем
    </reg>
   </choice>
   дальше я
   <choice>
    <reg>
     шёл
    </reg>
   </choice>
   ,
   <choice>
    <reg>
     тем
    </reg>
   </choice>
   <choice>
    <reg>
     лес
    </reg>
   </choice>
   становился чаще и чаще. Сучки сбивали
   <choice>
    <reg>
     с
    </reg>
   </choice>
   меня шапку, били по лицу, иглы терновника
   <choice>
    <reg>
     цеплялись
    </reg>
   </choice>
   за платье. Я уже
   <choice>
    <reg>
     был
    </reg>
   </choice>
   <choice>
    <reg>
     близок
    </reg>
   </choice>
   <choice>
    <reg>
     к
    </reg>
   </choice>
   лаю, но ничего не
   <choice>
    <reg>
     мог
    </reg>
   </choice>
   <choice>
    <reg>
     видеть
    </reg>
   </choice>
   .
  </p>
  <p rend="left" uuid="bf4e467f-3997-43b5-aa2e-169eb3fae0bf">
   Вдругъ я услыхалъ, что собаки громче залаяли, что-то сильно затрещало и кабанъ сталъ отдуваться и захрипѣлъ. Я такъ и думалъ, что теперь Булька добрался до него и возится съ нимъ. Я изъ послѣднихъ силъ побѣжалъ черезъ чащу къ тому мѣсту. Въ самой глухой чащѣ я увидалъ пёструю гончую собаку. Она лаяла и выла на одномъ мѣстѣ, и въ трёхъ шагахъ отъ нея возилось и чернѣло что-то.
  </p>
  <p rend="left" uuid="c84ea5c3-fe5a-470d-b5eb-7260b1a1e977">
   Когда я подвинулся ближе, я
   <choice>
    <reg>
     рассмотрел
    </reg>
   </choice>
   кабана и
   <choice>
    <reg>
     услыхал
    </reg>
   </choice>
   , что Булька пронзительно
   <choice>
    <reg>
     завизжал
    </reg>
   </choice>
   .
   <choice>
    <reg>
     Кабан
    </reg>
   </choice>
   <choice>
    <reg>
     захрюкал
    </reg>
   </choice>
   и посунулся на гончую; гончая поджала
   <choice>
    <reg>
     хвост
    </reg>
   </choice>
   и отскочила.
   <choice>
    <reg>
     Мне
    </reg>
   </choice>
   <choice>
    <reg>
     стал
    </reg>
   </choice>
   <choice>
    <reg>
     виден
    </reg>
   </choice>
   <choice>
    <reg>
     бок
    </reg>
   </choice>
   кабана и его голова. Я
   <choice>
    <reg>
     прицелился
    </reg>
   </choice>
   <choice>
    <reg>
     в
    </reg>
   </choice>
   <choice>
    <reg>
     бок
    </reg>
   </choice>
   и
   <choice>
    <reg>
     выстрелил
    </reg>
   </choice>
   . Я
   <choice>
    <reg>
     видел
    </reg>
   </choice>
   , что
   <choice>
    <reg>
     попал
    </reg>
   </choice>
   .
   <choice>
    <reg>
     Кабан
    </reg>
   </choice>
   <choice>
    <reg>
     хрюкнул
    </reg>
   </choice>
   и
   <choice>
    <reg>
     затрещал
    </reg>
   </choice>
   прочь
   <choice>
    <reg>
     от
    </reg>
   </choice>
   меня по
   <choice>
    <reg>
     чаще
    </reg>
   </choice>
   . Собаки визжали, лаяли
   <choice>
    <reg>
     следом
    </reg>
   </choice>
   за
   <choice>
    <reg>
     ним
    </reg>
   </choice>
   ; я по
   <choice>
    <reg>
     чаще
    </reg>
   </choice>
   ломился за ними.
   <choice>
    <reg>
     Вдруг
    </reg>
   </choice>
   почти у себя
   <choice>
    <reg>
     под
    </reg>
   </choice>
   ногами я
   <choice>
    <reg>
     увидал
    </reg>
   </choice>
   и
   <choice>
    <reg>
     услыхал
    </reg>
   </choice>
   что-то. Это
   <choice>
    <reg>
     был
    </reg>
   </choice>
   Булька.
  </p>
  <p rend="left emptyline" uuid="35b8f6d3-b177-4b04-acfa-e3a194fd372e">
   <pb n="402"/>
  </p>
  <p rend="centerline" uuid="56a9919e-b575-4122-97d4-e24afaac7b86">
   — 34 —
  </p>
  <p rend="left" uuid="ec9672d7-4d9a-4159-a30b-bae720d750d9">
   <choice>
    <reg>
     Он
    </reg>
   </choice>
   <choice>
    <reg>
     лежал
    </reg>
   </choice>
   на боку и
   <choice>
    <reg>
     визжал
    </reg>
   </choice>
   .
   <choice>
    <reg>
     Под
    </reg>
   </choice>
   <choice>
    <reg>
     ним
    </reg>
   </choice>
   была лужа крови. Я
   <choice>
    <reg>
     подумал
    </reg>
   </choice>
   : пропала собака; но
   <choice>
    <reg>
     мне
    </reg>
   </choice>
   теперь не до него было, я ломился дальше. Скоро я
   <choice>
    <reg>
     увидал
    </reg>
   </choice>
   кабана. Собаки хватали его сзади, а
   <choice>
    <reg>
     он
    </reg>
   </choice>
   поворачивался то на ту, то на другую сторону. Когда
   <choice>
    <reg>
     кабан
    </reg>
   </choice>
   <choice>
    <reg>
     увидал
    </reg>
   </choice>
   меня,
   <choice>
    <reg>
     он
    </reg>
   </choice>
   сунулся ко
   <choice>
    <reg>
     мне
    </reg>
   </choice>
   . Я
   <choice>
    <reg>
     выстрелил
    </reg>
   </choice>
   другой
   <choice>
    <reg>
     раз
    </reg>
   </choice>
   почти
   <choice>
    <reg>
     в
    </reg>
   </choice>
   <choice>
    <reg>
     упор
    </reg>
   </choice>
   ,
   <choice>
    <reg>
     так
    </reg>
   </choice>
   что щетина
   <choice>
    <reg>
     загорелась
    </reg>
   </choice>
   на
   <choice>
    <reg>
     кабане
    </reg>
   </choice>
   , и
   <choice>
    <reg>
     кабан
    </reg>
   </choice>
   —
   <choice>
    <reg>
     захрипел
    </reg>
   </choice>
   , пошатался и всей тушей тяжело хлопнулся на земь.
  </p>
  <p rend="left" uuid="5945d178-093c-40ef-99ac-2fad70f5cc49">
   Когда я подошёлъ, кабанъ уже былъ мёртвый и только то тамъ, то тутъ его пучило и подёргивало. Но собаки, ощетинившись, однѣ рвали его за брюхо и за ноги, a другія локали кровь изъ раны.
  </p>
  <p rend="left" uuid="7c6c26dc-317f-4d5e-ac35-aa7a037cecb6">
   <choice>
    <reg>
     Тут
    </reg>
   </choice>
   я
   <choice>
    <reg>
     вспомнил
    </reg>
   </choice>
   про Бульку и
   <choice>
    <reg>
     пошёл
    </reg>
   </choice>
   его искать.
   <choice>
    <reg>
     Он
    </reg>
   </choice>
   <choice>
    <reg>
     полз
    </reg>
   </choice>
   <choice>
    <reg>
     мне
    </reg>
   </choice>
   на
   <choice>
    <reg>
     встречу
    </reg>
   </choice>
   и
   <choice>
    <reg>
     стонал
    </reg>
   </choice>
   . Я
   <choice>
    <reg>
     подошёл
    </reg>
   </choice>
   <choice>
    <reg>
     к
    </reg>
   </choice>
   нему,
   <choice>
    <reg>
     присел
    </reg>
   </choice>
   и
   <choice>
    <reg>
     посмотрел
    </reg>
   </choice>
   его рану. У него
   <choice>
    <reg>
     был
    </reg>
   </choice>
   <choice>
    <reg>
     распорон
    </reg>
   </choice>
   <choice>
    <reg>
     живот
    </reg>
   </choice>
   , и
   <choice>
    <reg>
     целый
    </reg>
   </choice>
   <choice>
    <reg>
     комок
    </reg>
   </choice>
   <choice>
    <reg>
     кишок
    </reg>
   </choice>
   <choice>
    <reg>
     из
    </reg>
   </choice>
   живота волочился по
   <choice>
    <reg>
     сухим
    </reg>
   </choice>
   <choice>
    <reg>
     листьям
    </reg>
   </choice>
   . Когда товарищи подошли ко
   <choice>
    <reg>
     мне
    </reg>
   </choice>
   , мы вправили
   <choice>
    <reg>
     Бульке
    </reg>
   </choice>
   кишки и зашили ему
   <choice>
    <reg>
     живот
    </reg>
   </choice>
   . Пока зашивали
   <choice>
    <reg>
     живот
    </reg>
   </choice>
   и прокалывали кожу,
   <choice>
    <reg>
     он
    </reg>
   </choice>
   всё
   <choice>
    <reg>
     лизал
    </reg>
   </choice>
   <choice>
    <reg>
     мне
    </reg>
   </choice>
   руки.
  </p>
  <p rend="left" uuid="01c056fb-09db-4b0b-aee0-8e930cec5979">
   Кабана привязали
   <choice>
    <reg>
     к
    </reg>
   </choice>
   хвосту лошади,
   <choice>
    <reg>
     чтоб
    </reg>
   </choice>
   вывезти
   <choice>
    <reg>
     из
    </reg>
   </choice>
   <choice>
    <reg>
     лесу
    </reg>
   </choice>
   , а Бульку положили на лошадь, и
   <choice>
    <reg>
     так
    </reg>
   </choice>
   привезли его домой. Булька
   <choice>
    <reg>
     проболел
    </reg>
   </choice>
   <choice>
    <reg>
     недель
    </reg>
   </choice>
   шесть, и
   <choice>
    <reg>
     выздоровел
    </reg>
   </choice>
   .
  </p>
 </div>
</TEI>