<?xml version="1.0" encoding="utf-8"?>
<TEI xmlns="http://www.tei-c.org/ns/1.0" xmlns:xi="http://www.w3.org/2001/XInclude">
 <teiHeader>
  <fileDesc>
   <titleStmt>
    <title>
     Азбука. Книга I
    </title>
    <author>
     Толстой Л.Н.
    </author>
    <respStmt>
     <resp>
      подготовка TEI/XML
     </resp>
     <name>
      Мария Картышева, Евгений Можаев, Даниил Скоринкин, Елена Сидорова, Вероника Файнберг, Кирилл Милинцевич
     </name>
    </respStmt>
    <respStmt>
     <name>
      Анастасия Бонч-Осмоловская, Фёкла Толстая, Борис Орехов
     </name>
     <resp>
      Идея, постановка задач, руководство
     </resp>
    </respStmt>
   </titleStmt>
   <publicationStmt>
    <idno>
     Азбука  | Книга I
    </idno>
    <publisher>
     <orgName>
      Школа лингвистики НИУ ВШЭ
     </orgName>
    </publisher>
    <availability>
     <p>
      Тексты и метатекстовая разметка доступны для свободного использования и распространения по лицензии Creative Commons Attribution Share-Alike (cc by-sa)
     </p>
    </availability>
   </publicationStmt>
   <sourceDesc>
    <biblStruct>
     <analytic>
      <author>
       Толстой Л.Н.
      </author>
      <title level="a">
       Азбука. Книга I
      </title>
     </analytic>
     <monogr>
      <title level="m">
       Полное собрание сочинений. Том 22
      </title>
      <imprint>
       <pubPlace>
        Москва
       </pubPlace>
       <publisher>
        Государственное издательство "Художественная литература"
       </publisher>
       <date when="1871-1872"/>
      </imprint>
     </monogr>
     <series>
      <title level="s">
       Л.Н. Толстой. Полное собрание сочинений
      </title>
      <biblScope unit="vol">
       22
      </biblScope>
     </series>
    </biblStruct>
   </sourceDesc>
  </fileDesc>
  <encodingDesc>
   <classDecl>
    <xi:include href="taxonomy.xml"/>
   </classDecl>
  </encodingDesc>
  <profileDesc>
   <creation>
    <date notAfter="1872" notBefore="1871">
     1871-1872
    </date>
    <rs/>
   </creation>
   <textClass>
    <catRef target="#fiction" type="sphere"/>
    <catRef target="#произведения для детей" type="type"/>
    <catRef target="#works" type="works_letters_diaries"/>
    <catRef target="#азбука" type="ninetyDef"/>
    <catRef target="#Основное" type="main_var"/>
    <catRef target="#азбука" type="type_short"/>
    <catRef target="None" type="translation"/>
    <catRef target="None" type="translation_origin"/>
    <catRef target="#да" type="tolstoy_or_not"/>
    <catRef target="None" type="name_status"/>
   </textClass>
   <preparedness>
    finished
   </preparedness>
   <settingDesc>
    <time>
     XIX век
    </time>
   </settingDesc>
  </profileDesc>
  <xenoData>
   <cyclusName/>
   <p>
    Проект
    <title>
     Толстой.Digital
    </title>
    разрабатывается сотрудниками и студентами
    <orgName>
     Высшей школы экономики
    </orgName>
    в сотрудничестве с
    <orgName>
     Государственным музеем Л.Н. Толстого
    </orgName>
    . Источник текстов –
    <bibl>
     90-томное собрание сочинений Л.Н.Толстого
    </bibl>
    . Разметка основана на стандарте
    <ref target="http://www.tei-c.org">
     TEI (Text Encoding Initiative)
    </ref>
    .
   </p>
   <versionNumber/>
   <isFinished/>
   <isEdited/>
   <fullBibliographicDescription/>
  </xenoData>
 </teiHeader>
 <p rend="left emptyline">
  <pb n="412"/>
 </p>
 <div type="section" xml:id="ref192">
  <head rend="center">
   <hi rend="strong">
    <choice>
     <reg>
      КОНЕЦ
     </reg>
    </choice>
    БУЛЬКИ И МИЛЬТОНА.
   </hi>
  </head>
  <p rend="left" uuid="54c62ac6-a81d-4f0a-8844-6f1c1764c7e0">
   Булька и
   <choice>
    <reg>
     Мильтон
    </reg>
    <orig>
     Мильтонъ
    </orig>
   </choice>
   кончились
   <choice>
    <reg>
     в
    </reg>
    <orig>
     въ
    </orig>
   </choice>
   одно и тоже время. Старый
   <choice>
    <reg>
     казак
    </reg>
    <orig>
     казакъ
    </orig>
   </choice>
   не
   <choice>
    <reg>
     умел
    </reg>
    <orig>
     умѣлъ
    </orig>
   </choice>
   обращаться
   <choice>
    <reg>
     с
    </reg>
    <orig>
     съ
    </orig>
   </choice>
   <choice>
    <reg>
     Мильтоном
    </reg>
    <orig>
     Мильтономъ
    </orig>
   </choice>
   .
   <choice>
    <reg>
     Вместо
    </reg>
    <orig>
     Вмѣсто
    </orig>
   </choice>
   того, чтобы брать его
   <choice>
    <reg>
     с
    </reg>
    <orig>
     съ
    </orig>
   </choice>
   собой только на птицу,
   <choice>
    <reg>
     он
    </reg>
    <orig>
     онъ
    </orig>
   </choice>
   <choice>
    <reg>
     стал
    </reg>
    <orig>
     сталъ
    </orig>
   </choice>
   водить его за кабанами. И
   <choice>
    <reg>
     в
    </reg>
    <orig>
     въ
    </orig>
   </choice>
   туже осень
   <choice>
    <reg>
     секач
    </reg>
    <orig>
     сѣкачъ
    </orig>
   </choice>
   <note n="n8">
    <div type="section footnote" xml:id="n8">
     <head>
      <ref target="#backn8">
       8
      </ref>
     </head>
     <p rend="left" uuid="be070dd0-669f-41d8-850d-e14fc458912d">
      <choice>
       <reg>
        Секач
       </reg>
      </choice>
      — двухгодовалый
      <choice>
       <reg>
        кабан
       </reg>
      </choice>
      <choice>
       <reg>
        с
       </reg>
      </choice>
      <choice>
       <reg>
        острым
       </reg>
      </choice>
      ,
      <choice>
       <reg>
        незагнутым
       </reg>
      </choice>
      <choice>
       <reg>
        клыком
       </reg>
      </choice>
      .
     </p>
    </div>
   </note>
   <choice>
    <reg>
     кабан
    </reg>
    <orig>
     кабанъ
    </orig>
   </choice>
   <choice>
    <reg>
     распорол
    </reg>
    <orig>
     распоролъ
    </orig>
   </choice>
   его. Никто не
   <choice>
    <reg>
     умел
    </reg>
    <orig>
     умѣлъ
    </orig>
   </choice>
   его зашить, и
   <choice>
    <reg>
     Мильтон
    </reg>
    <orig>
     Мильтонъ
    </orig>
   </choice>
   <choice>
    <reg>
     издох
    </reg>
    <orig>
     издохъ
    </orig>
   </choice>
   . Булька тоже недолго
   <choice>
    <reg>
     жил
    </reg>
    <orig>
     жилъ
    </orig>
   </choice>
   <choice>
    <reg>
     после
    </reg>
    <orig>
     послѣ
    </orig>
   </choice>
   того,
   <choice>
    <reg>
     как
    </reg>
    <orig>
     какъ
    </orig>
   </choice>
   <choice>
    <reg>
     он
    </reg>
    <orig>
     онъ
    </orig>
   </choice>
   спасся
   <choice>
    <reg>
     от
    </reg>
    <orig>
     отъ
    </orig>
   </choice>
   <choice>
    <reg>
     колодников
    </reg>
    <orig>
     колодниковъ
    </orig>
   </choice>
   . Скоро
   <choice>
    <reg>
     после
    </reg>
    <orig>
     послѣ
    </orig>
   </choice>
   своего
   <choice>
    <reg>
     спасения
    </reg>
    <orig>
     спасенiя
    </orig>
   </choice>
   <choice>
    <reg>
     от
    </reg>
    <orig>
     отъ
    </orig>
   </choice>
   <choice>
    <reg>
     колодников
    </reg>
    <orig>
     колодниковъ
    </orig>
   </choice>
   <choice>
    <reg>
     он
    </reg>
    <orig>
     онъ
    </orig>
   </choice>
   <choice>
    <reg>
     стал
    </reg>
    <orig>
     сталъ
    </orig>
   </choice>
   скучать и
   <choice>
    <reg>
     стал
    </reg>
    <orig>
     сталъ
    </orig>
   </choice>
   лизать всё, чтó ему попадалось.
   <choice>
    <reg>
     Он
    </reg>
    <orig>
     Онъ
    </orig>
   </choice>
   <choice>
    <reg>
     лизал
    </reg>
    <orig>
     лизалъ
    </orig>
   </choice>
   <choice>
    <reg>
     мне
    </reg>
    <orig>
     мнѣ
    </orig>
   </choice>
   руки, но не
   <choice>
    <reg>
     так
    </reg>
    <orig>
     такъ
    </orig>
   </choice>
   <choice>
    <reg>
     как
    </reg>
    <orig>
     какъ
    </orig>
   </choice>
   прежде, когда ласкался.
  </p>
  <p rend="left emptyline" uuid="6f576fa6-1d6f-4043-b527-0659903d70b2">
   <pb n="413"/>
  </p>
  <p rend="centerline" uuid="b3dca881-c402-45fd-8f1b-34709b395621">
   — 45 —
  </p>
  <p rend="left" uuid="0c47d4da-df7a-425d-ad0d-b9cd888a4978">
   <choice>
    <reg>
     Он
    </reg>
   </choice>
   <choice>
    <reg>
     лизал
    </reg>
   </choice>
   долго, и сильно
   <choice>
    <reg>
     налегал
    </reg>
   </choice>
   <choice>
    <reg>
     языком
    </reg>
   </choice>
   , а
   <choice>
    <reg>
     потом
    </reg>
   </choice>
   <choice>
    <reg>
     начинал
    </reg>
   </choice>
   прихватывать зубами. Видно ему нужно было кусать руку, но
   <choice>
    <reg>
     он
    </reg>
   </choice>
   не
   <choice>
    <reg>
     хотел
    </reg>
   </choice>
   . Я не
   <choice>
    <reg>
     стал
    </reg>
   </choice>
   давать ему руку. Тогда
   <choice>
    <reg>
     он
    </reg>
   </choice>
   <choice>
    <reg>
     стал
    </reg>
   </choice>
   лизать мой
   <choice>
    <reg>
     сапог
    </reg>
   </choice>
   , ножку стола, и
   <choice>
    <reg>
     потом
    </reg>
   </choice>
   кусать
   <choice>
    <reg>
     сапог
    </reg>
   </choice>
   или ножку стола. Это продолжалось два дня, а на
   <choice>
    <reg>
     третий
    </reg>
   </choice>
   день
   <choice>
    <reg>
     он
    </reg>
   </choice>
   <choice>
    <reg>
     пропал
    </reg>
   </choice>
   , и никто не
   <choice>
    <reg>
     видал
    </reg>
   </choice>
   и не
   <choice>
    <reg>
     слыхал
    </reg>
   </choice>
   про него.
  </p>
  <p rend="left" uuid="fb8376f1-eaf7-4d44-ae04-98cf534f20d8">
   Украсть его нельзя было, и уйти
   <choice>
    <reg>
     от
    </reg>
   </choice>
   меня
   <choice>
    <reg>
     он
    </reg>
   </choice>
   не
   <choice>
    <reg>
     мог
    </reg>
   </choice>
   , а случилось это
   <choice>
    <reg>
     с
    </reg>
   </choice>
   <choice>
    <reg>
     ним
    </reg>
   </choice>
   6
   <choice>
    <reg>
     недель
    </reg>
   </choice>
   <choice>
    <reg>
     после
    </reg>
   </choice>
   того,
   <choice>
    <reg>
     как
    </reg>
   </choice>
   его
   <choice>
    <reg>
     укусил
    </reg>
   </choice>
   <choice>
    <reg>
     волк
    </reg>
   </choice>
   . Стало быть
   <choice>
    <reg>
     волк
    </reg>
   </choice>
   точно
   <choice>
    <reg>
     был
    </reg>
   </choice>
   <choice>
    <reg>
     бешеный
    </reg>
   </choice>
   . Булька
   <choice>
    <reg>
     взбесился
    </reg>
   </choice>
   и
   <choice>
    <reg>
     ушёл
    </reg>
   </choice>
   .
   <choice>
    <reg>
     С
    </reg>
   </choice>
   <choice>
    <reg>
     ним
    </reg>
   </choice>
   <choice>
    <reg>
     сделалось
    </reg>
   </choice>
   то, чтó называется по охотничьи — стечка.
   <choice>
    <reg>
     Говорят
    </reg>
   </choice>
   , что
   <choice>
    <reg>
     бешенство
    </reg>
   </choice>
   <choice>
    <reg>
     в
    </reg>
   </choice>
   <choice>
    <reg>
     том
    </reg>
   </choice>
   <choice>
    <reg>
     состоит
    </reg>
   </choice>
   , что у
   <choice>
    <reg>
     бешеного
    </reg>
   </choice>
   <choice>
    <reg>
     животного
    </reg>
   </choice>
   <choice>
    <reg>
     в
    </reg>
   </choice>
   <choice>
    <reg>
     горле
    </reg>
   </choice>
   <choice>
    <reg>
     делаются
    </reg>
   </choice>
   судороги.
   <choice>
    <reg>
     Бешеные
    </reg>
   </choice>
   <choice>
    <reg>
     животные
    </reg>
   </choice>
   <choice>
    <reg>
     хотят
    </reg>
   </choice>
   пить и не
   <choice>
    <reg>
     могут
    </reg>
   </choice>
   , потому что
   <choice>
    <reg>
     от
    </reg>
   </choice>
   воды судороги
   <choice>
    <reg>
     делаются
    </reg>
   </choice>
   <choice>
    <reg>
     сильнее
    </reg>
   </choice>
   . Тогда они
   <choice>
    <reg>
     от
    </reg>
   </choice>
   боли и
   <choice>
    <reg>
     от
    </reg>
   </choice>
   жажды
   <choice>
    <reg>
     выходят
    </reg>
   </choice>
   <choice>
    <reg>
     из
    </reg>
   </choice>
   себя и
   <choice>
    <reg>
     начинают
    </reg>
   </choice>
   кусать.
   <choice>
    <reg>
     Верно
    </reg>
   </choice>
   у Бульки начинались эти судороги, когда
   <choice>
    <reg>
     он
    </reg>
   </choice>
   <choice>
    <reg>
     начинал
    </reg>
   </choice>
   лизать, а
   <choice>
    <reg>
     потом
    </reg>
   </choice>
   кусать мою руку и ножку стола.
  </p>
  <p rend="left" uuid="bf563303-015d-4410-b2c8-2a37d98f0e8f">
   Я
   <choice>
    <reg>
     ездил
    </reg>
   </choice>
   <choice>
    <reg>
     везде
    </reg>
   </choice>
   по
   <choice>
    <reg>
     округе
    </reg>
   </choice>
   и
   <choice>
    <reg>
     спрашивал
    </reg>
   </choice>
   про Бульку, но не
   <choice>
    <reg>
     мог
    </reg>
   </choice>
   узнать, куда
   <choice>
    <reg>
     он
    </reg>
   </choice>
   <choice>
    <reg>
     делся
    </reg>
   </choice>
   и
   <choice>
    <reg>
     как
    </reg>
   </choice>
   <choice>
    <reg>
     он
    </reg>
   </choice>
   <choice>
    <reg>
     издох
    </reg>
   </choice>
   . Если бы
   <choice>
    <reg>
     он
    </reg>
   </choice>
   <choice>
    <reg>
     бегал
    </reg>
   </choice>
   и
   <choice>
    <reg>
     кусал
    </reg>
   </choice>
   ,
   <choice>
    <reg>
     как
    </reg>
   </choice>
   <choice>
    <reg>
     делают
    </reg>
   </choice>
   <choice>
    <reg>
     бешеные
    </reg>
   </choice>
   собаки, то я бы
   <choice>
    <reg>
     услыхал
    </reg>
   </choice>
   про него. A
   <choice>
    <reg>
     верно
    </reg>
   </choice>
   <choice>
    <reg>
     он
    </reg>
   </choice>
   <choice>
    <reg>
     забежал
    </reg>
   </choice>
   куда-нибудь
   <choice>
    <reg>
     в
    </reg>
   </choice>
   глушь и
   <choice>
    <reg>
     один
    </reg>
   </choice>
   <choice>
    <reg>
     умер
    </reg>
   </choice>
   <choice>
    <reg>
     там
    </reg>
   </choice>
   . Охотники
   <choice>
    <reg>
     говорят
    </reg>
   </choice>
   , что когда
   <choice>
    <reg>
     с
    </reg>
   </choice>
   умной собакой
   <choice>
    <reg>
     сделается
    </reg>
   </choice>
   стечка, то она
   <choice>
    <reg>
     убегает
    </reg>
   </choice>
   <choice>
    <reg>
     в
    </reg>
   </choice>
   поля или
   <choice>
    <reg>
     леса
    </reg>
   </choice>
   и
   <choice>
    <reg>
     там
    </reg>
   </choice>
   <choice>
    <reg>
     ищет
    </reg>
   </choice>
   травы, какой ей нужно, вываливается по
   <choice>
    <reg>
     росам
    </reg>
   </choice>
   и сама
   <choice>
    <reg>
     лечится
    </reg>
   </choice>
   . Видно Булька не
   <choice>
    <reg>
     мог
    </reg>
   </choice>
   <choice>
    <reg>
     вылечиться
    </reg>
   </choice>
   .
   <choice>
    <reg>
     Он
    </reg>
   </choice>
   не вернулся и
   <choice>
    <reg>
     пропал
    </reg>
   </choice>
   .
  </p>
  <p rend="left emptyline" uuid="4f1e5e97-25db-49e4-bbc6-09bf6aea31b4">
   <pb n="414"/>
  </p>
  <p rend="centerline" uuid="9c3ff9b3-4da9-4a11-b300-a730a52f9aaf">
   — 46 —
  </p>
 </div>
</TEI>