<?xml version="1.0" encoding="utf-8"?>
<TEI xmlns="http://www.tei-c.org/ns/1.0" xmlns:xi="http://www.w3.org/2001/XInclude">
 <teiHeader>
  <fileDesc>
   <titleStmt>
    <title>
     Азбука. Книга I
    </title>
    <author>
     Толстой Л.Н.
    </author>
    <respStmt>
     <resp>
      подготовка TEI/XML
     </resp>
     <name>
      Мария Картышева, Евгений Можаев, Даниил Скоринкин, Елена Сидорова, Вероника Файнберг, Кирилл Милинцевич
     </name>
    </respStmt>
    <respStmt>
     <name>
      Анастасия Бонч-Осмоловская, Фёкла Толстая, Борис Орехов
     </name>
     <resp>
      Идея, постановка задач, руководство
     </resp>
    </respStmt>
   </titleStmt>
   <publicationStmt>
    <idno>
     Азбука  | Книга I
    </idno>
    <publisher>
     <orgName>
      Школа лингвистики НИУ ВШЭ
     </orgName>
    </publisher>
    <availability>
     <p>
      Тексты и метатекстовая разметка доступны для свободного использования и распространения по лицензии Creative Commons Attribution Share-Alike (cc by-sa)
     </p>
    </availability>
   </publicationStmt>
   <sourceDesc>
    <biblStruct>
     <analytic>
      <author>
       Толстой Л.Н.
      </author>
      <title level="a">
       Азбука. Книга I
      </title>
     </analytic>
     <monogr>
      <title level="m">
       Полное собрание сочинений. Том 22
      </title>
      <imprint>
       <pubPlace>
        Москва
       </pubPlace>
       <publisher>
        Государственное издательство "Художественная литература"
       </publisher>
       <date when="1871-1872"/>
      </imprint>
     </monogr>
     <series>
      <title level="s">
       Л.Н. Толстой. Полное собрание сочинений
      </title>
      <biblScope unit="vol">
       22
      </biblScope>
     </series>
    </biblStruct>
   </sourceDesc>
  </fileDesc>
  <encodingDesc>
   <classDecl>
    <xi:include href="taxonomy.xml"/>
   </classDecl>
  </encodingDesc>
  <profileDesc>
   <creation>
    <date notAfter="1872" notBefore="1871">
     1871-1872
    </date>
    <rs/>
   </creation>
   <textClass>
    <catRef target="#fiction" type="sphere"/>
    <catRef target="#произведения для детей" type="type"/>
    <catRef target="#works" type="works_letters_diaries"/>
    <catRef target="#азбука" type="ninetyDef"/>
    <catRef target="#Основное" type="main_var"/>
    <catRef target="#азбука" type="type_short"/>
    <catRef target="None" type="translation"/>
    <catRef target="None" type="translation_origin"/>
    <catRef target="#да" type="tolstoy_or_not"/>
    <catRef target="None" type="name_status"/>
   </textClass>
   <preparedness>
    finished
   </preparedness>
   <settingDesc>
    <time>
     XIX век
    </time>
   </settingDesc>
  </profileDesc>
  <xenoData>
   <cyclusName/>
   <p>
    Проект
    <title>
     Толстой.Digital
    </title>
    разрабатывается сотрудниками и студентами
    <orgName>
     Высшей школы экономики
    </orgName>
    в сотрудничестве с
    <orgName>
     Государственным музеем Л.Н. Толстого
    </orgName>
    . Источник текстов –
    <bibl>
     90-томное собрание сочинений Л.Н.Толстого
    </bibl>
    . Разметка основана на стандарте
    <ref target="http://www.tei-c.org">
     TEI (Text Encoding Initiative)
    </ref>
    .
   </p>
   <versionNumber/>
   <isFinished/>
   <isEdited/>
   <fullBibliographicDescription/>
  </xenoData>
 </teiHeader>
 <p rend="left emptyline">
  <pb n="215"/>
 </p>
 <div type="section" xml:id="ref102">
  <head rend="center">
   <hi rend="strong">
    <choice>
     <reg>
      ДЕВОЧКА
     </reg>
    </choice>
    И ГРИБЫ.
   </hi>
  </head>
  <p rend="left" uuid="0cd13fa4-312f-490a-8e73-dd99e35a7710">
   <choice>
    <reg>
     Две
    </reg>
   </choice>
   <choice>
    <reg>
     девочки
    </reg>
   </choice>
   шли домой
   <choice>
    <reg>
     с
    </reg>
   </choice>
   грибами.
  </p>
  <p rend="left" uuid="54a75694-1ee3-4516-8088-1373684f328d">
   Имъ надо было переходить черезъ желѣзную дорогу. Онѣ думали, что машина далеко, взлѣзли на насыпь и пошли черезъ рельсы.
  </p>
  <p rend="left" uuid="640913b6-e7f8-4624-bb4d-265cdbf4bfd2">
   <choice>
    <reg>
     Вдруг
    </reg>
   </choice>
   <choice>
    <reg>
     зашумела
    </reg>
   </choice>
   машина, Старшая
   <choice>
    <reg>
     девочка
    </reg>
   </choice>
   <choice>
    <reg>
     побежала
    </reg>
   </choice>
   <choice>
    <reg>
     назад
    </reg>
   </choice>
   , а меньшая
   <choice>
    <reg>
     перебежала
    </reg>
   </choice>
   <choice>
    <reg>
     через
    </reg>
   </choice>
   дорогу.
  </p>
  <p rend="left" uuid="9fc6a70a-46c6-4723-aa06-ac1512d1772f">
   Старшая
   <choice>
    <reg>
     девочка
    </reg>
   </choice>
   закричала
   <choice>
    <reg>
     сестре
    </reg>
   </choice>
   : «не ходи
   <choice>
    <reg>
     назад
    </reg>
   </choice>
   »!
  </p>
  <p rend="left" uuid="82653372-3ca0-4389-9453-33f5f4036caf">
   Но машина была
   <choice>
    <reg>
     так
    </reg>
   </choice>
   близко и
   <choice>
    <reg>
     так
    </reg>
   </choice>
   громко
   <choice>
    <reg>
     шумела
    </reg>
   </choice>
   , что меньшая
   <choice>
    <reg>
     девочка
    </reg>
   </choice>
   не
   <choice>
    <reg>
     расслышала
    </reg>
   </choice>
   ; она подумала, что ей
   <choice>
    <reg>
     велят
    </reg>
   </choice>
   <choice>
    <reg>
     бежать
    </reg>
   </choice>
   <choice>
    <reg>
     назад
    </reg>
   </choice>
   . Она
   <choice>
    <reg>
     побежала
    </reg>
   </choice>
   <choice>
    <reg>
     назад
    </reg>
   </choice>
   <choice>
    <reg>
     через
    </reg>
   </choice>
   рельсы, споткнулась, выронила грибы и стала подбирать
   <choice>
    <reg>
     их
    </reg>
   </choice>
   .
  </p>
  <p rend="left" uuid="54179879-7ca6-40be-84f8-f821b3da643d">
   Машина уже была близко и
   <choice>
    <reg>
     машинист
    </reg>
   </choice>
   <choice>
    <reg>
     свистел
    </reg>
   </choice>
   что было силы.
  </p>
  <p rend="left" uuid="afcc734d-2f53-4878-aae7-dfe845134435">
   Старшая
   <choice>
    <reg>
     девочка
    </reg>
   </choice>
   кричала: «брось грибы»! а маленькая
   <choice>
    <reg>
     девочка
    </reg>
   </choice>
   думала, что ей
   <choice>
    <reg>
     велят
    </reg>
   </choice>
   собрать грибы, и ползала по
   <choice>
    <reg>
     дороге
    </reg>
   </choice>
   .
  </p>
  <p rend="left" uuid="8a35b18b-f46e-4156-aef1-ff2d5e1c4df3">
   <choice>
    <reg>
     Машинист
    </reg>
   </choice>
   не
   <choice>
    <reg>
     мог
    </reg>
   </choice>
   удержать машины. Она свистала изо
   <choice>
    <reg>
     всех
    </reg>
   </choice>
   <choice>
    <reg>
     сил
    </reg>
   </choice>
   и
   <choice>
    <reg>
     наехала
    </reg>
   </choice>
   на
   <choice>
    <reg>
     девочку
    </reg>
   </choice>
  </p>
  <p rend="left" uuid="aed7533f-d564-439e-9045-7cd616b5d577">
   Старшая
   <choice>
    <reg>
     девочка
    </reg>
   </choice>
   кричала и плакала.
   <choice>
    <reg>
     Все
    </reg>
   </choice>
   <choice>
    <reg>
     проезжающие
    </reg>
   </choice>
   <choice>
    <reg>
     смотрели
    </reg>
   </choice>
   <choice>
    <reg>
     из
    </reg>
   </choice>
   <choice>
    <reg>
     окон
    </reg>
   </choice>
   <choice>
    <reg>
     вагонов
    </reg>
   </choice>
   , а
   <choice>
    <reg>
     кондуктор
    </reg>
   </choice>
  </p>
  <p rend="left emptyline" uuid="ec5d2ffc-6ab9-4caf-ad8c-a527f20182d1">
   <pb n="216"/>
  </p>
  <p rend="centerline" uuid="53097c0c-8f1c-4c2f-a869-dacfc2abdffc">
   — 14 —
  </p>
  <p rend="notindent" uuid="1d21f184-5c59-4164-aecc-246992f75e3c">
   <choice>
    <reg>
     побежал
    </reg>
   </choice>
   на
   <choice>
    <reg>
     конец
    </reg>
   </choice>
   <choice>
    <reg>
     поезда
    </reg>
   </choice>
   , чтобы
   <choice>
    <reg>
     видеть
    </reg>
   </choice>
   , чтó
   <choice>
    <reg>
     сделалось
    </reg>
   </choice>
   <choice>
    <reg>
     с
    </reg>
   </choice>
   <choice>
    <reg>
     девочкой
    </reg>
   </choice>
   .
  </p>
  <p rend="left" uuid="d0d7dffd-6ac1-48fb-a619-0e1e95121935">
   Когда
   <choice>
    <reg>
     поезд
    </reg>
   </choice>
   <choice>
    <reg>
     прошел
    </reg>
   </choice>
   ,
   <choice>
    <reg>
     все
    </reg>
   </choice>
   увидали, что
   <choice>
    <reg>
     девочка
    </reg>
   </choice>
   <choice>
    <reg>
     лежит
    </reg>
   </choice>
   между рельсами головой
   <choice>
    <reg>
     вниз
    </reg>
   </choice>
   и нешевелится.
  </p>
  <p rend="left" uuid="fcba1931-63a7-4fd4-9610-d1a2ea6ba512">
   <choice>
    <reg>
     Потом
    </reg>
   </choice>
   , когда
   <choice>
    <reg>
     поезд
    </reg>
   </choice>
   уже
   <choice>
    <reg>
     отъехал
    </reg>
   </choice>
   далеко,
   <choice>
    <reg>
     девочка
    </reg>
   </choice>
   подняла голову, вскочила на
   <choice>
    <reg>
     коленки
    </reg>
   </choice>
   , собрала грибы и
   <choice>
    <reg>
     побежала
    </reg>
   </choice>
   <choice>
    <reg>
     к
    </reg>
   </choice>
   <choice>
    <reg>
     сестре
    </reg>
   </choice>
   .
  </p>
 </div>
</TEI>