<?xml version="1.0" encoding="utf-8"?>
<TEI xmlns="http://www.tei-c.org/ns/1.0" xmlns:xi="http://www.w3.org/2001/XInclude">
 <teiHeader>
  <fileDesc>
   <titleStmt>
    <title>
     Азбука. Книга I
    </title>
    <author>
     Толстой Л.Н.
    </author>
    <respStmt>
     <resp>
      подготовка TEI/XML
     </resp>
     <name>
      Мария Картышева, Евгений Можаев, Даниил Скоринкин, Елена Сидорова, Вероника Файнберг, Кирилл Милинцевич
     </name>
    </respStmt>
    <respStmt>
     <name>
      Анастасия Бонч-Осмоловская, Фёкла Толстая, Борис Орехов
     </name>
     <resp>
      Идея, постановка задач, руководство
     </resp>
    </respStmt>
   </titleStmt>
   <publicationStmt>
    <idno>
     Азбука  | Книга I
    </idno>
    <publisher>
     <orgName>
      Школа лингвистики НИУ ВШЭ
     </orgName>
    </publisher>
    <availability>
     <p>
      Тексты и метатекстовая разметка доступны для свободного использования и распространения по лицензии Creative Commons Attribution Share-Alike (cc by-sa)
     </p>
    </availability>
   </publicationStmt>
   <sourceDesc>
    <biblStruct>
     <analytic>
      <author>
       Толстой Л.Н.
      </author>
      <title level="a">
       Азбука. Книга I
      </title>
     </analytic>
     <monogr>
      <title level="m">
       Полное собрание сочинений. Том 22
      </title>
      <imprint>
       <pubPlace>
        Москва
       </pubPlace>
       <publisher>
        Государственное издательство "Художественная литература"
       </publisher>
       <date when="1871-1872"/>
      </imprint>
     </monogr>
     <series>
      <title level="s">
       Л.Н. Толстой. Полное собрание сочинений
      </title>
      <biblScope unit="vol">
       22
      </biblScope>
     </series>
    </biblStruct>
   </sourceDesc>
  </fileDesc>
  <encodingDesc>
   <classDecl>
    <xi:include href="taxonomy.xml"/>
   </classDecl>
  </encodingDesc>
  <profileDesc>
   <creation>
    <date notAfter="1872" notBefore="1871">
     1871-1872
    </date>
    <rs/>
   </creation>
   <textClass>
    <catRef target="#fiction" type="sphere"/>
    <catRef target="#произведения для детей" type="type"/>
    <catRef target="#works" type="works_letters_diaries"/>
    <catRef target="#азбука" type="ninetyDef"/>
    <catRef target="#Основное" type="main_var"/>
    <catRef target="#азбука" type="type_short"/>
    <catRef target="None" type="translation"/>
    <catRef target="None" type="translation_origin"/>
    <catRef target="#да" type="tolstoy_or_not"/>
    <catRef target="None" type="name_status"/>
   </textClass>
   <preparedness>
    finished
   </preparedness>
   <settingDesc>
    <time>
     XIX век
    </time>
   </settingDesc>
  </profileDesc>
  <xenoData>
   <cyclusName/>
   <p>
    Проект
    <title>
     Толстой.Digital
    </title>
    разрабатывается сотрудниками и студентами
    <orgName>
     Высшей школы экономики
    </orgName>
    в сотрудничестве с
    <orgName>
     Государственным музеем Л.Н. Толстого
    </orgName>
    . Источник текстов –
    <bibl>
     90-томное собрание сочинений Л.Н.Толстого
    </bibl>
    . Разметка основана на стандарте
    <ref target="http://www.tei-c.org">
     TEI (Text Encoding Initiative)
    </ref>
    .
   </p>
   <versionNumber/>
   <isFinished/>
   <isEdited/>
   <fullBibliographicDescription/>
  </xenoData>
 </teiHeader>
 <p rend="left emptyline">
  <pb n="207"/>
 </p>
 <div type="section" xml:id="ref90">
  <head rend="center">
   <hi rend="strong">
    МЫШЬ
    <choice>
     <reg>
      ПОД
     </reg>
    </choice>
    <choice>
     <reg>
      АМБАРОМ
     </reg>
    </choice>
    .
   </hi>
  </head>
  <p rend="left" uuid="bcc0ba6f-4cd4-403b-8d3e-202f34a505e4">
   Жила одна мышь
   <choice>
    <reg>
     под
    </reg>
   </choice>
   <choice>
    <reg>
     амбаром
    </reg>
   </choice>
   .
   <choice>
    <reg>
     В
    </reg>
   </choice>
   полу амбара была дырочка, и
   <choice>
    <reg>
     хлеб
    </reg>
   </choice>
   сыпался
   <choice>
    <reg>
     в
    </reg>
   </choice>
   дырочку. Мыши житьё было хорошее, но она
   <choice>
    <reg>
     захотела
    </reg>
   </choice>
   похвастаться
   <choice>
    <reg>
     своим
    </reg>
   </choice>
   <choice>
    <reg>
     житьём
    </reg>
   </choice>
   . Прогрызла больше дыру и назвала
   <choice>
    <reg>
     других
    </reg>
   </choice>
   мышей.
  </p>
  <p rend="left" uuid="86b4476f-83f5-431f-9987-044c43b7eef4">
   «Идите»,
   <choice>
    <reg>
     говорит
    </reg>
   </choice>
   , «ко
   <choice>
    <reg>
     мне
    </reg>
   </choice>
   гулять, корму на
   <choice>
    <reg>
     всех
    </reg>
   </choice>
   <choice>
    <reg>
     достанет
    </reg>
   </choice>
   » Когда она привела мышей, она увидала, что дыры
   <choice>
    <reg>
     совсем
    </reg>
   </choice>
   не было.
   <choice>
    <reg>
     Мужик
    </reg>
   </choice>
   <choice>
    <reg>
     приметил
    </reg>
   </choice>
   большую. дыру
   <choice>
    <reg>
     в
    </reg>
   </choice>
   полу и
   <choice>
    <reg>
     заделал
    </reg>
   </choice>
   её.
  </p>
 </div>
</TEI>