<?xml version="1.0" encoding="utf-8"?>
<TEI xmlns="http://www.tei-c.org/ns/1.0" xmlns:xi="http://www.w3.org/2001/XInclude">
 <teiHeader>
  <fileDesc>
   <titleStmt>
    <title>
     Азбука. Книга I
    </title>
    <author>
     Толстой Л.Н.
    </author>
    <respStmt>
     <resp>
      подготовка TEI/XML
     </resp>
     <name>
      Мария Картышева, Евгений Можаев, Даниил Скоринкин, Елена Сидорова, Вероника Файнберг, Кирилл Милинцевич
     </name>
    </respStmt>
    <respStmt>
     <name>
      Анастасия Бонч-Осмоловская, Фёкла Толстая, Борис Орехов
     </name>
     <resp>
      Идея, постановка задач, руководство
     </resp>
    </respStmt>
   </titleStmt>
   <publicationStmt>
    <idno>
     Азбука  | Книга I
    </idno>
    <publisher>
     <orgName>
      Школа лингвистики НИУ ВШЭ
     </orgName>
    </publisher>
    <availability>
     <p>
      Тексты и метатекстовая разметка доступны для свободного использования и распространения по лицензии Creative Commons Attribution Share-Alike (cc by-sa)
     </p>
    </availability>
   </publicationStmt>
   <sourceDesc>
    <biblStruct>
     <analytic>
      <author>
       Толстой Л.Н.
      </author>
      <title level="a">
       Азбука. Книга I
      </title>
     </analytic>
     <monogr>
      <title level="m">
       Полное собрание сочинений. Том 22
      </title>
      <imprint>
       <pubPlace>
        Москва
       </pubPlace>
       <publisher>
        Государственное издательство "Художественная литература"
       </publisher>
       <date when="1871-1872"/>
      </imprint>
     </monogr>
     <series>
      <title level="s">
       Л.Н. Толстой. Полное собрание сочинений
      </title>
      <biblScope unit="vol">
       22
      </biblScope>
     </series>
    </biblStruct>
   </sourceDesc>
  </fileDesc>
  <encodingDesc>
   <classDecl>
    <xi:include href="taxonomy.xml"/>
   </classDecl>
  </encodingDesc>
  <profileDesc>
   <creation>
    <date notAfter="1872" notBefore="1871">
     1871-1872
    </date>
    <rs/>
   </creation>
   <textClass>
    <catRef target="#fiction" type="sphere"/>
    <catRef target="#произведения для детей" type="type"/>
    <catRef target="#works" type="works_letters_diaries"/>
    <catRef target="#азбука" type="ninetyDef"/>
    <catRef target="#Основное" type="main_var"/>
    <catRef target="#азбука" type="type_short"/>
    <catRef target="None" type="translation"/>
    <catRef target="None" type="translation_origin"/>
    <catRef target="#да" type="tolstoy_or_not"/>
    <catRef target="None" type="name_status"/>
   </textClass>
   <preparedness>
    finished
   </preparedness>
   <settingDesc>
    <time>
     XIX век
    </time>
   </settingDesc>
  </profileDesc>
  <xenoData>
   <cyclusName/>
   <p>
    Проект
    <title>
     Толстой.Digital
    </title>
    разрабатывается сотрудниками и студентами
    <orgName>
     Высшей школы экономики
    </orgName>
    в сотрудничестве с
    <orgName>
     Государственным музеем Л.Н. Толстого
    </orgName>
    . Источник текстов –
    <bibl>
     90-томное собрание сочинений Л.Н.Толстого
    </bibl>
    . Разметка основана на стандарте
    <ref target="http://www.tei-c.org">
     TEI (Text Encoding Initiative)
    </ref>
    .
   </p>
   <versionNumber/>
   <isFinished/>
   <isEdited/>
   <fullBibliographicDescription/>
  </xenoData>
 </teiHeader>
 <p rend="left emptyline">
  <pb n="631"/>
 </p>
 <div type="section" xml:id="ref258">
  <head rend="center">
   <hi rend="strong">
    <choice>
     <reg>
      КАК
     </reg>
    </choice>
    <choice>
     <reg>
      ХОДЯТ
     </reg>
    </choice>
    ДЕРЕВЬЯ.
   </hi>
  </head>
  <p rend="left" uuid="dfd4194f-3f21-4412-a033-3ea6e15ff16b">
   Разъ мы вычищали на полубугрѣ подлѣ пруда заросшую дорожку. Много нарубили шиповника, лозины, тополя, — потомъ пришла черёмуха. Росла она на самой дорогѣ и была такая старая и толстая, что ей не могло быть меньше 10 лѣтъ, А пять лѣтъ тому назадъ, я зналъ, что садъ былъ чищенъ. Я никакъ не могъ понять — какъ могла тутъ вырости такая старая черёмуха. Мы срубили ее и прошли дальше. Дальше, въ другой чащѣ, росла другая такая же черёмуха, даже еще потолше. Я осмотрѣлъ ея корень и нашелъ, что она росла подъ старой липой. Липа своими сучьями заглушила ее и черёмуха протянулась аршинъ на пять прямымъ стеблемъ по землѣ, а когда выбралась на свѣтъ, подняла голову и стала цвѣсти. Я срубилъ ее въ корнѣ, и подивился тому, какъ она была свѣжа и какъ гнилъ былъ корень Когда я срубилъ ее, мы съ мужиками стали ее оттаскивать; но сколько мы ни тащили, — не могли ее сдвинуть: она какъ будто прилипла. Я сказалъ «посмотри, не зацѣпили-ли гдѣ?» Работникъ подлѣзъ подъ нее и закричалъ: «Да у ней другой корень; вотъ на дорогѣ!» Я подошелъ къ нему и увидалъ, что это было правда.
  </p>
  <p rend="left emptyline" uuid="49f97a45-ce8f-49de-bd4e-0b692117ea28">
   <pb n="632"/>
  </p>
  <p rend="centerline" uuid="828ce08b-53a2-4746-9728-9230194b3032">
   — 72 —
  </p>
  <p rend="left" uuid="25a64d31-49ba-4eb0-b51a-ea167a4ee857">
   Черёмуха, чтобы ея не глушила липа, перешла изъ-подъ липы на дорожку, за три аршина отъ прежняго корня. Тотъ корень, что я срубилъ, былъ гнилой и сухой, а новой былъ свѣжій. Она почуяла видно, что ей не жить подъ липой, вытянулась, вцѣпилась сучкомъ за землю, сдѣлала изъ сучка корень, а тотъ корень бросила. Тогда только я понялъ, какъ выросла та первая черёмуха на дорогѣ. Она тоже вѣрно сдѣлала, — но успѣла уже совсѣмъ отбросить старый корень, такъ что я не нашелъ его.
  </p>
 </div>
</TEI>