<?xml version="1.0" encoding="utf-8"?>
<TEI xmlns="http://www.tei-c.org/ns/1.0" xmlns:xi="http://www.w3.org/2001/XInclude">
 <teiHeader>
  <fileDesc>
   <titleStmt>
    <title>
     Азбука. Книга I
    </title>
    <author>
     Толстой Л.Н.
    </author>
    <respStmt>
     <resp>
      подготовка TEI/XML
     </resp>
     <name>
      Мария Картышева, Евгений Можаев, Даниил Скоринкин, Елена Сидорова, Вероника Файнберг, Кирилл Милинцевич
     </name>
    </respStmt>
    <respStmt>
     <name>
      Анастасия Бонч-Осмоловская, Фёкла Толстая, Борис Орехов
     </name>
     <resp>
      Идея, постановка задач, руководство
     </resp>
    </respStmt>
   </titleStmt>
   <publicationStmt>
    <idno>
     Азбука  | Книга I
    </idno>
    <publisher>
     <orgName>
      Школа лингвистики НИУ ВШЭ
     </orgName>
    </publisher>
    <availability>
     <p>
      Тексты и метатекстовая разметка доступны для свободного использования и распространения по лицензии Creative Commons Attribution Share-Alike (cc by-sa)
     </p>
    </availability>
   </publicationStmt>
   <sourceDesc>
    <biblStruct>
     <analytic>
      <author>
       Толстой Л.Н.
      </author>
      <title level="a">
       Азбука. Книга I
      </title>
     </analytic>
     <monogr>
      <title level="m">
       Полное собрание сочинений. Том 22
      </title>
      <imprint>
       <pubPlace>
        Москва
       </pubPlace>
       <publisher>
        Государственное издательство "Художественная литература"
       </publisher>
       <date when="1871-1872"/>
      </imprint>
     </monogr>
     <series>
      <title level="s">
       Л.Н. Толстой. Полное собрание сочинений
      </title>
      <biblScope unit="vol">
       22
      </biblScope>
     </series>
    </biblStruct>
   </sourceDesc>
  </fileDesc>
  <encodingDesc>
   <classDecl>
    <xi:include href="taxonomy.xml"/>
   </classDecl>
  </encodingDesc>
  <profileDesc>
   <creation>
    <date notAfter="1872" notBefore="1871">
     1871-1872
    </date>
    <rs/>
   </creation>
   <textClass>
    <catRef target="#fiction" type="sphere"/>
    <catRef target="#произведения для детей" type="type"/>
    <catRef target="#works" type="works_letters_diaries"/>
    <catRef target="#азбука" type="ninetyDef"/>
    <catRef target="#Основное" type="main_var"/>
    <catRef target="#азбука" type="type_short"/>
    <catRef target="None" type="translation"/>
    <catRef target="None" type="translation_origin"/>
    <catRef target="#да" type="tolstoy_or_not"/>
    <catRef target="None" type="name_status"/>
   </textClass>
   <preparedness>
    finished
   </preparedness>
   <settingDesc>
    <time>
     XIX век
    </time>
   </settingDesc>
  </profileDesc>
  <xenoData>
   <cyclusName/>
   <p>
    Проект
    <title>
     Толстой.Digital
    </title>
    разрабатывается сотрудниками и студентами
    <orgName>
     Высшей школы экономики
    </orgName>
    в сотрудничестве с
    <orgName>
     Государственным музеем Л.Н. Толстого
    </orgName>
    . Источник текстов –
    <bibl>
     90-томное собрание сочинений Л.Н.Толстого
    </bibl>
    . Разметка основана на стандарте
    <ref target="http://www.tei-c.org">
     TEI (Text Encoding Initiative)
    </ref>
    .
   </p>
   <versionNumber/>
   <isFinished/>
   <isEdited/>
   <fullBibliographicDescription/>
  </xenoData>
 </teiHeader>
 <p rend="left emptyline">
  <pb n="219"/>
 </p>
 <div type="section" xml:id="ref106">
  <head rend="center">
   <hi rend="strong">
    <choice>
     <reg>
      ОРЕЛ
     </reg>
    </choice>
    .
   </hi>
  </head>
  <p rend="left" uuid="65472d52-7f0e-4a32-b9f6-6d3f6311df26">
   <choice>
    <reg>
     Орёл
    </reg>
   </choice>
   <choice>
    <reg>
     свил
    </reg>
   </choice>
   <choice>
    <reg>
     себе
    </reg>
   </choice>
   <choice>
    <reg>
     гнездо
    </reg>
   </choice>
   на большой
   <choice>
    <reg>
     дороге
    </reg>
   </choice>
   , вдали
   <choice>
    <reg>
     от
    </reg>
   </choice>
   моря, и
   <choice>
    <reg>
     вывел
    </reg>
   </choice>
   <choice>
    <reg>
     детей
    </reg>
   </choice>
   .
  </p>
  <p rend="left" uuid="c97ed485-441c-44c5-af46-833a78b05d4e">
   <choice>
    <reg>
     Один
    </reg>
   </choice>
   <choice>
    <reg>
     раз
    </reg>
   </choice>
   <choice>
    <reg>
     подле
    </reg>
   </choice>
   дерева
   <choice>
    <reg>
     работал
    </reg>
   </choice>
   <choice>
    <reg>
     народ
    </reg>
   </choice>
   , а
   <choice>
    <reg>
     орёл
    </reg>
   </choice>
   <choice>
    <reg>
     подлетал
    </reg>
   </choice>
   <choice>
    <reg>
     к
    </reg>
   </choice>
   <choice>
    <reg>
     гнезду
    </reg>
   </choice>
   <choice>
    <reg>
     с
    </reg>
   </choice>
   большой рыбой
   <choice>
    <reg>
     в
    </reg>
   </choice>
   <choice>
    <reg>
     когтях
    </reg>
   </choice>
   . Люди увидали рыбу, окружили дерево, стали кричать и бросать
   <choice>
    <reg>
     в
    </reg>
   </choice>
   орла каменьями.
  </p>
  <p rend="left" uuid="bb6c0d18-4233-4e80-b4d7-3d3619a6c4dd">
   <choice>
    <reg>
     Орёл
    </reg>
   </choice>
   <choice>
    <reg>
     выронил
    </reg>
   </choice>
   рыбу, а люди подняли её и ушли.
  </p>
  <p rend="left" uuid="d3c64e7b-646f-4191-9e9d-42ecf8cf5771">
   <choice>
    <reg>
     Орёл
    </reg>
   </choice>
   <choice>
    <reg>
     сел
    </reg>
   </choice>
   на край
   <choice>
    <reg>
     гнезда
    </reg>
   </choice>
   , а орлята подняли свои головы и стали пищать: они просили корма.
  </p>
  <p rend="left" uuid="43451b7d-fec6-4ad3-ae4e-998807e3238b">
   <choice>
    <reg>
     Орёл
    </reg>
   </choice>
   <choice>
    <reg>
     устал
    </reg>
   </choice>
   и не
   <choice>
    <reg>
     мог
    </reg>
   </choice>
   <choice>
    <reg>
     лететь
    </reg>
   </choice>
   опять на море;
   <choice>
    <reg>
     он
    </reg>
   </choice>
   спустился
   <choice>
    <reg>
     в
    </reg>
   </choice>
   <choice>
    <reg>
     гнездо
    </reg>
   </choice>
   ,
   <choice>
    <reg>
     прикрыл
    </reg>
   </choice>
   <choice>
    <reg>
     орлят
    </reg>
   </choice>
   крыльями,
   <choice>
    <reg>
     ласкал
    </reg>
   </choice>
   <choice>
    <reg>
     их
    </reg>
   </choice>
   ,
   <choice>
    <reg>
     оправлял
    </reg>
   </choice>
   <choice>
    <reg>
     им
    </reg>
   </choice>
   пёрушки и
   <choice>
    <reg>
     как
    </reg>
   </choice>
   будто
   <choice>
    <reg>
     просил
    </reg>
   </choice>
  </p>
  <p rend="left emptyline" uuid="53499715-0107-4981-8bb7-869f71175be4">
   <pb n="220"/>
  </p>
  <p rend="centerline" uuid="c34075a1-e2f5-4635-8ed9-336f868f867c">
   — 18 —
  </p>
  <p rend="notindent" uuid="fe80b0ca-5e0c-4a08-9896-4d1c2267fb5b">
   <choice>
    <reg>
     их
    </reg>
   </choice>
   , чтобы они подождали немного. Но
   <choice>
    <reg>
     чем
    </reg>
   </choice>
   больше
   <choice>
    <reg>
     он
    </reg>
   </choice>
   <choice>
    <reg>
     их
    </reg>
   </choice>
   <choice>
    <reg>
     ласкал
    </reg>
   </choice>
   ,
   <choice>
    <reg>
     тем
    </reg>
   </choice>
   громче они пищали.
  </p>
  <p rend="left" uuid="082dd20f-866d-4eba-9bc8-f6cdb228265a">
   Тогда
   <choice>
    <reg>
     орёл
    </reg>
   </choice>
   <choice>
    <reg>
     отлетел
    </reg>
   </choice>
   <choice>
    <reg>
     от
    </reg>
   </choice>
   <choice>
    <reg>
     них
    </reg>
   </choice>
   и
   <choice>
    <reg>
     сел
    </reg>
   </choice>
   на
   <choice>
    <reg>
     верхний
    </reg>
   </choice>
   <choice>
    <reg>
     сук
    </reg>
   </choice>
   дерева.
  </p>
  <p rend="left" uuid="66d11d10-ebf9-4022-9493-1b37e750e3f8">
   Орлята засвистали и запищали ещё
   <choice>
    <reg>
     жалобнее
    </reg>
   </choice>
   .
  </p>
  <p rend="left" uuid="e380e02b-cc45-4694-be7c-15576bd5b46b">
   Тогда
   <choice>
    <reg>
     орёл
    </reg>
   </choice>
   <choice>
    <reg>
     вдруг
    </reg>
   </choice>
   <choice>
    <reg>
     сам
    </reg>
   </choice>
   громко
   <choice>
    <reg>
     закричал
    </reg>
   </choice>
   ,
   <choice>
    <reg>
     расправил
    </reg>
   </choice>
   крылья и тяжело
   <choice>
    <reg>
     полетел
    </reg>
   </choice>
   <choice>
    <reg>
     к
    </reg>
   </choice>
   морю.
   <choice>
    <reg>
     Он
    </reg>
   </choice>
   вернулся только поздно
   <choice>
    <reg>
     вечером
    </reg>
   </choice>
   ;
   <choice>
    <reg>
     он
    </reg>
   </choice>
   <choice>
    <reg>
     летел
    </reg>
   </choice>
   тихо и низко
   <choice>
    <reg>
     над
    </reg>
   </choice>
   землёю;
   <choice>
    <reg>
     в
    </reg>
   </choice>
   <choice>
    <reg>
     когтях
    </reg>
   </choice>
   у него опять была большая рыба.
  </p>
  <p rend="left" uuid="b1d428bb-72a5-4fc9-b82e-2b32fe578e6b">
   Когда
   <choice>
    <reg>
     он
    </reg>
   </choice>
   <choice>
    <reg>
     подлетал
    </reg>
   </choice>
   <choice>
    <reg>
     в
    </reg>
   </choice>
   дереву,
   <choice>
    <reg>
     он
    </reg>
   </choice>
   оглянулся —
   <choice>
    <reg>
     нет
    </reg>
   </choice>
   ли опять вблизи людей, быстро
   <choice>
    <reg>
     сложил
    </reg>
   </choice>
   крылья и
   <choice>
    <reg>
     сел
    </reg>
   </choice>
   на край
   <choice>
    <reg>
     гнезда
    </reg>
   </choice>
  </p>
  <p rend="left" uuid="19274f6d-b5ea-4472-be41-a6a5938c2f45">
   Орлята подняли головы и разнули рты, а
   <choice>
    <reg>
     орёл
    </reg>
   </choice>
   <choice>
    <reg>
     разорвал
    </reg>
   </choice>
   рыбу и
   <choice>
    <reg>
     накормил
    </reg>
   </choice>
   <choice>
    <reg>
     детей
    </reg>
   </choice>
   .
  </p>
 </div>
</TEI>