<?xml version="1.0" encoding="utf-8"?>
<TEI xmlns="http://www.tei-c.org/ns/1.0" xmlns:xi="http://www.w3.org/2001/XInclude">
 <teiHeader>
  <fileDesc>
   <titleStmt>
    <title>
     Азбука. Книга I
    </title>
    <author>
     Толстой Л.Н.
    </author>
    <respStmt>
     <resp>
      подготовка TEI/XML
     </resp>
     <name>
      Мария Картышева, Евгений Можаев, Даниил Скоринкин, Елена Сидорова, Вероника Файнберг, Кирилл Милинцевич
     </name>
    </respStmt>
    <respStmt>
     <name>
      Анастасия Бонч-Осмоловская, Фёкла Толстая, Борис Орехов
     </name>
     <resp>
      Идея, постановка задач, руководство
     </resp>
    </respStmt>
   </titleStmt>
   <publicationStmt>
    <idno>
     Азбука  | Книга I
    </idno>
    <publisher>
     <orgName>
      Школа лингвистики НИУ ВШЭ
     </orgName>
    </publisher>
    <availability>
     <p>
      Тексты и метатекстовая разметка доступны для свободного использования и распространения по лицензии Creative Commons Attribution Share-Alike (cc by-sa)
     </p>
    </availability>
   </publicationStmt>
   <sourceDesc>
    <biblStruct>
     <analytic>
      <author>
       Толстой Л.Н.
      </author>
      <title level="a">
       Азбука. Книга I
      </title>
     </analytic>
     <monogr>
      <title level="m">
       Полное собрание сочинений. Том 22
      </title>
      <imprint>
       <pubPlace>
        Москва
       </pubPlace>
       <publisher>
        Государственное издательство "Художественная литература"
       </publisher>
       <date when="1871-1872"/>
      </imprint>
     </monogr>
     <series>
      <title level="s">
       Л.Н. Толстой. Полное собрание сочинений
      </title>
      <biblScope unit="vol">
       22
      </biblScope>
     </series>
    </biblStruct>
   </sourceDesc>
  </fileDesc>
  <encodingDesc>
   <classDecl>
    <xi:include href="taxonomy.xml"/>
   </classDecl>
  </encodingDesc>
  <profileDesc>
   <creation>
    <date notAfter="1872" notBefore="1871">
     1871-1872
    </date>
    <rs/>
   </creation>
   <textClass>
    <catRef target="#fiction" type="sphere"/>
    <catRef target="#произведения для детей" type="type"/>
    <catRef target="#works" type="works_letters_diaries"/>
    <catRef target="#азбука" type="ninetyDef"/>
    <catRef target="#Основное" type="main_var"/>
    <catRef target="#азбука" type="type_short"/>
    <catRef target="None" type="translation"/>
    <catRef target="None" type="translation_origin"/>
    <catRef target="#да" type="tolstoy_or_not"/>
    <catRef target="None" type="name_status"/>
   </textClass>
   <preparedness>
    finished
   </preparedness>
   <settingDesc>
    <time>
     XIX век
    </time>
   </settingDesc>
  </profileDesc>
  <xenoData>
   <cyclusName/>
   <p>
    Проект
    <title>
     Толстой.Digital
    </title>
    разрабатывается сотрудниками и студентами
    <orgName>
     Высшей школы экономики
    </orgName>
    в сотрудничестве с
    <orgName>
     Государственным музеем Л.Н. Толстого
    </orgName>
    . Источник текстов –
    <bibl>
     90-томное собрание сочинений Л.Н.Толстого
    </bibl>
    . Разметка основана на стандарте
    <ref target="http://www.tei-c.org">
     TEI (Text Encoding Initiative)
    </ref>
    .
   </p>
   <versionNumber/>
   <isFinished/>
   <isEdited/>
   <fullBibliographicDescription/>
  </xenoData>
 </teiHeader>
 <p rend="left emptyline">
  <pb n="571"/>
 </p>
 <div type="section" xml:id="ref248">
  <head rend="center">
   <hi rend="strong">
    <choice>
     <reg>
      ВОРОН
     </reg>
    </choice>
    И ВОРОНЯТА.
   </hi>
  </head>
  <p rend="left" uuid="01ad29a1-9f30-450b-a2f2-0abe04a8508a">
   <choice>
    <reg>
     Ворон
    </reg>
   </choice>
   <choice>
    <reg>
     свил
    </reg>
   </choice>
   <choice>
    <reg>
     себе
    </reg>
   </choice>
   <choice>
    <reg>
     гнездо
    </reg>
   </choice>
   на
   <choice>
    <reg>
     острове
    </reg>
   </choice>
   , и когда воронята вывелись,
   <choice>
    <reg>
     он
    </reg>
   </choice>
   <choice>
    <reg>
     стал
    </reg>
   </choice>
   <choice>
    <reg>
     их
    </reg>
   </choice>
   переносить
   <choice>
    <reg>
     с
    </reg>
   </choice>
   острова на землю. Сперва
   <choice>
    <reg>
     он
    </reg>
   </choice>
   <choice>
    <reg>
     взял
    </reg>
   </choice>
   <choice>
    <reg>
     в
    </reg>
   </choice>
   когти одного вороненка и
   <choice>
    <reg>
     полетел
    </reg>
   </choice>
   <choice>
    <reg>
     с
    </reg>
   </choice>
   <choice>
    <reg>
     ним
    </reg>
   </choice>
   <choice>
    <reg>
     через
    </reg>
   </choice>
   море. Когда старый
   <choice>
    <reg>
     ворон
    </reg>
   </choice>
   <choice>
    <reg>
     вылетел
    </reg>
   </choice>
   на середину моря,
   <choice>
    <reg>
     он
    </reg>
   </choice>
   уморился,
   <choice>
    <reg>
     стал
    </reg>
   </choice>
   <choice>
    <reg>
     реже
    </reg>
   </choice>
   махать крыльями и
   <choice>
    <reg>
     подумал
    </reg>
   </choice>
   : теперь я
   <choice>
    <reg>
     силен
    </reg>
   </choice>
   , а
   <choice>
    <reg>
     он
    </reg>
   </choice>
   <choice>
    <reg>
     слаб
    </reg>
   </choice>
   , — я перенесу его
   <choice>
    <reg>
     через
    </reg>
   </choice>
   море; а когда
   <choice>
    <reg>
     он
    </reg>
   </choice>
   <choice>
    <reg>
     станет
    </reg>
   </choice>
   <choice>
    <reg>
     велик
    </reg>
   </choice>
   и
   <choice>
    <reg>
     силен
    </reg>
   </choice>
   , а я стану
   <choice>
    <reg>
     слаб
    </reg>
   </choice>
   <choice>
    <reg>
     от
    </reg>
   </choice>
   старости,
   <choice>
    <reg>
     вспомнит ли
    </reg>
   </choice>
   <choice>
    <reg>
     он
    </reg>
   </choice>
   мои труды и
   <choice>
    <reg>
     будет ли
    </reg>
   </choice>
   переносить меня
   <choice>
    <reg>
     с
    </reg>
   </choice>
   <choice>
    <reg>
     места
    </reg>
   </choice>
   на
   <choice>
    <reg>
     место
    </reg>
   </choice>
   ? И старый
   <choice>
    <reg>
     ворон
    </reg>
   </choice>
   <choice>
    <reg>
     опросил
    </reg>
   </choice>
   вороненка: «Когда я буду
   <choice>
    <reg>
     слаб
    </reg>
   </choice>
   , а ты будешь
   <choice>
    <reg>
     силен
    </reg>
   </choice>
   ,
   <choice>
    <reg>
     будеш ли
    </reg>
   </choice>
   ты носить меня? Говори
   <choice>
    <reg>
     мне
    </reg>
   </choice>
   правду!»
   <choice>
    <reg>
     Вороненок
    </reg>
   </choice>
   боялся, что
   <choice>
    <reg>
     отец
    </reg>
   </choice>
   бросить его
   <choice>
    <reg>
     в
    </reg>
   </choice>
   море, и
   <choice>
    <reg>
     сказал
    </reg>
   </choice>
   : «буду». Но старый
   <choice>
    <reg>
     ворон
    </reg>
   </choice>
   не
   <choice>
    <reg>
     поверил
    </reg>
   </choice>
   сыну и
   <choice>
    <reg>
     выпустил
    </reg>
   </choice>
   вороненка
   <choice>
    <reg>
     из
    </reg>
   </choice>
   когтей.
   <choice>
    <reg>
     Воронёнок
    </reg>
   </choice>
   <choice>
    <reg>
     как
    </reg>
   </choice>
   <choice>
    <reg>
     комок
    </reg>
   </choice>
   <choice>
    <reg>
     упал
    </reg>
   </choice>
   книзу и
   <choice>
    <reg>
     потонул
    </reg>
   </choice>
   <choice>
    <reg>
     в
    </reg>
   </choice>
   <choice>
    <reg>
     море
    </reg>
   </choice>
   . Старый
   <choice>
    <reg>
     ворон
    </reg>
   </choice>
   <choice>
    <reg>
     один
    </reg>
   </choice>
   <choice>
    <reg>
     полетел
    </reg>
   </choice>
   <choice>
    <reg>
     через
    </reg>
   </choice>
   море
   <choice>
    <reg>
     назад
    </reg>
   </choice>
   на свой
   <choice>
    <reg>
     остров
    </reg>
   </choice>
   .
   <choice>
    <reg>
     Потом
    </reg>
   </choice>
   старый воронь
   <choice>
    <reg>
     взял
    </reg>
   </choice>
   <choice>
    <reg>
     другого
    </reg>
   </choice>
   вороненка и также
   <choice>
    <reg>
     понёс
    </reg>
   </choice>
   его
   <choice>
    <reg>
     через
    </reg>
   </choice>
   море. Опять
   <choice>
    <reg>
     он
    </reg>
   </choice>
   уморился на
   <choice>
    <reg>
     середине
    </reg>
   </choice>
   моря и
   <choice>
    <reg>
     спросил
    </reg>
   </choice>
   сына
   <choice>
    <reg>
     —будет ли
    </reg>
   </choice>
  </p>
  <p rend="left emptyline" uuid="1af04d62-8bfe-484a-aa0d-2cf472685074">
   <pb n="572"/>
  </p>
  <p rend="centerline" uuid="29ecdcd0-d697-4965-b20a-e9fc7e41514a">
   — 12 —
  </p>
  <p rend="notindent" uuid="f47ca474-fbb8-4a20-bec6-b6ab991789c3">
   <choice>
    <reg>
     он
    </reg>
   </choice>
   его
   <choice>
    <reg>
     в
    </reg>
   </choice>
   старости переносить
   <choice>
    <reg>
     с
    </reg>
   </choice>
   <choice>
    <reg>
     места
    </reg>
   </choice>
   на
   <choice>
    <reg>
     место
    </reg>
   </choice>
   ?
   <choice>
    <reg>
     Сын
    </reg>
   </choice>
   испугался, чтобы
   <choice>
    <reg>
     отец
    </reg>
   </choice>
   не
   <choice>
    <reg>
     бросил
    </reg>
   </choice>
   его, и
   <choice>
    <reg>
     сказал
    </reg>
   </choice>
   : «буду».
  </p>
  <p rend="left" uuid="738f8c10-bc8e-4732-8ae1-c75f8694bc44">
   <choice>
    <reg>
     Отец
    </reg>
   </choice>
   не
   <choice>
    <reg>
     поверил
    </reg>
   </choice>
   и этому сыну, и
   <choice>
    <reg>
     бросил
    </reg>
   </choice>
   его
   <choice>
    <reg>
     в
    </reg>
   </choice>
   море. Когда старый
   <choice>
    <reg>
     ворон
    </reg>
   </choice>
   <choice>
    <reg>
     прилетел
    </reg>
   </choice>
   <choice>
    <reg>
     назад
    </reg>
   </choice>
   <choice>
    <reg>
     к
    </reg>
   </choice>
   своему
   <choice>
    <reg>
     гнезду
    </reg>
   </choice>
   , у него оставался
   <choice>
    <reg>
     один
    </reg>
   </choice>
   <choice>
    <reg>
     вороненок
    </reg>
   </choice>
   .
   <choice>
    <reg>
     Он
    </reg>
   </choice>
   <choice>
    <reg>
     взял
    </reg>
   </choice>
   <choice>
    <reg>
     последнего
    </reg>
   </choice>
   сына и
   <choice>
    <reg>
     полетел
    </reg>
   </choice>
   <choice>
    <reg>
     с
    </reg>
   </choice>
   <choice>
    <reg>
     ним
    </reg>
   </choice>
   <choice>
    <reg>
     через
    </reg>
   </choice>
   море. Когда
   <choice>
    <reg>
     он
    </reg>
   </choice>
   <choice>
    <reg>
     вылетел
    </reg>
   </choice>
   на средину моря и уморился,
   <choice>
    <reg>
     он
    </reg>
   </choice>
   <choice>
    <reg>
     спросил
    </reg>
   </choice>
   : «будешь ли ты
   <choice>
    <reg>
     в
    </reg>
   </choice>
   моей старости кормить меня и переносить
   <choice>
    <reg>
     с
    </reg>
   </choice>
   <choice>
    <reg>
     места
    </reg>
   </choice>
   на
   <choice>
    <reg>
     место
    </reg>
   </choice>
   ?»
   <choice>
    <reg>
     Вороненок
    </reg>
   </choice>
   <choice>
    <reg>
     сказал
    </reg>
   </choice>
   : «
   <choice>
    <reg>
     нет
    </reg>
   </choice>
   , не буду». «
   <choice>
    <reg>
     От
    </reg>
   </choice>
   чего?»
   <choice>
    <reg>
     спросил
    </reg>
   </choice>
   <choice>
    <reg>
     отец
    </reg>
   </choice>
   . «Когда ты будешь
   <choice>
    <reg>
     стар
    </reg>
   </choice>
   , а я буду большой, у меня
   <choice>
    <reg>
     будет
    </reg>
   </choice>
   свое
   <choice>
    <reg>
     гнездо
    </reg>
   </choice>
   и свои воронята, и я буду кормить и носить
   <choice>
    <reg>
     своих
    </reg>
   </choice>
   <choice>
    <reg>
     детей
    </reg>
   </choice>
   ». Тогда старый
   <choice>
    <reg>
     ворон
    </reg>
   </choice>
   <choice>
    <reg>
     подумал
    </reg>
   </choice>
   :
   <choice>
    <reg>
     он
    </reg>
   </choice>
   правду
   <choice>
    <reg>
     сказал
    </reg>
   </choice>
   ; за то потружусь и перенесу его за море. И старый
   <choice>
    <reg>
     ворон
    </reg>
   </choice>
   не
   <choice>
    <reg>
     выпустил
    </reg>
   </choice>
   вороненка, а
   <choice>
    <reg>
     из
    </reg>
   </choice>
   <choice>
    <reg>
     последних
    </reg>
   </choice>
   <choice>
    <reg>
     сил
    </reg>
   </choice>
   <choice>
    <reg>
     замахал
    </reg>
   </choice>
   крыльями и
   <choice>
    <reg>
     перенес
    </reg>
   </choice>
   его на землю, чтобы
   <choice>
    <reg>
     он
    </reg>
   </choice>
   <choice>
    <reg>
     свил
    </reg>
   </choice>
   <choice>
    <reg>
     себе
    </reg>
   </choice>
   <choice>
    <reg>
     гнездо
    </reg>
   </choice>
   и
   <choice>
    <reg>
     вывел
    </reg>
   </choice>
   <choice>
    <reg>
     детей
    </reg>
   </choice>
   .
  </p>
 </div>
</TEI>