<?xml version="1.0" encoding="utf-8"?>
<TEI xmlns="http://www.tei-c.org/ns/1.0" xmlns:xi="http://www.w3.org/2001/XInclude">
 <teiHeader>
  <fileDesc>
   <titleStmt>
    <title>
     Азбука. Книга I
    </title>
    <author>
     Толстой Л.Н.
    </author>
    <respStmt>
     <resp>
      подготовка TEI/XML
     </resp>
     <name>
      Мария Картышева, Евгений Можаев, Даниил Скоринкин, Елена Сидорова, Вероника Файнберг, Кирилл Милинцевич
     </name>
    </respStmt>
    <respStmt>
     <name>
      Анастасия Бонч-Осмоловская, Фёкла Толстая, Борис Орехов
     </name>
     <resp>
      Идея, постановка задач, руководство
     </resp>
    </respStmt>
   </titleStmt>
   <publicationStmt>
    <idno>
     Азбука  | Книга I
    </idno>
    <publisher>
     <orgName>
      Школа лингвистики НИУ ВШЭ
     </orgName>
    </publisher>
    <availability>
     <p>
      Тексты и метатекстовая разметка доступны для свободного использования и распространения по лицензии Creative Commons Attribution Share-Alike (cc by-sa)
     </p>
    </availability>
   </publicationStmt>
   <sourceDesc>
    <biblStruct>
     <analytic>
      <author>
       Толстой Л.Н.
      </author>
      <title level="a">
       Азбука. Книга I
      </title>
     </analytic>
     <monogr>
      <title level="m">
       Полное собрание сочинений. Том 22
      </title>
      <imprint>
       <pubPlace>
        Москва
       </pubPlace>
       <publisher>
        Государственное издательство "Художественная литература"
       </publisher>
       <date when="1871-1872"/>
      </imprint>
     </monogr>
     <series>
      <title level="s">
       Л.Н. Толстой. Полное собрание сочинений
      </title>
      <biblScope unit="vol">
       22
      </biblScope>
     </series>
    </biblStruct>
   </sourceDesc>
  </fileDesc>
  <encodingDesc>
   <classDecl>
    <xi:include href="taxonomy.xml"/>
   </classDecl>
  </encodingDesc>
  <profileDesc>
   <creation>
    <date notAfter="1872" notBefore="1871">
     1871-1872
    </date>
    <rs/>
   </creation>
   <textClass>
    <catRef target="#fiction" type="sphere"/>
    <catRef target="#произведения для детей" type="type"/>
    <catRef target="#works" type="works_letters_diaries"/>
    <catRef target="#азбука" type="ninetyDef"/>
    <catRef target="#Основное" type="main_var"/>
    <catRef target="#азбука" type="type_short"/>
    <catRef target="None" type="translation"/>
    <catRef target="None" type="translation_origin"/>
    <catRef target="#да" type="tolstoy_or_not"/>
    <catRef target="None" type="name_status"/>
   </textClass>
   <preparedness>
    finished
   </preparedness>
   <settingDesc>
    <time>
     XIX век
    </time>
   </settingDesc>
  </profileDesc>
  <xenoData>
   <cyclusName/>
   <p>
    Проект
    <title>
     Толстой.Digital
    </title>
    разрабатывается сотрудниками и студентами
    <orgName>
     Высшей школы экономики
    </orgName>
    в сотрудничестве с
    <orgName>
     Государственным музеем Л.Н. Толстого
    </orgName>
    . Источник текстов –
    <bibl>
     90-томное собрание сочинений Л.Н.Толстого
    </bibl>
    . Разметка основана на стандарте
    <ref target="http://www.tei-c.org">
     TEI (Text Encoding Initiative)
    </ref>
    .
   </p>
   <versionNumber/>
   <isFinished/>
   <isEdited/>
   <fullBibliographicDescription/>
  </xenoData>
 </teiHeader>
 <p rend="left emptyline">
  <pb n="245"/>
 </p>
 <div type="section" xml:id="ref124">
  <head rend="center">
   <hi rend="strong">
    ЗОЛОТОВОЛОСАЯ ЦАРЕВНА.
   </hi>
  </head>
  <p rend="left" uuid="cdea0137-3657-4813-a94f-51140acd2a19">
   Въ Индіи была одна царевна съ золотыми волосами; у нея была злая мачиха. Мачиха возненавидѣла золотоволосую падчерицу и уговорила царя сослать её въ
  </p>
  <p rend="left emptyline" uuid="cee50a80-df7e-4524-a7aa-50e2a738628d">
   <pb n="246"/>
  </p>
  <p rend="centerline" uuid="053e1bd4-7b26-4f60-9058-bc977f805349">
   — 44 —
  </p>
  <p rend="notindent" uuid="e774dcba-6fb1-4d6a-9dd1-d8ddc5bcde2b">
   пустыню. Золотоволосую свели далеко
   <choice>
    <reg>
     в
    </reg>
   </choice>
   пустыню и бросили. На пятый день золотоволосая царевна вернулась
   <choice>
    <reg>
     верхом
    </reg>
   </choice>
   на
   <choice>
    <reg>
     льве
    </reg>
   </choice>
   <choice>
    <reg>
     назад
    </reg>
   </choice>
   <choice>
    <reg>
     к
    </reg>
   </choice>
   своему отцу.
  </p>
  <p rend="left" uuid="35dde504-f9dc-4c3d-a188-a5a181a208c2">
   Тогда мачиха уговорила царя сослать золотоволосую падчерицу
   <choice>
    <reg>
     в
    </reg>
   </choice>
   <choice>
    <reg>
     дикия
    </reg>
   </choice>
   горы,
   <choice>
    <reg>
     где
    </reg>
   </choice>
   жили только коршуны. Коршуны на четвёртый день принесли её
   <choice>
    <reg>
     назад
    </reg>
   </choice>
   .
  </p>
  <p rend="left" uuid="e14a941a-be00-495e-a90c-ec20d6f1e873">
   Тогда мачиха сослала царевну на
   <choice>
    <reg>
     остров
    </reg>
   </choice>
   среди моря. Рыбаки увидали золотоволосую царевну и на шестой день привезли её
   <choice>
    <reg>
     назад
    </reg>
   </choice>
   <choice>
    <reg>
     к
    </reg>
   </choice>
   царю.
  </p>
  <p rend="left" uuid="61a8cbb3-eb6e-4109-806d-dd2377f22771">
   Тогда мачиха
   <choice>
    <reg>
     велела
    </reg>
   </choice>
   на
   <choice>
    <reg>
     дворе
    </reg>
   </choice>
   вырыть
   <choice>
    <reg>
     глубокий
    </reg>
   </choice>
   колодезь, опустила туда золотоволосую царевну и засыпала землёй.
  </p>
  <p rend="left" uuid="fe2e52e0-efc3-4a04-99ee-c6ff33d5ae1e">
   <choice>
    <reg>
     Через
    </reg>
   </choice>
   шесть дней
   <choice>
    <reg>
     из
    </reg>
   </choice>
   того
   <choice>
    <reg>
     места
    </reg>
   </choice>
   , куда зарыли царевну,
   <choice>
    <reg>
     засветился
    </reg>
   </choice>
   <choice>
    <reg>
     свет
    </reg>
   </choice>
   , и когда царь
   <choice>
    <reg>
     велел
    </reg>
   </choice>
   раскопать землю,
   <choice>
    <reg>
     там
    </reg>
   </choice>
   нашли живую золотоволосую царевну.
  </p>
  <p rend="left" uuid="428cc98e-35a8-4e65-b396-fdb30df20e2b">
   Тогда мачиха
   <choice>
    <reg>
     велела
    </reg>
    <orig>
     велѣла
    </orig>
   </choice>
   выдолбить колоду
   <choice>
    <reg>
     тутового
    </reg>
    <orig>
     тутоваго
    </orig>
   </choice>
   <note n="n5">
    <div type="section footnote" xml:id="n5">
     <head>
      <ref target="#backn5">
       5
      </ref>
     </head>
     <p rend="left" uuid="ed7c91cd-2c3e-4853-af89-c7f3c0804a27">
      На
      <choice>
       <reg>
        тутовом
       </reg>
      </choice>
      <choice>
       <reg>
        дереве
       </reg>
      </choice>
      <choice>
       <reg>
        растут
       </reg>
      </choice>
      ягоды — похожи на малину, а
      <choice>
       <reg>
        лист
       </reg>
      </choice>
      <choice>
       <reg>
        похож
       </reg>
      </choice>
      на берёзовый;
      <choice>
       <reg>
        этим
       </reg>
      </choice>
      <choice>
       <reg>
        листом
       </reg>
      </choice>
      <choice>
       <reg>
        кормят
       </reg>
      </choice>
      <choice>
       <reg>
        шелковичных
       </reg>
      </choice>
      червей.
     </p>
    </div>
   </note>
   дерева,
   <choice>
    <reg>
     заделала
    </reg>
    <orig>
     задѣлала
    </orig>
   </choice>
   туда царевну и пустила её по морю.
  </p>
  <p rend="left" uuid="2caff664-d0ad-4942-ad68-2ab11a27eee1">
   На девятый день море принесло золотоволосую царевну
   <choice>
    <reg>
     в
    </reg>
   </choice>
   японскую землю и
   <choice>
    <reg>
     там
    </reg>
   </choice>
   её Японцы вынули
   <choice>
    <reg>
     из
    </reg>
   </choice>
   колоды. Она была жива.
  </p>
  <p rend="left" uuid="10b38add-2775-4e81-a79a-7547a6994a98">
   Но какъ только она вышла на берегъ, она умерла, и изъ нея сдѣлался шелковичный червь.
  </p>
  <p rend="left" uuid="3c56d570-b233-4a22-b316-1d00b993ce61">
   Шелковичный червь
   <choice>
    <reg>
     всполз
    </reg>
   </choice>
   на тутовое дерево и
   <choice>
    <reg>
     стал
    </reg>
   </choice>
   <choice>
    <reg>
     есть
    </reg>
   </choice>
   тутовый
   <choice>
    <reg>
     лист
    </reg>
   </choice>
   . Когда
   <choice>
    <reg>
     он
    </reg>
   </choice>
   <choice>
    <reg>
     повырос
    </reg>
   </choice>
   ,
   <choice>
    <reg>
     он
    </reg>
   </choice>
   <choice>
    <reg>
     вдруг
    </reg>
   </choice>
   <choice>
    <reg>
     сделался
    </reg>
   </choice>
   мёртвый: не
   <choice>
    <reg>
     ел
    </reg>
   </choice>
   и не шевелился.
  </p>
  <p rend="left" uuid="f733aa4c-69ae-4f6e-8a7f-b7f09c4ab00c">
   На пятый день,
   <choice>
    <reg>
     в
    </reg>
   </choice>
   тоть самый
   <choice>
    <reg>
     срок
    </reg>
   </choice>
   ,
   <choice>
    <reg>
     как
    </reg>
   </choice>
   царевну
   <choice>
    <reg>
     нринёс
    </reg>
   </choice>
   <choice>
    <reg>
     лев
    </reg>
   </choice>
   <choice>
    <reg>
     из
    </reg>
   </choice>
   пустыни, — червь
   <choice>
    <reg>
     ожил
    </reg>
   </choice>
   и опять
   <choice>
    <reg>
     стал
    </reg>
   </choice>
   <choice>
    <reg>
     есть
    </reg>
   </choice>
   <choice>
    <reg>
     лист
    </reg>
   </choice>
   .
  </p>
  <p rend="left emptyline" uuid="fcc1d18e-9f2e-4f9b-aa43-fc818d5c92e5">
   <pb n="247"/>
  </p>
  <p rend="centerline" uuid="618d421e-03ec-4a88-96e4-de3d11c7c57f">
   — 45 —
  </p>
  <p rend="left" uuid="81ebe419-f0cb-41e2-bc9c-43cc0fa46259">
   Когда червь опять
   <choice>
    <reg>
     повырос
    </reg>
   </choice>
   ,
   <choice>
    <reg>
     он
    </reg>
   </choice>
   опять
   <choice>
    <reg>
     умер
    </reg>
   </choice>
   и на четвёртый день,
   <choice>
    <reg>
     в
    </reg>
   </choice>
   <choice>
    <reg>
     тот
    </reg>
   </choice>
   самый
   <choice>
    <reg>
     срок
    </reg>
   </choice>
   ,
   <choice>
    <reg>
     как
    </reg>
   </choice>
   коршуны принесли царевну, червь
   <choice>
    <reg>
     ожил
    </reg>
   </choice>
   и опять
   <choice>
    <reg>
     стал
    </reg>
   </choice>
   <choice>
    <reg>
     есть
    </reg>
   </choice>
   .
  </p>
  <p rend="left" uuid="65277098-1963-403c-8639-0e174eb7e08e">
   И опять
   <choice>
    <reg>
     умер
    </reg>
   </choice>
   , и
   <choice>
    <reg>
     в
    </reg>
   </choice>
   <choice>
    <reg>
     тот
    </reg>
   </choice>
   самый
   <choice>
    <reg>
     срок
    </reg>
   </choice>
   ,
   <choice>
    <reg>
     как
    </reg>
   </choice>
   царевна вернулась на
   <choice>
    <reg>
     лодке
    </reg>
   </choice>
   , опять
   <choice>
    <reg>
     ожил
    </reg>
   </choice>
   .
  </p>
  <p rend="left" uuid="9026d559-630d-4025-b077-5a1796ce6b95">
   И опять
   <choice>
    <reg>
     умер
    </reg>
   </choice>
   <choice>
    <reg>
     в
    </reg>
   </choice>
   четвёртый
   <choice>
    <reg>
     раз
    </reg>
   </choice>
   и
   <choice>
    <reg>
     ожил
    </reg>
   </choice>
   на шестой день, когда царевну выкопали
   <choice>
    <reg>
     из
    </reg>
   </choice>
   колодца.
  </p>
  <p rend="left" uuid="c9bdd534-5867-409d-b765-578e5cfefd55">
   И опять
   <choice>
    <reg>
     в
    </reg>
   </choice>
   <choice>
    <reg>
     последний
    </reg>
   </choice>
   <choice>
    <reg>
     раз
    </reg>
   </choice>
   <choice>
    <reg>
     умер
    </reg>
   </choice>
   , и на девятый день,
   <choice>
    <reg>
     в
    </reg>
   </choice>
   <choice>
    <reg>
     тот
    </reg>
   </choice>
   самый
   <choice>
    <reg>
     срок
    </reg>
   </choice>
   ,
   <choice>
    <reg>
     как
    </reg>
   </choice>
   царевна приплыла
   <choice>
    <reg>
     в
    </reg>
   </choice>
   <choice>
    <reg>
     Японию
    </reg>
   </choice>
   ,
   <choice>
    <reg>
     ожил
    </reg>
   </choice>
   <choice>
    <reg>
     в
    </reg>
   </choice>
   золотой, шёлковой
   <choice>
    <reg>
     куколке
    </reg>
   </choice>
   .
   <choice>
    <reg>
     Из
    </reg>
   </choice>
   куколки
   <choice>
    <reg>
     вылетела
    </reg>
   </choice>
   бабочка и положила яички, а
   <choice>
    <reg>
     из
    </reg>
   </choice>
   <choice>
    <reg>
     яичек
    </reg>
   </choice>
   вывелись черви и повелись
   <choice>
    <reg>
     в
    </reg>
   </choice>
   <choice>
    <reg>
     Японии
    </reg>
   </choice>
   . Черви пять
   <choice>
    <reg>
     раз
    </reg>
   </choice>
   <choice>
    <reg>
     засыпают
    </reg>
   </choice>
   и пять
   <choice>
    <reg>
     раз
    </reg>
   </choice>
   <choice>
    <reg>
     оживают
    </reg>
   </choice>
   .
  </p>
  <p rend="left" uuid="099088d2-550a-4f9f-a4c0-a1d1c95d9ea6">
   Японцы
   <choice>
    <reg>
     разводят
    </reg>
   </choice>
   много червей,
   <choice>
    <reg>
     делают
    </reg>
   </choice>
   много шёлка; и первый
   <choice>
    <reg>
     сон
    </reg>
   </choice>
   червя называется
   <hi rend="italic">
    <choice>
     <reg>
      сном
     </reg>
    </choice>
    льва
   </hi>
   , второй
   <hi rend="italic">
    —
    <choice>
     <reg>
      сном
     </reg>
    </choice>
    коршуна
   </hi>
   ,
   <choice>
    <reg>
     третий
    </reg>
   </choice>
   <hi rend="italic">
    —
    <choice>
     <reg>
      сном
     </reg>
    </choice>
    лодки,
   </hi>
   четвёртый
   <hi rend="italic">
    —
    <choice>
     <reg>
      сном
     </reg>
    </choice>
    двора
   </hi>
   и пятый
   <hi rend="italic">
    —
    <choice>
     <reg>
      сном
     </reg>
    </choice>
    колоды.
   </hi>
  </p>
 </div>
</TEI>