<?xml version="1.0" encoding="utf-8"?>
<TEI xmlns="http://www.tei-c.org/ns/1.0" xmlns:xi="http://www.w3.org/2001/XInclude">
 <teiHeader>
  <fileDesc>
   <titleStmt>
    <title>
     Азбука. Книга I
    </title>
    <author>
     Толстой Л.Н.
    </author>
    <respStmt>
     <resp>
      подготовка TEI/XML
     </resp>
     <name>
      Мария Картышева, Евгений Можаев, Даниил Скоринкин, Елена Сидорова, Вероника Файнберг, Кирилл Милинцевич
     </name>
    </respStmt>
    <respStmt>
     <name>
      Анастасия Бонч-Осмоловская, Фёкла Толстая, Борис Орехов
     </name>
     <resp>
      Идея, постановка задач, руководство
     </resp>
    </respStmt>
   </titleStmt>
   <publicationStmt>
    <idno>
     Азбука  | Книга I
    </idno>
    <publisher>
     <orgName>
      Школа лингвистики НИУ ВШЭ
     </orgName>
    </publisher>
    <availability>
     <p>
      Тексты и метатекстовая разметка доступны для свободного использования и распространения по лицензии Creative Commons Attribution Share-Alike (cc by-sa)
     </p>
    </availability>
   </publicationStmt>
   <sourceDesc>
    <biblStruct>
     <analytic>
      <author>
       Толстой Л.Н.
      </author>
      <title level="a">
       Азбука. Книга I
      </title>
     </analytic>
     <monogr>
      <title level="m">
       Полное собрание сочинений. Том 22
      </title>
      <imprint>
       <pubPlace>
        Москва
       </pubPlace>
       <publisher>
        Государственное издательство "Художественная литература"
       </publisher>
       <date when="1871-1872"/>
      </imprint>
     </monogr>
     <series>
      <title level="s">
       Л.Н. Толстой. Полное собрание сочинений
      </title>
      <biblScope unit="vol">
       22
      </biblScope>
     </series>
    </biblStruct>
   </sourceDesc>
  </fileDesc>
  <encodingDesc>
   <classDecl>
    <xi:include href="taxonomy.xml"/>
   </classDecl>
  </encodingDesc>
  <profileDesc>
   <creation>
    <date notAfter="1872" notBefore="1871">
     1871-1872
    </date>
    <rs/>
   </creation>
   <textClass>
    <catRef target="#fiction" type="sphere"/>
    <catRef target="#произведения для детей" type="type"/>
    <catRef target="#works" type="works_letters_diaries"/>
    <catRef target="#азбука" type="ninetyDef"/>
    <catRef target="#Основное" type="main_var"/>
    <catRef target="#азбука" type="type_short"/>
    <catRef target="None" type="translation"/>
    <catRef target="None" type="translation_origin"/>
    <catRef target="#да" type="tolstoy_or_not"/>
    <catRef target="None" type="name_status"/>
   </textClass>
   <preparedness>
    finished
   </preparedness>
   <settingDesc>
    <time>
     XIX век
    </time>
   </settingDesc>
  </profileDesc>
  <xenoData>
   <cyclusName/>
   <p>
    Проект
    <title>
     Толстой.Digital
    </title>
    разрабатывается сотрудниками и студентами
    <orgName>
     Высшей школы экономики
    </orgName>
    в сотрудничестве с
    <orgName>
     Государственным музеем Л.Н. Толстого
    </orgName>
    . Источник текстов –
    <bibl>
     90-томное собрание сочинений Л.Н.Толстого
    </bibl>
    . Разметка основана на стандарте
    <ref target="http://www.tei-c.org">
     TEI (Text Encoding Initiative)
    </ref>
    .
   </p>
   <versionNumber/>
   <isFinished/>
   <isEdited/>
   <fullBibliographicDescription/>
  </xenoData>
 </teiHeader>
 <p rend="left emptyline">
  <pb n="263"/>
 </p>
   <div type="section" xml:id="ref131">
    <head rend="center">
     <hi rend="strong">
      КАНЬ
      <choice>
       <reg>
        МУЖИК
       </reg>
       <orig>
        МУЖИКЪ
       </orig>
      </choice>
      <choice>
       <reg>
        УБРАЛ
       </reg>
       <orig>
        УБРАЛЪ
       </orig>
      </choice>
      КАМЕНЬ.
     </hi>
    </head>
    <p rend="left" uuid="cd5d574e-c5e8-435a-bbdd-83e15e61df2b">
     На площади
     <choice>
      <reg>
       в
      </reg>
      <orig>
       въ
      </orig>
     </choice>
     <choice>
      <reg>
       одном
      </reg>
      <orig>
       одномъ
      </orig>
     </choice>
     <choice>
      <reg>
       городе
      </reg>
      <orig>
       городѣ
      </orig>
     </choice>
     <choice>
      <reg>
       лежал
      </reg>
      <orig>
       лежалъ
      </orig>
     </choice>
     огромный камень. Камень
     <choice>
      <reg>
       занимал
      </reg>
      <orig>
       занималъ
      </orig>
     </choice>
     много
     <choice>
      <reg>
       места
      </reg>
      <orig>
       мѣста
      </orig>
     </choice>
     и
     <choice>
      <reg>
       мешал
      </reg>
      <orig>
       мѣшалъ
      </orig>
     </choice>
     <choice>
      <reg>
       езде
      </reg>
      <orig>
       ѣздѣ
      </orig>
     </choice>
     по городу. Призвали
     <choice>
      <reg>
       инженеров
      </reg>
      <orig>
       инженеровъ
      </orig>
     </choice>
     и спросили
     <choice>
      <reg>
       их
      </reg>
      <orig>
       ихъ
      </orig>
     </choice>
     ,
     <choice>
      <reg>
       как
      </reg>
      <orig>
       какъ
      </orig>
     </choice>
     убрать
     <choice>
      <reg>
       этот
      </reg>
      <orig>
       этотъ
      </orig>
     </choice>
     камень и сколько это
     <choice>
      <reg>
       будет
      </reg>
      <orig>
       будетъ
      </orig>
     </choice>
     стоить.
    </p>
    <p rend="left" uuid="bc34681a-2c51-41ef-bbb3-51fd93a258d0">
     <choice>
      <reg>
       Один
      </reg>
      <orig>
       Одинъ
      </orig>
     </choice>
     <choice>
      <reg>
       инженер
      </reg>
      <orig>
       инженеръ
      </orig>
     </choice>
     <choice>
      <reg>
       сказал
      </reg>
      <orig>
       сказалъ
      </orig>
     </choice>
     , что камень надо разбивать на куски
     <choice>
      <reg>
       порохом
      </reg>
      <orig>
       порохомъ
      </orig>
     </choice>
     и
     <choice>
      <reg>
       потом
      </reg>
      <orig>
       потомъ
      </orig>
     </choice>
     по
     <choice>
      <reg>
       частям
      </reg>
      <orig>
       частямъ
      </orig>
     </choice>
     свезти его, и что это
     <choice>
      <reg>
       будет
      </reg>
      <orig>
       будетъ
      </orig>
     </choice>
     стоить 8000 руб., другой
     <choice>
      <reg>
       сказал
      </reg>
      <orig>
       сказалъ
      </orig>
     </choice>
     , что
     <choice>
      <reg>
       под
      </reg>
      <orig>
       подъ
      </orig>
     </choice>
     камень надо подвести большой
     <choice>
      <reg>
       каток
      </reg>
      <orig>
       катокъ
      </orig>
     </choice>
     и на
     <choice>
      <reg>
       катке
      </reg>
      <orig>
       каткѣ
      </orig>
     </choice>
     свезти камень и что это
     <choice>
      <reg>
       будет
      </reg>
      <orig>
       будетъ
      </orig>
     </choice>
     стоить 6000 рублей.
    </p>
    <p rend="left" uuid="3f101cbf-b640-470d-9ad0-8f1511ee9b20">
     А
     <choice>
      <reg>
       один
      </reg>
      <orig>
       одинъ
      </orig>
     </choice>
     <choice>
      <reg>
       мужик
      </reg>
      <orig>
       мужикъ
      </orig>
     </choice>
     <choice>
      <reg>
       сказал
      </reg>
      <orig>
       сказалъ
      </orig>
     </choice>
     : «а я уберу камень и возьму за это 100 рублей».
    </p>
    <p rend="left" uuid="166b69d2-273c-4b57-bdd0-b8116892f1ed">
     У него спросили,
     <choice>
      <reg>
       как
      </reg>
      <orig>
       какъ
      </orig>
     </choice>
     <choice>
      <reg>
       он
      </reg>
      <orig>
       онъ
      </orig>
     </choice>
     это
     <choice>
      <reg>
       сделает
      </reg>
      <orig>
       сдѣлаетъ
      </orig>
     </choice>
     . И
     <choice>
      <reg>
       он
      </reg>
      <orig>
       онъ
      </orig>
     </choice>
     <choice>
      <reg>
       сказал
      </reg>
      <orig>
       сказалъ
      </orig>
     </choice>
     : «я выкопаю
     <choice>
      <reg>
       подле
      </reg>
      <orig>
       подлѣ
      </orig>
     </choice>
     <choice>
      <reg>
       самого
      </reg>
      <orig>
       самаго
      </orig>
     </choice>
     камня большую яму; землю
     <choice>
      <reg>
       из
      </reg>
      <orig>
       изъ
      </orig>
     </choice>
     ямы развалю по площади, свалю камень
     <choice>
      <reg>
       в
      </reg>
      <orig>
       въ
      </orig>
     </choice>
     яму и заровняю землёю».
    </p>
    <p rend="left" uuid="c92d26ba-b6bc-4a27-b33d-f9703c332484">
     <choice>
      <reg>
       Мужик
      </reg>
      <orig>
       Мужикъ
      </orig>
     </choice>
     <choice>
      <reg>
       так
      </reg>
      <orig>
       такъ
      </orig>
     </choice>
     и
     <choice>
      <reg>
       сделал
      </reg>
      <orig>
       сдѣлалъ
      </orig>
     </choice>
     , и ему дали 100 рублей и еще 100 руб за умную выдумку.
    </p>
   </div>
</TEI>