<?xml version="1.0" encoding="utf-8"?>
<TEI xmlns="http://www.tei-c.org/ns/1.0" xmlns:xi="http://www.w3.org/2001/XInclude">
 <teiHeader>
  <fileDesc>
   <titleStmt>
    <title>
     Азбука. Книга I
    </title>
    <author>
     Толстой Л.Н.
    </author>
    <respStmt>
     <resp>
      подготовка TEI/XML
     </resp>
     <name>
      Мария Картышева, Евгений Можаев, Даниил Скоринкин, Елена Сидорова, Вероника Файнберг, Кирилл Милинцевич
     </name>
    </respStmt>
    <respStmt>
     <name>
      Анастасия Бонч-Осмоловская, Фёкла Толстая, Борис Орехов
     </name>
     <resp>
      Идея, постановка задач, руководство
     </resp>
    </respStmt>
   </titleStmt>
   <publicationStmt>
    <idno>
     Азбука  | Книга I
    </idno>
    <publisher>
     <orgName>
      Школа лингвистики НИУ ВШЭ
     </orgName>
    </publisher>
    <availability>
     <p>
      Тексты и метатекстовая разметка доступны для свободного использования и распространения по лицензии Creative Commons Attribution Share-Alike (cc by-sa)
     </p>
    </availability>
   </publicationStmt>
   <sourceDesc>
    <biblStruct>
     <analytic>
      <author>
       Толстой Л.Н.
      </author>
      <title level="a">
       Азбука. Книга I
      </title>
     </analytic>
     <monogr>
      <title level="m">
       Полное собрание сочинений. Том 22
      </title>
      <imprint>
       <pubPlace>
        Москва
       </pubPlace>
       <publisher>
        Государственное издательство "Художественная литература"
       </publisher>
       <date when="1871-1872"/>
      </imprint>
     </monogr>
     <series>
      <title level="s">
       Л.Н. Толстой. Полное собрание сочинений
      </title>
      <biblScope unit="vol">
       22
      </biblScope>
     </series>
    </biblStruct>
   </sourceDesc>
  </fileDesc>
  <encodingDesc>
   <classDecl>
    <xi:include href="taxonomy.xml"/>
   </classDecl>
  </encodingDesc>
  <profileDesc>
   <creation>
    <date notAfter="1872" notBefore="1871">
     1871-1872
    </date>
    <rs/>
   </creation>
   <textClass>
    <catRef target="#fiction" type="sphere"/>
    <catRef target="#произведения для детей" type="type"/>
    <catRef target="#works" type="works_letters_diaries"/>
    <catRef target="#азбука" type="ninetyDef"/>
    <catRef target="#Основное" type="main_var"/>
    <catRef target="#азбука" type="type_short"/>
    <catRef target="None" type="translation"/>
    <catRef target="None" type="translation_origin"/>
    <catRef target="#да" type="tolstoy_or_not"/>
    <catRef target="None" type="name_status"/>
   </textClass>
   <preparedness>
    finished
   </preparedness>
   <settingDesc>
    <time>
     XIX век
    </time>
   </settingDesc>
  </profileDesc>
  <xenoData>
   <cyclusName/>
   <p>
    Проект
    <title>
     Толстой.Digital
    </title>
    разрабатывается сотрудниками и студентами
    <orgName>
     Высшей школы экономики
    </orgName>
    в сотрудничестве с
    <orgName>
     Государственным музеем Л.Н. Толстого
    </orgName>
    . Источник текстов –
    <bibl>
     90-томное собрание сочинений Л.Н.Толстого
    </bibl>
    . Разметка основана на стандарте
    <ref target="http://www.tei-c.org">
     TEI (Text Encoding Initiative)
    </ref>
    .
   </p>
   <versionNumber/>
   <isFinished/>
   <isEdited/>
   <fullBibliographicDescription/>
  </xenoData>
 </teiHeader>
 <p rend="left emptyline">
  <pb n="434"/>
 </p>
 <div type="section" xml:id="ref200">
  <head rend="center">
   <hi rend="strong">
    <choice>
     <reg>
      ЗАЯЦ
     </reg>
    </choice>
    И ГОНЧАЯ СОБАКА.
   </hi>
  </head>
  <p rend="left" uuid="04d26a54-9ed7-4246-9be8-718eba7d6154">
   <choice>
    <reg>
     Заяц
    </reg>
   </choice>
   <choice>
    <reg>
     сказал
    </reg>
   </choice>
   <choice>
    <reg>
     раз
    </reg>
   </choice>
   гончей
   <choice>
    <reg>
     собаке
    </reg>
   </choice>
   : для чего ты лаешь, когда гоняешься за нами? Ты бы
   <choice>
    <reg>
     скорее
    </reg>
   </choice>
   поймала
   <choice>
    <reg>
     нас
    </reg>
   </choice>
   ,
   <choice>
    <reg>
     если бы
    </reg>
   </choice>
   <choice>
    <reg>
     бежала
    </reg>
   </choice>
   молча. А
   <choice>
    <reg>
     с
    </reg>
   </choice>
   <choice>
    <reg>
     лаем
    </reg>
   </choice>
   ты только нагоняешь
   <choice>
    <reg>
     нас
    </reg>
   </choice>
   на охотника: ему слышно,
   <choice>
    <reg>
     где
    </reg>
   </choice>
   мы
   <choice>
    <reg>
     бежим
    </reg>
   </choice>
   ; и
   <choice>
    <reg>
     он
    </reg>
   </choice>
   ,
   <choice>
    <reg>
     забегает
    </reg>
   </choice>
   <choice>
    <reg>
     с
    </reg>
   </choice>
   <choice>
    <reg>
     ружьём
    </reg>
   </choice>
   <choice>
    <reg>
     нам
    </reg>
   </choice>
   на
   <choice>
    <reg>
     встречу
    </reg>
   </choice>
   ,
   <choice>
    <reg>
     убивает
    </reg>
   </choice>
   <choice>
    <reg>
     нас
    </reg>
   </choice>
   , и ничего не
   <choice>
    <reg>
     даёт
    </reg>
   </choice>
   <choice>
    <reg>
     тебе
    </reg>
   </choice>
   ».
  </p>
  <p rend="left" uuid="ff82b3cc-14d0-456c-979c-d49c50f006cd">
   Собака сказала: «я не для этого лаю, а лаю только потому, что когда, слышу твой
   <choice>
    <reg>
     запах
    </reg>
   </choice>
   , то и сержусь,
  </p>
  <p rend="left emptyline" uuid="243c8801-d21c-4c62-87e3-4f02d1d7e2db">
   <pb n="435"/>
  </p>
  <p rend="centerline" uuid="c8e04133-3bb3-41e6-9dbd-81d2185b6109">
   — 67 —
  </p>
  <p rend="notindent" uuid="0afe2bc3-3e65-401c-810b-365b44aff0b7">
   и радуюсь, что я
   <choice>
    <reg>
     вот
    </reg>
   </choice>
   <choice>
    <reg>
     сейчас
    </reg>
   </choice>
   поймаю тебя; и сама не знаю
   <choice>
    <reg>
     зачем
    </reg>
   </choice>
   , но не могу удержаться
   <choice>
    <reg>
     от
    </reg>
   </choice>
   лая.
  </p>
 </div>
</TEI>