<?xml version="1.0" encoding="utf-8"?>
<TEI xmlns="http://www.tei-c.org/ns/1.0" xmlns:xi="http://www.w3.org/2001/XInclude">
 <teiHeader>
  <fileDesc>
   <titleStmt>
    <title>
     Азбука. Книга I
    </title>
    <author>
     Толстой Л.Н.
    </author>
    <respStmt>
     <resp>
      подготовка TEI/XML
     </resp>
     <name>
      Мария Картышева, Евгений Можаев, Даниил Скоринкин, Елена Сидорова, Вероника Файнберг, Кирилл Милинцевич
     </name>
    </respStmt>
    <respStmt>
     <name>
      Анастасия Бонч-Осмоловская, Фёкла Толстая, Борис Орехов
     </name>
     <resp>
      Идея, постановка задач, руководство
     </resp>
    </respStmt>
   </titleStmt>
   <publicationStmt>
    <idno>
     Азбука  | Книга I
    </idno>
    <publisher>
     <orgName>
      Школа лингвистики НИУ ВШЭ
     </orgName>
    </publisher>
    <availability>
     <p>
      Тексты и метатекстовая разметка доступны для свободного использования и распространения по лицензии Creative Commons Attribution Share-Alike (cc by-sa)
     </p>
    </availability>
   </publicationStmt>
   <sourceDesc>
    <biblStruct>
     <analytic>
      <author>
       Толстой Л.Н.
      </author>
      <title level="a">
       Азбука. Книга I
      </title>
     </analytic>
     <monogr>
      <title level="m">
       Полное собрание сочинений. Том 22
      </title>
      <imprint>
       <pubPlace>
        Москва
       </pubPlace>
       <publisher>
        Государственное издательство "Художественная литература"
       </publisher>
       <date when="1871-1872"/>
      </imprint>
     </monogr>
     <series>
      <title level="s">
       Л.Н. Толстой. Полное собрание сочинений
      </title>
      <biblScope unit="vol">
       22
      </biblScope>
     </series>
    </biblStruct>
   </sourceDesc>
  </fileDesc>
  <encodingDesc>
   <classDecl>
    <xi:include href="taxonomy.xml"/>
   </classDecl>
  </encodingDesc>
  <profileDesc>
   <creation>
    <date notAfter="1872" notBefore="1871">
     1871-1872
    </date>
    <rs/>
   </creation>
   <textClass>
    <catRef target="#fiction" type="sphere"/>
    <catRef target="#произведения для детей" type="type"/>
    <catRef target="#works" type="works_letters_diaries"/>
    <catRef target="#азбука" type="ninetyDef"/>
    <catRef target="#Основное" type="main_var"/>
    <catRef target="#азбука" type="type_short"/>
    <catRef target="None" type="translation"/>
    <catRef target="None" type="translation_origin"/>
    <catRef target="#да" type="tolstoy_or_not"/>
    <catRef target="None" type="name_status"/>
   </textClass>
   <preparedness>
    finished
   </preparedness>
   <settingDesc>
    <time>
     XIX век
    </time>
   </settingDesc>
  </profileDesc>
  <xenoData>
   <cyclusName/>
   <p>
    Проект
    <title>
     Толстой.Digital
    </title>
    разрабатывается сотрудниками и студентами
    <orgName>
     Высшей школы экономики
    </orgName>
    в сотрудничестве с
    <orgName>
     Государственным музеем Л.Н. Толстого
    </orgName>
    . Источник текстов –
    <bibl>
     90-томное собрание сочинений Л.Н.Толстого
    </bibl>
    . Разметка основана на стандарте
    <ref target="http://www.tei-c.org">
     TEI (Text Encoding Initiative)
    </ref>
    .
   </p>
   <versionNumber/>
   <isFinished/>
   <isEdited/>
   <fullBibliographicDescription/>
  </xenoData>
 </teiHeader>
 <p rend="left emptyline">
  <pb n="415"/>
 </p>
 <div type="section" xml:id="ref194">
  <head rend="center">
   <hi rend="strong">
    ОСНОВАНІЕ РИМА.
   </hi>
  </head>
  <p rend="left" uuid="79b29a75-6105-4536-91ee-2ec041652f31">
   <choice>
    <reg>
     Был
    </reg>
   </choice>
   <choice>
    <reg>
     один
    </reg>
   </choice>
   Царь, и у него было два сына:
   <choice>
    <reg>
     Нумитор
    </reg>
   </choice>
   и
   <choice>
    <reg>
     Амулий
    </reg>
   </choice>
   . Когда
   <choice>
    <reg>
     он
    </reg>
   </choice>
   <choice>
    <reg>
     умирал
    </reg>
   </choice>
   ,
   <choice>
    <reg>
     он
    </reg>
   </choice>
   <choice>
    <reg>
     сказал
    </reg>
   </choice>
   <choice>
    <reg>
     сыновьям
    </reg>
   </choice>
   : «
   <choice>
    <reg>
     как
    </reg>
   </choice>
   вы хотите
   <choice>
    <reg>
     разделиться
    </reg>
   </choice>
   между собою? Кто
   <choice>
    <reg>
     возьмёт
    </reg>
   </choice>
   <choice>
    <reg>
     себе
    </reg>
   </choice>
   царство, а кто
   <choice>
    <reg>
     все
    </reg>
   </choice>
   мои богатства?»
   <choice>
    <reg>
     Нумитор
    </reg>
   </choice>
   <choice>
    <reg>
     взял
    </reg>
   </choice>
   царство, a
   <choice>
    <reg>
     Амулий
    </reg>
   </choice>
   <choice>
    <reg>
     взял
    </reg>
   </choice>
   богатства. Когда
   <choice>
    <reg>
     Амулий
    </reg>
   </choice>
   <choice>
    <reg>
     взял
    </reg>
   </choice>
   богатства, ему стало завидно, что
  </p>
  <p rend="left emptyline" uuid="36b6a0d8-02d5-4cbc-b2ee-96b94ff1abb9">
   <pb n="416"/>
  </p>
  <p rend="centerline" uuid="d6cff067-baff-42e4-94a4-24cff27db00e">
   — 48 —
  </p>
  <p rend="notindent" uuid="ff3cd8d3-cdc3-4b5d-a4f7-6b3befacb847">
   <choice>
    <reg>
     брат
    </reg>
   </choice>
   его
   <choice>
    <reg>
     царём
    </reg>
   </choice>
   , и
   <choice>
    <reg>
     он
    </reg>
   </choice>
   <choice>
    <reg>
     стал
    </reg>
   </choice>
   дарить
   <choice>
    <reg>
     солдат
    </reg>
   </choice>
   и уговаривать, чтобы они прогнали Нумитора, а его бы поставили
   <choice>
    <reg>
     царём
    </reg>
   </choice>
   . Солдаты
   <choice>
    <reg>
     так
    </reg>
   </choice>
   и
   <choice>
    <reg>
     сделали
    </reg>
   </choice>
   , и
   <choice>
    <reg>
     Амулий
    </reg>
   </choice>
   <choice>
    <reg>
     стал
    </reg>
   </choice>
   <choice>
    <reg>
     царём
    </reg>
   </choice>
   . У Нумитора была дочь. У дочери этой родилась двойня — два мальчика. Оба были велики и красивы.
  </p>
  <p rend="left" uuid="afe44e84-555b-4eab-9658-e337a22b22f4">
   <choice>
    <reg>
     Амулий
    </reg>
   </choice>
   боялся, чтобы
   <choice>
    <reg>
     народ
    </reg>
   </choice>
   не
   <choice>
    <reg>
     полюбил
    </reg>
   </choice>
   <choice>
    <reg>
     этих
    </reg>
   </choice>
   <choice>
    <reg>
     близнецов
    </reg>
   </choice>
   , когда они
   <choice>
    <reg>
     выростут
    </reg>
   </choice>
   , и не
   <choice>
    <reg>
     выбрал бы
    </reg>
   </choice>
   <choice>
    <reg>
     их
    </reg>
   </choice>
   царями.
   <choice>
    <reg>
     Он
    </reg>
   </choice>
   <choice>
    <reg>
     позвал
    </reg>
   </choice>
   своего слугу Фаустина и
   <choice>
    <reg>
     сказал
    </reg>
   </choice>
   ему: «возьми
   <choice>
    <reg>
     этих
    </reg>
   </choice>
   <choice>
    <reg>
     двух
    </reg>
   </choice>
   <choice>
    <reg>
     мальчиков
    </reg>
   </choice>
   и брось
   <choice>
    <reg>
     их
    </reg>
   </choice>
   <choice>
    <reg>
     в
    </reg>
   </choice>
   <choice>
    <reg>
     реку
    </reg>
   </choice>
   ».
  </p>
  <p rend="left" uuid="80498765-3476-48a3-949b-53c7ab6e6470">
   <choice>
    <reg>
     Река
    </reg>
   </choice>
   называлась
   <choice>
    <reg>
     Тибр
    </reg>
   </choice>
   .
  </p>
  <p rend="left" uuid="7c1bc2dd-8ee0-4515-8732-f40ef1beb1fc">
   <choice>
    <reg>
     Фаустин
    </reg>
   </choice>
   <choice>
    <reg>
     положил
    </reg>
   </choice>
   <choice>
    <reg>
     детей
    </reg>
   </choice>
   <choice>
    <reg>
     в
    </reg>
   </choice>
   зыбку,
   <choice>
    <reg>
     отнёс
    </reg>
   </choice>
   на
   <choice>
    <reg>
     берег
    </reg>
   </choice>
   и
   <choice>
    <reg>
     положил
    </reg>
   </choice>
   <choice>
    <reg>
     там
    </reg>
   </choice>
   .
   <choice>
    <reg>
     Фаустин
    </reg>
   </choice>
   <choice>
    <reg>
     думал
    </reg>
   </choice>
   , что они
   <choice>
    <reg>
     помрут
    </reg>
   </choice>
   сами. Но
   <choice>
    <reg>
     Тибр
    </reg>
   </choice>
   разлился до берега,
   <choice>
    <reg>
     поднял
    </reg>
   </choice>
   колыбелку,
   <choice>
    <reg>
     понёс
    </reg>
   </choice>
   её и
   <choice>
    <reg>
     поставил
    </reg>
   </choice>
   у
   <choice>
    <reg>
     высокого
    </reg>
   </choice>
   дерева. Ночью пришла волчица и стала
   <choice>
    <reg>
     своим
    </reg>
   </choice>
   <choice>
    <reg>
     молоком
    </reg>
   </choice>
   кормить
   <choice>
    <reg>
     близнецов
    </reg>
   </choice>
   .
  </p>
  <p rend="left" uuid="5407603f-4ea5-4413-994f-3b1becf9edb4">
   Мальчики выросли
   <choice>
    <reg>
     большие
    </reg>
   </choice>
   и стали красивые и сильные. Они жили
   <choice>
    <reg>
     в
    </reg>
   </choice>
   <choice>
    <reg>
     лесу
    </reg>
   </choice>
   недалеко
   <choice>
    <reg>
     от
    </reg>
   </choice>
   того города,
   <choice>
    <reg>
     где
    </reg>
   </choice>
   <choice>
    <reg>
     жил
    </reg>
   </choice>
   <choice>
    <reg>
     Амулий
    </reg>
   </choice>
   , научились бить
   <choice>
    <reg>
     зверей
    </reg>
   </choice>
   и
   <choice>
    <reg>
     тем
    </reg>
   </choice>
   кормились.
   <choice>
    <reg>
     Народ
    </reg>
   </choice>
   <choice>
    <reg>
     узнал
    </reg>
   </choice>
   <choice>
    <reg>
     их
    </reg>
   </choice>
   и
   <choice>
    <reg>
     полюбил
    </reg>
   </choice>
   за
   <choice>
    <reg>
     их
    </reg>
   </choice>
   красоту.
   <choice>
    <reg>
     Большего
    </reg>
   </choice>
   прозвали
   <choice>
    <reg>
     Ромулом
    </reg>
   </choice>
   , а
   <choice>
    <reg>
     меньшего
    </reg>
   </choice>
   <choice>
    <reg>
     Ремом
    </reg>
   </choice>
   .
   <choice>
    <reg>
     Один
    </reg>
   </choice>
   <choice>
    <reg>
     раз
    </reg>
   </choice>
   пастухи Нумитора и
   <choice>
    <reg>
     Амулия
    </reg>
   </choice>
   стерегли скотину недалеко
   <choice>
    <reg>
     от
    </reg>
   </choice>
   <choice>
    <reg>
     леса
    </reg>
   </choice>
   и поссорились,
   <choice>
    <reg>
     Амулиевы
    </reg>
   </choice>
   пастухи угнали стада Нумитора. Близнецы увидали это и
   <choice>
    <reg>
     побежали
    </reg>
   </choice>
   за пастухами, догнали
   <choice>
    <reg>
     их
    </reg>
   </choice>
   и отняли скотину.
  </p>
  <p rend="left" uuid="8de9ffed-274c-4aac-9d4e-2cceb1710163">
   Пастухи Нумитора были сердиты за это на
   <choice>
    <reg>
     близнецов
    </reg>
   </choice>
   , выбрали время, когда Ромула не было, схватили Рема и привели
   <choice>
    <reg>
     в
    </reg>
   </choice>
   <choice>
    <reg>
     город
    </reg>
   </choice>
   <choice>
    <reg>
     к
    </reg>
   </choice>
   Нумитору и
   <choice>
    <reg>
     говорят
    </reg>
   </choice>
   : «Проявились
  </p>
  <p rend="left emptyline" uuid="7c20dd2a-7fb9-4f30-aa46-eb9832994bd4">
   <pb n="417"/>
  </p>
  <p rend="centerline" uuid="ddda0399-17d3-433c-90d3-e299c09e3d0f">
   — 43 —
  </p>
  <p rend="notindent" uuid="030b3743-0125-4444-b3e1-7e8a3fa6bbaa">
   <choice>
    <reg>
     в
    </reg>
   </choice>
   <choice>
    <reg>
     лесу
    </reg>
   </choice>
   два брата,
   <choice>
    <reg>
     отбивают
    </reg>
   </choice>
   скотину и
   <choice>
    <reg>
     разбойничают
    </reg>
   </choice>
   .
   <choice>
    <reg>
     Вот
    </reg>
   </choice>
   мы одного поймали и привели».
   <choice>
    <reg>
     Нумитор
    </reg>
   </choice>
   <choice>
    <reg>
     велел
    </reg>
   </choice>
   отвести Рема
   <choice>
    <reg>
     к
    </reg>
   </choice>
   Царю
   <choice>
    <reg>
     Амулию
    </reg>
   </choice>
   .
   <choice>
    <reg>
     Амулий
    </reg>
   </choice>
   <choice>
    <reg>
     сказал
    </reg>
   </choice>
   : «Они
   <choice>
    <reg>
     обидели
    </reg>
   </choice>
   <choice>
    <reg>
     братниных
    </reg>
   </choice>
   <choice>
    <reg>
     пастухов
    </reg>
   </choice>
   . Пускай
   <choice>
    <reg>
     брат
    </reg>
   </choice>
   <choice>
    <reg>
     их
    </reg>
   </choice>
   и
   <choice>
    <reg>
     судит
    </reg>
   </choice>
   ». Рема опять привели
   <choice>
    <reg>
     к
    </reg>
   </choice>
   Нумитору.
   <choice>
    <reg>
     Нумитор
    </reg>
   </choice>
   <choice>
    <reg>
     позвал
    </reg>
   </choice>
   его
   <choice>
    <reg>
     к
    </reg>
   </choice>
   <choice>
    <reg>
     себе
    </reg>
   </choice>
   и
   <choice>
    <reg>
     спросил
    </reg>
   </choice>
   : «Откуда ты, и кто ты такой?»
   <choice>
    <reg>
     Рем
    </reg>
   </choice>
   <choice>
    <reg>
     сказал
    </reg>
   </choice>
   :
  </p>
  <p rend="left" uuid="4ac3749f-b77b-412a-8684-7c92451c3eca">
   «
   <choice>
    <reg>
     Нас
    </reg>
   </choice>
   два брата; когда мы были
   <choice>
    <reg>
     маленькие
    </reg>
   </choice>
   ,
   <choice>
    <reg>
     нас
    </reg>
   </choice>
   принесло
   <choice>
    <reg>
     в
    </reg>
   </choice>
   <choice>
    <reg>
     колыбелке
    </reg>
   </choice>
   <choice>
    <reg>
     к
    </reg>
   </choice>
   дереву на берегу Тибра, и
   <choice>
    <reg>
     там
    </reg>
   </choice>
   <choice>
    <reg>
     нас
    </reg>
   </choice>
   кормили
   <choice>
    <reg>
     дикие
    </reg>
   </choice>
   <choice>
    <reg>
     звери
    </reg>
   </choice>
   и птицы. И
   <choice>
    <reg>
     там
    </reg>
   </choice>
   мы выросли. А чтобы узнать, кто мы
   <choice>
    <reg>
     такие
    </reg>
   </choice>
   , — у
   <choice>
    <reg>
     нас
    </reg>
   </choice>
   осталась наша зыбка. На ней
   <choice>
    <reg>
     медные
    </reg>
   </choice>
   полоски. И на
   <choice>
    <reg>
     полосках
    </reg>
   </choice>
   что-то написано».
  </p>
  <p rend="left" uuid="484bb671-5f7f-40a3-ae15-e1e5fbb2b54f">
   <choice>
    <reg>
     Нумитор
    </reg>
   </choice>
   удивился и
   <choice>
    <reg>
     подумал
    </reg>
   </choice>
   : не его ли это внуки?
   <choice>
    <reg>
     Он
    </reg>
   </choice>
   <choice>
    <reg>
     оставил
    </reg>
   </choice>
   у себя Рема и
   <choice>
    <reg>
     послал
    </reg>
   </choice>
   за
   <choice>
    <reg>
     Фаустином
    </reg>
   </choice>
   , чтобы спросить его.
  </p>
  <p rend="left" uuid="574eb0a2-b1c8-40f1-a4fd-521ba3910423">
   Между
   <choice>
    <reg>
     тем
    </reg>
   </choice>
   <choice>
    <reg>
     Ромул
    </reg>
   </choice>
   <choice>
    <reg>
     искал
    </reg>
   </choice>
   брата и
   <choice>
    <reg>
     нигде
    </reg>
   </choice>
   не
   <choice>
    <reg>
     мог
    </reg>
   </choice>
   найти его. Когда ему сказали пастухи, что брата повели
   <choice>
    <reg>
     в
    </reg>
   </choice>
   <choice>
    <reg>
     город
    </reg>
   </choice>
   , —
   <choice>
    <reg>
     он
    </reg>
   </choice>
   <choice>
    <reg>
     взял
    </reg>
   </choice>
   <choice>
    <reg>
     с
    </reg>
   </choice>
   собой зыбку и
   <choice>
    <reg>
     пошёл
    </reg>
   </choice>
   за
   <choice>
    <reg>
     ним
    </reg>
   </choice>
   .
   <choice>
    <reg>
     Фаустин
    </reg>
   </choice>
   <choice>
    <reg>
     сейчас
    </reg>
   </choice>
   <choice>
    <reg>
     узнал
    </reg>
   </choice>
   зыбку и
   <choice>
    <reg>
     сказал
    </reg>
   </choice>
   народу, что это внуки Нумитора, что
   <choice>
    <reg>
     Амулий
    </reg>
   </choice>
   <choice>
    <reg>
     хотел
    </reg>
   </choice>
   утопить
   <choice>
    <reg>
     их
    </reg>
   </choice>
   . Тогда
   <choice>
    <reg>
     народ
    </reg>
   </choice>
   озлобился на
   <choice>
    <reg>
     Амулия
    </reg>
   </choice>
   и
   <choice>
    <reg>
     убил
    </reg>
   </choice>
   его, а Ромула и Рема
   <choice>
    <reg>
     выбрал
    </reg>
   </choice>
   Царями. Но
   <choice>
    <reg>
     Ромул
    </reg>
   </choice>
   и
   <choice>
    <reg>
     Рем
    </reg>
   </choice>
   не
   <choice>
    <reg>
     захотели
    </reg>
   </choice>
   жить
   <choice>
    <reg>
     в
    </reg>
   </choice>
   <choice>
    <reg>
     этом
    </reg>
   </choice>
   <choice>
    <reg>
     городе
    </reg>
   </choice>
   , а оставили
   <choice>
    <reg>
     тут
    </reg>
   </choice>
   царствовать своего
   <choice>
    <reg>
     деда
    </reg>
   </choice>
   Нумитора. А сами пошли
   <choice>
    <reg>
     назад
    </reg>
   </choice>
   <choice>
    <reg>
     к
    </reg>
   </choice>
   тому
   <choice>
    <reg>
     месту
    </reg>
   </choice>
   <choice>
    <reg>
     под
    </reg>
   </choice>
   <choice>
    <reg>
     деревом
    </reg>
   </choice>
   ,
   <choice>
    <reg>
     где
    </reg>
   </choice>
   <choice>
    <reg>
     их
    </reg>
   </choice>
   выкормила волчица
   <choice>
    <reg>
     подле
    </reg>
   </choice>
   <choice>
    <reg>
     реки
    </reg>
   </choice>
   Тибра, и построили
   <choice>
    <reg>
     там
    </reg>
   </choice>
   новый
   <choice>
    <reg>
     город
    </reg>
   </choice>
   , —
   <choice>
    <reg>
     Рим
    </reg>
   </choice>
   .
  </p>
  <p rend="left emptyline" uuid="9eb9d915-65e6-45c6-aef0-452336af8799">
   <pb n="418"/>
  </p>
  <p rend="centerline" uuid="aef892fd-63a1-432e-934c-86b60bf320bc">
   — 50 —
  </p>
 </div>
</TEI>