<?xml version="1.0" encoding="utf-8"?>
<TEI xmlns="http://www.tei-c.org/ns/1.0" xmlns:xi="http://www.w3.org/2001/XInclude">
 <teiHeader>
  <fileDesc>
   <titleStmt>
    <title>
     Азбука. Книга I
    </title>
    <author>
     Толстой Л.Н.
    </author>
    <respStmt>
     <resp>
      подготовка TEI/XML
     </resp>
     <name>
      Мария Картышева, Евгений Можаев, Даниил Скоринкин, Елена Сидорова, Вероника Файнберг, Кирилл Милинцевич
     </name>
    </respStmt>
    <respStmt>
     <name>
      Анастасия Бонч-Осмоловская, Фёкла Толстая, Борис Орехов
     </name>
     <resp>
      Идея, постановка задач, руководство
     </resp>
    </respStmt>
   </titleStmt>
   <publicationStmt>
    <idno>
     Азбука  | Книга I
    </idno>
    <publisher>
     <orgName>
      Школа лингвистики НИУ ВШЭ
     </orgName>
    </publisher>
    <availability>
     <p>
      Тексты и метатекстовая разметка доступны для свободного использования и распространения по лицензии Creative Commons Attribution Share-Alike (cc by-sa)
     </p>
    </availability>
   </publicationStmt>
   <sourceDesc>
    <biblStruct>
     <analytic>
      <author>
       Толстой Л.Н.
      </author>
      <title level="a">
       Азбука. Книга I
      </title>
     </analytic>
     <monogr>
      <title level="m">
       Полное собрание сочинений. Том 22
      </title>
      <imprint>
       <pubPlace>
        Москва
       </pubPlace>
       <publisher>
        Государственное издательство "Художественная литература"
       </publisher>
       <date when="1871-1872"/>
      </imprint>
     </monogr>
     <series>
      <title level="s">
       Л.Н. Толстой. Полное собрание сочинений
      </title>
      <biblScope unit="vol">
       22
      </biblScope>
     </series>
    </biblStruct>
   </sourceDesc>
  </fileDesc>
  <encodingDesc>
   <classDecl>
    <xi:include href="taxonomy.xml"/>
   </classDecl>
  </encodingDesc>
  <profileDesc>
   <creation>
    <date notAfter="1872" notBefore="1871">
     1871-1872
    </date>
    <rs/>
   </creation>
   <textClass>
    <catRef target="#fiction" type="sphere"/>
    <catRef target="#произведения для детей" type="type"/>
    <catRef target="#works" type="works_letters_diaries"/>
    <catRef target="#азбука" type="ninetyDef"/>
    <catRef target="#Основное" type="main_var"/>
    <catRef target="#азбука" type="type_short"/>
    <catRef target="None" type="translation"/>
    <catRef target="None" type="translation_origin"/>
    <catRef target="#да" type="tolstoy_or_not"/>
    <catRef target="None" type="name_status"/>
   </textClass>
   <preparedness>
    finished
   </preparedness>
   <settingDesc>
    <time>
     XIX век
    </time>
   </settingDesc>
  </profileDesc>
  <xenoData>
   <cyclusName/>
   <p>
    Проект
    <title>
     Толстой.Digital
    </title>
    разрабатывается сотрудниками и студентами
    <orgName>
     Высшей школы экономики
    </orgName>
    в сотрудничестве с
    <orgName>
     Государственным музеем Л.Н. Толстого
    </orgName>
    . Источник текстов –
    <bibl>
     90-томное собрание сочинений Л.Н.Толстого
    </bibl>
    . Разметка основана на стандарте
    <ref target="http://www.tei-c.org">
     TEI (Text Encoding Initiative)
    </ref>
    .
   </p>
   <versionNumber/>
   <isFinished/>
   <isEdited/>
   <fullBibliographicDescription/>
  </xenoData>
 </teiHeader>
 <p rend="left emptyline">
  <pb n="238"/>
 </p>
 <div type="section" xml:id="ref118">
  <head rend="center">
   <hi rend="strong">
    <choice>
     <reg>
      ПЕТР
     </reg>
     <orig>
      ПЕТРЪ
     </orig>
    </choice>
    І-й И
    <choice>
     <reg>
      МУЖИК
     </reg>
     <orig>
      МУЖИКЪ
     </orig>
    </choice>
    .
   </hi>
  </head>
  <p rend="left" uuid="3b40e964-e506-4891-bafa-b0342cb6a754">
   <choice>
    <reg>
     Наехал
    </reg>
    <orig>
     Наѣхалъ
    </orig>
   </choice>
   Царь
   <choice>
    <reg>
     Петр
    </reg>
    <orig>
     Петръ
    </orig>
   </choice>
   на мужика
   <choice>
    <reg>
     в
    </reg>
    <orig>
     въ
    </orig>
   </choice>
   <choice>
    <reg>
     лесу
    </reg>
    <orig>
     лѣсу
    </orig>
   </choice>
   .
   <choice>
    <reg>
     Мужик
    </reg>
    <orig>
     Мужикъ
    </orig>
   </choice>
   дрова
   <choice>
    <reg>
     рубит
    </reg>
    <orig>
     рубитъ
    </orig>
   </choice>
   .
  </p>
  <p rend="left" uuid="da53ef1d-d8ac-4d88-804e-d63022bf57f2">
   Царь
   <choice>
    <reg>
     говорит
    </reg>
    <orig>
     говоритъ
    </orig>
   </choice>
   : «Божья помощь,
   <choice>
    <reg>
     мужик
    </reg>
    <orig>
     мужикъ
    </orig>
   </choice>
   !»
  </p>
  <p rend="left" uuid="bcfd8035-8c5f-4229-bac1-8da861a3fdea">
   <choice>
    <reg>
     Мужик
    </reg>
    <orig>
     Мужикъ
    </orig>
   </choice>
   и
   <choice>
    <reg>
     говорит
    </reg>
    <orig>
     говоритъ
    </orig>
   </choice>
   : «и то
   <choice>
    <reg>
     мне
    </reg>
    <orig>
     мнѣ
    </orig>
   </choice>
   нужна Божья помощь».
  </p>
  <p rend="left" uuid="46792bb7-ce91-4f83-8e00-c7ee6bda4b60">
   Царь
   <choice>
    <reg>
     спрашивает
    </reg>
    <orig>
     спрашиваетъ
    </orig>
   </choice>
   : «а велика ли у тебя семья?»
  </p>
  <p rend="left" uuid="327df969-2aa1-47ac-b8c6-4bca6434c624">
   — «У меня семьи два сына, да
   <choice>
    <reg>
     две
    </reg>
    <orig>
     двѣ
    </orig>
   </choice>
   дочери».
  </p>
  <p rend="left emptyline" uuid="dd2c5d30-adda-4646-a9ce-9cd9a3e8d893">
   <pb n="239"/>
  </p>
  <p rend="centerline" uuid="85aafcd2-4dbc-4f67-b33f-c0e86401d6b5">
   — 37 —
  </p>
  <p rend="left" uuid="ea1fe70f-a429-4e8b-80fe-51aa87214898">
   «Ну, не велико твоё семейство. Куда-жь ты деньги кладёшь?»
  </p>
  <p rend="left" uuid="cede18f9-c252-4386-b61f-1dd9f203f210">
   — «А я деньги на три части кладу: во
   <choice>
    <reg>
     первых
    </reg>
    <orig>
     первыхъ
    </orig>
   </choice>
   <choice>
    <reg>
     долг
    </reg>
    <orig>
     долгъ
    </orig>
   </choice>
   плачу,
   <choice>
    <reg>
     в
    </reg>
    <orig>
     въ
    </orig>
   </choice>
   <choice>
    <reg>
     других
    </reg>
    <orig>
     другихъ
    </orig>
   </choice>
   —
   <choice>
    <reg>
     в
    </reg>
    <orig>
     въ
    </orig>
   </choice>
   <choice>
    <reg>
     долг
    </reg>
    <orig>
     долгъ
    </orig>
   </choice>
   даю,
   <choice>
    <reg>
     в
    </reg>
    <orig>
     въ
    </orig>
   </choice>
   <choice>
    <reg>
     третьих
    </reg>
    <orig>
     третьихъ
    </orig>
   </choice>
   —
   <choice>
    <reg>
     в
    </reg>
    <orig>
     въ
    </orig>
   </choice>
   воду мечу».
  </p>
  <p rend="left" uuid="c5e79194-8fea-4c9c-89ee-f4f913bcd2d0">
   Царь
   <choice>
    <reg>
     подумал
    </reg>
    <orig>
     подумалъ
    </orig>
   </choice>
   и не
   <choice>
    <reg>
     знает
    </reg>
    <orig>
     знаетъ
    </orig>
   </choice>
   , что это
   <choice>
    <reg>
     значит
    </reg>
    <orig>
     значитъ
    </orig>
   </choice>
   , что
   <choice>
    <reg>
     старик
    </reg>
    <orig>
     старикъ
    </orig>
   </choice>
   и
   <choice>
    <reg>
     долг
    </reg>
    <orig>
     долгъ
    </orig>
   </choice>
   <choice>
    <reg>
     платит
    </reg>
    <orig>
     платитъ
    </orig>
   </choice>
   , и
   <choice>
    <reg>
     в
    </reg>
    <orig>
     въ
    </orig>
   </choice>
   <choice>
    <reg>
     долг
    </reg>
    <orig>
     долгъ
    </orig>
   </choice>
   <choice>
    <reg>
     даёт
    </reg>
    <orig>
     даётъ
    </orig>
   </choice>
   , и
   <choice>
    <reg>
     в
    </reg>
    <orig>
     въ
    </orig>
   </choice>
   воду
   <choice>
    <reg>
     мечет
    </reg>
    <orig>
     мечетъ
    </orig>
   </choice>
   .
  </p>
  <p rend="left" uuid="c97c66ee-3d01-495a-adb3-09a2bbf41622">
   А
   <choice>
    <reg>
     старик
    </reg>
    <orig>
     старикъ
    </orig>
   </choice>
   <choice>
    <reg>
     говорит
    </reg>
    <orig>
     говоритъ
    </orig>
   </choice>
   : «
   <choice>
    <reg>
     долг
    </reg>
    <orig>
     долгъ
    </orig>
   </choice>
   плачу — отца-мать кормлю;
   <choice>
    <reg>
     в
    </reg>
    <orig>
     въ
    </orig>
   </choice>
   <choice>
    <reg>
     долг
    </reg>
    <orig>
     долгъ
    </orig>
   </choice>
   даю — сыновей кормлю; а
   <choice>
    <reg>
     в
    </reg>
    <orig>
     въ
    </orig>
   </choice>
   воду мечу — дочерей рощу».
  </p>
  <p rend="left" uuid="dae5a882-89c6-4dae-ad41-439f791a422e">
   Царь и
   <choice>
    <reg>
     говорит
    </reg>
    <orig>
     говоритъ
    </orig>
   </choice>
   : «умная твоя голова,
   <choice>
    <reg>
     старичок
    </reg>
    <orig>
     старичокъ
    </orig>
   </choice>
   . Теперь выведи меня
   <choice>
    <reg>
     из
    </reg>
    <orig>
     изъ
    </orig>
   </choice>
   <choice>
    <reg>
     лесу
    </reg>
    <orig>
     лѣсу
    </orig>
   </choice>
   <choice>
    <reg>
     в
    </reg>
    <orig>
     въ
    </orig>
   </choice>
   поле: я дороги не найду».
  </p>
  <p rend="left" uuid="3ba1ba59-e76a-4097-95f1-6a84704d378f">
   <choice>
    <reg>
     Мужик
    </reg>
    <orig>
     Мужикъ
    </orig>
   </choice>
   <choice>
    <reg>
     говорит
    </reg>
    <orig>
     говоритъ
    </orig>
   </choice>
   : «найдёшь и
   <choice>
    <reg>
     сам
    </reg>
    <orig>
     самъ
    </orig>
   </choice>
   дорогу: иди прямо,
   <choice>
    <reg>
     потом
    </reg>
    <orig>
     потомъ
    </orig>
   </choice>
   сверни вправо, а
   <choice>
    <reg>
     потом
    </reg>
    <orig>
     потомъ
    </orig>
   </choice>
   <choice>
    <reg>
     влево
    </reg>
    <orig>
     влѣво
    </orig>
   </choice>
   ,
   <choice>
    <reg>
     потом
    </reg>
    <orig>
     потомъ
    </orig>
   </choice>
   опять вправо».
  </p>
  <p rend="left" uuid="43ef18e8-0739-4bef-8574-1a08e05b86ae">
   Царь и
   <choice>
    <reg>
     говорит
    </reg>
    <orig>
     говоритъ
    </orig>
   </choice>
   : «я этой грамоты не понимаю; ты сведи меня».
  </p>
  <p rend="left" uuid="90cba3ee-8222-4969-be39-9025426039bd">
   — «
   <choice>
    <reg>
     Мне
    </reg>
    <orig>
     Мнѣ
    </orig>
   </choice>
   , сударь, водить некогда:
   <choice>
    <reg>
     нам
    </reg>
    <orig>
     намъ
    </orig>
   </choice>
   <choice>
    <reg>
     в
    </reg>
    <orig>
     въ
    </orig>
   </choice>
   <choice>
    <reg>
     крестьянстве
    </reg>
    <orig>
     крестьянствѣ
    </orig>
   </choice>
   день дорого
   <choice>
    <reg>
     стоит
    </reg>
    <orig>
     стоитъ
    </orig>
   </choice>
   ».
  </p>
  <p rend="left" uuid="e3d6d7d6-7297-4698-9add-4ade3dc60cf7">
   «Ну, дорого
   <choice>
    <reg>
     стоит
    </reg>
    <orig>
     стоитъ
    </orig>
   </choice>
   ,
   <choice>
    <reg>
     так
    </reg>
    <orig>
     такъ
    </orig>
   </choice>
   я заплачу».
  </p>
  <p rend="left" uuid="9b72307e-c492-497b-b8b1-95c3b062c46b">
   — «А заплатишь,
   <choice>
    <reg>
     пойдём
    </reg>
    <orig>
     пойдёмъ
    </orig>
   </choice>
   ».
  </p>
  <p rend="left" uuid="27e818d9-0f42-46e0-ad7d-f71f343f2d04">
   <choice>
    <reg>
     Сели
    </reg>
    <orig>
     Сѣли
    </orig>
   </choice>
   они на одноколку,
   <choice>
    <reg>
     поехали
    </reg>
    <orig>
     поѣхали
    </orig>
   </choice>
   .
  </p>
  <p rend="left" uuid="05eb9b0b-da2f-4999-953c-bac5fbcfff48">
   <choice>
    <reg>
     Стал
    </reg>
    <orig>
     Сталъ
    </orig>
   </choice>
   дорогой Царь мужичка спрашивать: «
   <choice>
    <reg>
     далече ли
    </reg>
    <orig>
     далече-ли
    </orig>
   </choice>
   ты,
   <choice>
    <reg>
     мужичёк
    </reg>
    <orig>
     мужичёкъ
    </orig>
   </choice>
   ,
   <choice>
    <reg>
     бывал
    </reg>
    <orig>
     бывалъ
    </orig>
   </choice>
   »?
  </p>
  <p rend="left" uuid="dfa7427e-45e9-4ed3-bb39-888ef81af4f6">
   — «
   <choice>
    <reg>
     Кое-где
    </reg>
    <orig>
     Кое-гдѣ
    </orig>
   </choice>
   <choice>
    <reg>
     бывал
    </reg>
    <orig>
     бывалъ
    </orig>
   </choice>
   ».
  </p>
  <p rend="left" uuid="a9b735f3-dd69-46f1-97b7-c7a63c99eef0">
   «А
   <choice>
    <reg>
     видал ли
    </reg>
    <orig>
     видалъ-ли
    </orig>
   </choice>
   Царя?»
  </p>
  <p rend="left" uuid="918a3412-948a-48b1-9cc3-a52e39da719a">
   — «Царя не
   <choice>
    <reg>
     видал
    </reg>
    <orig>
     видалъ
    </orig>
   </choice>
   , а
   <choice>
    <reg>
     надо-б
    </reg>
    <orig>
     надо-бъ
    </orig>
   </choice>
   <choice>
    <reg>
     посмотреть
    </reg>
    <orig>
     посмотрѣть
    </orig>
   </choice>
   »
  </p>
  <p rend="left" uuid="738fc971-2360-4f38-89a4-127fc812ac67">
   «
   <choice>
    <reg>
     Так
    </reg>
    <orig>
     Такъ
    </orig>
   </choice>
   <choice>
    <reg>
     вот
    </reg>
    <orig>
     вотъ
    </orig>
   </choice>
   ,
   <choice>
    <reg>
     как
    </reg>
    <orig>
     какъ
    </orig>
   </choice>
   <choice>
    <reg>
     выедем
    </reg>
    <orig>
     выѣдемъ
    </orig>
   </choice>
   <choice>
    <reg>
     в
    </reg>
    <orig>
     въ
    </orig>
   </choice>
   поле, — и увидишь Царя».
  </p>
  <p rend="left emptyline" uuid="b098839a-b5cb-4f26-a3d4-b814fbe23690">
   <pb n="240"/>
  </p>
  <p rend="centerline" uuid="77b71ff3-f0b8-4690-b878-3a1222bd8957">
   — 38 —
  </p>
  <p rend="left" uuid="3f6a9651-a3a4-40c3-b078-81a3f51e48ec">
   — «А
   <choice>
    <reg>
     как
    </reg>
    <orig>
     какъ
    </orig>
   </choice>
   я его узнаю?»
  </p>
  <p rend="left" uuid="e677e4f4-4615-440e-a074-e197b6f5ab43">
   «
   <choice>
    <reg>
     Все
    </reg>
    <orig>
     Всѣ
    </orig>
   </choice>
   <choice>
    <reg>
     без
    </reg>
    <orig>
     безъ
    </orig>
   </choice>
   <choice>
    <reg>
     шапок
    </reg>
    <orig>
     шапокъ
    </orig>
   </choice>
   <choice>
    <reg>
     будут
    </reg>
    <orig>
     будутъ
    </orig>
   </choice>
   ;
   <choice>
    <reg>
     один
    </reg>
    <orig>
     одинъ
    </orig>
   </choice>
   Царь
   <choice>
    <reg>
     в
    </reg>
    <orig>
     въ
    </orig>
   </choice>
   <choice>
    <reg>
     шапке
    </reg>
    <orig>
     шапкѣ
    </orig>
   </choice>
   ».
  </p>
  <p rend="left" uuid="2bcb8312-13a0-4850-8fb4-5ed1817cc759">
   <choice>
    <reg>
     Вот
    </reg>
    <orig>
     Вотъ
    </orig>
   </choice>
   <choice>
    <reg>
     приехали
    </reg>
    <orig>
     прiѣхали
    </orig>
   </choice>
   они
   <choice>
    <reg>
     в
    </reg>
    <orig>
     въ
    </orig>
   </choice>
   поле.
   <choice>
    <reg>
     Увидал
    </reg>
    <orig>
     Увидалъ
    </orig>
   </choice>
   <choice>
    <reg>
     народ
    </reg>
    <orig>
     народъ
    </orig>
   </choice>
   Царя, —
   <choice>
    <reg>
     все
    </reg>
    <orig>
     всѣ
    </orig>
   </choice>
   поснимали шапки.
   <choice>
    <reg>
     Мужик
    </reg>
    <orig>
     Мужикъ
    </orig>
   </choice>
   <choice>
    <reg>
     пялит
    </reg>
    <orig>
     пялитъ
    </orig>
   </choice>
   глаза, а не
   <choice>
    <reg>
     видит
    </reg>
    <orig>
     видитъ
    </orig>
   </choice>
   Царя.
  </p>
  <p rend="left" uuid="b2781f81-9632-4ca4-9796-599ea54c22a5">
   <choice>
    <reg>
     Вот
    </reg>
    <orig>
     Вотъ
    </orig>
   </choice>
   <choice>
    <reg>
     он
    </reg>
    <orig>
     онъ
    </orig>
   </choice>
   и
   <choice>
    <reg>
     спрашивает
    </reg>
    <orig>
     спрашиваетъ
    </orig>
   </choice>
   : «а
   <choice>
    <reg>
     где
    </reg>
    <orig>
     гдѣ
    </orig>
   </choice>
   же Царь?»
  </p>
  <p rend="left" uuid="20020966-9c84-4be0-9941-1cfbebfe2746">
   <choice>
    <reg>
     Говорит
    </reg>
    <orig>
     Говоритъ
    </orig>
   </choice>
   ему
   <choice>
    <reg>
     Петр
    </reg>
    <orig>
     Петръ
    </orig>
   </choice>
   <choice>
    <reg>
     Алексеевич
    </reg>
    <orig>
     Алексѣевичъ
    </orig>
   </choice>
   : «видишь, только мы двое
   <choice>
    <reg>
     в
    </reg>
    <orig>
     въ
    </orig>
   </choice>
   <choice>
    <reg>
     шапках
    </reg>
    <orig>
     шапкахъ
    </orig>
   </choice>
   — кто-нибудь
   <choice>
    <reg>
     из
    </reg>
    <orig>
     изъ
    </orig>
   </choice>
   <choice>
    <reg>
     нас
    </reg>
    <orig>
     насъ
    </orig>
   </choice>
   да Царь».
  </p>
 </div>
</TEI>