<?xml version="1.0" encoding="utf-8"?>
<TEI xmlns="http://www.tei-c.org/ns/1.0" xmlns:xi="http://www.w3.org/2001/XInclude">
 <teiHeader>
  <fileDesc>
   <titleStmt>
    <title>
     Азбука. Книга I
    </title>
    <author>
     Толстой Л.Н.
    </author>
    <respStmt>
     <resp>
      подготовка TEI/XML
     </resp>
     <name>
      Мария Картышева, Евгений Можаев, Даниил Скоринкин, Елена Сидорова, Вероника Файнберг, Кирилл Милинцевич
     </name>
    </respStmt>
    <respStmt>
     <name>
      Анастасия Бонч-Осмоловская, Фёкла Толстая, Борис Орехов
     </name>
     <resp>
      Идея, постановка задач, руководство
     </resp>
    </respStmt>
   </titleStmt>
   <publicationStmt>
    <idno>
     Азбука  | Книга I
    </idno>
    <publisher>
     <orgName>
      Школа лингвистики НИУ ВШЭ
     </orgName>
    </publisher>
    <availability>
     <p>
      Тексты и метатекстовая разметка доступны для свободного использования и распространения по лицензии Creative Commons Attribution Share-Alike (cc by-sa)
     </p>
    </availability>
   </publicationStmt>
   <sourceDesc>
    <biblStruct>
     <analytic>
      <author>
       Толстой Л.Н.
      </author>
      <title level="a">
       Азбука. Книга I
      </title>
     </analytic>
     <monogr>
      <title level="m">
       Полное собрание сочинений. Том 22
      </title>
      <imprint>
       <pubPlace>
        Москва
       </pubPlace>
       <publisher>
        Государственное издательство "Художественная литература"
       </publisher>
       <date when="1871-1872"/>
      </imprint>
     </monogr>
     <series>
      <title level="s">
       Л.Н. Толстой. Полное собрание сочинений
      </title>
      <biblScope unit="vol">
       22
      </biblScope>
     </series>
    </biblStruct>
   </sourceDesc>
  </fileDesc>
  <encodingDesc>
   <classDecl>
    <xi:include href="taxonomy.xml"/>
   </classDecl>
  </encodingDesc>
  <profileDesc>
   <creation>
    <date notAfter="1872" notBefore="1871">
     1871-1872
    </date>
    <rs/>
   </creation>
   <textClass>
    <catRef target="#fiction" type="sphere"/>
    <catRef target="#произведения для детей" type="type"/>
    <catRef target="#works" type="works_letters_diaries"/>
    <catRef target="#азбука" type="ninetyDef"/>
    <catRef target="#Основное" type="main_var"/>
    <catRef target="#азбука" type="type_short"/>
    <catRef target="None" type="translation"/>
    <catRef target="None" type="translation_origin"/>
    <catRef target="#да" type="tolstoy_or_not"/>
    <catRef target="None" type="name_status"/>
   </textClass>
   <preparedness>
    finished
   </preparedness>
   <settingDesc>
    <time>
     XIX век
    </time>
   </settingDesc>
  </profileDesc>
  <xenoData>
   <cyclusName/>
   <p>
    Проект
    <title>
     Толстой.Digital
    </title>
    разрабатывается сотрудниками и студентами
    <orgName>
     Высшей школы экономики
    </orgName>
    в сотрудничестве с
    <orgName>
     Государственным музеем Л.Н. Толстого
    </orgName>
    . Источник текстов –
    <bibl>
     90-томное собрание сочинений Л.Н.Толстого
    </bibl>
    . Разметка основана на стандарте
    <ref target="http://www.tei-c.org">
     TEI (Text Encoding Initiative)
    </ref>
    .
   </p>
   <versionNumber/>
   <isFinished/>
   <isEdited/>
   <fullBibliographicDescription/>
  </xenoData>
 </teiHeader>
 <p rend="left emptyline">
  <pb n="569"/>
 </p>
 <div type="section" xml:id="ref247">
  <head rend="center">
   <hi rend="strong">
    ОТЧЕГО ЗЛО НА
    <choice>
     <reg>
      СВЕТЕ
     </reg>
    </choice>
    .
   </hi>
  </head>
  <p rend="left" uuid="cd082101-d72a-4946-b50a-d8f71e6248c0">
   <choice>
    <reg>
     Пустынник
    </reg>
   </choice>
   <choice>
    <reg>
     жил
    </reg>
   </choice>
   <choice>
    <reg>
     в
    </reg>
   </choice>
   <choice>
    <reg>
     лесу
    </reg>
   </choice>
   , и
   <choice>
    <reg>
     звери
    </reg>
   </choice>
   не боялись его.
   <choice>
    <reg>
     Он
    </reg>
   </choice>
   и
   <choice>
    <reg>
     звери
    </reg>
   </choice>
   говорили между собою и понимали
   <choice>
    <reg>
     друг
    </reg>
   </choice>
   друга.
  </p>
  <p rend="left" uuid="3ecc0a48-c39c-4e03-bcc5-a05a891c53fd">
   <choice>
    <reg>
     Один
    </reg>
   </choice>
   <choice>
    <reg>
     раз
    </reg>
   </choice>
   <choice>
    <reg>
     пустынник
    </reg>
   </choice>
   <choice>
    <reg>
     лег
    </reg>
   </choice>
   <choice>
    <reg>
     под
    </reg>
   </choice>
   дерево, а
   <choice>
    <reg>
     ворон
    </reg>
   </choice>
   , голубь, олень и
   <choice>
    <reg>
     змея
    </reg>
   </choice>
   собрались ночевать
   <choice>
    <reg>
     к
    </reg>
   </choice>
   тому же
   <choice>
    <reg>
     месту
    </reg>
   </choice>
   .
   <choice>
    <reg>
     Звери
    </reg>
   </choice>
   стали
   <choice>
    <reg>
     рассуждать
    </reg>
   </choice>
   —
   <choice>
    <reg>
     от
    </reg>
   </choice>
   чего зло
   <choice>
    <reg>
     бывает
    </reg>
   </choice>
   на
   <choice>
    <reg>
     свете
    </reg>
   </choice>
   ?
  </p>
  <p rend="left" uuid="49bb1b89-30de-45a0-9782-3b55e0f1964e">
   <choice>
    <reg>
     Ворон
    </reg>
   </choice>
   <choice>
    <reg>
     сказал
    </reg>
   </choice>
   : «Зло на
   <choice>
    <reg>
     свете
    </reg>
   </choice>
   все
   <choice>
    <reg>
     от
    </reg>
   </choice>
   голода. Когда
   <choice>
    <reg>
     поешь
    </reg>
   </choice>
   <choice>
    <reg>
     в
    </reg>
   </choice>
   волю, сядешь
   <choice>
    <reg>
     себе
    </reg>
   </choice>
   на
   <choice>
    <reg>
     сук
    </reg>
   </choice>
   , покаркиваешь — все весело, хорошо, на все радуешься; а
   <choice>
    <reg>
     вот
    </reg>
   </choice>
   только поголодай день-другой, и все
   <choice>
    <reg>
     так
    </reg>
   </choice>
   противно
   <choice>
    <reg>
     станет
    </reg>
   </choice>
   , что и не
   <choice>
    <reg>
     смотрел
    </reg>
   </choice>
   бы на
   <choice>
    <reg>
     свет
    </reg>
   </choice>
   <choice>
    <reg>
     Божий
    </reg>
   </choice>
   . И все тебя
   <choice>
    <reg>
     тянет
    </reg>
   </choice>
   куда-то, перелетаешь
   <choice>
    <reg>
     с
    </reg>
   </choice>
   <choice>
    <reg>
     места
    </reg>
   </choice>
   на
   <choice>
    <reg>
     место
    </reg>
   </choice>
   , и
   <choice>
    <reg>
     нет
    </reg>
   </choice>
   <choice>
    <reg>
     тебе
    </reg>
   </choice>
   покоя. А завидишь мясо,
   <choice>
    <reg>
     так
    </reg>
   </choice>
   еще
   <choice>
    <reg>
     тошнее
    </reg>
   </choice>
   <choice>
    <reg>
     сделается
    </reg>
   </choice>
   ,
   <choice>
    <reg>
     так
    </reg>
   </choice>
   и бросишься
   <choice>
    <reg>
     без
    </reg>
   </choice>
   разбора. Другой
   <choice>
    <reg>
     раз
    </reg>
   </choice>
   и палками-то и камнями
   <choice>
    <reg>
     в
    </reg>
   </choice>
   тебя
   <choice>
    <reg>
     кидают
    </reg>
   </choice>
   , и волки и собаки
   <choice>
    <reg>
     хватают
    </reg>
   </choice>
   , а ты все не отстаешь. И сколько
   <choice>
    <reg>
     так
    </reg>
   </choice>
   <choice>
    <reg>
     из
    </reg>
   </choice>
   за голода
   <choice>
    <reg>
     пропадает
    </reg>
   </choice>
   нашего брата. Все зло
   <choice>
    <reg>
     от
    </reg>
   </choice>
   голода».
  </p>
  <p rend="left" uuid="171a39a7-08d0-4d0f-beef-1e910b304c8e">
   Голубь
   <choice>
    <reg>
     сказал
    </reg>
   </choice>
   : «А по
   <choice>
    <reg>
     мне
    </reg>
   </choice>
   не
   <choice>
    <reg>
     от
    </reg>
   </choice>
   голода зло, а все зло
   <choice>
    <reg>
     от
    </reg>
   </choice>
   любви. Кабы жили мы по одному,
   <choice>
    <reg>
     нам
    </reg>
   </choice>
   бы горя мало. Одна голова не
   <choice>
    <reg>
     бедна
    </reg>
   </choice>
   , а и
   <choice>
    <reg>
     бедна
    </reg>
   </choice>
   ,
   <choice>
    <reg>
     так
    </reg>
   </choice>
   одна. А то мы
   <choice>
    <reg>
     живём
    </reg>
   </choice>
   всегда парочками. И
   <choice>
    <reg>
     так
    </reg>
   </choice>
   полюбишь свою дружку, что
   <choice>
    <reg>
     нет
    </reg>
   </choice>
   <choice>
    <reg>
     тебе
    </reg>
   </choice>
   покоя — все
   <choice>
    <reg>
     об
    </reg>
   </choice>
   ней думаешь: сыта ли, тепла ли она? А
   <choice>
    <reg>
     как
    </reg>
   </choice>
   <choice>
    <reg>
     улетит
    </reg>
   </choice>
   куда-нибудь
   <choice>
    <reg>
     от
    </reg>
   </choice>
   тебя дружка,
   <choice>
    <reg>
     тут
    </reg>
   </choice>
   <choice>
    <reg>
     уж
    </reg>
   </choice>
   <choice>
    <reg>
     совсем
    </reg>
   </choice>
  </p>
  <p rend="left emptyline" uuid="6813fdfa-3d2c-4ce7-87be-e6fd1c5341e1">
   <pb n="570"/>
  </p>
  <p rend="centerline" uuid="c4b3b26e-ce90-42db-97a7-e5c6b187ebd1">
   — 10 —
  </p>
  <p rend="notindent" uuid="a693cd90-d513-424b-aab7-d0b0dce72295">
   пропадаешь — все думаешь:
   <choice>
    <reg>
     как
    </reg>
   </choice>
   бы
   <choice>
    <reg>
     ястреб
    </reg>
   </choice>
   не
   <choice>
    <reg>
     унёс
    </reg>
   </choice>
   или люди не поймали бы; и
   <choice>
    <reg>
     сам
    </reg>
   </choice>
   полетишь ее искать, да и залетишь
   <choice>
    <reg>
     в
    </reg>
   </choice>
   <choice>
    <reg>
     беду
    </reg>
   </choice>
   , — либо
   <choice>
    <reg>
     под
    </reg>
   </choice>
   ястреба, либо
   <choice>
    <reg>
     в
    </reg>
   </choice>
   <choice>
    <reg>
     силок
    </reg>
   </choice>
   . А если
   <choice>
    <reg>
     пропадет
    </reg>
   </choice>
   дружка,
   <choice>
    <reg>
     так
    </reg>
   </choice>
   самому
   <choice>
    <reg>
     уж
    </reg>
   </choice>
   ничто не мило. Не
   <choice>
    <reg>
     ешь
    </reg>
   </choice>
   , не пьешь и только ищешь, да плачешь. Сколько
   <choice>
    <reg>
     нас
    </reg>
   </choice>
   <choice>
    <reg>
     от
    </reg>
   </choice>
   этого
   <choice>
    <reg>
     пропадает
    </reg>
   </choice>
   . Все зло не
   <choice>
    <reg>
     от
    </reg>
   </choice>
   голода, а
   <choice>
    <reg>
     от
    </reg>
   </choice>
   любви».
  </p>
  <p rend="left" uuid="b9d7d84c-86c0-4f2c-a894-e0a0be717d36">
   <choice>
    <reg>
     Змея
    </reg>
   </choice>
   сказала: «
   <choice>
    <reg>
     Нет
    </reg>
   </choice>
   , зло не
   <choice>
    <reg>
     от
    </reg>
   </choice>
   голода и не
   <choice>
    <reg>
     от
    </reg>
   </choice>
   любви, а зло
   <choice>
    <reg>
     от
    </reg>
   </choice>
   злости. Кабы жили мы смирно, не злились бы, —
   <choice>
    <reg>
     нам
    </reg>
   </choice>
   бы все хорошо было, А то
   <choice>
    <reg>
     как
    </reg>
   </choice>
   <choice>
    <reg>
     сделается
    </reg>
   </choice>
   что-нибудь не по
   <choice>
    <reg>
     тебе
    </reg>
   </choice>
   , разозлишься, — тогда
   <choice>
    <reg>
     уж
    </reg>
   </choice>
   ничто не мило. Только и думаешь,
   <choice>
    <reg>
     как
    </reg>
   </choice>
   зло свое на
   <choice>
    <reg>
     ком
    </reg>
   </choice>
   выместить.
   <choice>
    <reg>
     Тут
    </reg>
   </choice>
   <choice>
    <reg>
     уж
    </reg>
   </choice>
   сама себя не помнишь, только шипишь, да ползаешь, ищешь, кого бы укусить.
   <choice>
    <reg>
     Уж
    </reg>
   </choice>
   никого не
   <choice>
    <reg>
     жалеешь
    </reg>
   </choice>
   — отца и мать закусаешь. Сама себя, кажется,
   <choice>
    <reg>
     съела
    </reg>
   </choice>
   бы. И до
   <choice>
    <reg>
     тех
    </reg>
   </choice>
   <choice>
    <reg>
     пор
    </reg>
   </choice>
   злишься, пока сама себя погубишь. Все зло на
   <choice>
    <reg>
     свете
    </reg>
   </choice>
   <choice>
    <reg>
     от
    </reg>
   </choice>
   злости».
  </p>
  <p rend="left" uuid="03e1ac96-ecc1-4321-85ff-e013ff8fe6fe">
   Олень
   <choice>
    <reg>
     сказал
    </reg>
   </choice>
   : «
   <choice>
    <reg>
     Нет
    </reg>
   </choice>
   , не
   <choice>
    <reg>
     от
    </reg>
   </choice>
   злости, и не
   <choice>
    <reg>
     от
    </reg>
   </choice>
   любви, и не
   <choice>
    <reg>
     от
    </reg>
   </choice>
   голода все зло на
   <choice>
    <reg>
     свете
    </reg>
   </choice>
   , а зло
   <choice>
    <reg>
     от
    </reg>
   </choice>
   страха. Кабы можно было не бояться, все бы хорошо было. Ноги у
   <choice>
    <reg>
     нас
    </reg>
   </choice>
   <choice>
    <reg>
     резвые
    </reg>
   </choice>
   , силы много.
   <choice>
    <reg>
     От
    </reg>
   </choice>
   <choice>
    <reg>
     маленького
    </reg>
   </choice>
   <choice>
    <reg>
     зверя
    </reg>
   </choice>
   рогами отобьешься,
   <choice>
    <reg>
     от
    </reg>
   </choice>
   <choice>
    <reg>
     большего
    </reg>
   </choice>
   уйдешь. Да нельзя не бояться. Только хрусни
   <choice>
    <reg>
     в
    </reg>
   </choice>
   <choice>
    <reg>
     лесу
    </reg>
   </choice>
   <choice>
    <reg>
     ветка
    </reg>
   </choice>
   , зашурши листья,
   <choice>
    <reg>
     так
    </reg>
   </choice>
   весь и затрясешься
   <choice>
    <reg>
     от
    </reg>
   </choice>
   страха, забьется сердце, точно выскочить
   <choice>
    <reg>
     хочет
    </reg>
   </choice>
   , и летишь, что есть духу. Другой
   <choice>
    <reg>
     раз
    </reg>
   </choice>
   <choice>
    <reg>
     заяц
    </reg>
   </choice>
   <choice>
    <reg>
     пробежит
    </reg>
   </choice>
   , птица затрепещется, или сухая
   <choice>
    <reg>
     ветка
    </reg>
   </choice>
   обломится, а ты думаешь —
   <choice>
    <reg>
     зверь
    </reg>
   </choice>
   , да и
   <choice>
    <reg>
     набежишь
    </reg>
   </choice>
   на
   <choice>
    <reg>
     зверя
    </reg>
   </choice>
   . А то
   <choice>
    <reg>
     бежишь
    </reg>
   </choice>
   <choice>
    <reg>
     от
    </reg>
   </choice>
   собаки, —
   <choice>
    <reg>
     набежишь
    </reg>
   </choice>
   на
   <choice>
    <reg>
     человека
    </reg>
   </choice>
   . Часто испугаешься и
   <choice>
    <reg>
     бежишь
    </reg>
   </choice>
   ,
   <choice>
    <reg>
     сам
    </reg>
   </choice>
   не знаешь куда, и
   <choice>
    <reg>
     с
    </reg>
   </choice>
   размаху
  </p>
  <p rend="left emptyline" uuid="559fa3f4-19ce-4cfd-8d79-b7d69f241da5">
   <pb n="571"/>
  </p>
  <p rend="centerline" uuid="61b6b0a9-cbf4-4994-910c-af7a9dc46d16">
   — 11 —
  </p>
  <p rend="notindent" uuid="5c7d3100-e0c5-4b39-becf-24bd8d1eefb3">
   оборвешься
   <choice>
    <reg>
     под
    </reg>
   </choice>
   кручь и убьешься. И спишь-то
   <choice>
    <reg>
     одним
    </reg>
   </choice>
   <choice>
    <reg>
     глазом
    </reg>
   </choice>
   , все слушаешь и боишься.
   <choice>
    <reg>
     Нет
    </reg>
   </choice>
   покоя. Все зло
   <choice>
    <reg>
     от
    </reg>
   </choice>
   страха».
  </p>
  <p rend="left" uuid="dfe75d22-57fb-47dc-a80d-5be26984de6d">
   Тогда
   <choice>
    <reg>
     пустынник
    </reg>
   </choice>
   <choice>
    <reg>
     сказал
    </reg>
   </choice>
   :
  </p>
  <p rend="left" uuid="c5d0d697-b782-4f48-b67f-91639b942b44">
   — Не
   <choice>
    <reg>
     от
    </reg>
   </choice>
   голода, не
   <choice>
    <reg>
     от
    </reg>
   </choice>
   любви, не
   <choice>
    <reg>
     от
    </reg>
   </choice>
   злобы, не
   <choice>
    <reg>
     от
    </reg>
   </choice>
   страха
   <choice>
    <reg>
     все
    </reg>
   </choice>
   наши мученья, — а
   <choice>
    <reg>
     от
    </reg>
   </choice>
   нашего
   <choice>
    <reg>
     тела
    </reg>
   </choice>
   все зло на
   <choice>
    <reg>
     свете
    </reg>
   </choice>
   .
   <choice>
    <reg>
     От
    </reg>
   </choice>
   него и
   <choice>
    <reg>
     голод
    </reg>
   </choice>
   , и любовь, и злоба, и
   <choice>
    <reg>
     страх
    </reg>
   </choice>
   .
  </p>
 </div>
</TEI>