<?xml version="1.0" encoding="utf-8"?>
<TEI xmlns="http://www.tei-c.org/ns/1.0" xmlns:xi="http://www.w3.org/2001/XInclude">
 <teiHeader>
  <fileDesc>
   <titleStmt>
    <title>
     Азбука. Книга I
    </title>
    <author>
     Толстой Л.Н.
    </author>
    <respStmt>
     <resp>
      подготовка TEI/XML
     </resp>
     <name>
      Мария Картышева, Евгений Можаев, Даниил Скоринкин, Елена Сидорова, Вероника Файнберг, Кирилл Милинцевич
     </name>
    </respStmt>
    <respStmt>
     <name>
      Анастасия Бонч-Осмоловская, Фёкла Толстая, Борис Орехов
     </name>
     <resp>
      Идея, постановка задач, руководство
     </resp>
    </respStmt>
   </titleStmt>
   <publicationStmt>
    <idno>
     Азбука  | Книга I
    </idno>
    <publisher>
     <orgName>
      Школа лингвистики НИУ ВШЭ
     </orgName>
    </publisher>
    <availability>
     <p>
      Тексты и метатекстовая разметка доступны для свободного использования и распространения по лицензии Creative Commons Attribution Share-Alike (cc by-sa)
     </p>
    </availability>
   </publicationStmt>
   <sourceDesc>
    <biblStruct>
     <analytic>
      <author>
       Толстой Л.Н.
      </author>
      <title level="a">
       Азбука. Книга I
      </title>
     </analytic>
     <monogr>
      <title level="m">
       Полное собрание сочинений. Том 22
      </title>
      <imprint>
       <pubPlace>
        Москва
       </pubPlace>
       <publisher>
        Государственное издательство "Художественная литература"
       </publisher>
       <date when="1871-1872"/>
      </imprint>
     </monogr>
     <series>
      <title level="s">
       Л.Н. Толстой. Полное собрание сочинений
      </title>
      <biblScope unit="vol">
       22
      </biblScope>
     </series>
    </biblStruct>
   </sourceDesc>
  </fileDesc>
  <encodingDesc>
   <classDecl>
    <xi:include href="taxonomy.xml"/>
   </classDecl>
  </encodingDesc>
  <profileDesc>
   <creation>
    <date notAfter="1872" notBefore="1871">
     1871-1872
    </date>
    <rs/>
   </creation>
   <textClass>
    <catRef target="#fiction" type="sphere"/>
    <catRef target="#произведения для детей" type="type"/>
    <catRef target="#works" type="works_letters_diaries"/>
    <catRef target="#азбука" type="ninetyDef"/>
    <catRef target="#Основное" type="main_var"/>
    <catRef target="#азбука" type="type_short"/>
    <catRef target="None" type="translation"/>
    <catRef target="None" type="translation_origin"/>
    <catRef target="#да" type="tolstoy_or_not"/>
    <catRef target="None" type="name_status"/>
   </textClass>
   <preparedness>
    finished
   </preparedness>
   <settingDesc>
    <time>
     XIX век
    </time>
   </settingDesc>
  </profileDesc>
  <xenoData>
   <cyclusName/>
   <p>
    Проект
    <title>
     Толстой.Digital
    </title>
    разрабатывается сотрудниками и студентами
    <orgName>
     Высшей школы экономики
    </orgName>
    в сотрудничестве с
    <orgName>
     Государственным музеем Л.Н. Толстого
    </orgName>
    . Источник текстов –
    <bibl>
     90-томное собрание сочинений Л.Н.Толстого
    </bibl>
    . Разметка основана на стандарте
    <ref target="http://www.tei-c.org">
     TEI (Text Encoding Initiative)
    </ref>
    .
   </p>
   <versionNumber/>
   <isFinished/>
   <isEdited/>
   <fullBibliographicDescription/>
  </xenoData>
 </teiHeader>
 <p rend="left emptyline">
  <pb n="369"/>
 </p>
 <div type="section" xml:id="ref159">
  <head rend="center">
   <hi rend="strong">
    <hi rend="Razradka">
     ЛИСИЦА.
    </hi>
   </hi>
  </head>
  <p rend="left" uuid="4757c846-2e49-44ec-b406-56f8ce727e2e">
   Попалась лисица
   <choice>
    <reg>
     в
    </reg>
   </choice>
   <choice>
    <reg>
     капкан
    </reg>
   </choice>
   , оторвала
   <choice>
    <reg>
     хвост
    </reg>
   </choice>
   и ушла. И стала она придумывать,
   <choice>
    <reg>
     как
    </reg>
   </choice>
   бы ей свой
   <choice>
    <reg>
     стыд
    </reg>
   </choice>
   прикрыть. Созвала она
   <choice>
    <reg>
     лисиц
    </reg>
   </choice>
   и стала
   <choice>
    <reg>
     их
    </reg>
   </choice>
   уговаривать, чтобы отрубили хвосты — «
   <choice>
    <reg>
     Хвост
    </reg>
   </choice>
   »,
   <choice>
    <reg>
     говорит
    </reg>
   </choice>
   , «
   <choice>
    <reg>
     совсем
    </reg>
   </choice>
   не кстати, только напрасно лишнюю тягость за собой
   <choice>
    <reg>
     таскаем
    </reg>
   </choice>
   .» — Одна лисица и
   <choice>
    <reg>
     говорит
    </reg>
   </choice>
   : — «
   <choice>
    <reg>
     Ох
    </reg>
   </choice>
   , не говорила бы ты этого, кабы не была куцая.»
  </p>
  <p rend="left" uuid="3ba1bb73-c84f-49f2-a0b5-ba5b37af733a">
   Куцая лисица смолчала и ушла.
  </p>
 </div>
</TEI>