<?xml version="1.0" encoding="utf-8"?>
<TEI xmlns="http://www.tei-c.org/ns/1.0" xmlns:xi="http://www.w3.org/2001/XInclude">
 <teiHeader>
  <fileDesc>
   <titleStmt>
    <title>
     Азбука. Книга I
    </title>
    <author>
     Толстой Л.Н.
    </author>
    <respStmt>
     <resp>
      подготовка TEI/XML
     </resp>
     <name>
      Мария Картышева, Евгений Можаев, Даниил Скоринкин, Елена Сидорова, Вероника Файнберг, Кирилл Милинцевич
     </name>
    </respStmt>
    <respStmt>
     <name>
      Анастасия Бонч-Осмоловская, Фёкла Толстая, Борис Орехов
     </name>
     <resp>
      Идея, постановка задач, руководство
     </resp>
    </respStmt>
   </titleStmt>
   <publicationStmt>
    <idno>
     Азбука  | Книга I
    </idno>
    <publisher>
     <orgName>
      Школа лингвистики НИУ ВШЭ
     </orgName>
    </publisher>
    <availability>
     <p>
      Тексты и метатекстовая разметка доступны для свободного использования и распространения по лицензии Creative Commons Attribution Share-Alike (cc by-sa)
     </p>
    </availability>
   </publicationStmt>
   <sourceDesc>
    <biblStruct>
     <analytic>
      <author>
       Толстой Л.Н.
      </author>
      <title level="a">
       Азбука. Книга I
      </title>
     </analytic>
     <monogr>
      <title level="m">
       Полное собрание сочинений. Том 22
      </title>
      <imprint>
       <pubPlace>
        Москва
       </pubPlace>
       <publisher>
        Государственное издательство "Художественная литература"
       </publisher>
       <date when="1871-1872"/>
      </imprint>
     </monogr>
     <series>
      <title level="s">
       Л.Н. Толстой. Полное собрание сочинений
      </title>
      <biblScope unit="vol">
       22
      </biblScope>
     </series>
    </biblStruct>
   </sourceDesc>
  </fileDesc>
  <encodingDesc>
   <classDecl>
    <xi:include href="taxonomy.xml"/>
   </classDecl>
  </encodingDesc>
  <profileDesc>
   <creation>
    <date notAfter="1872" notBefore="1871">
     1871-1872
    </date>
    <rs/>
   </creation>
   <textClass>
    <catRef target="#fiction" type="sphere"/>
    <catRef target="#произведения для детей" type="type"/>
    <catRef target="#works" type="works_letters_diaries"/>
    <catRef target="#азбука" type="ninetyDef"/>
    <catRef target="#Основное" type="main_var"/>
    <catRef target="#азбука" type="type_short"/>
    <catRef target="None" type="translation"/>
    <catRef target="None" type="translation_origin"/>
    <catRef target="#да" type="tolstoy_or_not"/>
    <catRef target="None" type="name_status"/>
   </textClass>
   <preparedness>
    finished
   </preparedness>
   <settingDesc>
    <time>
     XIX век
    </time>
   </settingDesc>
  </profileDesc>
  <xenoData>
   <cyclusName/>
   <p>
    Проект
    <title>
     Толстой.Digital
    </title>
    разрабатывается сотрудниками и студентами
    <orgName>
     Высшей школы экономики
    </orgName>
    в сотрудничестве с
    <orgName>
     Государственным музеем Л.Н. Толстого
    </orgName>
    . Источник текстов –
    <bibl>
     90-томное собрание сочинений Л.Н.Толстого
    </bibl>
    . Разметка основана на стандарте
    <ref target="http://www.tei-c.org">
     TEI (Text Encoding Initiative)
    </ref>
    .
   </p>
   <versionNumber/>
   <isFinished/>
   <isEdited/>
   <fullBibliographicDescription/>
  </xenoData>
 </teiHeader>
 <p rend="left emptyline">
  <pb n="73"/>
 </p>
 <div type="section" xml:id="ref14">
  <head rend="Azbuka left">
   <hi rend="strong">
    Обезьяна.
   </hi>
  </head>
  <p rend="Azbuka left" uuid="cba4f1cc-da7e-4210-b8f0-b9c14108b9cc">
   <hi rend="italic">
    О
   </hi>
   <choice>
    <reg>
     дин
    </reg>
   </choice>
   чел
   <hi rend="italic">
    о
   </hi>
   в
   <hi rend="big">
    ѣ
   </hi>
   <choice>
    <reg>
     к
    </reg>
   </choice>
   п
   <hi rend="italic">
    о
   </hi>
   ш
   <hi rend="italic">
    е
   </hi>
   <choice>
    <reg>
     л
    </reg>
   </choice>
   <choice>
    <reg>
     в
    </reg>
   </choice>
   л
   <hi rend="big">
    ѣ
   </hi>
   <choice>
    <reg>
     с
    </reg>
   </choice>
   ,
   <choice>
    <reg>
     срубил
    </reg>
   </choice>
   дерево и
   <choice>
    <reg>
     стал
    </reg>
   </choice>
   распиливать.
   <choice>
    <reg>
     Он
    </reg>
   </choice>
   <choice>
    <reg>
     поднял
    </reg>
   </choice>
   к
   <hi rend="italic">
    о
   </hi>
   <choice>
    <reg>
     нец
    </reg>
   </choice>
   дерева на пень, с
   <hi rend="big">
    ѣ
   </hi>
   <choice>
    <reg>
     л
    </reg>
   </choice>
   <choice>
    <reg>
     верхом
    </reg>
   </choice>
   и
   <choice>
    <reg>
     стал
    </reg>
   </choice>
   пилить. П
   <hi rend="italic">
    о
   </hi>
   <choice>
    <reg>
     том
    </reg>
   </choice>
   <choice>
    <reg>
     он
    </reg>
   </choice>
   <choice>
    <reg>
     забил
    </reg>
   </choice>
   <choice>
    <reg>
     клин
    </reg>
   </choice>
   <choice>
    <reg>
     в
    </reg>
   </choice>
   распиленное м
   <hi rend="big">
    ѣ
   </hi>
   ст
   <hi rend="italic">
    о
   </hi>
   и
   <choice>
    <reg>
     стал
    </reg>
   </choice>
   пилить дальше, п
   <hi rend="italic">
    о
   </hi>
   <choice>
    <reg>
     том
    </reg>
   </choice>
   <choice>
    <reg>
     вынул
    </reg>
   </choice>
   <choice>
    <reg>
     клин
    </reg>
   </choice>
   и перел
   <hi rend="italic">
    о
   </hi>
   ж
   <hi rend="italic">
    и
   </hi>
   <choice>
    <reg>
     л
    </reg>
   </choice>
   еще дальше.
  </p>
  <p rend="Azbuka left" uuid="f727446a-70a3-4e8a-a20a-c9e25bbb1107">
   <hi rend="italic">
    О
   </hi>
   безьяна сид
   <hi rend="big">
    ѣ
   </hi>
   ла на
   <choice>
    <reg>
     дереве
    </reg>
   </choice>
   и см
   <hi rend="italic">
    о
   </hi>
   <choice>
    <reg>
     трела
    </reg>
   </choice>
   . К
   <hi rend="italic">
    ог
   </hi>
   да чел
   <hi rend="italic">
    о
   </hi>
   в
   <hi rend="big">
    ѣ
   </hi>
   <choice>
    <reg>
     к
    </reg>
   </choice>
   лё
   <hi rend="italic">
    г
   </hi>
   ъ спать,
   <hi rend="italic">
    о
   </hi>
   безьяна с
   <hi rend="big">
    ѣ
   </hi>
   ла
   <choice>
    <reg>
     верхом
    </reg>
   </choice>
   на дерево и х
   <hi rend="italic">
    о
   </hi>
   <choice>
    <reg>
     тела
    </reg>
   </choice>
   тоже д
   <hi rend="big">
    ѣ
   </hi>
   лать; но, к
   <hi rend="italic">
    ог
   </hi>
   да
   <hi rend="italic">
    о
   </hi>
   на вынула
   <choice>
    <reg>
     клин
    </reg>
   </choice>
   , дерево сжалось и прищемило ей
   <choice>
    <reg>
     хвост
    </reg>
   </choice>
   .
   <hi rend="italic">
    О
   </hi>
   на стала рва
   <hi rend="italic">
    ться
   </hi>
   и кричать. Чел
   <hi rend="italic">
    о
   </hi>
   в
   <hi rend="big">
    ѣ
   </hi>
   <choice>
    <reg>
     к
    </reg>
   </choice>
   проснулс
   <hi rend="italic">
    я
   </hi>
   ,
   <choice>
    <reg>
     прибил
    </reg>
   </choice>
   <hi rend="italic">
    о
   </hi>
   безьяну и прив
   <hi rend="italic">
    я
   </hi>
   <choice>
    <reg>
     зал
    </reg>
   </choice>
   на вер
   <hi rend="italic">
    ёв
   </hi>
   ку.
  </p>
 </div>
</TEI>