<?xml version="1.0" encoding="utf-8"?>
<TEI xmlns="http://www.tei-c.org/ns/1.0" xmlns:xi="http://www.w3.org/2001/XInclude">
 <teiHeader>
  <fileDesc>
   <titleStmt>
    <title>
     Азбука. Книга I
    </title>
    <author>
     Толстой Л.Н.
    </author>
    <respStmt>
     <resp>
      подготовка TEI/XML
     </resp>
     <name>
      Мария Картышева, Евгений Можаев, Даниил Скоринкин, Елена Сидорова, Вероника Файнберг, Кирилл Милинцевич
     </name>
    </respStmt>
    <respStmt>
     <name>
      Анастасия Бонч-Осмоловская, Фёкла Толстая, Борис Орехов
     </name>
     <resp>
      Идея, постановка задач, руководство
     </resp>
    </respStmt>
   </titleStmt>
   <publicationStmt>
    <idno>
     Азбука  | Книга I
    </idno>
    <publisher>
     <orgName>
      Школа лингвистики НИУ ВШЭ
     </orgName>
    </publisher>
    <availability>
     <p>
      Тексты и метатекстовая разметка доступны для свободного использования и распространения по лицензии Creative Commons Attribution Share-Alike (cc by-sa)
     </p>
    </availability>
   </publicationStmt>
   <sourceDesc>
    <biblStruct>
     <analytic>
      <author>
       Толстой Л.Н.
      </author>
      <title level="a">
       Азбука. Книга I
      </title>
     </analytic>
     <monogr>
      <title level="m">
       Полное собрание сочинений. Том 22
      </title>
      <imprint>
       <pubPlace>
        Москва
       </pubPlace>
       <publisher>
        Государственное издательство "Художественная литература"
       </publisher>
       <date when="1871-1872"/>
      </imprint>
     </monogr>
     <series>
      <title level="s">
       Л.Н. Толстой. Полное собрание сочинений
      </title>
      <biblScope unit="vol">
       22
      </biblScope>
     </series>
    </biblStruct>
   </sourceDesc>
  </fileDesc>
  <encodingDesc>
   <classDecl>
    <xi:include href="taxonomy.xml"/>
   </classDecl>
  </encodingDesc>
  <profileDesc>
   <creation>
    <date notAfter="1872" notBefore="1871">
     1871-1872
    </date>
    <rs/>
   </creation>
   <textClass>
    <catRef target="#fiction" type="sphere"/>
    <catRef target="#произведения для детей" type="type"/>
    <catRef target="#works" type="works_letters_diaries"/>
    <catRef target="#азбука" type="ninetyDef"/>
    <catRef target="#Основное" type="main_var"/>
    <catRef target="#азбука" type="type_short"/>
    <catRef target="None" type="translation"/>
    <catRef target="None" type="translation_origin"/>
    <catRef target="#да" type="tolstoy_or_not"/>
    <catRef target="None" type="name_status"/>
   </textClass>
   <preparedness>
    finished
   </preparedness>
   <settingDesc>
    <time>
     XIX век
    </time>
   </settingDesc>
  </profileDesc>
  <xenoData>
   <cyclusName/>
   <p>
    Проект
    <title>
     Толстой.Digital
    </title>
    разрабатывается сотрудниками и студентами
    <orgName>
     Высшей школы экономики
    </orgName>
    в сотрудничестве с
    <orgName>
     Государственным музеем Л.Н. Толстого
    </orgName>
    . Источник текстов –
    <bibl>
     90-томное собрание сочинений Л.Н.Толстого
    </bibl>
    . Разметка основана на стандарте
    <ref target="http://www.tei-c.org">
     TEI (Text Encoding Initiative)
    </ref>
    .
   </p>
   <versionNumber/>
   <isFinished/>
   <isEdited/>
   <fullBibliographicDescription/>
  </xenoData>
 </teiHeader>
 <p rend="left emptyline">
  <pb n="206"/>
 </p>
 <div type="section" xml:id="ref87">
  <head rend="center">
   <hi rend="strong">
    <choice>
     <reg>
      ВОЛК
     </reg>
    </choice>
    И ЖУРАВЛЬ.
   </hi>
  </head>
  <p rend="left" uuid="01ef04b3-efa1-4a6f-8766-45718d9e869c">
   Подавился
   <choice>
    <reg>
     волк
    </reg>
   </choice>
   костью и не
   <choice>
    <reg>
     мог
    </reg>
   </choice>
   выперхнуть.
   <choice>
    <reg>
     Он
    </reg>
   </choice>
   <choice>
    <reg>
     позвал
    </reg>
   </choice>
   журавля и
   <choice>
    <reg>
     сказал
    </reg>
   </choice>
   :
  </p>
  <p rend="left" uuid="12c2ebc4-c15c-4500-99a3-44c990daa58b">
   «Ну-ка, ты, журавль, у тебя шея длинная, засунь ты
   <choice>
    <reg>
     мне
    </reg>
   </choice>
   <choice>
    <reg>
     в
    </reg>
   </choice>
   глотку голову и вытащи кость; я тебя награжу».
  </p>
  <p rend="left" uuid="7cb5d4ad-7642-4dbc-8757-a592bceec7e6">
   Журавль
   <choice>
    <reg>
     засунул
    </reg>
   </choice>
   голову,
   <choice>
    <reg>
     вытащил
    </reg>
   </choice>
   кость и
   <choice>
    <reg>
     говорит
    </reg>
   </choice>
   :
  </p>
  <p rend="left" uuid="7e9e6cbb-d060-4856-8b79-9c7537e7b809">
   «Давай же награду».
  </p>
  <p rend="left" uuid="c3e600ae-f0e5-4ab1-9cb8-a41f49e2ee98">
   <choice>
    <reg>
     Волк
    </reg>
   </choice>
   <choice>
    <reg>
     заскрипел
    </reg>
   </choice>
   зубами, да и
   <choice>
    <reg>
     говорит
    </reg>
   </choice>
   :
  </p>
  <p rend="left" uuid="d7cca2f7-e278-4fef-9fa0-bd85ceef7dcb">
   «Или
   <choice>
    <reg>
     тебе
    </reg>
   </choice>
   мало награды, что я
   <choice>
    <reg>
     тебе
    </reg>
   </choice>
   голову не
   <choice>
    <reg>
     откусил
    </reg>
   </choice>
   , когда она у меня
   <choice>
    <reg>
     в
    </reg>
   </choice>
   <choice>
    <reg>
     зубах
    </reg>
   </choice>
   была?»
  </p>
 </div>
</TEI>