<?xml version="1.0" encoding="utf-8"?>
<TEI xmlns="http://www.tei-c.org/ns/1.0" xmlns:xi="http://www.w3.org/2001/XInclude">
 <teiHeader>
  <fileDesc>
   <titleStmt>
    <title>
     Азбука. Книга I
    </title>
    <author>
     Толстой Л.Н.
    </author>
    <respStmt>
     <resp>
      подготовка TEI/XML
     </resp>
     <name>
      Мария Картышева, Евгений Можаев, Даниил Скоринкин, Елена Сидорова, Вероника Файнберг, Кирилл Милинцевич
     </name>
    </respStmt>
    <respStmt>
     <name>
      Анастасия Бонч-Осмоловская, Фёкла Толстая, Борис Орехов
     </name>
     <resp>
      Идея, постановка задач, руководство
     </resp>
    </respStmt>
   </titleStmt>
   <publicationStmt>
    <idno>
     Азбука  | Книга I
    </idno>
    <publisher>
     <orgName>
      Школа лингвистики НИУ ВШЭ
     </orgName>
    </publisher>
    <availability>
     <p>
      Тексты и метатекстовая разметка доступны для свободного использования и распространения по лицензии Creative Commons Attribution Share-Alike (cc by-sa)
     </p>
    </availability>
   </publicationStmt>
   <sourceDesc>
    <biblStruct>
     <analytic>
      <author>
       Толстой Л.Н.
      </author>
      <title level="a">
       Азбука. Книга I
      </title>
     </analytic>
     <monogr>
      <title level="m">
       Полное собрание сочинений. Том 22
      </title>
      <imprint>
       <pubPlace>
        Москва
       </pubPlace>
       <publisher>
        Государственное издательство "Художественная литература"
       </publisher>
       <date when="1871-1872"/>
      </imprint>
     </monogr>
     <series>
      <title level="s">
       Л.Н. Толстой. Полное собрание сочинений
      </title>
      <biblScope unit="vol">
       22
      </biblScope>
     </series>
    </biblStruct>
   </sourceDesc>
  </fileDesc>
  <encodingDesc>
   <classDecl>
    <xi:include href="taxonomy.xml"/>
   </classDecl>
  </encodingDesc>
  <profileDesc>
   <creation>
    <date notAfter="1872" notBefore="1871">
     1871-1872
    </date>
    <rs/>
   </creation>
   <textClass>
    <catRef target="#fiction" type="sphere"/>
    <catRef target="#произведения для детей" type="type"/>
    <catRef target="#works" type="works_letters_diaries"/>
    <catRef target="#азбука" type="ninetyDef"/>
    <catRef target="#Основное" type="main_var"/>
    <catRef target="#азбука" type="type_short"/>
    <catRef target="None" type="translation"/>
    <catRef target="None" type="translation_origin"/>
    <catRef target="#да" type="tolstoy_or_not"/>
    <catRef target="None" type="name_status"/>
   </textClass>
   <preparedness>
    finished
   </preparedness>
   <settingDesc>
    <time>
     XIX век
    </time>
   </settingDesc>
  </profileDesc>
  <xenoData>
   <cyclusName/>
   <p>
    Проект
    <title>
     Толстой.Digital
    </title>
    разрабатывается сотрудниками и студентами
    <orgName>
     Высшей школы экономики
    </orgName>
    в сотрудничестве с
    <orgName>
     Государственным музеем Л.Н. Толстого
    </orgName>
    . Источник текстов –
    <bibl>
     90-томное собрание сочинений Л.Н.Толстого
    </bibl>
    . Разметка основана на стандарте
    <ref target="http://www.tei-c.org">
     TEI (Text Encoding Initiative)
    </ref>
    .
   </p>
   <versionNumber/>
   <isFinished/>
   <isEdited/>
   <fullBibliographicDescription/>
  </xenoData>
 </teiHeader>
 <p rend="left emptyline">
  <pb n="268"/>
 </p>
 <div type="section" xml:id="ref137">
  <head rend="center">
   <hi rend="strong">
    ДЛЯ ЧЕГО
    <choice>
     <reg>
      ВЕТЕР
     </reg>
    </choice>
    ?
   </hi>
  </head>
  <p rend="left" uuid="44a41edb-c5a1-45d6-9d9e-c5b4ea06651d">
   <choice>
    <reg>
     Свяжут
    </reg>
   </choice>
   <choice>
    <reg>
     крест
    </reg>
   </choice>
   <choice>
    <reg>
     из
    </reg>
   </choice>
   <choice>
    <reg>
     двух
    </reg>
   </choice>
   <choice>
    <reg>
     лучин
    </reg>
   </choice>
   и
   <choice>
    <reg>
     кругом
    </reg>
   </choice>
   креста
   <choice>
    <reg>
     обвяжут
    </reg>
   </choice>
   ещё четыре лучины. На всё
   <choice>
    <reg>
     наклеят
    </reg>
   </choice>
   бумаги.
  </p>
  <p rend="left emptyline" uuid="c03db0d5-7a4b-427f-98ad-794e23716aef">
   <pb n="269"/>
  </p>
  <p rend="centerline" uuid="10a862d7-e573-4e90-87d9-d9e99ea0759d">
   — 67 —
  </p>
  <p rend="left" uuid="7d55a252-1a3e-4ef9-a771-f14e22b12c98">
   <choice>
    <reg>
     К
    </reg>
   </choice>
   одному концу
   <choice>
    <reg>
     привяжут
    </reg>
   </choice>
   мочальный
   <choice>
    <reg>
     хвост
    </reg>
   </choice>
   , а
   <choice>
    <reg>
     к
    </reg>
   </choice>
   другому
   <choice>
    <reg>
     привяжут
    </reg>
   </choice>
   длинную бичёвку и
   <choice>
    <reg>
     выйдет
    </reg>
   </choice>
   <choice>
    <reg>
     змей
    </reg>
   </choice>
   .
   <choice>
    <reg>
     Потом
    </reg>
   </choice>
   <choice>
    <reg>
     возьмут
    </reg>
   </choice>
   <choice>
    <reg>
     змей
    </reg>
   </choice>
   ,
   <choice>
    <reg>
     разбегутся
    </reg>
   </choice>
   на
   <choice>
    <reg>
     ветер
    </reg>
   </choice>
   и
   <choice>
    <reg>
     пустят
    </reg>
   </choice>
   .
   <choice>
    <reg>
     Ветер
    </reg>
   </choice>
   <choice>
    <reg>
     подхватит
    </reg>
   </choice>
   <choice>
    <reg>
     змей
    </reg>
   </choice>
   ,
   <choice>
    <reg>
     занесёт
    </reg>
   </choice>
   его высоко
   <choice>
    <reg>
     в
    </reg>
   </choice>
   небо. И
   <choice>
    <reg>
     змей
    </reg>
   </choice>
   <choice>
    <reg>
     подрагивает
    </reg>
   </choice>
   и
   <choice>
    <reg>
     гудит
    </reg>
   </choice>
   , и рвется, и поворачивается, и
   <choice>
    <reg>
     развевается
    </reg>
   </choice>
   <choice>
    <reg>
     мочальным
    </reg>
   </choice>
   <choice>
    <reg>
     хвостом
    </reg>
   </choice>
   .
  </p>
  <p rend="left" uuid="b4b19a61-c562-4d92-b5eb-f391fa600a17">
   Если бы не было
   <choice>
    <reg>
     ветра
    </reg>
   </choice>
   , нельзя бы было пускать
   <choice>
    <reg>
     змея
    </reg>
   </choice>
   .
  </p>
  <p rend="left" uuid="79d06d9f-f453-4a71-9095-af642ca4eaec">
   <choice>
    <reg>
     Сделают
    </reg>
   </choice>
   <choice>
    <reg>
     из
    </reg>
   </choice>
   тёса четыре крыла,
   <choice>
    <reg>
     утвердят
    </reg>
   </choice>
   <choice>
    <reg>
     их
    </reg>
   </choice>
   <choice>
    <reg>
     крестом
    </reg>
   </choice>
   <choice>
    <reg>
     в
    </reg>
   </choice>
   <choice>
    <reg>
     вал
    </reg>
   </choice>
   и
   <choice>
    <reg>
     приделают
    </reg>
   </choice>
   <choice>
    <reg>
     к
    </reg>
   </choice>
   валу шестерни и колёса
   <choice>
    <reg>
     с
    </reg>
   </choice>
   кулачьями,
   <choice>
    <reg>
     так
    </reg>
   </choice>
   чтобы, кегда
   <choice>
    <reg>
     вал
    </reg>
   </choice>
   вертится,
   <choice>
    <reg>
     он
    </reg>
   </choice>
   бы
   <choice>
    <reg>
     цеплял
    </reg>
   </choice>
   за шестерни и колёса, а колеса бы
   <choice>
    <reg>
     вертели
    </reg>
   </choice>
   <choice>
    <reg>
     жёрнов
    </reg>
   </choice>
   .
   <choice>
    <reg>
     Потом
    </reg>
   </choice>
   крылья
   <choice>
    <reg>
     поставят
    </reg>
   </choice>
   <choice>
    <reg>
     против
    </reg>
   </choice>
   <choice>
    <reg>
     ветра
    </reg>
   </choice>
   : крылья
   <choice>
    <reg>
     начнут
    </reg>
   </choice>
   <choice>
    <reg>
     вертеться
    </reg>
   </choice>
   ,
   <choice>
    <reg>
     станут
    </reg>
   </choice>
   шестерни и колёса
   <choice>
    <reg>
     цеплять
    </reg>
   </choice>
   <choice>
    <reg>
     друг
    </reg>
   </choice>
   за друга, и
   <choice>
    <reg>
     жёрнов
    </reg>
   </choice>
   <choice>
    <reg>
     станет
    </reg>
   </choice>
   <choice>
    <reg>
     вертеться
    </reg>
   </choice>
   на
   <choice>
    <reg>
     другом
    </reg>
   </choice>
   <choice>
    <reg>
     жёрнове
    </reg>
   </choice>
   . И тогда сыплють зерно промежду
   <choice>
    <reg>
     двух
    </reg>
   </choice>
   <choice>
    <reg>
     жерновов
    </reg>
   </choice>
   , зерно растирается, и высыпается
   <choice>
    <reg>
     в
    </reg>
   </choice>
   <choice>
    <reg>
     ковш
    </reg>
   </choice>
   мука.
  </p>
  <p rend="left" uuid="07f1a06e-5774-4429-845a-ce08cfbeceaa">
   Если бы
   <choice>
    <reg>
     ветра
    </reg>
   </choice>
   не было, нельзя бы было молоть зерно на
   <choice>
    <reg>
     ветряных
    </reg>
   </choice>
   <choice>
    <reg>
     мельницах
    </reg>
   </choice>
   .
  </p>
  <p rend="left" uuid="85417e37-290a-4782-801c-6cdd16a692d2">
   Когда
   <choice>
    <reg>
     плывут
    </reg>
   </choice>
   на
   <choice>
    <reg>
     лодке
    </reg>
   </choice>
   и
   <choice>
    <reg>
     хотят
    </reg>
   </choice>
   плыть
   <choice>
    <reg>
     скорее
    </reg>
   </choice>
   , то
   <choice>
    <reg>
     возьмут
    </reg>
   </choice>
   на
   <choice>
    <reg>
     середине
    </reg>
   </choice>
   лодки
   <choice>
    <reg>
     вставят
    </reg>
   </choice>
   <choice>
    <reg>
     в
    </reg>
   </choice>
   . дыру большой
   <choice>
    <reg>
     шест
    </reg>
   </choice>
   мачты;
   <choice>
    <reg>
     к
    </reg>
   </choice>
   шесту этому
   <choice>
    <reg>
     приделана
    </reg>
   </choice>
   верёвка и
   <choice>
    <reg>
     поперёк
    </reg>
   </choice>
   перекладина.
   <choice>
    <reg>
     К
    </reg>
   </choice>
   этой
   <choice>
    <reg>
     перекладине
    </reg>
   </choice>
   <choice>
    <reg>
     привяжут
    </reg>
   </choice>
   холстинный
   <choice>
    <reg>
     парус
    </reg>
   </choice>
   ,
   <choice>
    <reg>
     к
    </reg>
   </choice>
   низу паруса
   <choice>
    <reg>
     привяжут
    </reg>
   </choice>
   верёвку и
   <choice>
    <reg>
     держат
    </reg>
   </choice>
   её
   <choice>
    <reg>
     в
    </reg>
   </choice>
   <choice>
    <reg>
     руках
    </reg>
   </choice>
   .
   <choice>
    <reg>
     Потом
    </reg>
   </choice>
   <choice>
    <reg>
     поставят
    </reg>
   </choice>
   <choice>
    <reg>
     парус
    </reg>
   </choice>
   <choice>
    <reg>
     против
    </reg>
   </choice>
   <choice>
    <reg>
     ветра
    </reg>
   </choice>
   . И тогда
   <choice>
    <reg>
     ветер
    </reg>
   </choice>
   <choice>
    <reg>
     надует
    </reg>
   </choice>
   <choice>
    <reg>
     парус
    </reg>
   </choice>
   <choice>
    <reg>
     так
    </reg>
   </choice>
   <choice>
    <reg>
     крепко
    </reg>
   </choice>
   , что лодка нагибается на
   <choice>
    <reg>
     бок
    </reg>
   </choice>
   , верёвка рвётся
   <choice>
    <reg>
     из
    </reg>
   </choice>
   <choice>
    <reg>
     рук
    </reg>
   </choice>
   ; и лодка
   <choice>
    <reg>
     поплывёт
    </reg>
   </choice>
   по
   <choice>
    <reg>
     ветру
    </reg>
   </choice>
   <choice>
    <reg>
     так
    </reg>
   </choice>
   скоро, что
   <choice>
    <reg>
     под
    </reg>
   </choice>
   <choice>
    <reg>
     носом
    </reg>
   </choice>
   лодки
   <choice>
    <reg>
     забурчит
    </reg>
   </choice>
   вода, и берега точно
   <choice>
    <reg>
     бегут
    </reg>
   </choice>
   <choice>
    <reg>
     назад
    </reg>
   </choice>
   мимо лодки.
  </p>
  <p rend="left emptyline" uuid="b509c2fb-b8d0-45cb-a4c8-26ad36ce9f72">
   <pb n="270"/>
  </p>
  <p rend="centerline" uuid="e115a753-0bd6-4470-8ef1-c1b12a582fd6">
   — 68 —
  </p>
  <p rend="left" uuid="6c4a1829-c4fe-4b3e-8a64-002e670db24d">
   Еслибы не было
   <choice>
    <reg>
     ветра
    </reg>
   </choice>
   , нельзя бы было плавать
   <choice>
    <reg>
     с
    </reg>
   </choice>
   <choice>
    <reg>
     парусом
    </reg>
   </choice>
   .
  </p>
  <p rend="left" uuid="ac369402-3918-4f6e-bb4c-9e60c9d1fb4f">
   <choice>
    <reg>
     Там
    </reg>
   </choice>
   ,
   <choice>
    <reg>
     где
    </reg>
   </choice>
   люди
   <choice>
    <reg>
     живут
    </reg>
   </choice>
   ,
   <choice>
    <reg>
     бывает
    </reg>
   </choice>
   дурной
   <choice>
    <reg>
     дух
    </reg>
   </choice>
   ; если бы не было
   <choice>
    <reg>
     ветра
    </reg>
   </choice>
   ,
   <choice>
    <reg>
     дух
    </reg>
   </choice>
   <choice>
    <reg>
     этот
    </reg>
   </choice>
   <choice>
    <reg>
     так
    </reg>
   </choice>
   и оставался бы. А
   <choice>
    <reg>
     придёт
    </reg>
   </choice>
   <choice>
    <reg>
     ветер
    </reg>
   </choice>
   , разгонять дурной
   <choice>
    <reg>
     дух
    </reg>
   </choice>
   и
   <choice>
    <reg>
     принесёт
    </reg>
   </choice>
   <choice>
    <reg>
     из
    </reg>
   </choice>
   <choice>
    <reg>
     лесов
    </reg>
   </choice>
   и
   <choice>
    <reg>
     с
    </reg>
   </choice>
   полей
   <choice>
    <reg>
     хороший
    </reg>
   </choice>
   , чистый
   <choice>
    <reg>
     воздух
    </reg>
   </choice>
   . Еслибы не было
   <choice>
    <reg>
     ветра
    </reg>
   </choice>
   , люди бы надышали и испортили
   <choice>
    <reg>
     воздух
    </reg>
   </choice>
   .
   <choice>
    <reg>
     Воздух
    </reg>
   </choice>
   всё бы
   <choice>
    <reg>
     стоял
    </reg>
   </choice>
   на
   <choice>
    <reg>
     месте
    </reg>
   </choice>
   , и
   <choice>
    <reg>
     людям
    </reg>
   </choice>
   . надо бы уходить
   <choice>
    <reg>
     из
    </reg>
   </choice>
   того
   <choice>
    <reg>
     места
    </reg>
   </choice>
   ,
   <choice>
    <reg>
     где
    </reg>
   </choice>
   они надышали.
  </p>
  <p rend="left" uuid="d52486a8-2c54-4b33-8cce-82c3c8cb3c85">
   Когда
   <choice>
    <reg>
     дикие
    </reg>
   </choice>
   <choice>
    <reg>
     звери
    </reg>
   </choice>
   <choice>
    <reg>
     ходят
    </reg>
   </choice>
   по
   <choice>
    <reg>
     лесам
    </reg>
   </choice>
   и
   <choice>
    <reg>
     полям
    </reg>
   </choice>
   , то они всегда
   <choice>
    <reg>
     ходят
    </reg>
   </choice>
   на
   <choice>
    <reg>
     ветер
    </reg>
   </choice>
   , и слышать ушами, и
   <choice>
    <reg>
     чуют
    </reg>
   </choice>
   <choice>
    <reg>
     носом
    </reg>
   </choice>
   то, что впереди
   <choice>
    <reg>
     их
    </reg>
   </choice>
   . Если бы не было
   <choice>
    <reg>
     ветра
    </reg>
   </choice>
   , они бы не знали, куда
   <choice>
    <reg>
     им
    </reg>
   </choice>
   идти.
  </p>
  <p rend="left" uuid="bf31c97b-16ed-46ca-8431-983986836525">
   Почти
   <choice>
    <reg>
     все
    </reg>
   </choice>
   травы, кусты и деревья
   <choice>
    <reg>
     такие
    </reg>
   </choice>
   , что для того, чтобы на
   <choice>
    <reg>
     траве
    </reg>
   </choice>
   ,
   <choice>
    <reg>
     кусте
    </reg>
   </choice>
   или
   <choice>
    <reg>
     дереве
    </reg>
   </choice>
   завязалось
   <choice>
    <reg>
     семя
    </reg>
   </choice>
   , нужно,
   <choice>
    <reg>
     чтоб
    </reg>
   </choice>
   <choice>
    <reg>
     с
    </reg>
   </choice>
   одного
   <choice>
    <reg>
     цветка
    </reg>
   </choice>
   пыль нерелетала на другой
   <choice>
    <reg>
     цветок
    </reg>
   </choice>
   .
   <choice>
    <reg>
     Цветки
    </reg>
   </choice>
   <choice>
    <reg>
     бывают
    </reg>
   </choice>
   далеко
   <choice>
    <reg>
     друг
    </reg>
   </choice>
   <choice>
    <reg>
     от
    </reg>
   </choice>
   друга, и
   <choice>
    <reg>
     им
    </reg>
   </choice>
   нельзя пересылать свою пыль
   <choice>
    <reg>
     с
    </reg>
   </choice>
   одного на другой.
  </p>
  <p rend="left" uuid="7cf2842d-b37e-4e16-ab4a-137eb01fcdd8">
   Когда огурцы
   <choice>
    <reg>
     ростут
    </reg>
   </choice>
   <choice>
    <reg>
     в
    </reg>
   </choice>
   <choice>
    <reg>
     парниках
    </reg>
   </choice>
   ,
   <choice>
    <reg>
     где
    </reg>
   </choice>
   <choice>
    <reg>
     ветра
    </reg>
   </choice>
   <choice>
    <reg>
     нет
    </reg>
   </choice>
   , тогда люди сами
   <choice>
    <reg>
     срывают
    </reg>
   </choice>
   <choice>
    <reg>
     один
    </reg>
   </choice>
   <choice>
    <reg>
     цветок
    </reg>
   </choice>
   и
   <choice>
    <reg>
     накладывают
    </reg>
   </choice>
   на другой, чтобы
   <choice>
    <reg>
     цветовая
    </reg>
   </choice>
   пыль попала на плодовой
   <choice>
    <reg>
     цветок
    </reg>
   </choice>
   , и была бы
   <hi rend="italic">
    завязь.
   </hi>
   Пчелы и
   <choice>
    <reg>
     другие
    </reg>
   </choice>
   <choice>
    <reg>
     насекомые
    </reg>
   </choice>
   иногда
   <choice>
    <reg>
     переносят
    </reg>
   </choice>
   на
   <choice>
    <reg>
     лапках
    </reg>
   </choice>
   пыль
   <choice>
    <reg>
     с
    </reg>
   </choice>
   <choice>
    <reg>
     цветка
    </reg>
   </choice>
   на
   <choice>
    <reg>
     цветок
    </reg>
   </choice>
   ; но больше всего пыль эту
   <choice>
    <reg>
     переносит
    </reg>
   </choice>
   <choice>
    <reg>
     ветер
    </reg>
   </choice>
   . Если бы не было
   <choice>
    <reg>
     ветра
    </reg>
   </choice>
   , половина
   <choice>
    <reg>
     растений
    </reg>
   </choice>
   была бы
   <choice>
    <reg>
     без
    </reg>
   </choice>
   <choice>
    <reg>
     семени
    </reg>
   </choice>
   .
  </p>
  <p rend="left" uuid="d1e85832-8e77-4911-810a-983b973f5c36">
   <choice>
    <reg>
     В
    </reg>
   </choice>
   тёплое время
   <choice>
    <reg>
     над
    </reg>
   </choice>
   водой поднимается
   <choice>
    <reg>
     пар
    </reg>
   </choice>
   .
   <choice>
    <reg>
     Пар
    </reg>
   </choice>
   <choice>
    <reg>
     этот
    </reg>
   </choice>
   поднимается выше и, когда
   <choice>
    <reg>
     он
    </reg>
   </choice>
   <choice>
    <reg>
     остынет
    </reg>
   </choice>
   на верху, то
   <choice>
    <reg>
     падает
    </reg>
   </choice>
   <choice>
    <reg>
     вниз
    </reg>
   </choice>
   каплями дождя.
  </p>
  <p rend="left" uuid="ac17f2ee-f505-42a8-ac8f-faa8e50e8334">
   <choice>
    <reg>
     Над
    </reg>
   </choice>
   землёй поднимается
   <choice>
    <reg>
     пар
    </reg>
   </choice>
   только
   <choice>
    <reg>
     там
    </reg>
   </choice>
   ,
   <choice>
    <reg>
     где
    </reg>
   </choice>
  </p>
  <p rend="left emptyline" uuid="4a32a35e-038c-4b26-9c09-ee88baf244a5">
   <pb n="271"/>
  </p>
  <p rend="centerline" uuid="5b5eeb5c-a3a9-40fa-a1de-64b20d5845d3">
   — 69 —
  </p>
  <p rend="notindent" uuid="9579dfcf-0583-422d-90d5-28307b9631fc">
   есть вода —
   <choice>
    <reg>
     над
    </reg>
   </choice>
   ручьями,
   <choice>
    <reg>
     над
    </reg>
   </choice>
   болотами,
   <choice>
    <reg>
     над
    </reg>
   </choice>
   прудами и
   <choice>
    <reg>
     реками
    </reg>
   </choice>
   : больше всего
   <choice>
    <reg>
     над
    </reg>
   </choice>
   <choice>
    <reg>
     морем
    </reg>
   </choice>
   . Еслибы
   <choice>
    <reg>
     ветру
    </reg>
   </choice>
   не было пары не ходили бы, а собирались бы
   <choice>
    <reg>
     в
    </reg>
   </choice>
   тучи
   <choice>
    <reg>
     над
    </reg>
   </choice>
   водой и падали бы опять
   <choice>
    <reg>
     там
    </reg>
   </choice>
   ,
   <choice>
    <reg>
     где
    </reg>
   </choice>
   поднялись.
   <choice>
    <reg>
     Над
    </reg>
   </choice>
   <choice>
    <reg>
     ручьём
    </reg>
   </choice>
   ,
   <choice>
    <reg>
     над
    </reg>
   </choice>
   <choice>
    <reg>
     болотом
    </reg>
   </choice>
   ,
   <choice>
    <reg>
     над
    </reg>
   </choice>
   <choice>
    <reg>
     рекой
    </reg>
   </choice>
   , надь
   <choice>
    <reg>
     морем
    </reg>
   </choice>
   <choice>
    <reg>
     был
    </reg>
   </choice>
   бы дождь, а на
   <choice>
    <reg>
     земле
    </reg>
   </choice>
   , на
   <choice>
    <reg>
     полях
    </reg>
   </choice>
   и
   <choice>
    <reg>
     лесах
    </reg>
   </choice>
   дождя бы не было.
   <choice>
    <reg>
     Ветер
    </reg>
   </choice>
   разносить тучи и
   <choice>
    <reg>
     поливает
    </reg>
   </choice>
   землю. Если бы
   <choice>
    <reg>
     ветра
    </reg>
   </choice>
   не было, то
   <choice>
    <reg>
     где
    </reg>
   </choice>
   вода,
   <choice>
    <reg>
     там
    </reg>
   </choice>
   бы было ещё больше воды, а земля вся бы пересохла.
  </p>
 </div>
</TEI>