<?xml version="1.0" encoding="utf-8"?>
<TEI xmlns="http://www.tei-c.org/ns/1.0" xmlns:xi="http://www.w3.org/2001/XInclude">
 <teiHeader>
  <fileDesc>
   <titleStmt>
    <title>
     Азбука. Книга I
    </title>
    <author>
     Толстой Л.Н.
    </author>
    <respStmt>
     <resp>
      подготовка TEI/XML
     </resp>
     <name>
      Мария Картышева, Евгений Можаев, Даниил Скоринкин, Елена Сидорова, Вероника Файнберг, Кирилл Милинцевич
     </name>
    </respStmt>
    <respStmt>
     <name>
      Анастасия Бонч-Осмоловская, Фёкла Толстая, Борис Орехов
     </name>
     <resp>
      Идея, постановка задач, руководство
     </resp>
    </respStmt>
   </titleStmt>
   <publicationStmt>
    <idno>
     Азбука  | Книга I
    </idno>
    <publisher>
     <orgName>
      Школа лингвистики НИУ ВШЭ
     </orgName>
    </publisher>
    <availability>
     <p>
      Тексты и метатекстовая разметка доступны для свободного использования и распространения по лицензии Creative Commons Attribution Share-Alike (cc by-sa)
     </p>
    </availability>
   </publicationStmt>
   <sourceDesc>
    <biblStruct>
     <analytic>
      <author>
       Толстой Л.Н.
      </author>
      <title level="a">
       Азбука. Книга I
      </title>
     </analytic>
     <monogr>
      <title level="m">
       Полное собрание сочинений. Том 22
      </title>
      <imprint>
       <pubPlace>
        Москва
       </pubPlace>
       <publisher>
        Государственное издательство "Художественная литература"
       </publisher>
       <date when="1871-1872"/>
      </imprint>
     </monogr>
     <series>
      <title level="s">
       Л.Н. Толстой. Полное собрание сочинений
      </title>
      <biblScope unit="vol">
       22
      </biblScope>
     </series>
    </biblStruct>
   </sourceDesc>
  </fileDesc>
  <encodingDesc>
   <classDecl>
    <xi:include href="taxonomy.xml"/>
   </classDecl>
  </encodingDesc>
  <profileDesc>
   <creation>
    <date notAfter="1872" notBefore="1871">
     1871-1872
    </date>
    <rs/>
   </creation>
   <textClass>
    <catRef target="#fiction" type="sphere"/>
    <catRef target="#произведения для детей" type="type"/>
    <catRef target="#works" type="works_letters_diaries"/>
    <catRef target="#азбука" type="ninetyDef"/>
    <catRef target="#Основное" type="main_var"/>
    <catRef target="#азбука" type="type_short"/>
    <catRef target="None" type="translation"/>
    <catRef target="None" type="translation_origin"/>
    <catRef target="#да" type="tolstoy_or_not"/>
    <catRef target="None" type="name_status"/>
   </textClass>
   <preparedness>
    finished
   </preparedness>
   <settingDesc>
    <time>
     XIX век
    </time>
   </settingDesc>
  </profileDesc>
  <xenoData>
   <cyclusName/>
   <p>
    Проект
    <title>
     Толстой.Digital
    </title>
    разрабатывается сотрудниками и студентами
    <orgName>
     Высшей школы экономики
    </orgName>
    в сотрудничестве с
    <orgName>
     Государственным музеем Л.Н. Толстого
    </orgName>
    . Источник текстов –
    <bibl>
     90-томное собрание сочинений Л.Н.Толстого
    </bibl>
    . Разметка основана на стандарте
    <ref target="http://www.tei-c.org">
     TEI (Text Encoding Initiative)
    </ref>
    .
   </p>
   <versionNumber/>
   <isFinished/>
   <isEdited/>
   <fullBibliographicDescription/>
  </xenoData>
 </teiHeader>
 <p rend="left emptyline">
  <pb n="83"/>
 </p>
 <div type="section" xml:id="ref33">
  <head rend="Azbuka left">
   <hi rend="strong">
    :
    <choice>
     <reg>
      Подкидыш
     </reg>
    </choice>
    .
   </hi>
  </head>
  <p rend="Azbuka left" uuid="fbfe0e34-a8b6-48a2-9142-6d1a4fa602d8">
   У б
   <hi rend="big">
    ѣ
   </hi>
   дной женщины была дочь Маша. Маша
   <choice>
    <reg>
     утром
    </reg>
   </choice>
   пошла за водой и увидала, что у двери
   <choice>
    <reg>
     лежит
    </reg>
   </choice>
   что-то завёрнутое
   <choice>
    <reg>
     в
    </reg>
   </choice>
   тряпки. Маша поставила вёдра и развернула тряпки. Когда она тронула тряпки,
   <choice>
    <reg>
     из
    </reg>
   </choice>
   <choice>
    <reg>
     них
    </reg>
   </choice>
   закричало что-то
   <hi rend="big">
    :
   </hi>
   уа! уа! уа! Маша нагнулась и увидала, что это
   <choice>
    <reg>
     был
    </reg>
   </choice>
   <choice>
    <reg>
     маленький
    </reg>
   </choice>
   красный
   <choice>
    <reg>
     ребёночек
    </reg>
   </choice>
   .
   <choice>
    <reg>
     Он
    </reg>
   </choice>
   громко
   <choice>
    <reg>
     кричал
    </reg>
   </choice>
   <hi rend="big">
    :
   </hi>
   уа! уа! Маша взяла его
   <choice>
    <reg>
     в
    </reg>
   </choice>
   руки и понесла
   <choice>
    <reg>
     в
    </reg>
   </choice>
   <choice>
    <reg>
     дом
    </reg>
   </choice>
   , и стала
   <choice>
    <reg>
     с
    </reg>
   </choice>
   ложки поить
   <choice>
    <reg>
     молоком
    </reg>
   </choice>
   . Мать сказала
   <hi rend="big">
    :
   </hi>
   „что ты принесла“? Маша сказала
   <hi rend="big">
    :
   </hi>
   „ребёночка; я нашла у нашей двери.“ Мать сказала
   <hi rend="big">
    :
   </hi>
   „мы и
   <choice>
    <reg>
     так
    </reg>
   </choice>
   б
   <hi rend="big">
    ѣ
   </hi>
   дны, гд
   <hi rend="big">
    ѣ
   </hi>
   <choice>
    <reg>
     нам
    </reg>
   </choice>
   кормить ещё ребёнка; я пойду
   <choice>
    <reg>
     к
    </reg>
   </choice>
   начальнику и скажу,
   <choice>
    <reg>
     чтоб
    </reg>
   </choice>
   его
  </p>
  <p rend="left emptyline" uuid="f6b023ed-0e15-4eaa-a1c0-b7bc04d4d00d">
   <pb n="84"/>
  </p>
  <p rend="centerline" uuid="473a3269-d8f4-4093-8e71-df10a56d1ea3">
   — 74 —
  </p>
  <p rend="Azbuka notindent" uuid="3999a57e-f548-4ff2-b23f-7846aa4621f1">
   взяли“. Маша заплакала и сказала
   <hi rend="big">
    :
   </hi>
   „матушка,
   <choice>
    <reg>
     он
    </reg>
   </choice>
   не много
   <choice>
    <reg>
     будет
    </reg>
   </choice>
   <hi rend="big">
    ѣ
   </hi>
   сть, оставь его. Посмотри,
   <choice>
    <reg>
     какие
    </reg>
   </choice>
   у него
   <choice>
    <reg>
     красненькия
    </reg>
   </choice>
   <choice>
    <reg>
     сморщенные
    </reg>
   </choice>
   ручки и пальчики.“ Мать
   <choice>
    <reg>
     посмотрела
    </reg>
   </choice>
   , ей стало жалко. Она оставила ребёночка. Маша кормила и пеленала ребёночка, и п
   <hi rend="big">
    ѣ
   </hi>
   ла ему п
   <hi rend="big">
    ѣ
   </hi>
   сни, когда
   <choice>
    <reg>
     он
    </reg>
   </choice>
   ложился спать.
  </p>
 </div>
</TEI>