<?xml version="1.0" encoding="utf-8"?>
<TEI xmlns="http://www.tei-c.org/ns/1.0" xmlns:xi="http://www.w3.org/2001/XInclude">
 <teiHeader>
  <fileDesc>
   <titleStmt>
    <title>
     Азбука. Книга I
    </title>
    <author>
     Толстой Л.Н.
    </author>
    <respStmt>
     <resp>
      подготовка TEI/XML
     </resp>
     <name>
      Мария Картышева, Евгений Можаев, Даниил Скоринкин, Елена Сидорова, Вероника Файнберг, Кирилл Милинцевич
     </name>
    </respStmt>
    <respStmt>
     <name>
      Анастасия Бонч-Осмоловская, Фёкла Толстая, Борис Орехов
     </name>
     <resp>
      Идея, постановка задач, руководство
     </resp>
    </respStmt>
   </titleStmt>
   <publicationStmt>
    <idno>
     Азбука  | Книга I
    </idno>
    <publisher>
     <orgName>
      Школа лингвистики НИУ ВШЭ
     </orgName>
    </publisher>
    <availability>
     <p>
      Тексты и метатекстовая разметка доступны для свободного использования и распространения по лицензии Creative Commons Attribution Share-Alike (cc by-sa)
     </p>
    </availability>
   </publicationStmt>
   <sourceDesc>
    <biblStruct>
     <analytic>
      <author>
       Толстой Л.Н.
      </author>
      <title level="a">
       Азбука. Книга I
      </title>
     </analytic>
     <monogr>
      <title level="m">
       Полное собрание сочинений. Том 22
      </title>
      <imprint>
       <pubPlace>
        Москва
       </pubPlace>
       <publisher>
        Государственное издательство "Художественная литература"
       </publisher>
       <date when="1871-1872"/>
      </imprint>
     </monogr>
     <series>
      <title level="s">
       Л.Н. Толстой. Полное собрание сочинений
      </title>
      <biblScope unit="vol">
       22
      </biblScope>
     </series>
    </biblStruct>
   </sourceDesc>
  </fileDesc>
  <encodingDesc>
   <classDecl>
    <xi:include href="taxonomy.xml"/>
   </classDecl>
  </encodingDesc>
  <profileDesc>
   <creation>
    <date notAfter="1872" notBefore="1871">
     1871-1872
    </date>
    <rs/>
   </creation>
   <textClass>
    <catRef target="#fiction" type="sphere"/>
    <catRef target="#произведения для детей" type="type"/>
    <catRef target="#works" type="works_letters_diaries"/>
    <catRef target="#азбука" type="ninetyDef"/>
    <catRef target="#Основное" type="main_var"/>
    <catRef target="#азбука" type="type_short"/>
    <catRef target="None" type="translation"/>
    <catRef target="None" type="translation_origin"/>
    <catRef target="#да" type="tolstoy_or_not"/>
    <catRef target="None" type="name_status"/>
   </textClass>
   <preparedness>
    finished
   </preparedness>
   <settingDesc>
    <time>
     XIX век
    </time>
   </settingDesc>
  </profileDesc>
  <xenoData>
   <cyclusName/>
   <p>
    Проект
    <title>
     Толстой.Digital
    </title>
    разрабатывается сотрудниками и студентами
    <orgName>
     Высшей школы экономики
    </orgName>
    в сотрудничестве с
    <orgName>
     Государственным музеем Л.Н. Толстого
    </orgName>
    . Источник текстов –
    <bibl>
     90-томное собрание сочинений Л.Н.Толстого
    </bibl>
    . Разметка основана на стандарте
    <ref target="http://www.tei-c.org">
     TEI (Text Encoding Initiative)
    </ref>
    .
   </p>
   <versionNumber/>
   <isFinished/>
   <isEdited/>
   <fullBibliographicDescription/>
  </xenoData>
 </teiHeader>
 <p rend="left emptyline">
  <pb n="382"/>
 </p>
 <div type="section" xml:id="ref179">
  <head rend="center">
   <hi rend="strong">
    ПРАВЕДНЫЙ СУДЬЯ.
   </hi>
  </head>
  <p rend="left" uuid="f866a726-34c2-4bd9-ad35-f7b16d9f7abb">
   <choice>
    <reg>
     Один
    </reg>
   </choice>
   <choice>
    <reg>
     Алжирский
    </reg>
   </choice>
   царь
   <choice>
    <reg>
     Бауакас
    </reg>
   </choice>
   <choice>
    <reg>
     захотел
    </reg>
   </choice>
   <choice>
    <reg>
     сам
    </reg>
   </choice>
   узнать, —
   <choice>
    <reg>
     правду ли
    </reg>
   </choice>
   ему говорили, что
   <choice>
    <reg>
     в
    </reg>
   </choice>
   <choice>
    <reg>
     одном
    </reg>
   </choice>
   <choice>
    <reg>
     из
    </reg>
   </choice>
  </p>
  <p rend="left emptyline" uuid="d65a1328-1ec5-4b3e-93ee-59e3111ef17b">
   <pb n="383"/>
  </p>
  <p rend="centerline" uuid="dc182d04-d4b1-4ac2-8e24-bbe8634c9d2a">
   — 15 —
  </p>
  <p rend="notindent" uuid="bf6f4b4f-a794-443f-b671-6b6b1bcfc0d7">
   его
   <choice>
    <reg>
     городов
    </reg>
   </choice>
   есть праведный судья, что
   <choice>
    <reg>
     он
    </reg>
   </choice>
   сразу
   <choice>
    <reg>
     узнаёт
    </reg>
   </choice>
   правду и что
   <choice>
    <reg>
     от
    </reg>
   </choice>
   него ни
   <choice>
    <reg>
     один
    </reg>
   </choice>
   <choice>
    <reg>
     плут
    </reg>
   </choice>
   <choice>
    <reg>
     неможет
    </reg>
   </choice>
   укрыться.
   <choice>
    <reg>
     Бауакас
    </reg>
   </choice>
   <choice>
    <reg>
     переоделся
    </reg>
   </choice>
   <choice>
    <reg>
     в
    </reg>
   </choice>
   купца и
   <choice>
    <reg>
     поехал
    </reg>
   </choice>
   <choice>
    <reg>
     верхом
    </reg>
   </choice>
   на лошади
   <choice>
    <reg>
     в
    </reg>
   </choice>
   <choice>
    <reg>
     тот
    </reg>
   </choice>
   <choice>
    <reg>
     город
    </reg>
   </choice>
   ,
   <choice>
    <reg>
     где
    </reg>
   </choice>
   <choice>
    <reg>
     жил
    </reg>
   </choice>
   судья. У
   <choice>
    <reg>
     въезда
    </reg>
   </choice>
   <choice>
    <reg>
     в
    </reg>
   </choice>
   <choice>
    <reg>
     город
    </reg>
   </choice>
   <choice>
    <reg>
     к
    </reg>
   </choice>
   Бауакасу
   <choice>
    <reg>
     подошёл
    </reg>
   </choice>
   <choice>
    <reg>
     калека
    </reg>
   </choice>
   и
   <choice>
    <reg>
     стал
    </reg>
   </choice>
   просить милостыню.
   <choice>
    <reg>
     Бауакас
    </reg>
   </choice>
   <choice>
    <reg>
     подал
    </reg>
   </choice>
   ему и
   <choice>
    <reg>
     хотел
    </reg>
   </choice>
   <choice>
    <reg>
     ехать
    </reg>
   </choice>
   дальше, но
   <choice>
    <reg>
     калека
    </reg>
   </choice>
   <choice>
    <reg>
     уцепился
    </reg>
   </choice>
   ему за платье. «Что
   <choice>
    <reg>
     тебе
    </reg>
   </choice>
   нужно?»
   <choice>
    <reg>
     спросил
    </reg>
   </choice>
   <choice>
    <reg>
     Бауакас
    </reg>
   </choice>
   ; «
   <choice>
    <reg>
     разве
    </reg>
   </choice>
   я не
   <choice>
    <reg>
     дал
    </reg>
   </choice>
   <choice>
    <reg>
     тебе
    </reg>
   </choice>
   милостыни?» — «Милостыню ты
   <choice>
    <reg>
     дал
    </reg>
   </choice>
   »,
   <choice>
    <reg>
     сказал
    </reg>
   </choice>
   <choice>
    <reg>
     калека
    </reg>
   </choice>
   , «но ещё
   <choice>
    <reg>
     сделай
    </reg>
   </choice>
   милость, довези меня на твоей лошади до площади, а то лошади и верблюды
   <choice>
    <reg>
     как бы
    </reg>
   </choice>
   не раздавили меня».
   <choice>
    <reg>
     Бауакас
    </reg>
   </choice>
   <choice>
    <reg>
     посадил
    </reg>
   </choice>
   <choice>
    <reg>
     калеку
    </reg>
   </choice>
   сзади себя, и
   <choice>
    <reg>
     довёз
    </reg>
   </choice>
   его до площади. На площади
   <choice>
    <reg>
     Бауакас
    </reg>
   </choice>
   <choice>
    <reg>
     остановил
    </reg>
   </choice>
   лошадь. Но
   <choice>
    <reg>
     нищий
    </reg>
   </choice>
   не
   <choice>
    <reg>
     слезал
    </reg>
   </choice>
   .
   <choice>
    <reg>
     Бауакас
    </reg>
   </choice>
   <choice>
    <reg>
     сказал
    </reg>
   </choice>
   : «что-жь сидишь,
   <choice>
    <reg>
     слезай
    </reg>
   </choice>
   , мы
   <choice>
    <reg>
     приехали
    </reg>
   </choice>
   !» A
   <choice>
    <reg>
     нищий
    </reg>
   </choice>
   <choice>
    <reg>
     сказал
    </reg>
   </choice>
   : «
   <choice>
    <reg>
     зачем
    </reg>
   </choice>
   <choice>
    <reg>
     слезать
    </reg>
   </choice>
   , — лошадь моя; а не хочешь
   <choice>
    <reg>
     добром
    </reg>
   </choice>
   отдать лошадь,
   <choice>
    <reg>
     пойдём
    </reg>
   </choice>
   <choice>
    <reg>
     к
    </reg>
   </choice>
   <choice>
    <reg>
     судье
    </reg>
   </choice>
   .»
   <choice>
    <reg>
     Народ
    </reg>
   </choice>
   собрался
   <choice>
    <reg>
     вокруг
    </reg>
   </choice>
   <choice>
    <reg>
     них
    </reg>
   </choice>
   и
   <choice>
    <reg>
     слушал
    </reg>
   </choice>
   ,
   <choice>
    <reg>
     как
    </reg>
   </choice>
   они спорили;
   <choice>
    <reg>
     все
    </reg>
   </choice>
   закричали: «ступайте
   <choice>
    <reg>
     к
    </reg>
   </choice>
   <choice>
    <reg>
     судье
    </reg>
   </choice>
   ,
   <choice>
    <reg>
     он
    </reg>
   </choice>
   <choice>
    <reg>
     вас
    </reg>
   </choice>
   <choice>
    <reg>
     рассудит
    </reg>
   </choice>
   .»
  </p>
  <p rend="left" uuid="5bc2c5a7-d682-4d22-8d71-ab10f0e8d692">
   <choice>
    <reg>
     Бауакас
    </reg>
   </choice>
   <choice>
    <reg>
     с
    </reg>
   </choice>
   <choice>
    <reg>
     калекой
    </reg>
   </choice>
   пошли
   <choice>
    <reg>
     к
    </reg>
   </choice>
   <choice>
    <reg>
     судье
    </reg>
   </choice>
   .
   <choice>
    <reg>
     В
    </reg>
   </choice>
   <choice>
    <reg>
     суде
    </reg>
   </choice>
   <choice>
    <reg>
     был
    </reg>
   </choice>
   <choice>
    <reg>
     народ
    </reg>
   </choice>
   и судья
   <choice>
    <reg>
     вызывал
    </reg>
   </choice>
   по очереди
   <choice>
    <reg>
     тех
    </reg>
   </choice>
   , кого
   <choice>
    <reg>
     судил
    </reg>
   </choice>
   . Прежде
   <choice>
    <reg>
     чем
    </reg>
   </choice>
   <choice>
    <reg>
     черёд
    </reg>
   </choice>
   <choice>
    <reg>
     дошёл
    </reg>
   </choice>
   до Бауакаса, судья
   <choice>
    <reg>
     вызвал
    </reg>
   </choice>
   <choice>
    <reg>
     учёного
    </reg>
   </choice>
   и мужика: они судились за жену.
   <choice>
    <reg>
     Мужик
    </reg>
   </choice>
   <choice>
    <reg>
     говорил
    </reg>
   </choice>
   , что это его жена, а учёный
   <choice>
    <reg>
     говорил
    </reg>
   </choice>
   , что его жена. Судья
   <choice>
    <reg>
     выслушал
    </reg>
   </choice>
   <choice>
    <reg>
     их
    </reg>
   </choice>
   ,
   <choice>
    <reg>
     помолчал
    </reg>
   </choice>
   и
   <choice>
    <reg>
     сказал
    </reg>
   </choice>
   «Оставьте женщину у меня, а сами приходите завтра»
  </p>
  <p rend="left" uuid="06064ee1-8983-450b-88b0-17b539de9cab">
   Когда эти ушли, вошли
   <choice>
    <reg>
     мясник
    </reg>
   </choice>
   и
   <choice>
    <reg>
     масленник
    </reg>
   </choice>
   .
   <choice>
    <reg>
     Мясник
    </reg>
   </choice>
   <choice>
    <reg>
     был
    </reg>
   </choice>
   весь
   <choice>
    <reg>
     в
    </reg>
   </choice>
   крови, а
   <choice>
    <reg>
     масленник
    </reg>
   </choice>
   <choice>
    <reg>
     в
    </reg>
   </choice>
   <choice>
    <reg>
     масле
    </reg>
   </choice>
   .
   <choice>
    <reg>
     Мясник
    </reg>
   </choice>
   <choice>
    <reg>
     держал
    </reg>
   </choice>
   <choice>
    <reg>
     в
    </reg>
   </choice>
   <choice>
    <reg>
     руке
    </reg>
   </choice>
   деньги,
   <choice>
    <reg>
     масленник
    </reg>
   </choice>
   руку
  </p>
  <p rend="left emptyline" uuid="5e8dc3f3-ba81-44b2-b98b-ae3b71ed0b53">
   <pb n="384"/>
  </p>
  <p rend="centerline" uuid="a20b3848-4664-4a64-bb7e-30f841f2d9b1">
   — 16 —
  </p>
  <p rend="notindent" uuid="b84ecfe8-83f1-4675-bb38-e3b0e1e5d53e">
   мясника.
   <choice>
    <reg>
     Мясник
    </reg>
   </choice>
   <choice>
    <reg>
     сказал
    </reg>
   </choice>
   : «Я
   <choice>
    <reg>
     купил
    </reg>
   </choice>
   у этого
   <choice>
    <reg>
     человека
    </reg>
   </choice>
   масло и
   <choice>
    <reg>
     вынул
    </reg>
   </choice>
   <choice>
    <reg>
     кошелёк
    </reg>
   </choice>
   , чтобы расплатиться: а
   <choice>
    <reg>
     он
    </reg>
   </choice>
   <choice>
    <reg>
     схватил
    </reg>
   </choice>
   меня за руку и
   <choice>
    <reg>
     хотел
    </reg>
   </choice>
   отнять деньги.
   <choice>
    <reg>
     Так
    </reg>
   </choice>
   мы и пришли
   <choice>
    <reg>
     к
    </reg>
   </choice>
   <choice>
    <reg>
     тебе
    </reg>
   </choice>
   , — я держу
   <choice>
    <reg>
     в
    </reg>
   </choice>
   <choice>
    <reg>
     руке
    </reg>
   </choice>
   <choice>
    <reg>
     кошелёк
    </reg>
   </choice>
   , а
   <choice>
    <reg>
     он
    </reg>
   </choice>
   <choice>
    <reg>
     держит
    </reg>
   </choice>
   меня за руку. Но деньги мои, а
   <choice>
    <reg>
     он
    </reg>
   </choice>
   —
   <choice>
    <reg>
     вор
    </reg>
   </choice>
   ».
  </p>
  <p rend="left" uuid="93f98910-ee32-4b83-9ed2-7851a26b5404">
   А
   <choice>
    <reg>
     масленник
    </reg>
   </choice>
   <choice>
    <reg>
     сказал
    </reg>
   </choice>
   : «Это неправда.
   <choice>
    <reg>
     Мясник
    </reg>
   </choice>
   <choice>
    <reg>
     пришёл
    </reg>
   </choice>
   ко
   <choice>
    <reg>
     мне
    </reg>
   </choice>
   покупать масло. Когда я
   <choice>
    <reg>
     налил
    </reg>
   </choice>
   ему полный
   <choice>
    <reg>
     кувшин
    </reg>
   </choice>
   ,
   <choice>
    <reg>
     он
    </reg>
   </choice>
   <choice>
    <reg>
     просил
    </reg>
   </choice>
   меня
   <choice>
    <reg>
     разменять
    </reg>
   </choice>
   ему золотой. Я
   <choice>
    <reg>
     достал
    </reg>
   </choice>
   деньги и
   <choice>
    <reg>
     положил
    </reg>
   </choice>
   <choice>
    <reg>
     их
    </reg>
   </choice>
   на лавку, а
   <choice>
    <reg>
     он
    </reg>
   </choice>
   <choice>
    <reg>
     взял
    </reg>
   </choice>
   <choice>
    <reg>
     их
    </reg>
   </choice>
   и
   <choice>
    <reg>
     хотел
    </reg>
   </choice>
   <choice>
    <reg>
     бежать
    </reg>
   </choice>
   . Я
   <choice>
    <reg>
     поймал
    </reg>
   </choice>
   его за руку и
   <choice>
    <reg>
     привёл
    </reg>
   </choice>
   сюда» Судья
   <choice>
    <reg>
     помолчал
    </reg>
   </choice>
   и
   <choice>
    <reg>
     сказал
    </reg>
   </choice>
   : «оставьте деньги
   <choice>
    <reg>
     здесь
    </reg>
   </choice>
   и приходите завтра.»
  </p>
  <p rend="left" uuid="21fe1c9f-03db-4482-ab4d-4f2007710995">
   Когда очередь дошла до Бауакаса и до
   <choice>
    <reg>
     калеки
    </reg>
   </choice>
   ,
   <choice>
    <reg>
     Бауакас
    </reg>
   </choice>
   <choice>
    <reg>
     рассказал
    </reg>
   </choice>
   <choice>
    <reg>
     как
    </reg>
   </choice>
   было
   <choice>
    <reg>
     дело
    </reg>
   </choice>
   . Судья
   <choice>
    <reg>
     выслушал
    </reg>
   </choice>
   его и
   <choice>
    <reg>
     спросил
    </reg>
   </choice>
   <choice>
    <reg>
     нищего
    </reg>
   </choice>
   .
   <choice>
    <reg>
     Нищий
    </reg>
   </choice>
   <choice>
    <reg>
     сказал
    </reg>
   </choice>
   : «это всё неправда. Я
   <choice>
    <reg>
     ехал
    </reg>
   </choice>
   <choice>
    <reg>
     верхом
    </reg>
   </choice>
   <choice>
    <reg>
     через
    </reg>
   </choice>
   <choice>
    <reg>
     город
    </reg>
   </choice>
   , а
   <choice>
    <reg>
     он
    </reg>
   </choice>
   <choice>
    <reg>
     сидел
    </reg>
   </choice>
   на
   <choice>
    <reg>
     земле
    </reg>
   </choice>
   и
   <choice>
    <reg>
     просил
    </reg>
   </choice>
   меня подвезти его. Я
   <choice>
    <reg>
     посадил
    </reg>
   </choice>
   его на лошадь и
   <choice>
    <reg>
     довёз
    </reg>
   </choice>
   , куда ему нужно было; но
   <choice>
    <reg>
     он
    </reg>
   </choice>
   не
   <choice>
    <reg>
     хотел
    </reg>
   </choice>
   <choice>
    <reg>
     слезать
    </reg>
   </choice>
   и
   <choice>
    <reg>
     сказал
    </reg>
   </choice>
   , что лошадь его. Это неправда»
  </p>
  <p rend="left" uuid="6b8ddd53-662b-456f-a110-ccbf5040ee90">
   Судья
   <choice>
    <reg>
     подумал
    </reg>
   </choice>
   и
   <choice>
    <reg>
     сказал
    </reg>
   </choice>
   : «оставьте лошадь у меня и приходите завтра.»
  </p>
  <p rend="left" uuid="c061de0b-3600-4e9f-b6ab-2fea3c518dca">
   На другой день собралось много народу слушать,
   <choice>
    <reg>
     как
    </reg>
   </choice>
   <choice>
    <reg>
     рассудит
    </reg>
   </choice>
   судья?
  </p>
  <p rend="left" uuid="258d5ac2-9789-4360-a6fc-75d56d2ec86c">
   Первые подошли учёный и
   <choice>
    <reg>
     мужик
    </reg>
   </choice>
   .
  </p>
  <p rend="left" uuid="48d2b64f-5064-486a-9074-6dc6a1eeef37">
   «Возьми свою жену»,
   <choice>
    <reg>
     сказал
    </reg>
   </choice>
   судья учёному, «а мужику дать 50
   <choice>
    <reg>
     палок
    </reg>
   </choice>
   ». Учёный
   <choice>
    <reg>
     взял
    </reg>
   </choice>
   свою жену, а мужика
   <choice>
    <reg>
     тут
    </reg>
   </choice>
   же наказали.
  </p>
  <p rend="left" uuid="52bd5611-40fd-46e6-8646-41b6675abd77">
   <choice>
    <reg>
     Потом
    </reg>
   </choice>
   судья
   <choice>
    <reg>
     вызвал
    </reg>
   </choice>
   мясника.
  </p>
  <p rend="left" uuid="273900fe-2f1a-439f-89b5-3d6ab2735d0e">
   «Деньги твои»,
   <choice>
    <reg>
     сказал
    </reg>
   </choice>
   <choice>
    <reg>
     он
    </reg>
   </choice>
   мяснику;
   <choice>
    <reg>
     потом
    </reg>
   </choice>
   <choice>
    <reg>
     он
    </reg>
   </choice>
   <pb n="385"/>
   —17 —
  </p>
  <p rend="notindent" uuid="3d171846-5615-4d0d-ae71-f77716638d8e">
   <choice>
    <reg>
     указал
    </reg>
   </choice>
   на масленника и
   <choice>
    <reg>
     сказал
    </reg>
   </choice>
   : «а ему дать 50
   <choice>
    <reg>
     палок
    </reg>
   </choice>
   .»
  </p>
  <p rend="left" uuid="49748a9d-c967-4dad-a534-e8ad1e89314d">
   Тогда позвали Бауакаса и
   <choice>
    <reg>
     калеку
    </reg>
   </choice>
   . «Узнàешь-ты свою лошадь
   <choice>
    <reg>
     из
    </reg>
   </choice>
   двадцати
   <choice>
    <reg>
     других
    </reg>
   </choice>
   ?»
   <choice>
    <reg>
     спросил
    </reg>
   </choice>
   судья Бауакаса.
  </p>
  <p rend="left" uuid="040dd557-e2e7-4279-afdf-d1308855551d">
   — «Узнàю.»
  </p>
  <p rend="left" uuid="cd3a0070-0298-42c4-84f6-e407ed3dc20e">
   — «А ты?»
  </p>
  <p rend="left" uuid="5ffd3fc0-1068-462f-9116-91d5c3096762">
   — «И я узнаю»,
   <choice>
    <reg>
     сказал
    </reg>
   </choice>
   <choice>
    <reg>
     калека
    </reg>
   </choice>
   .
  </p>
  <p rend="left" uuid="092ffb16-8e2b-4ee2-83f4-4a82ea878637">
   — «Иди за мною»,
   <choice>
    <reg>
     сказал
    </reg>
   </choice>
   судья Бауакасу.
  </p>
  <p rend="left" uuid="9a18c58d-5950-4b59-87ac-7af700c4a445">
   Они вошли
   <choice>
    <reg>
     в
    </reg>
   </choice>
   конюшню.
   <choice>
    <reg>
     Бауакас
    </reg>
   </choice>
   <choice>
    <reg>
     сейчас же
    </reg>
   </choice>
   промежь
   <choice>
    <reg>
     других
    </reg>
   </choice>
   двадцати лошадей
   <choice>
    <reg>
     показал
    </reg>
   </choice>
   на свою.
   <choice>
    <reg>
     Потом
    </reg>
   </choice>
   судья
   <choice>
    <reg>
     вызвал
    </reg>
   </choice>
   <choice>
    <reg>
     калеку
    </reg>
   </choice>
   <choice>
    <reg>
     в
    </reg>
   </choice>
   конюшню и тоже
   <choice>
    <reg>
     велел
    </reg>
   </choice>
   ему указать на лошадь.
   <choice>
    <reg>
     Калека
    </reg>
   </choice>
   <choice>
    <reg>
     признал
    </reg>
   </choice>
   лошадь и
   <choice>
    <reg>
     показал
    </reg>
   </choice>
   её. Тогда судья
   <choice>
    <reg>
     сел
    </reg>
   </choice>
   на свое
   <choice>
    <reg>
     место
    </reg>
   </choice>
   и
   <choice>
    <reg>
     сказал
    </reg>
   </choice>
   Бауакасу:
  </p>
  <p rend="left" uuid="a86cdad3-9b8b-4aa0-80e7-8330ac9d64e1">
   — «Лошадь твоя; возьми её. A
   <choice>
    <reg>
     калеке
    </reg>
   </choice>
   дать 50
   <choice>
    <reg>
     палок
    </reg>
   </choice>
   ».
  </p>
  <p rend="left" uuid="a408091c-ef25-4676-adc2-30858d29dcaa">
   <choice>
    <reg>
     После
    </reg>
   </choice>
   суда, судья
   <choice>
    <reg>
     пошёл
    </reg>
   </choice>
   домой; а
   <choice>
    <reg>
     Бауакас
    </reg>
   </choice>
   <choice>
    <reg>
     пошёл
    </reg>
   </choice>
   за
   <choice>
    <reg>
     ним
    </reg>
   </choice>
   .
  </p>
  <p rend="left" uuid="a1b0e009-d57e-4ed2-8b32-ab6b53d404f6">
   «
   <choice>
    <reg>
     Что же
    </reg>
   </choice>
   ты, или не
   <choice>
    <reg>
     доволен
    </reg>
   </choice>
   <choice>
    <reg>
     моим
    </reg>
   </choice>
   <choice>
    <reg>
     решением
    </reg>
   </choice>
   ?»
   <choice>
    <reg>
     спросил
    </reg>
   </choice>
   судья.
  </p>
  <p rend="left" uuid="babf2fa1-0ed1-4cf7-be4f-88449447f889">
   «
   <choice>
    <reg>
     Нет
    </reg>
   </choice>
   , я
   <choice>
    <reg>
     доволен
    </reg>
   </choice>
   ,»
   <choice>
    <reg>
     сказал
    </reg>
   </choice>
   <choice>
    <reg>
     Бауакас
    </reg>
   </choice>
   . «Только
   <choice>
    <reg>
     хотелось бы
    </reg>
   </choice>
   <choice>
    <reg>
     мне
    </reg>
   </choice>
   знать —
   <choice>
    <reg>
     почём
    </reg>
   </choice>
   ты
   <choice>
    <reg>
     узнал
    </reg>
   </choice>
   , что жена была
   <choice>
    <reg>
     учёного
    </reg>
   </choice>
   , а не мужика, что деньги были мясниковы, а не масленниковы, и что лошадь была моя, а не
   <choice>
    <reg>
     нищего
    </reg>
   </choice>
   ?»
  </p>
  <p rend="left" uuid="b4b8ffad-ef3c-470e-9cff-1461e64ef659">
   «Про женщину я
   <choice>
    <reg>
     узнал
    </reg>
   </choice>
   <choice>
    <reg>
     вот
    </reg>
   </choice>
   <choice>
    <reg>
     как
    </reg>
   </choice>
   :
   <choice>
    <reg>
     позвал
    </reg>
   </choice>
   её
   <choice>
    <reg>
     утром
    </reg>
   </choice>
   <choice>
    <reg>
     к
    </reg>
   </choice>
   <choice>
    <reg>
     себе
    </reg>
   </choice>
   и
   <choice>
    <reg>
     сказал
    </reg>
   </choice>
   ей: налей чернила
   <choice>
    <reg>
     в
    </reg>
   </choice>
   мою чернильницу. Она взяла чернильницу, вымыла её скоро и ловко и налила чернила. Стало быть она привыкла это
   <choice>
    <reg>
     делать
    </reg>
   </choice>
   . Будь она жена мужика, она не
  </p>
  <p rend="left emptyline" uuid="994045e8-ecc3-495b-91d3-7f18fae48381">
   <pb n="386"/>
  </p>
  <p rend="centerline" uuid="075a8f31-4221-4328-a48d-29b06dc45715">
   — 18 —
  </p>
  <p rend="notindent" uuid="51c04125-a768-4e5a-97f8-49449ecb212f">
   съумѣла-бы это сдѣлать. Выходитъ, что учёный былъ правъ. Про деньги я узналъ вотъ какъ: положилъ я деньги въ чашку съ водой и сегодня утромъ посмотрѣлъ — всплыло-ли на водѣ масло. Если-бы деньги были масленниковы, то онѣ были бы запачканы его масляными руками. На водѣ масла не было, стало быть мясникъ говоритъ правду.»
  </p>
  <p rend="left" uuid="8fbba1a7-dc69-4209-bee4-597431e0281d">
   «Про лошадь узнать было
   <choice>
    <reg>
     труднее
    </reg>
   </choice>
   .
   <choice>
    <reg>
     Калека
    </reg>
   </choice>
   такъже,
   <choice>
    <reg>
     как
    </reg>
   </choice>
   и ты,
   <choice>
    <reg>
     из
    </reg>
   </choice>
   двадцати лошадей
   <choice>
    <reg>
     сейчас
    </reg>
   </choice>
   <choice>
    <reg>
     указал
    </reg>
   </choice>
   на лошадь. Да я не для того
   <choice>
    <reg>
     приводил
    </reg>
   </choice>
   <choice>
    <reg>
     вас
    </reg>
   </choice>
   <choice>
    <reg>
     обоих
    </reg>
   </choice>
   <choice>
    <reg>
     в
    </reg>
   </choice>
   конюшню, чтобы
   <choice>
    <reg>
     видеть
    </reg>
   </choice>
   ,
   <choice>
    <reg>
     узнаете ли
    </reg>
   </choice>
   вы лошадь, а для того, чтобы
   <choice>
    <reg>
     видеть
    </reg>
   </choice>
   — кого
   <choice>
    <reg>
     из
    </reg>
   </choice>
   <choice>
    <reg>
     вас
    </reg>
   </choice>
   <choice>
    <reg>
     двоих
    </reg>
   </choice>
   <choice>
    <reg>
     узнает
    </reg>
   </choice>
   лошадь. Когда ты
   <choice>
    <reg>
     подошёл
    </reg>
   </choice>
   <choice>
    <reg>
     к
    </reg>
   </choice>
   ней, она обернула голову, потянулась
   <choice>
    <reg>
     к
    </reg>
   </choice>
   <choice>
    <reg>
     тебе
    </reg>
   </choice>
   ; а когда
   <choice>
    <reg>
     калека
    </reg>
   </choice>
   <choice>
    <reg>
     тронул
    </reg>
   </choice>
   её, она прижала уши и подняла ногу. Поэтому я
   <choice>
    <reg>
     узнал
    </reg>
   </choice>
   , что ты
   <choice>
    <reg>
     настоящий
    </reg>
   </choice>
   <choice>
    <reg>
     хозяин
    </reg>
   </choice>
   лошади.
  </p>
  <p rend="left" uuid="dae6983f-bbe3-4c2d-bbb5-410cc976cf70">
   Тогда
   <choice>
    <reg>
     Бауакас
    </reg>
   </choice>
   <choice>
    <reg>
     сказал
    </reg>
   </choice>
   :
  </p>
  <p rend="left" uuid="3286b0da-68b4-46a6-8205-a08115faa477">
   «Я не
   <choice>
    <reg>
     купец
    </reg>
   </choice>
   , а царь
   <choice>
    <reg>
     Бауакас
    </reg>
   </choice>
   . Я
   <choice>
    <reg>
     приехал
    </reg>
   </choice>
   сюда, чтобы
   <choice>
    <reg>
     видеть
    </reg>
   </choice>
   —
   <choice>
    <reg>
     правда ли
    </reg>
   </choice>
   то, чтó
   <choice>
    <reg>
     говорят
    </reg>
   </choice>
   про тебя. Я вижу теперь, что ты мудрый судья. Проси у меня чего хочешь, я награжу тебя.»
  </p>
  <p rend="left" uuid="b0136999-3abe-42f7-9a92-4af71a611a04">
   Судья
   <choice>
    <reg>
     сказал
    </reg>
   </choice>
   :
   <choice>
    <reg>
     Мне
    </reg>
   </choice>
   не нужно награды; я
   <choice>
    <reg>
     счастлив
    </reg>
   </choice>
   уже
   <choice>
    <reg>
     тем
    </reg>
   </choice>
   , что царь мой
   <choice>
    <reg>
     похвалил
    </reg>
   </choice>
   меня.»
  </p>
 </div>
</TEI>