<?xml version="1.0" encoding="utf-8"?>
<TEI xmlns="http://www.tei-c.org/ns/1.0" xmlns:xi="http://www.w3.org/2001/XInclude">
 <teiHeader>
  <fileDesc>
   <titleStmt>
    <title>
     Азбука. Книга I
    </title>
    <author>
     Толстой Л.Н.
    </author>
    <respStmt>
     <resp>
      подготовка TEI/XML
     </resp>
     <name>
      Мария Картышева, Евгений Можаев, Даниил Скоринкин, Елена Сидорова, Вероника Файнберг, Кирилл Милинцевич
     </name>
    </respStmt>
    <respStmt>
     <name>
      Анастасия Бонч-Осмоловская, Фёкла Толстая, Борис Орехов
     </name>
     <resp>
      Идея, постановка задач, руководство
     </resp>
    </respStmt>
   </titleStmt>
   <publicationStmt>
    <idno>
     Азбука  | Книга I
    </idno>
    <publisher>
     <orgName>
      Школа лингвистики НИУ ВШЭ
     </orgName>
    </publisher>
    <availability>
     <p>
      Тексты и метатекстовая разметка доступны для свободного использования и распространения по лицензии Creative Commons Attribution Share-Alike (cc by-sa)
     </p>
    </availability>
   </publicationStmt>
   <sourceDesc>
    <biblStruct>
     <analytic>
      <author>
       Толстой Л.Н.
      </author>
      <title level="a">
       Азбука. Книга I
      </title>
     </analytic>
     <monogr>
      <title level="m">
       Полное собрание сочинений. Том 22
      </title>
      <imprint>
       <pubPlace>
        Москва
       </pubPlace>
       <publisher>
        Государственное издательство "Художественная литература"
       </publisher>
       <date when="1871-1872"/>
      </imprint>
     </monogr>
     <series>
      <title level="s">
       Л.Н. Толстой. Полное собрание сочинений
      </title>
      <biblScope unit="vol">
       22
      </biblScope>
     </series>
    </biblStruct>
   </sourceDesc>
  </fileDesc>
  <encodingDesc>
   <classDecl>
    <xi:include href="taxonomy.xml"/>
   </classDecl>
  </encodingDesc>
  <profileDesc>
   <creation>
    <date notAfter="1872" notBefore="1871">
     1871-1872
    </date>
    <rs/>
   </creation>
   <textClass>
    <catRef target="#fiction" type="sphere"/>
    <catRef target="#произведения для детей" type="type"/>
    <catRef target="#works" type="works_letters_diaries"/>
    <catRef target="#азбука" type="ninetyDef"/>
    <catRef target="#Основное" type="main_var"/>
    <catRef target="#азбука" type="type_short"/>
    <catRef target="None" type="translation"/>
    <catRef target="None" type="translation_origin"/>
    <catRef target="#да" type="tolstoy_or_not"/>
    <catRef target="None" type="name_status"/>
   </textClass>
   <preparedness>
    finished
   </preparedness>
   <settingDesc>
    <time>
     XIX век
    </time>
   </settingDesc>
  </profileDesc>
  <xenoData>
   <cyclusName/>
   <p>
    Проект
    <title>
     Толстой.Digital
    </title>
    разрабатывается сотрудниками и студентами
    <orgName>
     Высшей школы экономики
    </orgName>
    в сотрудничестве с
    <orgName>
     Государственным музеем Л.Н. Толстого
    </orgName>
    . Источник текстов –
    <bibl>
     90-томное собрание сочинений Л.Н.Толстого
    </bibl>
    . Разметка основана на стандарте
    <ref target="http://www.tei-c.org">
     TEI (Text Encoding Initiative)
    </ref>
    .
   </p>
   <versionNumber/>
   <isFinished/>
   <isEdited/>
   <fullBibliographicDescription/>
  </xenoData>
 </teiHeader>
 <p rend="left emptyline">
  <pb n="203"/>
 </p>
 <div type="section" xml:id="ref79">
  <head rend="center">
   <hi rend="strong">
    ОЛЕНЬ И
    <choice>
     <reg>
      ЛАНЧУК
     </reg>
    </choice>
    .
   </hi>
  </head>
  <p rend="left" uuid="81186836-f66b-470c-8793-2cb3e8845b8e">
   <choice>
    <reg>
     Ланчук
    </reg>
    <orig>
     Ланчукъ
    </orig>
   </choice>
   <note n="n4">
    <div type="section footnote" xml:id="n4">
     <head>
      <ref target="#backn4">
       4
      </ref>
     </head>
     <p rend="left" uuid="f26e6d0b-8e1a-4624-b6e1-7e3f3c2ad70d">
      Молодой олень.
     </p>
    </div>
   </note>
   <choice>
    <reg>
     сказал
    </reg>
    <orig>
     сказалъ
    </orig>
   </choice>
   <choice>
    <reg>
     раз
    </reg>
    <orig>
     разъ
    </orig>
   </choice>
   оленю:
  </p>
  <p rend="left" uuid="5d7dcff0-7d3c-419c-923b-6810e7e7fed6">
   «Батюшка, ты и больше и
   <choice>
    <reg>
     резвее
    </reg>
   </choice>
   <choice>
    <reg>
     собак
    </reg>
   </choice>
   , да ещё и рога у тебя огромные на защиту; отчего ты
   <choice>
    <reg>
     так
    </reg>
   </choice>
   боишься
   <choice>
    <reg>
     собак
    </reg>
   </choice>
   ?»
  </p>
  <p rend="left" uuid="3d70b90d-fbcc-4678-9dbf-aee4df7f810f">
   Олень
   <choice>
    <reg>
     засемялся
    </reg>
   </choice>
   и
   <choice>
    <reg>
     говорит
    </reg>
   </choice>
   :
  </p>
  <p rend="left" uuid="409e2f8e-059f-44bd-88b4-5304c7467e69">
   «Правду говоришь, дитятко. Одна
   <choice>
    <reg>
     беда
    </reg>
   </choice>
   :
   <choice>
    <reg>
     как
    </reg>
   </choice>
   только услышу
   <choice>
    <reg>
     собачий
    </reg>
   </choice>
   лай, не
   <choice>
    <reg>
     успею
    </reg>
   </choice>
   подумать, а ужь
   <choice>
    <reg>
     бегу
    </reg>
   </choice>
   ».
  </p>
  <p rend="left emptyline" uuid="97e5bbb0-8dd7-4d26-a0d1-3d2d39f0d5b2">
   <pb n="204"/>
  </p>
  <p rend="centerline" uuid="00e7fdeb-ab8b-4371-bc48-f770f5832893">
   — 2 —
  </p>
 </div>
</TEI>