<?xml version="1.0" encoding="utf-8"?>
<TEI xmlns="http://www.tei-c.org/ns/1.0" xmlns:xi="http://www.w3.org/2001/XInclude">
 <teiHeader>
  <fileDesc>
   <titleStmt>
    <title>
     Азбука. Книга I
    </title>
    <author>
     Толстой Л.Н.
    </author>
    <respStmt>
     <resp>
      подготовка TEI/XML
     </resp>
     <name>
      Мария Картышева, Евгений Можаев, Даниил Скоринкин, Елена Сидорова, Вероника Файнберг, Кирилл Милинцевич
     </name>
    </respStmt>
    <respStmt>
     <name>
      Анастасия Бонч-Осмоловская, Фёкла Толстая, Борис Орехов
     </name>
     <resp>
      Идея, постановка задач, руководство
     </resp>
    </respStmt>
   </titleStmt>
   <publicationStmt>
    <idno>
     Азбука  | Книга I
    </idno>
    <publisher>
     <orgName>
      Школа лингвистики НИУ ВШЭ
     </orgName>
    </publisher>
    <availability>
     <p>
      Тексты и метатекстовая разметка доступны для свободного использования и распространения по лицензии Creative Commons Attribution Share-Alike (cc by-sa)
     </p>
    </availability>
   </publicationStmt>
   <sourceDesc>
    <biblStruct>
     <analytic>
      <author>
       Толстой Л.Н.
      </author>
      <title level="a">
       Азбука. Книга I
      </title>
     </analytic>
     <monogr>
      <title level="m">
       Полное собрание сочинений. Том 22
      </title>
      <imprint>
       <pubPlace>
        Москва
       </pubPlace>
       <publisher>
        Государственное издательство "Художественная литература"
       </publisher>
       <date when="1871-1872"/>
      </imprint>
     </monogr>
     <series>
      <title level="s">
       Л.Н. Толстой. Полное собрание сочинений
      </title>
      <biblScope unit="vol">
       22
      </biblScope>
     </series>
    </biblStruct>
   </sourceDesc>
  </fileDesc>
  <encodingDesc>
   <classDecl>
    <xi:include href="taxonomy.xml"/>
   </classDecl>
  </encodingDesc>
  <profileDesc>
   <creation>
    <date notAfter="1872" notBefore="1871">
     1871-1872
    </date>
    <rs/>
   </creation>
   <textClass>
    <catRef target="#fiction" type="sphere"/>
    <catRef target="#произведения для детей" type="type"/>
    <catRef target="#works" type="works_letters_diaries"/>
    <catRef target="#азбука" type="ninetyDef"/>
    <catRef target="#Основное" type="main_var"/>
    <catRef target="#азбука" type="type_short"/>
    <catRef target="None" type="translation"/>
    <catRef target="None" type="translation_origin"/>
    <catRef target="#да" type="tolstoy_or_not"/>
    <catRef target="None" type="name_status"/>
   </textClass>
   <preparedness>
    finished
   </preparedness>
   <settingDesc>
    <time>
     XIX век
    </time>
   </settingDesc>
  </profileDesc>
  <xenoData>
   <cyclusName/>
   <p>
    Проект
    <title>
     Толстой.Digital
    </title>
    разрабатывается сотрудниками и студентами
    <orgName>
     Высшей школы экономики
    </orgName>
    в сотрудничестве с
    <orgName>
     Государственным музеем Л.Н. Толстого
    </orgName>
    . Источник текстов –
    <bibl>
     90-томное собрание сочинений Л.Н.Толстого
    </bibl>
    . Разметка основана на стандарте
    <ref target="http://www.tei-c.org">
     TEI (Text Encoding Initiative)
    </ref>
    .
   </p>
   <versionNumber/>
   <isFinished/>
   <isEdited/>
   <fullBibliographicDescription/>
  </xenoData>
 </teiHeader>
 <p rend="left emptyline">
  <pb n="404"/>
 </p>
 <div type="section" xml:id="ref188">
  <head rend="center">
   <hi rend="strong">
    <choice>
     <reg>
      МИЛЬТОН
     </reg>
    </choice>
    И БУЛЬКА.
   </hi>
  </head>
  <p rend="left" uuid="e595bf52-6bef-419d-92e4-1d026b75cc46">
   Я
   <choice>
    <reg>
     завёл
    </reg>
   </choice>
   <choice>
    <reg>
     себе
    </reg>
   </choice>
   для
   <choice>
    <reg>
     фазанов
    </reg>
   </choice>
   лягавую собаку. Собаку эту звали
   <choice>
    <reg>
     Мильтон
    </reg>
   </choice>
   ; она была высокая, худая, крапчатая по
   <choice>
    <reg>
     серому
    </reg>
   </choice>
   ,
   <choice>
    <reg>
     с
    </reg>
   </choice>
   длинными брылами и ушами; и очень сильная и умная.
   <choice>
    <reg>
     С
    </reg>
   </choice>
   Булькой они не грызлись. Ни одна собака никогда не огрызалась на Бульку.
   <choice>
    <reg>
     Он
    </reg>
   </choice>
   бывало только
   <choice>
    <reg>
     покажет
    </reg>
   </choice>
   свои зубы, и собаки
   <choice>
    <reg>
     поджимают
    </reg>
   </choice>
   хвосты и
   <choice>
    <reg>
     отходят
    </reg>
   </choice>
   прочь.
   <choice>
    <reg>
     Один
    </reg>
   </choice>
   <choice>
    <reg>
     раз
    </reg>
   </choice>
   я
   <choice>
    <reg>
     пошёл
    </reg>
   </choice>
   <choice>
    <reg>
     с
    </reg>
   </choice>
   <choice>
    <reg>
     Мильтоном
    </reg>
   </choice>
   за фазанами.
   <choice>
    <reg>
     Вдруг
    </reg>
   </choice>
   Булька
   <choice>
    <reg>
     прибежал
    </reg>
   </choice>
   за мной
   <choice>
    <reg>
     в
    </reg>
   </choice>
   <choice>
    <reg>
     лес
    </reg>
   </choice>
   . Я
   <choice>
    <reg>
     хотел
    </reg>
   </choice>
   прогнать его, но
  </p>
  <p rend="left emptyline" uuid="ba0fcdd5-697d-4a0c-a7fa-5703e6cfc36b">
   <pb n="405"/>
  </p>
  <p rend="centerline" uuid="c95a2f1d-58af-49fe-add1-ee2de14e19ed">
   — 37 —
  </p>
  <p rend="notindent" uuid="d53713f5-a150-4668-91ab-f0af25dd854b">
   <choice>
    <reg>
     никак
    </reg>
   </choice>
   не
   <choice>
    <reg>
     мог
    </reg>
   </choice>
   . А идти домой, чтобы отвести его, было далеко Я
   <choice>
    <reg>
     думал
    </reg>
   </choice>
   , что
   <choice>
    <reg>
     он
    </reg>
   </choice>
   не
   <choice>
    <reg>
     будет
    </reg>
   </choice>
   <choice>
    <reg>
     мешать
    </reg>
   </choice>
   <choice>
    <reg>
     мне
    </reg>
   </choice>
   , и
   <choice>
    <reg>
     пошёл
    </reg>
   </choice>
   дальше: но только что
   <choice>
    <reg>
     Мильтон
    </reg>
   </choice>
   <choice>
    <reg>
     почуял
    </reg>
   </choice>
   <choice>
    <reg>
     в
    </reg>
   </choice>
   <choice>
    <reg>
     траве
    </reg>
   </choice>
   фазана и
   <choice>
    <reg>
     стал
    </reg>
   </choice>
   искать, Булька бросился
   <choice>
    <reg>
     вперёд
    </reg>
   </choice>
   , и
   <choice>
    <reg>
     стал
    </reg>
   </choice>
   соваться во
   <choice>
    <reg>
     все
    </reg>
   </choice>
   стороны.
   <choice>
    <reg>
     Он
    </reg>
   </choice>
   старался прежде Мильтона поднять фазана
   <choice>
    <reg>
     Он
    </reg>
   </choice>
   что-то такое
   <choice>
    <reg>
     слышал
    </reg>
   </choice>
   <choice>
    <reg>
     в
    </reg>
   </choice>
   <choice>
    <reg>
     траве
    </reg>
   </choice>
   ,
   <choice>
    <reg>
     прыгал
    </reg>
   </choice>
   ,
   <choice>
    <reg>
     вертелся
    </reg>
   </choice>
   ; но чутьё у него плохое и
   <choice>
    <reg>
     он
    </reg>
   </choice>
   не
   <choice>
    <reg>
     мог
    </reg>
   </choice>
   найти
   <choice>
    <reg>
     следа
    </reg>
   </choice>
   <choice>
    <reg>
     один
    </reg>
   </choice>
   , a
   <choice>
    <reg>
     смотрел
    </reg>
   </choice>
   на Мильтона и
   <choice>
    <reg>
     бежал
    </reg>
   </choice>
   туда, куда
   <choice>
    <reg>
     шёл
    </reg>
   </choice>
   <choice>
    <reg>
     Мильтон
    </reg>
   </choice>
   . Только что
   <choice>
    <reg>
     Мильтон
    </reg>
   </choice>
   тронется но
   <choice>
    <reg>
     следу
    </reg>
   </choice>
   , Булька
   <choice>
    <reg>
     забежит
    </reg>
   </choice>
   <choice>
    <reg>
     вперёд
    </reg>
   </choice>
   . Я
   <choice>
    <reg>
     отзывал
    </reg>
   </choice>
   Бульку,
   <choice>
    <reg>
     бил
    </reg>
   </choice>
   , но ничего не
   <choice>
    <reg>
     мог
    </reg>
   </choice>
   <choice>
    <reg>
     с
    </reg>
   </choice>
   <choice>
    <reg>
     ним
    </reg>
   </choice>
   <choice>
    <reg>
     сделать
    </reg>
   </choice>
   .
   <choice>
    <reg>
     Как
    </reg>
   </choice>
   только
   <choice>
    <reg>
     Мильтон
    </reg>
   </choice>
   <choice>
    <reg>
     начинал
    </reg>
   </choice>
   искать,
   <choice>
    <reg>
     он
    </reg>
   </choice>
   бросался
   <choice>
    <reg>
     вперёд
    </reg>
   </choice>
   и
   <choice>
    <reg>
     мешал
    </reg>
   </choice>
   ему. Я
   <choice>
    <reg>
     хотел
    </reg>
   </choice>
   уже идти домой, потому что
   <choice>
    <reg>
     думал
    </reg>
   </choice>
   , что охота моя испорчена, но
   <choice>
    <reg>
     Мильтон
    </reg>
   </choice>
   лучше меня
   <choice>
    <reg>
     придумал
    </reg>
   </choice>
   ,
   <choice>
    <reg>
     как
    </reg>
   </choice>
   обмануть Бульку.
   <choice>
    <reg>
     Он
    </reg>
   </choice>
   <choice>
    <reg>
     вот
    </reg>
   </choice>
   что
   <choice>
    <reg>
     сделал
    </reg>
   </choice>
   :
   <choice>
    <reg>
     как
    </reg>
   </choice>
   только Булька
   <choice>
    <reg>
     забежит
    </reg>
   </choice>
   ему
   <choice>
    <reg>
     вперёд
    </reg>
   </choice>
   ,
   <choice>
    <reg>
     Мильтон
    </reg>
   </choice>
   <choice>
    <reg>
     бросит
    </reg>
   </choice>
   <choice>
    <reg>
     след
    </reg>
   </choice>
   ,
   <choice>
    <reg>
     повернёт
    </reg>
   </choice>
   <choice>
    <reg>
     в
    </reg>
   </choice>
   другую сторону и протворится, что
   <choice>
    <reg>
     он
    </reg>
   </choice>
   <choice>
    <reg>
     ищет
    </reg>
   </choice>
   . Булька бросится туда, куда
   <choice>
    <reg>
     показал
    </reg>
   </choice>
   <choice>
    <reg>
     Мильтон
    </reg>
   </choice>
   , а
   <choice>
    <reg>
     Мильтон
    </reg>
   </choice>
   оглянется на меня,
   <choice>
    <reg>
     махнёт
    </reg>
   </choice>
   <choice>
    <reg>
     хвостом
    </reg>
   </choice>
   и
   <choice>
    <reg>
     пойдёт
    </reg>
   </choice>
   опять по настоящему
   <choice>
    <reg>
     следу
    </reg>
   </choice>
   . Булька опять
   <choice>
    <reg>
     прибегает
    </reg>
   </choice>
   <choice>
    <reg>
     к
    </reg>
   </choice>
   Мильтону,
   <choice>
    <reg>
     забегает
    </reg>
   </choice>
   <choice>
    <reg>
     вперёд
    </reg>
   </choice>
   , и опять
   <choice>
    <reg>
     Мильтон
    </reg>
   </choice>
   нарочно
   <choice>
    <reg>
     сделает
    </reg>
   </choice>
   <choice>
    <reg>
     шагов
    </reg>
   </choice>
   десять
   <choice>
    <reg>
     в
    </reg>
   </choice>
   сторону,
   <choice>
    <reg>
     обманет
    </reg>
   </choice>
   Бульку и опять
   <choice>
    <reg>
     поведёт
    </reg>
   </choice>
   меня прямо.
   <choice>
    <reg>
     Так
    </reg>
   </choice>
   что всю охоту
   <choice>
    <reg>
     он
    </reg>
   </choice>
   <choice>
    <reg>
     обманывал
    </reg>
   </choice>
   Бульку и не
   <choice>
    <reg>
     дал
    </reg>
   </choice>
   ему испортить
   <choice>
    <reg>
     дела
    </reg>
   </choice>
   .
  </p>
 </div>
</TEI>