<?xml version="1.0" encoding="utf-8"?>
<TEI xmlns="http://www.tei-c.org/ns/1.0" xmlns:xi="http://www.w3.org/2001/XInclude">
 <teiHeader>
  <fileDesc>
   <titleStmt>
    <title>
     Азбука. Книга I
    </title>
    <author>
     Толстой Л.Н.
    </author>
    <respStmt>
     <resp>
      подготовка TEI/XML
     </resp>
     <name>
      Мария Картышева, Евгений Можаев, Даниил Скоринкин, Елена Сидорова, Вероника Файнберг, Кирилл Милинцевич
     </name>
    </respStmt>
    <respStmt>
     <name>
      Анастасия Бонч-Осмоловская, Фёкла Толстая, Борис Орехов
     </name>
     <resp>
      Идея, постановка задач, руководство
     </resp>
    </respStmt>
   </titleStmt>
   <publicationStmt>
    <idno>
     Азбука  | Книга I
    </idno>
    <publisher>
     <orgName>
      Школа лингвистики НИУ ВШЭ
     </orgName>
    </publisher>
    <availability>
     <p>
      Тексты и метатекстовая разметка доступны для свободного использования и распространения по лицензии Creative Commons Attribution Share-Alike (cc by-sa)
     </p>
    </availability>
   </publicationStmt>
   <sourceDesc>
    <biblStruct>
     <analytic>
      <author>
       Толстой Л.Н.
      </author>
      <title level="a">
       Азбука. Книга I
      </title>
     </analytic>
     <monogr>
      <title level="m">
       Полное собрание сочинений. Том 22
      </title>
      <imprint>
       <pubPlace>
        Москва
       </pubPlace>
       <publisher>
        Государственное издательство "Художественная литература"
       </publisher>
       <date when="1871-1872"/>
      </imprint>
     </monogr>
     <series>
      <title level="s">
       Л.Н. Толстой. Полное собрание сочинений
      </title>
      <biblScope unit="vol">
       22
      </biblScope>
     </series>
    </biblStruct>
   </sourceDesc>
  </fileDesc>
  <encodingDesc>
   <classDecl>
    <xi:include href="taxonomy.xml"/>
   </classDecl>
  </encodingDesc>
  <profileDesc>
   <creation>
    <date notAfter="1872" notBefore="1871">
     1871-1872
    </date>
    <rs/>
   </creation>
   <textClass>
    <catRef target="#fiction" type="sphere"/>
    <catRef target="#произведения для детей" type="type"/>
    <catRef target="#works" type="works_letters_diaries"/>
    <catRef target="#азбука" type="ninetyDef"/>
    <catRef target="#Основное" type="main_var"/>
    <catRef target="#азбука" type="type_short"/>
    <catRef target="None" type="translation"/>
    <catRef target="None" type="translation_origin"/>
    <catRef target="#да" type="tolstoy_or_not"/>
    <catRef target="None" type="name_status"/>
   </textClass>
   <preparedness>
    finished
   </preparedness>
   <settingDesc>
    <time>
     XIX век
    </time>
   </settingDesc>
  </profileDesc>
  <xenoData>
   <cyclusName/>
   <p>
    Проект
    <title>
     Толстой.Digital
    </title>
    разрабатывается сотрудниками и студентами
    <orgName>
     Высшей школы экономики
    </orgName>
    в сотрудничестве с
    <orgName>
     Государственным музеем Л.Н. Толстого
    </orgName>
    . Источник текстов –
    <bibl>
     90-томное собрание сочинений Л.Н.Толстого
    </bibl>
    . Разметка основана на стандарте
    <ref target="http://www.tei-c.org">
     TEI (Text Encoding Initiative)
    </ref>
    .
   </p>
   <versionNumber/>
   <isFinished/>
   <isEdited/>
   <fullBibliographicDescription/>
  </xenoData>
 </teiHeader>
 <p rend="left emptyline">
  <pb n="435"/>
 </p>
    <div type="section" xml:id="ref201">
    <head rend="center">
     <hi rend="strong">
      ЗАЙЦЫ И ВОЛКИ.
     </hi>
    </head>
    <p rend="left" uuid="1150e753-2cda-4bf4-b050-57007be757a9">
     Зайцы по
     <choice>
      <reg>
       ночам
      </reg>
      <orig>
       ночамъ
      </orig>
     </choice>
     кормятся корою
     <choice>
      <reg>
       деревьев
      </reg>
      <orig>
       деревьевъ
      </orig>
     </choice>
     ; зайцы полевые — озимями и травой, гуменники —
     <choice>
      <reg>
       хлебными
      </reg>
      <orig>
       хлѣбными
      </orig>
     </choice>
     зёрнами на
     <choice>
      <reg>
       гумнах
      </reg>
      <orig>
       гумнахъ
      </orig>
     </choice>
     . За ночь зайцы
     <choice>
      <reg>
       прокладывают
      </reg>
      <orig>
       прокладываютъ
      </orig>
     </choice>
     по
     <choice>
      <reg>
       снегу
      </reg>
      <orig>
       снѣгу
      </orig>
     </choice>
     <choice>
      <reg>
       глубокий
      </reg>
      <orig>
       глубокiй
      </orig>
     </choice>
     , видный
     <choice>
      <reg>
       след
      </reg>
      <orig>
       слѣдъ
      </orig>
     </choice>
     . До
     <choice>
      <reg>
       зайцев
      </reg>
      <orig>
       зайцевъ
      </orig>
     </choice>
     охотники и люди, и собаки, и волки, и лисицы, и вороны, и орлы. Если бы
     <choice>
      <reg>
       заяц
      </reg>
      <orig>
       заяцъ
      </orig>
     </choice>
     <choice>
      <reg>
       ходил
      </reg>
      <orig>
       ходилъ
      </orig>
     </choice>
     просто и прямо, то поутру его
     <choice>
      <reg>
       сейчас
      </reg>
      <orig>
       сейчасъ
      </orig>
     </choice>
     бы нашли по
     <choice>
      <reg>
       следу
      </reg>
      <orig>
       слѣду
      </orig>
     </choice>
     и поймали; но
     <choice>
      <reg>
       Бог
      </reg>
      <orig>
       Богъ
      </orig>
     </choice>
     <choice>
      <reg>
       дал
      </reg>
      <orig>
       далъ
      </orig>
     </choice>
     зайцу трусость, — и трусость
     <choice>
      <reg>
       спасает
      </reg>
      <orig>
       спасаетъ
      </orig>
     </choice>
     его.
    </p>
    <p rend="left" uuid="c7eb1bb0-ca83-4b7a-895a-0b684c387980">
     <choice>
      <reg>
       Заяц
      </reg>
      <orig>
       Заяцъ
      </orig>
     </choice>
     <choice>
      <reg>
       ходит
      </reg>
      <orig>
       ходитъ
      </orig>
     </choice>
     ночью по
     <choice>
      <reg>
       полям
      </reg>
      <orig>
       полямъ
      </orig>
     </choice>
     и
     <choice>
      <reg>
       лесам
      </reg>
      <orig>
       лѣсамъ
      </orig>
     </choice>
     <choice>
      <reg>
       без
      </reg>
      <orig>
       безъ
      </orig>
     </choice>
     страха и
     <choice>
      <reg>
       прокладывает
      </reg>
      <orig>
       прокладываетъ
      </orig>
     </choice>
     прямые
     <choice>
      <reg>
       следы
      </reg>
      <orig>
       слѣды
      </orig>
     </choice>
     ; но
     <choice>
      <reg>
       как
      </reg>
      <orig>
       какъ
      </orig>
     </choice>
     только
     <choice>
      <reg>
       приходит
      </reg>
      <orig>
       приходитъ
      </orig>
     </choice>
     утро, враги его просыпаются,
     <choice>
      <reg>
       заяц
      </reg>
      <orig>
       заяцъ
      </orig>
     </choice>
     <choice>
      <reg>
       начинает
      </reg>
      <orig>
       начинаетъ
      </orig>
     </choice>
     слышать то лай
     <choice>
      <reg>
       собак
      </reg>
      <orig>
       собакъ
      </orig>
     </choice>
     , то
     <choice>
      <reg>
       визг
      </reg>
      <orig>
       визгъ
      </orig>
     </choice>
     саней, то голоса
     <choice>
      <reg>
       мужиков
      </reg>
      <orig>
       мужиковъ
      </orig>
     </choice>
     , то
     <choice>
      <reg>
       треск
      </reg>
      <orig>
       трескъ
      </orig>
     </choice>
     волка по
     <choice>
      <reg>
       лесу
      </reg>
      <orig>
       лѣсу
      </orig>
     </choice>
     , и
     <choice>
      <reg>
       начинает
      </reg>
      <orig>
       начинаетъ
      </orig>
     </choice>
     <choice>
      <reg>
       от
      </reg>
      <orig>
       отъ
      </orig>
     </choice>
     страха метаться
     <choice>
      <reg>
       из
      </reg>
      <orig>
       изъ
      </orig>
     </choice>
     стороны
     <choice>
      <reg>
       в
      </reg>
      <orig>
       въ
      </orig>
     </choice>
     сторону.
     <choice>
      <reg>
       Проскачет
      </reg>
      <orig>
       Проскачетъ
      </orig>
     </choice>
     <choice>
      <reg>
       вперёд
      </reg>
      <orig>
       вперёдъ
      </orig>
     </choice>
     , испугается чего нибудь и
     <choice>
      <reg>
       побежит
      </reg>
      <orig>
       побѣжитъ
      </orig>
     </choice>
     <choice>
      <reg>
       назад
      </reg>
      <orig>
       назадъ
      </orig>
     </choice>
     по своему
     <choice>
      <reg>
       следу
      </reg>
      <orig>
       слѣду
      </orig>
     </choice>
     . Ещё
     <choice>
      <reg>
       услышит
      </reg>
      <orig>
       услышитъ
      </orig>
     </choice>
     что-нибудь и со всего размаха
     <choice>
      <reg>
       прыгнёт
      </reg>
      <orig>
       прыгнётъ
      </orig>
     </choice>
     <choice>
      <reg>
       в
      </reg>
      <orig>
       въ
      </orig>
     </choice>
     сторону и
     <choice>
      <reg>
       поскачет
      </reg>
      <orig>
       поскачетъ
      </orig>
     </choice>
     прочь
     <choice>
      <reg>
       от
      </reg>
      <orig>
       отъ
      </orig>
     </choice>
     <choice>
      <reg>
       прежнего
      </reg>
      <orig>
       прежняго
      </orig>
     </choice>
     <choice>
      <reg>
       следа
      </reg>
      <orig>
       слѣда
      </orig>
     </choice>
     . Опять
     <choice>
      <reg>
       стукнет
      </reg>
      <orig>
       стукнетъ
      </orig>
     </choice>
     что-нибудь, опять
     <choice>
      <reg>
       заяц
      </reg>
      <orig>
       заяцъ
      </orig>
     </choice>
     повернётся
     <choice>
      <reg>
       назад
      </reg>
      <orig>
       назадъ
      </orig>
     </choice>
     и опять
     <choice>
      <reg>
       поскачет
      </reg>
      <orig>
       поскачетъ
      </orig>
     </choice>
     <choice>
      <reg>
       в
      </reg>
      <orig>
       въ
      </orig>
     </choice>
     сторону. Когда
     <choice>
      <reg>
       светло
      </reg>
      <orig>
       свѣтло
      </orig>
     </choice>
     <choice>
      <reg>
       станет
      </reg>
      <orig>
       станетъ
      </orig>
     </choice>
     ,
     <choice>
      <reg>
       он
      </reg>
      <orig>
       онъ
      </orig>
     </choice>
     <choice>
      <reg>
       ляжет
      </reg>
      <orig>
       ляжетъ
      </orig>
     </choice>
     .
    </p>
    <p rend="left" uuid="67dbdd4d-16e7-4544-83f0-12d1028d8f33">
     На утро охотники
     <choice>
      <reg>
       начинают
      </reg>
      <orig>
       начинаютъ
      </orig>
     </choice>
     разбирать
     <choice>
      <reg>
       заячий
      </reg>
      <orig>
       заячiй
      </orig>
     </choice>
     <choice>
      <reg>
       след
      </reg>
      <orig>
       слѣдъ
      </orig>
     </choice>
     , путаются по
     <choice>
      <reg>
       двойным
      </reg>
      <orig>
       двойнымъ
      </orig>
     </choice>
     <choice>
      <reg>
       следам
      </reg>
      <orig>
       слѣдамъ
      </orig>
     </choice>
     и
     <choice>
      <reg>
       далёким
      </reg>
      <orig>
       далёкимъ
      </orig>
     </choice>
     <choice>
      <reg>
       прыжкам
      </reg>
      <orig>
       прыжкамъ
      </orig>
     </choice>
     и удивляются хитрости зайца. А
     <choice>
      <reg>
       заяц
      </reg>
      <orig>
       заяцъ
      </orig>
     </choice>
     и не
     <choice>
      <reg>
       думал
      </reg>
      <orig>
       думалъ
      </orig>
     </choice>
     хитрить.
     <choice>
      <reg>
       Он
      </reg>
      <orig>
       Онъ
      </orig>
     </choice>
     только всего боится.
    </p>
    <p rend="left emptyline" uuid="a96cf2cb-5fcc-40a4-aab4-dab4c6ffd0d2">
     <pb n="436"/>
    </p>
    <p rend="centerline" uuid="861ad4c6-c340-4b86-9e00-303f4aac8662">
     — 68 —
    </p>
   </div>
</TEI>