<?xml version="1.0" encoding="utf-8"?>
<TEI xmlns="http://www.tei-c.org/ns/1.0" xmlns:xi="http://www.w3.org/2001/XInclude">
 <teiHeader>
  <fileDesc>
   <titleStmt>
    <title>
     Азбука. Книга I
    </title>
    <author>
     Толстой Л.Н.
    </author>
    <respStmt>
     <resp>
      подготовка TEI/XML
     </resp>
     <name>
      Мария Картышева, Евгений Можаев, Даниил Скоринкин, Елена Сидорова, Вероника Файнберг, Кирилл Милинцевич
     </name>
    </respStmt>
    <respStmt>
     <name>
      Анастасия Бонч-Осмоловская, Фёкла Толстая, Борис Орехов
     </name>
     <resp>
      Идея, постановка задач, руководство
     </resp>
    </respStmt>
   </titleStmt>
   <publicationStmt>
    <idno>
     Азбука  | Книга I
    </idno>
    <publisher>
     <orgName>
      Школа лингвистики НИУ ВШЭ
     </orgName>
    </publisher>
    <availability>
     <p>
      Тексты и метатекстовая разметка доступны для свободного использования и распространения по лицензии Creative Commons Attribution Share-Alike (cc by-sa)
     </p>
    </availability>
   </publicationStmt>
   <sourceDesc>
    <biblStruct>
     <analytic>
      <author>
       Толстой Л.Н.
      </author>
      <title level="a">
       Азбука. Книга I
      </title>
     </analytic>
     <monogr>
      <title level="m">
       Полное собрание сочинений. Том 22
      </title>
      <imprint>
       <pubPlace>
        Москва
       </pubPlace>
       <publisher>
        Государственное издательство "Художественная литература"
       </publisher>
       <date when="1871-1872"/>
      </imprint>
     </monogr>
     <series>
      <title level="s">
       Л.Н. Толстой. Полное собрание сочинений
      </title>
      <biblScope unit="vol">
       22
      </biblScope>
     </series>
    </biblStruct>
   </sourceDesc>
  </fileDesc>
  <encodingDesc>
   <classDecl>
    <xi:include href="taxonomy.xml"/>
   </classDecl>
  </encodingDesc>
  <profileDesc>
   <creation>
    <date notAfter="1872" notBefore="1871">
     1871-1872
    </date>
    <rs/>
   </creation>
   <textClass>
    <catRef target="#fiction" type="sphere"/>
    <catRef target="#произведения для детей" type="type"/>
    <catRef target="#works" type="works_letters_diaries"/>
    <catRef target="#азбука" type="ninetyDef"/>
    <catRef target="#Основное" type="main_var"/>
    <catRef target="#азбука" type="type_short"/>
    <catRef target="None" type="translation"/>
    <catRef target="None" type="translation_origin"/>
    <catRef target="#да" type="tolstoy_or_not"/>
    <catRef target="None" type="name_status"/>
   </textClass>
   <preparedness>
    finished
   </preparedness>
   <settingDesc>
    <time>
     XIX век
    </time>
   </settingDesc>
  </profileDesc>
  <xenoData>
   <cyclusName/>
   <p>
    Проект
    <title>
     Толстой.Digital
    </title>
    разрабатывается сотрудниками и студентами
    <orgName>
     Высшей школы экономики
    </orgName>
    в сотрудничестве с
    <orgName>
     Государственным музеем Л.Н. Толстого
    </orgName>
    . Источник текстов –
    <bibl>
     90-томное собрание сочинений Л.Н.Толстого
    </bibl>
    . Разметка основана на стандарте
    <ref target="http://www.tei-c.org">
     TEI (Text Encoding Initiative)
    </ref>
    .
   </p>
   <versionNumber/>
   <isFinished/>
   <isEdited/>
   <fullBibliographicDescription/>
  </xenoData>
 </teiHeader>
 <p rend="left emptyline">
  <pb n="261"/>
 </p>
 <div type="section" xml:id="ref130">
  <head rend="center">
   <hi rend="strong">
    АКУЛА.
   </hi>
  </head>
  <p rend="left" uuid="53d0fe0d-b0ac-476e-b98f-d44ba152a528">
   <choice>
    <reg>
     Наш
    </reg>
   </choice>
   корабль
   <choice>
    <reg>
     стоял
    </reg>
   </choice>
   на
   <choice>
    <reg>
     якоре
    </reg>
   </choice>
   у берега Африки. День быль прекрасный;
   <choice>
    <reg>
     с
    </reg>
   </choice>
   моря
   <choice>
    <reg>
     дул
    </reg>
   </choice>
   <choice>
    <reg>
     свежий
    </reg>
   </choice>
   <choice>
    <reg>
     ветер
    </reg>
   </choice>
   ; но
   <choice>
    <reg>
     к
    </reg>
   </choice>
   вечеру погода
   <choice>
    <reg>
     изменилась
    </reg>
   </choice>
   : стало душно и точно
   <choice>
    <reg>
     из
    </reg>
   </choice>
   топленой печки несло на
   <choice>
    <reg>
     нас
    </reg>
   </choice>
   горячимь
   <choice>
    <reg>
     воздухом
    </reg>
   </choice>
   <choice>
    <reg>
     с
    </reg>
   </choice>
   пустыни Сахары.
  </p>
  <p rend="left" uuid="c02f92dc-973b-4978-8ed6-583eef659e2d">
   <choice>
    <reg>
     Перед
    </reg>
   </choice>
   <choice>
    <reg>
     закатом
    </reg>
   </choice>
   солнца
   <choice>
    <reg>
     капитан
    </reg>
   </choice>
   <choice>
    <reg>
     вышел
    </reg>
   </choice>
   на палобу,
   <choice>
    <reg>
     крикнул
    </reg>
   </choice>
   : «купаться!» и
   <choice>
    <reg>
     в
    </reg>
   </choice>
   одну минуту матросы попрыгали
   <choice>
    <reg>
     в
    </reg>
   </choice>
   воду, спустили
   <choice>
    <reg>
     в
    </reg>
   </choice>
   воду
   <choice>
    <reg>
     парус
    </reg>
   </choice>
   , привязали его и
   <choice>
    <reg>
     в
    </reg>
   </choice>
   <choice>
    <reg>
     парусе
    </reg>
   </choice>
   устроили купальню.
  </p>
  <p rend="left" uuid="40941a17-77bb-4892-8fb0-a76ad6a33089">
   На
   <choice>
    <reg>
     корабле
    </reg>
   </choice>
   <choice>
    <reg>
     с
    </reg>
   </choice>
   нами было два мальчика. Мальчики первые попрыгали
   <choice>
    <reg>
     в
    </reg>
   </choice>
   воду, но
   <choice>
    <reg>
     им
    </reg>
   </choice>
   <choice>
    <reg>
     тесно
    </reg>
   </choice>
   было
   <choice>
    <reg>
     в
    </reg>
   </choice>
   <choice>
    <reg>
     парусе
    </reg>
   </choice>
   и они вздумали плавать на перегонки
   <choice>
    <reg>
     в
    </reg>
   </choice>
   <choice>
    <reg>
     открытом
    </reg>
   </choice>
   <choice>
    <reg>
     море
    </reg>
   </choice>
   .
  </p>
  <p rend="left" uuid="70126913-b7ff-4d97-80ed-5f5329b184c2">
   Оба
   <choice>
    <reg>
     как
    </reg>
   </choice>
   ящерицы вытягивались
   <choice>
    <reg>
     в
    </reg>
   </choice>
   <choice>
    <reg>
     воде
    </reg>
   </choice>
   и что было силы поплыли
   <choice>
    <reg>
     к
    </reg>
   </choice>
   тому
   <choice>
    <reg>
     месту
    </reg>
   </choice>
   ,
   <choice>
    <reg>
     где
    </reg>
   </choice>
   <choice>
    <reg>
     был
    </reg>
   </choice>
   <choice>
    <reg>
     боченок
    </reg>
   </choice>
   <choice>
    <reg>
     над
    </reg>
   </choice>
   <choice>
    <reg>
     якорем
    </reg>
   </choice>
   .
  </p>
  <p rend="left" uuid="f1b09cf1-27ac-4150-a944-e1d347f611dc">
   <choice>
    <reg>
     Один
    </reg>
   </choice>
   <choice>
    <reg>
     мальчик
    </reg>
   </choice>
   сначала
   <choice>
    <reg>
     перегнал
    </reg>
   </choice>
   товарища, но
   <choice>
    <reg>
     потом
    </reg>
   </choice>
   <choice>
    <reg>
     стал
    </reg>
   </choice>
   отставать.
   <choice>
    <reg>
     Отец
    </reg>
   </choice>
   мальчика, старый
   <choice>
    <reg>
     артиллерист
    </reg>
   </choice>
   ,
   <choice>
    <reg>
     стоял
    </reg>
   </choice>
   на
   <choice>
    <reg>
     палубе
    </reg>
   </choice>
   и любовался на своего сынишку. Когда
   <choice>
    <reg>
     сын
    </reg>
   </choice>
   <choice>
    <reg>
     стал
    </reg>
   </choice>
   отставать,
   <choice>
    <reg>
     отец
    </reg>
   </choice>
   <choice>
    <reg>
     крикнул
    </reg>
   </choice>
   ему: «не выдавай! понатужься!»
  </p>
  <p rend="left" uuid="ceda29f2-2671-4adb-a522-ba37977e50de">
   <choice>
    <reg>
     Вдруг
    </reg>
   </choice>
   <choice>
    <reg>
     с
    </reg>
   </choice>
   палубы кто-то
   <choice>
    <reg>
     крикнул
    </reg>
   </choice>
   : «акула!» и
   <choice>
    <reg>
     все
    </reg>
   </choice>
   мы увидали
   <choice>
    <reg>
     в
    </reg>
   </choice>
   <choice>
    <reg>
     воде
    </reg>
   </choice>
   спину
   <choice>
    <reg>
     морского
    </reg>
   </choice>
   чудовища.
  </p>
  <p rend="left" uuid="7aaa3bcd-14ba-4226-84fb-3f356997687f">
   Акула плыла прямо на
   <choice>
    <reg>
     мальчиков
    </reg>
   </choice>
   .
  </p>
  <p rend="left" uuid="ff6cf196-4091-4fcf-98e1-a67a4782acca">
   — «
   <choice>
    <reg>
     Назад
    </reg>
   </choice>
   !
   <choice>
    <reg>
     назад
    </reg>
   </choice>
   ! вернитесь! акула!»
   <choice>
    <reg>
     закричал
    </reg>
   </choice>
   <choice>
    <reg>
     артиллерист
    </reg>
   </choice>
   . Но ребята не слыхали его, плыли дальше,
   <choice>
    <reg>
     смеялись
    </reg>
   </choice>
   и кричали еще
   <choice>
    <reg>
     веселее
    </reg>
   </choice>
   и громче
   <choice>
    <reg>
     прежнего
    </reg>
   </choice>
   .
  </p>
  <p rend="left emptyline" uuid="35009338-1e6b-4720-aafd-72fd1d01031c">
   <pb n="262"/>
  </p>
  <p rend="centerline" uuid="59c94432-1fb1-452f-bef3-28561d3e817e">
   — 60 —
  </p>
  <p rend="left" uuid="fcf21ed9-3dbc-4614-b56d-224c807cea1e">
   <choice>
    <reg>
     Артиллерист
    </reg>
   </choice>
   ,
   <choice>
    <reg>
     бледный
    </reg>
   </choice>
   <choice>
    <reg>
     как
    </reg>
   </choice>
   полотно, не шевелясь,
   <choice>
    <reg>
     смотрел
    </reg>
   </choice>
   на
   <choice>
    <reg>
     детей
    </reg>
   </choice>
   .
  </p>
  <p rend="left" uuid="fcfd1333-3487-44ae-9e47-fc5d4dfa3826">
   Матросы спустили лодку, бросились
   <choice>
    <reg>
     в
    </reg>
   </choice>
   неё и, сгибая вёсла, понеслись что было силы
   <choice>
    <reg>
     к
    </reg>
   </choice>
   <choice>
    <reg>
     мальчикам
    </reg>
   </choice>
   , но они были ещё далеко
   <choice>
    <reg>
     от
    </reg>
   </choice>
   <choice>
    <reg>
     них
    </reg>
   </choice>
   , когда акула уже была не дальше 20-ти
   <choice>
    <reg>
     шагов
    </reg>
   </choice>
   .
  </p>
  <p rend="left" uuid="dee7e1a3-d458-461b-8677-072221d95a83">
   Мальчики сначала не слыхали того, чтó
   <choice>
    <reg>
     им
    </reg>
   </choice>
   кричали, и не видали акулы; но
   <choice>
    <reg>
     потом
    </reg>
   </choice>
   <choice>
    <reg>
     один
    </reg>
   </choice>
   <choice>
    <reg>
     из
    </reg>
   </choice>
   <choice>
    <reg>
     них
    </reg>
   </choice>
   оглянулся, и мы
   <choice>
    <reg>
     все
    </reg>
   </choice>
   услыхали пронзительный
   <choice>
    <reg>
     визг
    </reg>
   </choice>
   , и мальчики поплыли
   <choice>
    <reg>
     в
    </reg>
   </choice>
   <choice>
    <reg>
     разные
    </reg>
   </choice>
   стороны.
  </p>
  <p rend="left" uuid="61551fb6-0803-4304-b8d1-c4980b363393">
   <choice>
    <reg>
     Визг
    </reg>
   </choice>
   <choice>
    <reg>
     этот
    </reg>
   </choice>
   <choice>
    <reg>
     как
    </reg>
   </choice>
   будто
   <choice>
    <reg>
     разбудил
    </reg>
   </choice>
   артиллериста.
   <choice>
    <reg>
     Он
    </reg>
   </choice>
   сорвался
   <choice>
    <reg>
     с
    </reg>
   </choice>
   <choice>
    <reg>
     места
    </reg>
   </choice>
   и
   <choice>
    <reg>
     побежал
    </reg>
   </choice>
   <choice>
    <reg>
     к
    </reg>
   </choice>
   <choice>
    <reg>
     пушкам
    </reg>
   </choice>
   .
   <choice>
    <reg>
     Он
    </reg>
   </choice>
   <choice>
    <reg>
     повернул
    </reg>
   </choice>
   <choice>
    <reg>
     хобот
    </reg>
   </choice>
   ,
   <choice>
    <reg>
     прилёг
    </reg>
   </choice>
   <choice>
    <reg>
     к
    </reg>
   </choice>
   <choice>
    <reg>
     пушке
    </reg>
   </choice>
   ,
   <choice>
    <reg>
     прицелился
    </reg>
   </choice>
   и
   <choice>
    <reg>
     взял
    </reg>
   </choice>
   фитиль.
  </p>
  <p rend="left" uuid="6724f5f2-4487-41b9-b6d9-f8ff30696e47">
   Мы
   <choice>
    <reg>
     все
    </reg>
   </choice>
   , сколько
   <choice>
    <reg>
     нас
    </reg>
   </choice>
   ни было на
   <choice>
    <reg>
     корабле
    </reg>
   </choice>
   , замерли
   <choice>
    <reg>
     от
    </reg>
   </choice>
   страха и ждали, что
   <choice>
    <reg>
     будет
    </reg>
   </choice>
   .
  </p>
  <p rend="left" uuid="d6a66674-7ecb-4d07-95ff-68a654547c85">
   Раздался
   <choice>
    <reg>
     выстрел
    </reg>
   </choice>
   , и мы увидали, что
   <choice>
    <reg>
     артиллерист
    </reg>
   </choice>
   <choice>
    <reg>
     упал
    </reg>
   </choice>
   <choice>
    <reg>
     подле
    </reg>
   </choice>
   пушки и
   <choice>
    <reg>
     закрыл
    </reg>
   </choice>
   лицо руками. Что
   <choice>
    <reg>
     сделалось
    </reg>
   </choice>
   <choice>
    <reg>
     с
    </reg>
   </choice>
   акулой и
   <choice>
    <reg>
     с
    </reg>
   </choice>
   мальчиками, мы не видали, потому что на минуту
   <choice>
    <reg>
     дым
    </reg>
   </choice>
   <choice>
    <reg>
     застлал
    </reg>
   </choice>
   <choice>
    <reg>
     нам
    </reg>
   </choice>
   глаза.
  </p>
  <p rend="left" uuid="0076b373-f34a-4ce0-8e40-e3515c61ccdf">
   Но когда
   <choice>
    <reg>
     дым
    </reg>
   </choice>
   разошёлся
   <choice>
    <reg>
     над
    </reg>
   </choice>
   водою, со
   <choice>
    <reg>
     всех
    </reg>
   </choice>
   <choice>
    <reg>
     сторон
    </reg>
   </choice>
   послышался сначала
   <choice>
    <reg>
     тихий
    </reg>
   </choice>
   <choice>
    <reg>
     ропот
    </reg>
   </choice>
   ,
   <choice>
    <reg>
     потом
    </reg>
   </choice>
   <choice>
    <reg>
     ропот
    </reg>
   </choice>
   <choice>
    <reg>
     этот
    </reg>
   </choice>
   <choice>
    <reg>
     стал
    </reg>
   </choice>
   <choice>
    <reg>
     сильнее
    </reg>
   </choice>
   и
   <choice>
    <reg>
     наконец
    </reg>
   </choice>
   со
   <choice>
    <reg>
     всех
    </reg>
   </choice>
   <choice>
    <reg>
     сторон
    </reg>
   </choice>
   раздался
   <choice>
    <reg>
     громкий
    </reg>
   </choice>
   , радостный
   <choice>
    <reg>
     крик
    </reg>
   </choice>
   .
  </p>
  <p rend="left" uuid="78b458df-b073-4e43-8f85-f00f6456dd01">
   Старый
   <choice>
    <reg>
     артиллерист
    </reg>
   </choice>
   <choice>
    <reg>
     открыл
    </reg>
   </choice>
   лицо, поднялся и
   <choice>
    <reg>
     посмотрел
    </reg>
   </choice>
   на море.
  </p>
  <p rend="left" uuid="f810282a-8b6e-44e2-8808-41b9b3315fac">
   По
   <choice>
    <reg>
     волнам
    </reg>
   </choice>
   колыхалось жёлтое брюхо мёртвой акулы.
   <choice>
    <reg>
     В
    </reg>
   </choice>
   <choice>
    <reg>
     несколько
    </reg>
   </choice>
   <choice>
    <reg>
     минут
    </reg>
   </choice>
   лодка подплыла
   <choice>
    <reg>
     к
    </reg>
   </choice>
   <choice>
    <reg>
     мальчикам
    </reg>
   </choice>
   и привезла
   <choice>
    <reg>
     их
    </reg>
   </choice>
   на корабль.
  </p>
  <p rend="left emptyline" uuid="397a469f-f3e9-4d00-9359-dcac52fc3bf5">
   <pb n="263"/>
  </p>
 </div>
</TEI>