<?xml version="1.0" encoding="utf-8"?>
<TEI xmlns="http://www.tei-c.org/ns/1.0" xmlns:xi="http://www.w3.org/2001/XInclude">
 <teiHeader>
  <fileDesc>
   <titleStmt>
    <title>
     Азбука. Книга I
    </title>
    <author>
     Толстой Л.Н.
    </author>
    <respStmt>
     <resp>
      подготовка TEI/XML
     </resp>
     <name>
      Мария Картышева, Евгений Можаев, Даниил Скоринкин, Елена Сидорова, Вероника Файнберг, Кирилл Милинцевич
     </name>
    </respStmt>
    <respStmt>
     <name>
      Анастасия Бонч-Осмоловская, Фёкла Толстая, Борис Орехов
     </name>
     <resp>
      Идея, постановка задач, руководство
     </resp>
    </respStmt>
   </titleStmt>
   <publicationStmt>
    <idno>
     Азбука  | Книга I
    </idno>
    <publisher>
     <orgName>
      Школа лингвистики НИУ ВШЭ
     </orgName>
    </publisher>
    <availability>
     <p>
      Тексты и метатекстовая разметка доступны для свободного использования и распространения по лицензии Creative Commons Attribution Share-Alike (cc by-sa)
     </p>
    </availability>
   </publicationStmt>
   <sourceDesc>
    <biblStruct>
     <analytic>
      <author>
       Толстой Л.Н.
      </author>
      <title level="a">
       Азбука. Книга I
      </title>
     </analytic>
     <monogr>
      <title level="m">
       Полное собрание сочинений. Том 22
      </title>
      <imprint>
       <pubPlace>
        Москва
       </pubPlace>
       <publisher>
        Государственное издательство "Художественная литература"
       </publisher>
       <date when="1871-1872"/>
      </imprint>
     </monogr>
     <series>
      <title level="s">
       Л.Н. Толстой. Полное собрание сочинений
      </title>
      <biblScope unit="vol">
       22
      </biblScope>
     </series>
    </biblStruct>
   </sourceDesc>
  </fileDesc>
  <encodingDesc>
   <classDecl>
    <xi:include href="taxonomy.xml"/>
   </classDecl>
  </encodingDesc>
  <profileDesc>
   <creation>
    <date notAfter="1872" notBefore="1871">
     1871-1872
    </date>
    <rs/>
   </creation>
   <textClass>
    <catRef target="#fiction" type="sphere"/>
    <catRef target="#произведения для детей" type="type"/>
    <catRef target="#works" type="works_letters_diaries"/>
    <catRef target="#азбука" type="ninetyDef"/>
    <catRef target="#Основное" type="main_var"/>
    <catRef target="#азбука" type="type_short"/>
    <catRef target="None" type="translation"/>
    <catRef target="None" type="translation_origin"/>
    <catRef target="#да" type="tolstoy_or_not"/>
    <catRef target="None" type="name_status"/>
   </textClass>
   <preparedness>
    finished
   </preparedness>
   <settingDesc>
    <time>
     XIX век
    </time>
   </settingDesc>
  </profileDesc>
  <xenoData>
   <cyclusName/>
   <p>
    Проект
    <title>
     Толстой.Digital
    </title>
    разрабатывается сотрудниками и студентами
    <orgName>
     Высшей школы экономики
    </orgName>
    в сотрудничестве с
    <orgName>
     Государственным музеем Л.Н. Толстого
    </orgName>
    . Источник текстов –
    <bibl>
     90-томное собрание сочинений Л.Н.Толстого
    </bibl>
    . Разметка основана на стандарте
    <ref target="http://www.tei-c.org">
     TEI (Text Encoding Initiative)
    </ref>
    .
   </p>
   <versionNumber/>
   <isFinished/>
   <isEdited/>
   <fullBibliographicDescription/>
  </xenoData>
 </teiHeader>
 <p rend="left emptyline">
  <pb n="68"/>
 </p>
 <p rend="Azbuka left" uuid="f1aec2e2-fc89-48a1-9951-9e72b36fe61b">
  Два рыбака т
  <hi rend="over">
   <lb/>
   я
  </hi>
  нули нев
  <hi rend="over">
   <lb/>
   о
  </hi>
  <choice>
   <reg>
    д
   </reg>
  </choice>
  . К
  <hi rend="over">
   <lb/>
   ог
  </hi>
  да стало т
  <hi rend="over">
   <lb/>
   я
  </hi>
  жело,
  <hi rend="over">
   <lb/>
   о
  </hi>
  <choice>
   <reg>
    дин
   </reg>
  </choice>
  <hi rend="over">
   <lb/>
   о
  </hi>
  становилс
  <hi rend="over">
   <lb/>
   о
  </hi>
  и
  <choice>
   <reg>
    сказал
   </reg>
  </choice>
  ,
  <hi rend="over">
   <lb/>
   ч
  </hi>
  то нев
  <hi rend="over">
   <lb/>
   о
  </hi>
  <choice>
   <reg>
    д
   </reg>
  </choice>
  не х
  <hi rend="over">
   <lb/>
   о
  </hi>
  рош
  <hi rend="over">
   <lb/>
   iй
  </hi>
  ; другой
 </p>
 <p rend="left emptyline" uuid="b48ac58d-9687-4ce9-a4f0-9bdbce0a6c50">
  <pb n="69"/>
 </p>
 <p rend="centerline" uuid="55d8d9a8-8cfb-476b-9c0a-b7f4783b5b15">
  — 59 —
 </p>
 <p rend="Azbuka notindent" uuid="9a263102-eb9d-4c79-90ad-4821e65e455d">
  <hi rend="over">
   <hi rend="petit">
    а
   </hi>
   <lb/>
   о
  </hi>
  становилс
  <hi rend="over">
   <hi rend="petit">
    а
   </hi>
   <lb/>
   о
  </hi>
  и
  <choice>
   <reg>
    сказал
   </reg>
   <orig>
    сказалъ
   </orig>
  </choice>
  : „нев
  <hi rend="over">
   <hi rend="petit">
    а
   </hi>
   <lb/>
   о
  </hi>
  <choice>
   <reg>
    д
   </reg>
   <orig>
    дъ
   </orig>
  </choice>
  х
  <hi rend="over">
   <hi rend="petit">
    а
   </hi>
   <lb/>
   о
  </hi>
  рош
  <hi rend="over">
   <hi rend="petit">
    ей
   </hi>
   <lb/>
   iй
  </hi>
  , но гру
  <hi rend="over">
   <hi rend="petit">
    с
   </hi>
   <lb/>
   з
  </hi>
  ъ лишн
  <hi rend="over">
   <hi rend="petit">
    ей
   </hi>
   <lb/>
   iй
  </hi>
  “. Трет
  <hi rend="over">
   <hi rend="petit">
    ей
   </hi>
   <lb/>
   iй
  </hi>
  <choice>
   <reg>
    сказал
   </reg>
   <orig>
    сказалъ
   </orig>
  </choice>
  :
  <choice>
   <reg>
    „После
   </reg>
   <orig>
    „Послѣ
   </orig>
  </choice>
  ра
  <hi rend="over">
   <hi rend="petit">
    с
   </hi>
   <lb/>
   з
  </hi>
  <choice>
   <reg>
    судим
   </reg>
   <orig>
    судимъ
   </orig>
  </choice>
  ; а теперь тащить над
  <hi rend="over">
   <hi rend="petit">
    а
   </hi>
   <lb/>
   о
  </hi>
  “.
  <hi rend="italic">
   За спор
  </hi>
  <hi rend="over">
   <hi rend="petit">
    а
   </hi>
   <lb/>
   о
  </hi>
  <hi rend="italic">
   <choice>
    <reg>
     м
    </reg>
    <orig>
     мъ
    </orig>
   </choice>
   <choice>
    <reg>
     дело
    </reg>
    <orig>
     дѣло
    </orig>
   </choice>
   стало.
  </hi>
 </p>
</TEI>