<?xml version="1.0" encoding="utf-8"?>
<TEI xmlns="http://www.tei-c.org/ns/1.0" xmlns:xi="http://www.w3.org/2001/XInclude">
 <teiHeader>
  <fileDesc>
   <titleStmt>
    <title>
     Азбука. Книга I
    </title>
    <author>
     Толстой Л.Н.
    </author>
    <respStmt>
     <resp>
      подготовка TEI/XML
     </resp>
     <name>
      Мария Картышева, Евгений Можаев, Даниил Скоринкин, Елена Сидорова, Вероника Файнберг, Кирилл Милинцевич
     </name>
    </respStmt>
    <respStmt>
     <name>
      Анастасия Бонч-Осмоловская, Фёкла Толстая, Борис Орехов
     </name>
     <resp>
      Идея, постановка задач, руководство
     </resp>
    </respStmt>
   </titleStmt>
   <publicationStmt>
    <idno>
     Азбука  | Книга I
    </idno>
    <publisher>
     <orgName>
      Школа лингвистики НИУ ВШЭ
     </orgName>
    </publisher>
    <availability>
     <p>
      Тексты и метатекстовая разметка доступны для свободного использования и распространения по лицензии Creative Commons Attribution Share-Alike (cc by-sa)
     </p>
    </availability>
   </publicationStmt>
   <sourceDesc>
    <biblStruct>
     <analytic>
      <author>
       Толстой Л.Н.
      </author>
      <title level="a">
       Азбука. Книга I
      </title>
     </analytic>
     <monogr>
      <title level="m">
       Полное собрание сочинений. Том 22
      </title>
      <imprint>
       <pubPlace>
        Москва
       </pubPlace>
       <publisher>
        Государственное издательство "Художественная литература"
       </publisher>
       <date when="1871-1872"/>
      </imprint>
     </monogr>
     <series>
      <title level="s">
       Л.Н. Толстой. Полное собрание сочинений
      </title>
      <biblScope unit="vol">
       22
      </biblScope>
     </series>
    </biblStruct>
   </sourceDesc>
  </fileDesc>
  <encodingDesc>
   <classDecl>
    <xi:include href="taxonomy.xml"/>
   </classDecl>
  </encodingDesc>
  <profileDesc>
   <creation>
    <date notAfter="1872" notBefore="1871">
     1871-1872
    </date>
    <rs/>
   </creation>
   <textClass>
    <catRef target="#fiction" type="sphere"/>
    <catRef target="#произведения для детей" type="type"/>
    <catRef target="#works" type="works_letters_diaries"/>
    <catRef target="#азбука" type="ninetyDef"/>
    <catRef target="#Основное" type="main_var"/>
    <catRef target="#азбука" type="type_short"/>
    <catRef target="None" type="translation"/>
    <catRef target="None" type="translation_origin"/>
    <catRef target="#да" type="tolstoy_or_not"/>
    <catRef target="None" type="name_status"/>
   </textClass>
   <preparedness>
    finished
   </preparedness>
   <settingDesc>
    <time>
     XIX век
    </time>
   </settingDesc>
  </profileDesc>
  <xenoData>
   <cyclusName/>
   <p>
    Проект
    <title>
     Толстой.Digital
    </title>
    разрабатывается сотрудниками и студентами
    <orgName>
     Высшей школы экономики
    </orgName>
    в сотрудничестве с
    <orgName>
     Государственным музеем Л.Н. Толстого
    </orgName>
    . Источник текстов –
    <bibl>
     90-томное собрание сочинений Л.Н.Толстого
    </bibl>
    . Разметка основана на стандарте
    <ref target="http://www.tei-c.org">
     TEI (Text Encoding Initiative)
    </ref>
    .
   </p>
   <versionNumber/>
   <isFinished/>
   <isEdited/>
   <fullBibliographicDescription/>
  </xenoData>
 </teiHeader>
 <p rend="left emptyline">
  <pb n="247"/>
 </p>
 <div type="section" xml:id="ref125">
  <head rend="center">
   <hi rend="strong">
    <choice>
     <reg>
      КАМБИЗ
     </reg>
    </choice>
    И
    <choice>
     <reg>
      ПСАМЕНИТ
     </reg>
    </choice>
    .
   </hi>
  </head>
  <p rend="left" uuid="ac5501a6-a013-4bac-b8a9-7edc3d8b71b5">
   Когда царь
   <choice>
    <reg>
     персидский
    </reg>
   </choice>
   <choice>
    <reg>
     Камбиз
    </reg>
   </choice>
   <choice>
    <reg>
     завоевал
    </reg>
   </choice>
   <choice>
    <reg>
     Египет
    </reg>
   </choice>
   и
   <choice>
    <reg>
     полонил
    </reg>
   </choice>
   царя
   <choice>
    <reg>
     Египетского
    </reg>
   </choice>
   Псаменита,
   <choice>
    <reg>
     он
    </reg>
   </choice>
   <choice>
    <reg>
     велел
    </reg>
   </choice>
   вывесть на площадь царя Псаменита
   <choice>
    <reg>
     с
    </reg>
   </choice>
   другими египтянами и
   <choice>
    <reg>
     велел
    </reg>
   </choice>
   вывести на площадь
   <choice>
    <reg>
     две
    </reg>
   </choice>
   тысячи
   <choice>
    <reg>
     человек
    </reg>
   </choice>
   , а
   <choice>
    <reg>
     с
    </reg>
   </choice>
   ними
   <choice>
    <reg>
     вместе
    </reg>
   </choice>
   псаменитову дочь,
   <choice>
    <reg>
     приказал
    </reg>
   </choice>
   <choice>
    <reg>
     одеть
    </reg>
   </choice>
   её
   <choice>
    <reg>
     в
    </reg>
   </choice>
   лохмотья и выслать
   <choice>
    <reg>
     с
    </reg>
   </choice>
   вёдрами за водой;
   <choice>
    <reg>
     вместе
    </reg>
   </choice>
   <choice>
    <reg>
     с
    </reg>
   </choice>
   нею
   <choice>
    <reg>
     он
    </reg>
   </choice>
   <choice>
    <reg>
     послал
    </reg>
   </choice>
   <choice>
    <reg>
     в
    </reg>
   </choice>
   <choice>
    <reg>
     такой же
    </reg>
   </choice>
   <choice>
    <reg>
     одежде
    </reg>
   </choice>
   и дочерей
   <choice>
    <reg>
     самых
    </reg>
   </choice>
   <choice>
    <reg>
     знатных
    </reg>
   </choice>
   <choice>
    <reg>
     египтян
    </reg>
   </choice>
   . Когда
   <choice>
    <reg>
     девицы
    </reg>
   </choice>
   <choice>
    <reg>
     с
    </reg>
   </choice>
   <choice>
    <reg>
     воем
    </reg>
   </choice>
   и
   <choice>
    <reg>
     плачем
    </reg>
   </choice>
   прошли мимо
   <choice>
    <reg>
     отцов
    </reg>
   </choice>
   , отцы заплакали, глядя на дочерей.
   <choice>
    <reg>
     Один
    </reg>
   </choice>
   только
   <choice>
    <reg>
     Псаменит
    </reg>
   </choice>
   не плакал, а только потупился.
  </p>
  <p rend="left emptyline" uuid="1f0e2ce0-77ab-40fd-9f49-c92115c11e6f">
   <pb n="248"/>
  </p>
  <p rend="centerline" uuid="e08bd25d-9db2-4a0c-b1df-c802c6a1c6e1">
   — 46 —
  </p>
  <p rend="left" uuid="edb75021-1073-455b-bf2f-f471b23aec19">
   Когда
   <choice>
    <reg>
     девицы
    </reg>
   </choice>
   прошли,
   <choice>
    <reg>
     Камбиз
    </reg>
   </choice>
   <choice>
    <reg>
     выслал
    </reg>
   </choice>
   сына Псаменита
   <choice>
    <reg>
     с
    </reg>
   </choice>
   другими египтянами. У
   <choice>
    <reg>
     всех
    </reg>
   </choice>
   <choice>
    <reg>
     их
    </reg>
   </choice>
   <choice>
    <reg>
     вокруг
    </reg>
   </choice>
   шеи были обвязаны верёвки, а во рту были удила.
   <choice>
    <reg>
     Их
    </reg>
   </choice>
   вели убивать.
  </p>
  <p rend="left" uuid="9e7bb425-3a1b-4652-80c8-7e046bc1c694">
   <choice>
    <reg>
     Псаменит
    </reg>
   </choice>
   <choice>
    <reg>
     видел
    </reg>
   </choice>
   это и
   <choice>
    <reg>
     понял
    </reg>
   </choice>
   , что сына
   <choice>
    <reg>
     ведут
    </reg>
   </choice>
   на смерть. Но
   <choice>
    <reg>
     так
    </reg>
   </choice>
   же,
   <choice>
    <reg>
     как
    </reg>
   </choice>
   и при
   <choice>
    <reg>
     виде
    </reg>
   </choice>
   дочери, когда
   <choice>
    <reg>
     другие
    </reg>
   </choice>
   отцы плакали, глядя на
   <choice>
    <reg>
     своих
    </reg>
   </choice>
   <choice>
    <reg>
     детей
    </reg>
   </choice>
   ,
   <choice>
    <reg>
     он
    </reg>
   </choice>
   только потупился.
  </p>
  <p rend="left" uuid="d166039b-ab14-456b-875c-7441e131d989">
   <choice>
    <reg>
     Потом
    </reg>
   </choice>
   <choice>
    <reg>
     прошёл
    </reg>
   </choice>
   мимо Псаменита
   <choice>
    <reg>
     прежний
    </reg>
   </choice>
   <choice>
    <reg>
     товарищ
    </reg>
   </choice>
   его и
   <choice>
    <reg>
     родственник
    </reg>
   </choice>
   .
  </p>
  <p rend="left" uuid="ac1df96f-6af3-4300-86f6-24c51be77b5b">
   <choice>
    <reg>
     Он
    </reg>
   </choice>
   прежде
   <choice>
    <reg>
     был
    </reg>
   </choice>
   <choice>
    <reg>
     богат
    </reg>
   </choice>
   , а теперь
   <choice>
    <reg>
     как
    </reg>
   </choice>
   <choice>
    <reg>
     нищий
    </reg>
   </choice>
   <choice>
    <reg>
     просил
    </reg>
   </choice>
   милостыню по войску.
   <choice>
    <reg>
     Как
    </reg>
   </choice>
   только
   <choice>
    <reg>
     Псаменит
    </reg>
   </choice>
   <choice>
    <reg>
     увидал
    </reg>
   </choice>
   его,
   <choice>
    <reg>
     он
    </reg>
   </choice>
   <choice>
    <reg>
     назвал
    </reg>
   </choice>
   его по имени,
   <choice>
    <reg>
     ударил
    </reg>
   </choice>
   себя по
   <choice>
    <reg>
     голове
    </reg>
   </choice>
   и
   <choice>
    <reg>
     зарыдал
    </reg>
   </choice>
   .
   <choice>
    <reg>
     Камбиз
    </reg>
   </choice>
   удивился тому, чтό
   <choice>
    <reg>
     Псаменит
    </reg>
   </choice>
   <choice>
    <reg>
     сделал
    </reg>
   </choice>
   , и
   <choice>
    <reg>
     послал
    </reg>
   </choice>
   спросить его
   <choice>
    <reg>
     так
    </reg>
   </choice>
   :
  </p>
  <p rend="left" uuid="b14d7848-a94d-4831-9959-b1a6ca209ce3">
   «
   <choice>
    <reg>
     Псаменит
    </reg>
   </choice>
   !
   <choice>
    <reg>
     Господин
    </reg>
   </choice>
   твой
   <choice>
    <reg>
     Камбиз
    </reg>
   </choice>
   <choice>
    <reg>
     спрашивает
    </reg>
   </choice>
   : отчего, когда дочь твою осрамили и сына вели на смерть, ты не
   <choice>
    <reg>
     плакал
    </reg>
   </choice>
   , а
   <choice>
    <reg>
     нищего
    </reg>
   </choice>
   , и вовсе не
   <choice>
    <reg>
     родного
    </reg>
   </choice>
   ,
   <choice>
    <reg>
     так
    </reg>
   </choice>
   <choice>
    <reg>
     пожалел
    </reg>
   </choice>
   ?».
  </p>
  <p rend="left" uuid="e95e5b9b-3070-435e-a8af-dc0fa6a3adff">
   <choice>
    <reg>
     Псаменит
    </reg>
   </choice>
   <choice>
    <reg>
     отвечал
    </reg>
   </choice>
   :
  </p>
  <p rend="left" uuid="d7bdb5ea-5155-4786-b41b-8b916dfbd5d2">
   «
   <choice>
    <reg>
     Камбиз
    </reg>
   </choice>
   ! моё собственное горе
   <choice>
    <reg>
     так
    </reg>
   </choice>
   велико, что о
   <choice>
    <reg>
     нём
    </reg>
   </choice>
   и плакать нельзя; а товарища
   <choice>
    <reg>
     мне
    </reg>
   </choice>
   жалко стало за то, что
   <choice>
    <reg>
     он
    </reg>
   </choice>
   <choice>
    <reg>
     в
    </reg>
   </choice>
   старости
   <choice>
    <reg>
     из
    </reg>
   </choice>
   богатства
   <choice>
    <reg>
     попал
    </reg>
   </choice>
   <choice>
    <reg>
     в
    </reg>
   </choice>
   нищету».
  </p>
  <p rend="left" uuid="39be8640-aca5-45ae-8cee-8b815d1aa5b3">
   <choice>
    <reg>
     Был
    </reg>
   </choice>
   при
   <choice>
    <reg>
     этом
    </reg>
   </choice>
   другой
   <choice>
    <reg>
     пленный
    </reg>
   </choice>
   царь —
   <choice>
    <reg>
     Крез
    </reg>
   </choice>
   . Когда
   <choice>
    <reg>
     он
    </reg>
   </choice>
   <choice>
    <reg>
     услыхал
    </reg>
   </choice>
   эти слова, ему
   <choice>
    <reg>
     больнее
    </reg>
   </choice>
   показалось своё горе, и
   <choice>
    <reg>
     он
    </reg>
   </choice>
   <choice>
    <reg>
     заплакал
    </reg>
   </choice>
   — и
   <choice>
    <reg>
     все
    </reg>
   </choice>
   Персы, чтó
   <choice>
    <reg>
     тут
    </reg>
   </choice>
   были,
   <choice>
    <reg>
     все
    </reg>
   </choice>
   заплакали.
  </p>
  <p rend="left" uuid="030f19a3-f865-425a-9b18-d30acdd8e281">
   И на самого Камбиза нашла жалость, и
   <choice>
    <reg>
     он
    </reg>
   </choice>
   <choice>
    <reg>
     велел
    </reg>
   </choice>
   вернуть
   <choice>
    <reg>
     назад
    </reg>
   </choice>
   Псаменитова сына, а
   <choice>
    <reg>
     самого
    </reg>
   </choice>
   Псаменита привесть
   <choice>
    <reg>
     к
    </reg>
   </choice>
   <choice>
    <reg>
     себе
    </reg>
   </choice>
   . Но сына не застали
   <choice>
    <reg>
     живым
    </reg>
   </choice>
   —
  </p>
  <p rend="left emptyline" uuid="fc555f8c-77b1-4d69-bab8-334270f28db3">
   <pb n="249"/>
  </p>
  <p rend="centerline" uuid="45e2085b-c986-41f9-ba46-369be3f09aea">
   — 47 —
  </p>
  <p rend="notindent" uuid="cbb0681e-4f86-46d6-bbaa-ffe5e5707bb2">
   <choice>
    <reg>
     он
    </reg>
   </choice>
   уже
   <choice>
    <reg>
     был
    </reg>
   </choice>
   <choice>
    <reg>
     убит
    </reg>
   </choice>
   ; а самого Псаменита привели
   <choice>
    <reg>
     к
    </reg>
   </choice>
   Камбизу, и
   <choice>
    <reg>
     Камбиз
    </reg>
   </choice>
   <choice>
    <reg>
     помиловал
    </reg>
   </choice>
   его.
  </p>
 </div>
</TEI>