<?xml version="1.0" encoding="utf-8"?>
<TEI xmlns="http://www.tei-c.org/ns/1.0" xmlns:xi="http://www.w3.org/2001/XInclude">
 <teiHeader>
  <fileDesc>
   <titleStmt>
    <title>
     Азбука. Книга I
    </title>
    <author>
     Толстой Л.Н.
    </author>
    <respStmt>
     <resp>
      подготовка TEI/XML
     </resp>
     <name>
      Мария Картышева, Евгений Можаев, Даниил Скоринкин, Елена Сидорова, Вероника Файнберг, Кирилл Милинцевич
     </name>
    </respStmt>
    <respStmt>
     <name>
      Анастасия Бонч-Осмоловская, Фёкла Толстая, Борис Орехов
     </name>
     <resp>
      Идея, постановка задач, руководство
     </resp>
    </respStmt>
   </titleStmt>
   <publicationStmt>
    <idno>
     Азбука  | Книга I
    </idno>
    <publisher>
     <orgName>
      Школа лингвистики НИУ ВШЭ
     </orgName>
    </publisher>
    <availability>
     <p>
      Тексты и метатекстовая разметка доступны для свободного использования и распространения по лицензии Creative Commons Attribution Share-Alike (cc by-sa)
     </p>
    </availability>
   </publicationStmt>
   <sourceDesc>
    <biblStruct>
     <analytic>
      <author>
       Толстой Л.Н.
      </author>
      <title level="a">
       Азбука. Книга I
      </title>
     </analytic>
     <monogr>
      <title level="m">
       Полное собрание сочинений. Том 22
      </title>
      <imprint>
       <pubPlace>
        Москва
       </pubPlace>
       <publisher>
        Государственное издательство "Художественная литература"
       </publisher>
       <date when="1871-1872"/>
      </imprint>
     </monogr>
     <series>
      <title level="s">
       Л.Н. Толстой. Полное собрание сочинений
      </title>
      <biblScope unit="vol">
       22
      </biblScope>
     </series>
    </biblStruct>
   </sourceDesc>
  </fileDesc>
  <encodingDesc>
   <classDecl>
    <xi:include href="taxonomy.xml"/>
   </classDecl>
  </encodingDesc>
  <profileDesc>
   <creation>
    <date notAfter="1872" notBefore="1871">
     1871-1872
    </date>
    <rs/>
   </creation>
   <textClass>
    <catRef target="#fiction" type="sphere"/>
    <catRef target="#произведения для детей" type="type"/>
    <catRef target="#works" type="works_letters_diaries"/>
    <catRef target="#азбука" type="ninetyDef"/>
    <catRef target="#Основное" type="main_var"/>
    <catRef target="#азбука" type="type_short"/>
    <catRef target="None" type="translation"/>
    <catRef target="None" type="translation_origin"/>
    <catRef target="#да" type="tolstoy_or_not"/>
    <catRef target="None" type="name_status"/>
   </textClass>
   <preparedness>
    finished
   </preparedness>
   <settingDesc>
    <time>
     XIX век
    </time>
   </settingDesc>
  </profileDesc>
  <xenoData>
   <cyclusName/>
   <p>
    Проект
    <title>
     Толстой.Digital
    </title>
    разрабатывается сотрудниками и студентами
    <orgName>
     Высшей школы экономики
    </orgName>
    в сотрудничестве с
    <orgName>
     Государственным музеем Л.Н. Толстого
    </orgName>
    . Источник текстов –
    <bibl>
     90-томное собрание сочинений Л.Н.Толстого
    </bibl>
    . Разметка основана на стандарте
    <ref target="http://www.tei-c.org">
     TEI (Text Encoding Initiative)
    </ref>
    .
   </p>
   <versionNumber/>
   <isFinished/>
   <isEdited/>
   <fullBibliographicDescription/>
  </xenoData>
 </teiHeader>
 <p rend="left emptyline">
  <pb n="206"/>
 </p>
 <div type="section" xml:id="ref89">
  <head rend="center">
   <hi rend="strong">
    <choice>
     <reg>
      ВОЛК
     </reg>
    </choice>
    <choice>
     <reg>
      В
     </reg>
    </choice>
    ПЫЛИ.
   </hi>
  </head>
  <p rend="left" uuid="d04558cc-ce25-49f3-9faa-2813458ad10f">
   <choice>
    <reg>
     Волк
    </reg>
   </choice>
   <choice>
    <reg>
     хотел
    </reg>
   </choice>
   поймать
   <choice>
    <reg>
     из
    </reg>
   </choice>
   стада овцу и
   <choice>
    <reg>
     зашёл
    </reg>
   </choice>
   <choice>
    <reg>
     под
    </reg>
   </choice>
   <choice>
    <reg>
     ветер
    </reg>
   </choice>
   , чтобы на него несло пыль
   <choice>
    <reg>
     от
    </reg>
   </choice>
   стада.
  </p>
  <p rend="left emptyline" uuid="33cd35f7-6288-4b14-92f1-3a0adc6f317a">
   <pb n="207"/>
  </p>
  <p rend="centerline" uuid="57cf2bb9-9854-4d58-827d-765161297e50">
   — 5 —
  </p>
  <p rend="left" uuid="f118bdaa-bb1d-4296-a8d5-bc05b5b3f3d5">
   Овчарная собака увидала его и
   <choice>
    <reg>
     говорит
    </reg>
   </choice>
   :
  </p>
  <p rend="left" uuid="575e96ae-7494-4652-ad92-c4fd90554ac1">
   «Напрасно ты,
   <choice>
    <reg>
     волк
    </reg>
   </choice>
   ,
   <choice>
    <reg>
     в
    </reg>
   </choice>
   пыли ходишь, глаза
   <choice>
    <reg>
     заболят
    </reg>
   </choice>
   ». А
   <choice>
    <reg>
     волк
    </reg>
   </choice>
   <choice>
    <reg>
     говорит
    </reg>
   </choice>
   : «то-то и горе, собаченька, что у меня ужь давно глаза
   <choice>
    <reg>
     болят
    </reg>
   </choice>
   , а
   <choice>
    <reg>
     говорят
    </reg>
   </choice>
   —
   <choice>
    <reg>
     от
    </reg>
   </choice>
   <choice>
    <reg>
     овечьего
    </reg>
   </choice>
   стада пыль хорошо глаза
   <choice>
    <reg>
     вылечивает
    </reg>
   </choice>
   ».
  </p>
 </div>
</TEI>