<?xml version="1.0" encoding="utf-8"?>
<TEI xmlns="http://www.tei-c.org/ns/1.0" xmlns:xi="http://www.w3.org/2001/XInclude">
 <teiHeader>
  <fileDesc>
   <titleStmt>
    <title>
     Азбука. Книга I
    </title>
    <author>
     Толстой Л.Н.
    </author>
    <respStmt>
     <resp>
      подготовка TEI/XML
     </resp>
     <name>
      Мария Картышева, Евгений Можаев, Даниил Скоринкин, Елена Сидорова, Вероника Файнберг, Кирилл Милинцевич
     </name>
    </respStmt>
    <respStmt>
     <name>
      Анастасия Бонч-Осмоловская, Фёкла Толстая, Борис Орехов
     </name>
     <resp>
      Идея, постановка задач, руководство
     </resp>
    </respStmt>
   </titleStmt>
   <publicationStmt>
    <idno>
     Азбука  | Книга I
    </idno>
    <publisher>
     <orgName>
      Школа лингвистики НИУ ВШЭ
     </orgName>
    </publisher>
    <availability>
     <p>
      Тексты и метатекстовая разметка доступны для свободного использования и распространения по лицензии Creative Commons Attribution Share-Alike (cc by-sa)
     </p>
    </availability>
   </publicationStmt>
   <sourceDesc>
    <biblStruct>
     <analytic>
      <author>
       Толстой Л.Н.
      </author>
      <title level="a">
       Азбука. Книга I
      </title>
     </analytic>
     <monogr>
      <title level="m">
       Полное собрание сочинений. Том 22
      </title>
      <imprint>
       <pubPlace>
        Москва
       </pubPlace>
       <publisher>
        Государственное издательство "Художественная литература"
       </publisher>
       <date when="1871-1872"/>
      </imprint>
     </monogr>
     <series>
      <title level="s">
       Л.Н. Толстой. Полное собрание сочинений
      </title>
      <biblScope unit="vol">
       22
      </biblScope>
     </series>
    </biblStruct>
   </sourceDesc>
  </fileDesc>
  <encodingDesc>
   <classDecl>
    <xi:include href="taxonomy.xml"/>
   </classDecl>
  </encodingDesc>
  <profileDesc>
   <creation>
    <date notAfter="1872" notBefore="1871">
     1871-1872
    </date>
    <rs/>
   </creation>
   <textClass>
    <catRef target="#fiction" type="sphere"/>
    <catRef target="#произведения для детей" type="type"/>
    <catRef target="#works" type="works_letters_diaries"/>
    <catRef target="#азбука" type="ninetyDef"/>
    <catRef target="#Основное" type="main_var"/>
    <catRef target="#азбука" type="type_short"/>
    <catRef target="None" type="translation"/>
    <catRef target="None" type="translation_origin"/>
    <catRef target="#да" type="tolstoy_or_not"/>
    <catRef target="None" type="name_status"/>
   </textClass>
   <preparedness>
    finished
   </preparedness>
   <settingDesc>
    <time>
     XIX век
    </time>
   </settingDesc>
  </profileDesc>
  <xenoData>
   <cyclusName/>
   <p>
    Проект
    <title>
     Толстой.Digital
    </title>
    разрабатывается сотрудниками и студентами
    <orgName>
     Высшей школы экономики
    </orgName>
    в сотрудничестве с
    <orgName>
     Государственным музеем Л.Н. Толстого
    </orgName>
    . Источник текстов –
    <bibl>
     90-томное собрание сочинений Л.Н.Толстого
    </bibl>
    . Разметка основана на стандарте
    <ref target="http://www.tei-c.org">
     TEI (Text Encoding Initiative)
    </ref>
    .
   </p>
   <versionNumber/>
   <isFinished/>
   <isEdited/>
   <fullBibliographicDescription/>
  </xenoData>
 </teiHeader>
 <p rend="left emptyline">
  <pb n="561"/>
 </p>
 <div type="section" xml:id="ref235">
  <head rend="center">
   <hi rend="strong">
    ДВА ТОВАРИЩА.
   </hi>
  </head>
  <p rend="left" uuid="ba0df884-9922-44b6-aac7-0868bc9a73de">
   Шли по
   <choice>
    <reg>
     лесу
    </reg>
   </choice>
   два товарища, и
   <choice>
    <reg>
     выскочил
    </reg>
   </choice>
   на
   <choice>
    <reg>
     них
    </reg>
   </choice>
   <choice>
    <reg>
     медведь
    </reg>
   </choice>
   .
   <choice>
    <reg>
     Один
    </reg>
   </choice>
   бросился
   <choice>
    <reg>
     бежать
    </reg>
   </choice>
   ,
   <choice>
    <reg>
     влез
    </reg>
   </choice>
   на дерево и спрятался, а другой остался на
   <choice>
    <reg>
     дороге
    </reg>
   </choice>
   . —
   <choice>
    <reg>
     Делать
    </reg>
   </choice>
   ему было нèчего —
   <choice>
    <reg>
     он
    </reg>
   </choice>
   <choice>
    <reg>
     упал
    </reg>
   </choice>
   на земь и притворился
   <choice>
    <reg>
     мертвым
    </reg>
   </choice>
   .
  </p>
  <p rend="left" uuid="b5d5c4bd-9c7a-4266-bf57-b3a5a41c8b66">
   <choice>
    <reg>
     Медведь
    </reg>
   </choice>
   <choice>
    <reg>
     подошел
    </reg>
   </choice>
   <choice>
    <reg>
     к
    </reg>
   </choice>
   нему и
   <choice>
    <reg>
     стал
    </reg>
   </choice>
   нюхать:
   <choice>
    <reg>
     он
    </reg>
   </choice>
   и дышать
   <choice>
    <reg>
     перестал
    </reg>
   </choice>
   .
  </p>
  <p rend="left" uuid="49a3a10e-7c31-4531-846d-8679eb5fd28f">
   <choice>
    <reg>
     Медведь
    </reg>
   </choice>
   <choice>
    <reg>
     понюхал
    </reg>
   </choice>
   ему лицо,
   <choice>
    <reg>
     подумал
    </reg>
   </choice>
   , что мертвый, и
   <choice>
    <reg>
     отошел
    </reg>
   </choice>
   .
  </p>
  <p rend="left" uuid="89a87922-ca58-40a1-89b8-8d8f02712775">
   Когда
   <choice>
    <reg>
     медведь
    </reg>
   </choice>
   <choice>
    <reg>
     ушел
    </reg>
   </choice>
   ,
   <choice>
    <reg>
     тот
    </reg>
   </choice>
   <choice>
    <reg>
     слез
    </reg>
   </choice>
   <choice>
    <reg>
     с
    </reg>
   </choice>
   дерева и
  </p>
  <p rend="left emptyline" uuid="ffbafe3a-7a0c-4f20-bf4b-a1378c520ad4">
   <pb n="562"/>
  </p>
  <p rend="centerline" uuid="ba5f1ed8-e201-49b8-80f1-4ce321423b58">
   — 2 —
  </p>
  <p rend="notindent" uuid="f750ae82-d719-4739-bcd5-ad1e4dbe95bf">
   <choice>
    <reg>
     смеется
    </reg>
   </choice>
   : «ну-чтó»,
   <choice>
    <reg>
     говорит
    </reg>
   </choice>
   , «
   <choice>
    <reg>
     медведь
    </reg>
   </choice>
   <choice>
    <reg>
     тебе
    </reg>
   </choice>
   на ухо
   <choice>
    <reg>
     говорил
    </reg>
   </choice>
   ?»
  </p>
  <p rend="left" uuid="b20f4e8f-4a6b-47bd-a3b8-c9a75e6e5e51">
   «А
   <choice>
    <reg>
     он
    </reg>
   </choice>
   <choice>
    <reg>
     сказал
    </reg>
   </choice>
   <choice>
    <reg>
     мне
    </reg>
   </choice>
   , что —
   <choice>
    <reg>
     плохие
    </reg>
   </choice>
   люди
   <choice>
    <reg>
     те
    </reg>
   </choice>
   , которые
   <choice>
    <reg>
     в
    </reg>
   </choice>
   опасности
   <choice>
    <reg>
     от
    </reg>
   </choice>
   товарищей
   <choice>
    <reg>
     убегают
    </reg>
   </choice>
   ».
  </p>
 </div>
</TEI>