<?xml version="1.0" encoding="utf-8"?>
<TEI xmlns="http://www.tei-c.org/ns/1.0" xmlns:xi="http://www.w3.org/2001/XInclude">
 <teiHeader>
  <fileDesc>
   <titleStmt>
    <title>
     Азбука. Книга I
    </title>
    <author>
     Толстой Л.Н.
    </author>
    <respStmt>
     <resp>
      подготовка TEI/XML
     </resp>
     <name>
      Мария Картышева, Евгений Можаев, Даниил Скоринкин, Елена Сидорова, Вероника Файнберг, Кирилл Милинцевич
     </name>
    </respStmt>
    <respStmt>
     <name>
      Анастасия Бонч-Осмоловская, Фёкла Толстая, Борис Орехов
     </name>
     <resp>
      Идея, постановка задач, руководство
     </resp>
    </respStmt>
   </titleStmt>
   <publicationStmt>
    <idno>
     Азбука  | Книга I
    </idno>
    <publisher>
     <orgName>
      Школа лингвистики НИУ ВШЭ
     </orgName>
    </publisher>
    <availability>
     <p>
      Тексты и метатекстовая разметка доступны для свободного использования и распространения по лицензии Creative Commons Attribution Share-Alike (cc by-sa)
     </p>
    </availability>
   </publicationStmt>
   <sourceDesc>
    <biblStruct>
     <analytic>
      <author>
       Толстой Л.Н.
      </author>
      <title level="a">
       Азбука. Книга I
      </title>
     </analytic>
     <monogr>
      <title level="m">
       Полное собрание сочинений. Том 22
      </title>
      <imprint>
       <pubPlace>
        Москва
       </pubPlace>
       <publisher>
        Государственное издательство "Художественная литература"
       </publisher>
       <date when="1871-1872"/>
      </imprint>
     </monogr>
     <series>
      <title level="s">
       Л.Н. Толстой. Полное собрание сочинений
      </title>
      <biblScope unit="vol">
       22
      </biblScope>
     </series>
    </biblStruct>
   </sourceDesc>
  </fileDesc>
  <encodingDesc>
   <classDecl>
    <xi:include href="taxonomy.xml"/>
   </classDecl>
  </encodingDesc>
  <profileDesc>
   <creation>
    <date notAfter="1872" notBefore="1871">
     1871-1872
    </date>
    <rs/>
   </creation>
   <textClass>
    <catRef target="#fiction" type="sphere"/>
    <catRef target="#произведения для детей" type="type"/>
    <catRef target="#works" type="works_letters_diaries"/>
    <catRef target="#азбука" type="ninetyDef"/>
    <catRef target="#Основное" type="main_var"/>
    <catRef target="#азбука" type="type_short"/>
    <catRef target="None" type="translation"/>
    <catRef target="None" type="translation_origin"/>
    <catRef target="#да" type="tolstoy_or_not"/>
    <catRef target="None" type="name_status"/>
   </textClass>
   <preparedness>
    finished
   </preparedness>
   <settingDesc>
    <time>
     XIX век
    </time>
   </settingDesc>
  </profileDesc>
  <xenoData>
   <cyclusName/>
   <p>
    Проект
    <title>
     Толстой.Digital
    </title>
    разрабатывается сотрудниками и студентами
    <orgName>
     Высшей школы экономики
    </orgName>
    в сотрудничестве с
    <orgName>
     Государственным музеем Л.Н. Толстого
    </orgName>
    . Источник текстов –
    <bibl>
     90-томное собрание сочинений Л.Н.Толстого
    </bibl>
    . Разметка основана на стандарте
    <ref target="http://www.tei-c.org">
     TEI (Text Encoding Initiative)
    </ref>
    .
   </p>
   <versionNumber/>
   <isFinished/>
   <isEdited/>
   <fullBibliographicDescription/>
  </xenoData>
 </teiHeader>
 <p rend="left emptyline">
  <pb n="640"/>
 </p>
 <div type="section" xml:id="ref263">
  <head rend="center">
   <hi rend="strong">
    <choice>
     <reg>
      КАК
     </reg>
    </choice>
    <choice>
     <reg>
      ДЕЛАЮТ
     </reg>
    </choice>
    ВОЗДУШНЫЕ ШАРЫ.
   </hi>
  </head>
  <p rend="left" uuid="ff1c39af-d956-4013-94f5-fbcc8a2394f8">
   Если взять надутый пузырь и опустить его
   <choice>
    <reg>
     в
    </reg>
   </choice>
   воду, а
   <choice>
    <reg>
     потом
    </reg>
   </choice>
   пустить, — то пузырь
   <choice>
    <reg>
     выскочит
    </reg>
   </choice>
   на
   <choice>
    <reg>
     верх
    </reg>
   </choice>
   воды и
   <choice>
    <reg>
     станет
    </reg>
   </choice>
   по ней плавать. Точно также, если кипятить
   <choice>
    <reg>
     чугун
    </reg>
   </choice>
   воды, — то на
   <choice>
    <reg>
     дне
    </reg>
   </choice>
   ,
   <choice>
    <reg>
     над
    </reg>
   </choice>
   <choice>
    <reg>
     огнем
    </reg>
   </choice>
   , вода
   <choice>
    <reg>
     делается
    </reg>
   </choice>
   летучею,
   <choice>
    <reg>
     газом
    </reg>
   </choice>
   ; и
   <choice>
    <reg>
     как
    </reg>
   </choice>
   соберется немножко
   <choice>
    <reg>
     водяного
    </reg>
   </choice>
   газа,
   <choice>
    <reg>
     он
    </reg>
   </choice>
   <choice>
    <reg>
     сейчас
    </reg>
   </choice>
   <choice>
    <reg>
     пузырем
    </reg>
   </choice>
   <choice>
    <reg>
     выскочит
    </reg>
   </choice>
   на
   <choice>
    <reg>
     верх
    </reg>
   </choice>
   . Сперва
   <choice>
    <reg>
     выскочит
    </reg>
   </choice>
   одинь пузырь,
   <choice>
    <reg>
     потом
    </reg>
   </choice>
   другой, а
   <choice>
    <reg>
     как
    </reg>
   </choice>
   <choice>
    <reg>
     нагреется
    </reg>
   </choice>
   вся вода, то пузыри
   <choice>
    <reg>
     выскакивают
    </reg>
   </choice>
   не переставая; тогда вода
   <hi rend="italic">
    <choice>
     <reg>
      кипит
     </reg>
    </choice>
    .
   </hi>
  </p>
  <p rend="left" uuid="c26d2c0b-aed5-46e1-ab71-d45fa9c94392">
   <choice>
    <reg>
     Так
    </reg>
   </choice>
   же,
   <choice>
    <reg>
     как
    </reg>
   </choice>
   <choice>
    <reg>
     из
    </reg>
   </choice>
   воды
   <choice>
    <reg>
     выскакивают
    </reg>
   </choice>
   на
   <choice>
    <reg>
     верх
    </reg>
   </choice>
   пузыри надутые летучею водою, потому что они легче воды, —
   <choice>
    <reg>
     так
    </reg>
   </choice>
   <choice>
    <reg>
     из
    </reg>
   </choice>
   воздуха
   <choice>
    <reg>
     выскочит
    </reg>
   </choice>
   на самый
   <choice>
    <reg>
     верх
    </reg>
   </choice>
   воздуха пузырь надутый газом
   <hi rend="italic">
    <choice>
     <reg>
      ъ-водородом
     </reg>
    </choice>
   </hi>
   , или
   <choice>
    <reg>
     горячим
    </reg>
   </choice>
   <choice>
    <reg>
     воздухом
    </reg>
   </choice>
   , — потому что
   <choice>
    <reg>
     горячий
    </reg>
   </choice>
   <choice>
    <reg>
     воздух
    </reg>
   </choice>
   легче
   <choice>
    <reg>
     холодного
    </reg>
   </choice>
   воздуха, а
   <choice>
    <reg>
     водород
    </reg>
   </choice>
   легче
   <choice>
    <reg>
     всех
    </reg>
   </choice>
   <choice>
    <reg>
     газов
    </reg>
   </choice>
   .
  </p>
  <p rend="left" uuid="57e016a6-2b9b-4830-b411-addf2d500352">
   Воздушные шары
   <choice>
    <reg>
     делают
    </reg>
   </choice>
   <choice>
    <reg>
     из
    </reg>
   </choice>
   водорода и
   <choice>
    <reg>
     из
    </reg>
   </choice>
   <choice>
    <reg>
     горячего
    </reg>
   </choice>
   воздуха.
   <choice>
    <reg>
     Из
    </reg>
   </choice>
   водорода шары
   <choice>
    <reg>
     делают
    </reg>
   </choice>
   <choice>
    <reg>
     вот
    </reg>
   </choice>
   <choice>
    <reg>
     как
    </reg>
   </choice>
   :
  </p>
  <p rend="left emptyline" uuid="a995cfd5-ac17-4d54-b99b-16445ae619bc">
   <pb n="641"/>
  </p>
  <p rend="centerline" uuid="431f855f-14e9-4681-bb56-ea91fb63a294">
   — 81 —
  </p>
  <p rend="notindent" uuid="7274eddd-8c06-4a53-8185-065d0938884c">
   <choice>
    <reg>
     сделают
    </reg>
   </choice>
   большой пузырь,
   <choice>
    <reg>
     привяжут
    </reg>
   </choice>
   его веревками
   <choice>
    <reg>
     к
    </reg>
   </choice>
   <choice>
    <reg>
     кольям
    </reg>
   </choice>
   и
   <choice>
    <reg>
     напустят
    </reg>
   </choice>
   <choice>
    <reg>
     в
    </reg>
   </choice>
   него водорода.
   <choice>
    <reg>
     Как
    </reg>
   </choice>
   только
   <choice>
    <reg>
     отвяжут
    </reg>
   </choice>
   веревку, пузырь
   <choice>
    <reg>
     полетит
    </reg>
   </choice>
   кверху, и
   <choice>
    <reg>
     летит
    </reg>
   </choice>
   до
   <choice>
    <reg>
     тех
    </reg>
   </choice>
   <choice>
    <reg>
     пор
    </reg>
   </choice>
   , пока не
   <choice>
    <reg>
     выскочит
    </reg>
   </choice>
   <choice>
    <reg>
     из
    </reg>
   </choice>
   воздуха того, который тяжелее водорода. А когда
   <choice>
    <reg>
     выскочит
    </reg>
   </choice>
   <choice>
    <reg>
     наверх
    </reg>
   </choice>
   <choice>
    <reg>
     в
    </reg>
   </choice>
   <choice>
    <reg>
     легкий
    </reg>
   </choice>
   <choice>
    <reg>
     воздух
    </reg>
   </choice>
   , то
   <choice>
    <reg>
     начнет
    </reg>
   </choice>
   плавать по воздуху,
   <choice>
    <reg>
     как
    </reg>
   </choice>
   пузырь на
   <choice>
    <reg>
     воде
    </reg>
   </choice>
   .
   <choice>
    <reg>
     Из
    </reg>
   </choice>
   <choice>
    <reg>
     горячего
    </reg>
   </choice>
   воздуха
   <choice>
    <reg>
     делают
    </reg>
   </choice>
   воздушные шары
   <choice>
    <reg>
     вот
    </reg>
   </choice>
   <choice>
    <reg>
     как
    </reg>
   </choice>
   .
   <choice>
    <reg>
     Сделают
    </reg>
   </choice>
   большой пустой
   <choice>
    <reg>
     шар
    </reg>
   </choice>
   <choice>
    <reg>
     с
    </reg>
   </choice>
   <choice>
    <reg>
     горлышком
    </reg>
   </choice>
   внизу,
   <choice>
    <reg>
     как
    </reg>
   </choice>
   перевернутый
   <choice>
    <reg>
     кувшин
    </reg>
   </choice>
   ; и
   <choice>
    <reg>
     в
    </reg>
   </choice>
   <choice>
    <reg>
     горлышке
    </reg>
   </choice>
   <choice>
    <reg>
     приделают
    </reg>
   </choice>
   <choice>
    <reg>
     клок
    </reg>
   </choice>
   хлопка, и
   <choice>
    <reg>
     хлопок
    </reg>
   </choice>
   <choice>
    <reg>
     этот
    </reg>
   </choice>
   <choice>
    <reg>
     намочат
    </reg>
   </choice>
   <choice>
    <reg>
     в
    </reg>
   </choice>
   <choice>
    <reg>
     спирте
    </reg>
   </choice>
   и
   <choice>
    <reg>
     зажгут
    </reg>
   </choice>
   .
   <choice>
    <reg>
     От
    </reg>
   </choice>
   огня
   <choice>
    <reg>
     разогреется
    </reg>
   </choice>
   <choice>
    <reg>
     воздух
    </reg>
   </choice>
   <choice>
    <reg>
     в
    </reg>
   </choice>
   <choice>
    <reg>
     шаре
    </reg>
   </choice>
   и
   <choice>
    <reg>
     станет
    </reg>
   </choice>
   легче воздуха
   <choice>
    <reg>
     холодного
    </reg>
   </choice>
   , и
   <choice>
    <reg>
     шар
    </reg>
   </choice>
   <choice>
    <reg>
     потянет
    </reg>
   </choice>
   кверху,
   <choice>
    <reg>
     как
    </reg>
   </choice>
   пузырь
   <choice>
    <reg>
     из
    </reg>
   </choice>
   воды. И
   <choice>
    <reg>
     шар
    </reg>
   </choice>
   <choice>
    <reg>
     будет
    </reg>
   </choice>
   <choice>
    <reg>
     лететь
    </reg>
   </choice>
   до
   <choice>
    <reg>
     тех
    </reg>
   </choice>
   <choice>
    <reg>
     пор
    </reg>
   </choice>
   кверху, пока не
   <choice>
    <reg>
     придет
    </reg>
   </choice>
   <choice>
    <reg>
     воздух
    </reg>
   </choice>
   легче
   <choice>
    <reg>
     горячего
    </reg>
   </choice>
   воздуха
   <choice>
    <reg>
     в
    </reg>
   </choice>
   <choice>
    <reg>
     шаре
    </reg>
   </choice>
   .
  </p>
  <p rend="left" uuid="a180effb-8d37-4459-a948-c985b7b9c654">
   Почти сто
   <choice>
    <reg>
     лет
    </reg>
   </choice>
   тому
   <choice>
    <reg>
     назад
    </reg>
   </choice>
   французы — братья Монгольфьеры выдумали воздушные шары. Они
   <choice>
    <reg>
     сделали
    </reg>
   </choice>
   <choice>
    <reg>
     шар
    </reg>
   </choice>
   <choice>
    <reg>
     из
    </reg>
   </choice>
   полотна
   <choice>
    <reg>
     с
    </reg>
   </choice>
   бумагой, напустили
   <choice>
    <reg>
     в
    </reg>
   </choice>
   него
   <choice>
    <reg>
     горячего
    </reg>
   </choice>
   воздуха:
   <choice>
    <reg>
     шар
    </reg>
   </choice>
   <choice>
    <reg>
     полетел
    </reg>
   </choice>
   . Тогда они
   <choice>
    <reg>
     сделали
    </reg>
   </choice>
   другой
   <choice>
    <reg>
     шар
    </reg>
   </choice>
   побольше, подвязали
   <choice>
    <reg>
     под
    </reg>
   </choice>
   <choice>
    <reg>
     шар
    </reg>
   </choice>
   барана,
   <choice>
    <reg>
     петуха
    </reg>
   </choice>
   и утку, и пустили.
   <choice>
    <reg>
     Шар
    </reg>
   </choice>
   поднялся и опустился благополучно.
   <choice>
    <reg>
     Потом
    </reg>
   </choice>
   уже
   <choice>
    <reg>
     подделали
    </reg>
   </choice>
   <choice>
    <reg>
     под
    </reg>
   </choice>
   <choice>
    <reg>
     шар
    </reg>
   </choice>
   лодочку, и
   <choice>
    <reg>
     в
    </reg>
   </choice>
   лодочку
   <choice>
    <reg>
     сел
    </reg>
   </choice>
   <choice>
    <reg>
     человек
    </reg>
   </choice>
   .
   <choice>
    <reg>
     Шар
    </reg>
   </choice>
   <choice>
    <reg>
     взлетел
    </reg>
   </choice>
   <choice>
    <reg>
     так
    </reg>
   </choice>
   высоко, что скрылся
   <choice>
    <reg>
     из
    </reg>
   </choice>
   виду;
   <choice>
    <reg>
     полетал
    </reg>
   </choice>
   и
   <choice>
    <reg>
     потом
    </reg>
   </choice>
   спустился благополучно.
   <choice>
    <reg>
     Потом
    </reg>
   </choice>
   придумали наполнять шары
   <choice>
    <reg>
     водородом
    </reg>
   </choice>
   и стали летать еще выше и
   <choice>
    <reg>
     скорее
    </reg>
   </choice>
   .
  </p>
  <p rend="left" uuid="fbeb79f9-f0c4-478e-8e19-c62a9bee9e07">
   Для того, чтобы летать на шару,
   <choice>
    <reg>
     подвязывают
    </reg>
   </choice>
   <choice>
    <reg>
     под
    </reg>
   </choice>
   него лодочку, и
   <choice>
    <reg>
     в
    </reg>
   </choice>
   эту лодочку садятся по двое, по трое, и даже по восьми
   <choice>
    <reg>
     человек
    </reg>
   </choice>
   , и
   <choice>
    <reg>
     берут
    </reg>
   </choice>
   <choice>
    <reg>
     с
    </reg>
   </choice>
   собою питье и
   <choice>
    <reg>
     еду
    </reg>
   </choice>
   .
  </p>
  <p rend="left" uuid="def71aa1-83a0-450d-a417-2f44fdf422ea">
   Для того, чтобы спускаться и подниматься когда хочешь,
  </p>
  <p rend="left emptyline" uuid="74e8dff9-60cf-41f6-8106-9fb7020953f1">
   <pb n="642"/>
  </p>
  <p rend="centerline" uuid="ebb49932-eaaa-4456-a3da-2b4c578e0e8c">
   — 82 —
  </p>
  <p rend="notindent" uuid="f4bdd862-1dcd-4afc-be44-17466b621d41">
   <choice>
    <reg>
     в
    </reg>
   </choice>
   шару
   <choice>
    <reg>
     сделан
    </reg>
   </choice>
   <choice>
    <reg>
     клапан
    </reg>
   </choice>
   , и
   <choice>
    <reg>
     этот
    </reg>
   </choice>
   <choice>
    <reg>
     клапан
    </reg>
   </choice>
   <choice>
    <reg>
     тот
    </reg>
   </choice>
   , кто
   <choice>
    <reg>
     летит
    </reg>
   </choice>
   ,
   <choice>
    <reg>
     может
    </reg>
   </choice>
   за веревку потянуть и открывать и закрывать. Если
   <choice>
    <reg>
     шар
    </reg>
   </choice>
   <choice>
    <reg>
     слишком
    </reg>
   </choice>
   высоко поднимется, и, кто
   <choice>
    <reg>
     летит
    </reg>
   </choice>
   ,
   <choice>
    <reg>
     хочет
    </reg>
   </choice>
   спустить его, то
   <choice>
    <reg>
     он
    </reg>
   </choice>
   <choice>
    <reg>
     откроет
    </reg>
   </choice>
   <choice>
    <reg>
     клапан
    </reg>
   </choice>
   , —
   <choice>
    <reg>
     газ
    </reg>
   </choice>
   <choice>
    <reg>
     выйдет
    </reg>
   </choice>
   ,
   <choice>
    <reg>
     шар
    </reg>
   </choice>
   сожмется и
   <choice>
    <reg>
     станет
    </reg>
   </choice>
   спускаться.
   <choice>
    <reg>
     Кроме
    </reg>
   </choice>
   того на шару всегда есть
   <choice>
    <reg>
     мешки
    </reg>
   </choice>
   <choice>
    <reg>
     с
    </reg>
   </choice>
   <choice>
    <reg>
     песком
    </reg>
   </choice>
   . Если сбросить
   <choice>
    <reg>
     мешок
    </reg>
   </choice>
   , то шару
   <choice>
    <reg>
     будет
    </reg>
   </choice>
   легче, и
   <choice>
    <reg>
     он
    </reg>
   </choice>
   <choice>
    <reg>
     пойдет
    </reg>
   </choice>
   кверху. Если, кто
   <choice>
    <reg>
     летит
    </reg>
   </choice>
   ,
   <choice>
    <reg>
     хочет
    </reg>
   </choice>
   спуститься и
   <choice>
    <reg>
     видит
    </reg>
   </choice>
   , что внизу не ладно, — или
   <choice>
    <reg>
     река
    </reg>
   </choice>
   , иди
   <choice>
    <reg>
     лес
    </reg>
   </choice>
   , — то
   <choice>
    <reg>
     он
    </reg>
   </choice>
   <choice>
    <reg>
     высыпает
    </reg>
   </choice>
   <choice>
    <reg>
     песок
    </reg>
   </choice>
   <choice>
    <reg>
     из
    </reg>
   </choice>
   <choice>
    <reg>
     мешков
    </reg>
   </choice>
   , и
   <choice>
    <reg>
     шар
    </reg>
   </choice>
   становится легче и опять поднимается.
  </p>
 </div>
</TEI>