<?xml version="1.0" encoding="utf-8"?>
<TEI xmlns="http://www.tei-c.org/ns/1.0" xmlns:xi="http://www.w3.org/2001/XInclude">
 <teiHeader>
  <fileDesc>
   <titleStmt>
    <title>
     Азбука. Книга I
    </title>
    <author>
     Толстой Л.Н.
    </author>
    <respStmt>
     <resp>
      подготовка TEI/XML
     </resp>
     <name>
      Мария Картышева, Евгений Можаев, Даниил Скоринкин, Елена Сидорова, Вероника Файнберг, Кирилл Милинцевич
     </name>
    </respStmt>
    <respStmt>
     <name>
      Анастасия Бонч-Осмоловская, Фёкла Толстая, Борис Орехов
     </name>
     <resp>
      Идея, постановка задач, руководство
     </resp>
    </respStmt>
   </titleStmt>
   <publicationStmt>
    <idno>
     Азбука  | Книга I
    </idno>
    <publisher>
     <orgName>
      Школа лингвистики НИУ ВШЭ
     </orgName>
    </publisher>
    <availability>
     <p>
      Тексты и метатекстовая разметка доступны для свободного использования и распространения по лицензии Creative Commons Attribution Share-Alike (cc by-sa)
     </p>
    </availability>
   </publicationStmt>
   <sourceDesc>
    <biblStruct>
     <analytic>
      <author>
       Толстой Л.Н.
      </author>
      <title level="a">
       Азбука. Книга I
      </title>
     </analytic>
     <monogr>
      <title level="m">
       Полное собрание сочинений. Том 22
      </title>
      <imprint>
       <pubPlace>
        Москва
       </pubPlace>
       <publisher>
        Государственное издательство "Художественная литература"
       </publisher>
       <date when="1871-1872"/>
      </imprint>
     </monogr>
     <series>
      <title level="s">
       Л.Н. Толстой. Полное собрание сочинений
      </title>
      <biblScope unit="vol">
       22
      </biblScope>
     </series>
    </biblStruct>
   </sourceDesc>
  </fileDesc>
  <encodingDesc>
   <classDecl>
    <xi:include href="taxonomy.xml"/>
   </classDecl>
  </encodingDesc>
  <profileDesc>
   <creation>
    <date notAfter="1872" notBefore="1871">
     1871-1872
    </date>
    <rs/>
   </creation>
   <textClass>
    <catRef target="#fiction" type="sphere"/>
    <catRef target="#произведения для детей" type="type"/>
    <catRef target="#works" type="works_letters_diaries"/>
    <catRef target="#азбука" type="ninetyDef"/>
    <catRef target="#Основное" type="main_var"/>
    <catRef target="#азбука" type="type_short"/>
    <catRef target="None" type="translation"/>
    <catRef target="None" type="translation_origin"/>
    <catRef target="#да" type="tolstoy_or_not"/>
    <catRef target="None" type="name_status"/>
   </textClass>
   <preparedness>
    finished
   </preparedness>
   <settingDesc>
    <time>
     XIX век
    </time>
   </settingDesc>
  </profileDesc>
  <xenoData>
   <cyclusName/>
   <p>
    Проект
    <title>
     Толстой.Digital
    </title>
    разрабатывается сотрудниками и студентами
    <orgName>
     Высшей школы экономики
    </orgName>
    в сотрудничестве с
    <orgName>
     Государственным музеем Л.Н. Толстого
    </orgName>
    . Источник текстов –
    <bibl>
     90-томное собрание сочинений Л.Н.Толстого
    </bibl>
    . Разметка основана на стандарте
    <ref target="http://www.tei-c.org">
     TEI (Text Encoding Initiative)
    </ref>
    .
   </p>
   <versionNumber/>
   <isFinished/>
   <isEdited/>
   <fullBibliographicDescription/>
  </xenoData>
 </teiHeader>
 <p rend="left emptyline">
  <pb n="259"/>
 </p>
 <div type="section" xml:id="ref128">
  <head rend="center">
   <hi rend="strong">
    <choice>
     <reg>
      КАК
     </reg>
    </choice>
    ВОЛКИ
    <choice>
     <reg>
      УЧАТ
     </reg>
    </choice>
    <choice>
     <reg>
      СВОИХ
     </reg>
    </choice>
    <choice>
     <reg>
      ДЕТЕЙ
     </reg>
    </choice>
    .
   </hi>
  </head>
  <p rend="left" uuid="9476d52a-85be-4356-abd4-1a46ae06274f">
   Я
   <choice>
    <reg>
     шёл
    </reg>
   </choice>
   по
   <choice>
    <reg>
     дороге
    </reg>
   </choice>
   и сзади себя
   <choice>
    <reg>
     услыхал
    </reg>
   </choice>
   <choice>
    <reg>
     крик
    </reg>
   </choice>
   .
   <choice>
    <reg>
     Кричал
    </reg>
   </choice>
   <choice>
    <reg>
     мальчик
    </reg>
   </choice>
   <choice>
    <reg>
     пастух
    </reg>
   </choice>
   .
   <choice>
    <reg>
     Он
    </reg>
   </choice>
   <choice>
    <reg>
     бежал
    </reg>
   </choice>
   <choice>
    <reg>
     полем
    </reg>
   </choice>
   и на кого-то
   <choice>
    <reg>
     показывал
    </reg>
   </choice>
   .
  </p>
  <p rend="left" uuid="08270187-20ef-42c2-b62d-cba914d16cad">
   Я
   <choice>
    <reg>
     поглядел
    </reg>
   </choice>
   и
   <choice>
    <reg>
     увидал
    </reg>
   </choice>
   — по полю
   <choice>
    <reg>
     бегут
    </reg>
   </choice>
   два волка;
   <choice>
    <reg>
     один
    </reg>
   </choice>
   матерой, другой молодой. Молодой
   <choice>
    <reg>
     нёс
    </reg>
   </choice>
   на
   <choice>
    <reg>
     спине
    </reg>
   </choice>
   <choice>
    <reg>
     зарезанного
    </reg>
   </choice>
   ягнёнка, а зубами
   <choice>
    <reg>
     держал
    </reg>
   </choice>
   его за ногу. Матерой
   <choice>
    <reg>
     волк
    </reg>
   </choice>
   <choice>
    <reg>
     бежал
    </reg>
   </choice>
   позади.
  </p>
  <p rend="left" uuid="0b727196-89e4-4773-a7f3-06b5535e784f">
   Когда я
   <choice>
    <reg>
     увидал
    </reg>
   </choice>
   <choice>
    <reg>
     волков
    </reg>
   </choice>
   , я
   <choice>
    <reg>
     вместе
    </reg>
   </choice>
   <choice>
    <reg>
     с
    </reg>
   </choice>
   <choice>
    <reg>
     пастухом
    </reg>
   </choice>
   <choice>
    <reg>
     побежал
    </reg>
   </choice>
   за ними, и мы стали кричать. На
   <choice>
    <reg>
     наш
    </reg>
   </choice>
   <choice>
    <reg>
     крик
    </reg>
   </choice>
   <choice>
    <reg>
     прибежали
    </reg>
   </choice>
   мужики
   <choice>
    <reg>
     с
    </reg>
   </choice>
   собаками.
  </p>
  <p rend="left" uuid="07b721b1-c16b-4c1b-ab49-a704a609e586">
   <choice>
    <reg>
     Как
    </reg>
   </choice>
   только старый
   <choice>
    <reg>
     волк
    </reg>
   </choice>
   <choice>
    <reg>
     увидал
    </reg>
   </choice>
   <choice>
    <reg>
     собак
    </reg>
   </choice>
   и
   <choice>
    <reg>
     народ
    </reg>
   </choice>
   ,
   <choice>
    <reg>
     он
    </reg>
   </choice>
   <choice>
    <reg>
     подбежал
    </reg>
   </choice>
   <choice>
    <reg>
     к
    </reg>
   </choice>
   молодому,
   <choice>
    <reg>
     выхватил
    </reg>
   </choice>
   у него ягнёнка,
   <choice>
    <reg>
     перекинул
    </reg>
   </choice>
   <choice>
    <reg>
     себе
    </reg>
   </choice>
   на спину и оба волка
   <choice>
    <reg>
     побежали
    </reg>
   </choice>
   <choice>
    <reg>
     скорее
    </reg>
   </choice>
   и скрылись
   <choice>
    <reg>
     из
    </reg>
   </choice>
   <choice>
    <reg>
     глаз
    </reg>
   </choice>
   .
  </p>
  <p rend="left" uuid="95575300-cb2b-4c3c-a3e9-99ca94d9b484">
   Тогда
   <choice>
    <reg>
     мальчик
    </reg>
   </choice>
   <choice>
    <reg>
     стал
    </reg>
   </choice>
   <choice>
    <reg>
     рассказывать
    </reg>
   </choice>
   ,
   <choice>
    <reg>
     как
    </reg>
   </choice>
   было
   <choice>
    <reg>
     дело
    </reg>
   </choice>
   :
   <choice>
    <reg>
     из
    </reg>
   </choice>
   оврага
   <choice>
    <reg>
     выскочил
    </reg>
   </choice>
   большой
   <choice>
    <reg>
     волк
    </reg>
   </choice>
   ,
   <choice>
    <reg>
     схватил
    </reg>
   </choice>
   ягнёнка,
   <choice>
    <reg>
     зарезал
    </reg>
   </choice>
   его и
   <choice>
    <reg>
     понёс
    </reg>
   </choice>
   .
  </p>
  <p rend="left" uuid="7831b380-3264-4f38-820d-70145596253c">
   На
   <choice>
    <reg>
     встречу
    </reg>
   </choice>
   <choice>
    <reg>
     выбежал
    </reg>
   </choice>
   <choice>
    <reg>
     волчёнок
    </reg>
   </choice>
   и бросился
   <choice>
    <reg>
     к
    </reg>
   </choice>
   ягнёнку. Старый
   <choice>
    <reg>
     отдал
    </reg>
   </choice>
   нести ягнёнка молодому волку, а
   <choice>
    <reg>
     сам
    </reg>
   </choice>
   <choice>
    <reg>
     налегке
    </reg>
   </choice>
   <choice>
    <reg>
     побежал
    </reg>
   </choice>
   <choice>
    <reg>
     возле
    </reg>
   </choice>
   .
  </p>
  <p rend="left emptyline" uuid="fabc0cc4-70f6-43c3-8b30-be3e01564dc7">
   <pb n="260"/>
  </p>
  <p rend="centerline" uuid="e7d4fb3e-37ee-42c0-a9de-74afe695d0a7">
   — 58 —
  </p>
  <p rend="left" uuid="f57c0974-7690-4e3c-b19b-3325c2691d04">
   Только когда пришла
   <choice>
    <reg>
     беда
    </reg>
   </choice>
   , старый
   <choice>
    <reg>
     оставил
    </reg>
   </choice>
   ученье и
   <choice>
    <reg>
     сам
    </reg>
   </choice>
   <choice>
    <reg>
     взял
    </reg>
   </choice>
   ягнёнка.
  </p>
 </div>
</TEI>