<?xml version="1.0" encoding="utf-8"?>
<TEI xmlns="http://www.tei-c.org/ns/1.0" xmlns:xi="http://www.w3.org/2001/XInclude">
 <teiHeader>
  <fileDesc>
   <titleStmt>
    <title>
     Азбука. Книга I
    </title>
    <author>
     Толстой Л.Н.
    </author>
    <respStmt>
     <resp>
      подготовка TEI/XML
     </resp>
     <name>
      Мария Картышева, Евгений Можаев, Даниил Скоринкин, Елена Сидорова, Вероника Файнберг, Кирилл Милинцевич
     </name>
    </respStmt>
    <respStmt>
     <name>
      Анастасия Бонч-Осмоловская, Фёкла Толстая, Борис Орехов
     </name>
     <resp>
      Идея, постановка задач, руководство
     </resp>
    </respStmt>
   </titleStmt>
   <publicationStmt>
    <idno>
     Азбука  | Книга I
    </idno>
    <publisher>
     <orgName>
      Школа лингвистики НИУ ВШЭ
     </orgName>
    </publisher>
    <availability>
     <p>
      Тексты и метатекстовая разметка доступны для свободного использования и распространения по лицензии Creative Commons Attribution Share-Alike (cc by-sa)
     </p>
    </availability>
   </publicationStmt>
   <sourceDesc>
    <biblStruct>
     <analytic>
      <author>
       Толстой Л.Н.
      </author>
      <title level="a">
       Азбука. Книга I
      </title>
     </analytic>
     <monogr>
      <title level="m">
       Полное собрание сочинений. Том 22
      </title>
      <imprint>
       <pubPlace>
        Москва
       </pubPlace>
       <publisher>
        Государственное издательство "Художественная литература"
       </publisher>
       <date when="1871-1872"/>
      </imprint>
     </monogr>
     <series>
      <title level="s">
       Л.Н. Толстой. Полное собрание сочинений
      </title>
      <biblScope unit="vol">
       22
      </biblScope>
     </series>
    </biblStruct>
   </sourceDesc>
  </fileDesc>
  <encodingDesc>
   <classDecl>
    <xi:include href="taxonomy.xml"/>
   </classDecl>
  </encodingDesc>
  <profileDesc>
   <creation>
    <date notAfter="1872" notBefore="1871">
     1871-1872
    </date>
    <rs/>
   </creation>
   <textClass>
    <catRef target="#fiction" type="sphere"/>
    <catRef target="#произведения для детей" type="type"/>
    <catRef target="#works" type="works_letters_diaries"/>
    <catRef target="#азбука" type="ninetyDef"/>
    <catRef target="#Основное" type="main_var"/>
    <catRef target="#азбука" type="type_short"/>
    <catRef target="None" type="translation"/>
    <catRef target="None" type="translation_origin"/>
    <catRef target="#да" type="tolstoy_or_not"/>
    <catRef target="None" type="name_status"/>
   </textClass>
   <preparedness>
    finished
   </preparedness>
   <settingDesc>
    <time>
     XIX век
    </time>
   </settingDesc>
  </profileDesc>
  <xenoData>
   <cyclusName/>
   <p>
    Проект
    <title>
     Толстой.Digital
    </title>
    разрабатывается сотрудниками и студентами
    <orgName>
     Высшей школы экономики
    </orgName>
    в сотрудничестве с
    <orgName>
     Государственным музеем Л.Н. Толстого
    </orgName>
    . Источник текстов –
    <bibl>
     90-томное собрание сочинений Л.Н.Толстого
    </bibl>
    . Разметка основана на стандарте
    <ref target="http://www.tei-c.org">
     TEI (Text Encoding Initiative)
    </ref>
    .
   </p>
   <versionNumber/>
   <isFinished/>
   <isEdited/>
   <fullBibliographicDescription/>
  </xenoData>
 </teiHeader>
 <p rend="left emptyline">
  <pb n="228"/>
 </p>
 <div type="section" xml:id="ref112">
  <head rend="center">
   <hi rend="strong">
    АРХІЕРЕЙ И
    <choice>
     <reg>
      РАЗБОЙНИК
     </reg>
    </choice>
    .
   </hi>
  </head>
  <p rend="left" uuid="fe8efa84-5e96-4df1-a139-a88dd25fcfb4">
   <choice>
    <reg>
     Одного
    </reg>
   </choice>
   разбойника давно искали.
   <choice>
    <reg>
     Раз
    </reg>
   </choice>
   <choice>
    <reg>
     он
    </reg>
   </choice>
   <choice>
    <reg>
     переоделся
    </reg>
   </choice>
   и
   <choice>
    <reg>
     пришёл
    </reg>
   </choice>
   <choice>
    <reg>
     в
    </reg>
   </choice>
   <choice>
    <reg>
     город
    </reg>
   </choice>
   .
   <choice>
    <reg>
     В
    </reg>
   </choice>
   <choice>
    <reg>
     городе
    </reg>
   </choice>
   ого узнали
   <choice>
    <reg>
     полицейские
    </reg>
   </choice>
   и погнались за
   <choice>
    <reg>
     ним
    </reg>
   </choice>
   .
   <choice>
    <reg>
     Разбойник
    </reg>
   </choice>
   <choice>
    <reg>
     бежал
    </reg>
   </choice>
   <choice>
    <reg>
     от
    </reg>
   </choice>
   <choice>
    <reg>
     них
    </reg>
   </choice>
   и
   <choice>
    <reg>
     прибежал
    </reg>
   </choice>
   <choice>
    <reg>
     к
    </reg>
   </choice>
   <choice>
    <reg>
     архиерейскому
    </reg>
   </choice>
   дому; ворота были открыты:
   <choice>
    <reg>
     он
    </reg>
   </choice>
   <choice>
    <reg>
     вошёл
    </reg>
   </choice>
   во
   <choice>
    <reg>
     двор
    </reg>
   </choice>
   .
  </p>
  <p rend="left" uuid="315d7602-0ead-428c-97bf-6116e4888eb9">
   <choice>
    <reg>
     Послушник
    </reg>
   </choice>
   <choice>
    <reg>
     спросил
    </reg>
   </choice>
   его — чтó ему нужно?
  </p>
  <p rend="left" uuid="526b73d7-d44d-44a9-afcb-ca928f0e6f2a">
   <choice>
    <reg>
     Разбойник
    </reg>
   </choice>
   не
   <choice>
    <reg>
     знал
    </reg>
   </choice>
   , чтó
   <choice>
    <reg>
     отвечать
    </reg>
   </choice>
   , и
   <choice>
    <reg>
     на-обум
    </reg>
   </choice>
   <choice>
    <reg>
     сказал
    </reg>
   </choice>
   : «
   <choice>
    <reg>
     мне
    </reg>
   </choice>
   нужно
   <choice>
    <reg>
     архиерея
    </reg>
   </choice>
   ».
  </p>
  <p rend="left" uuid="c3967768-18c2-45a2-a095-6ac89800e817">
   <choice>
    <reg>
     Архиерей
    </reg>
   </choice>
   <choice>
    <reg>
     принял
    </reg>
   </choice>
   разбойника и
   <choice>
    <reg>
     спросил
    </reg>
   </choice>
   — за
   <choice>
    <reg>
     каким
    </reg>
   </choice>
   <choice>
    <reg>
     он
    </reg>
   </choice>
   <choice>
    <reg>
     делом
    </reg>
   </choice>
   <choice>
    <reg>
     пришел
    </reg>
   </choice>
   <choice>
    <reg>
     к
    </reg>
   </choice>
   нему?
  </p>
  <p rend="left" uuid="acc31180-757a-4d53-a940-0317e0249d02">
   <choice>
    <reg>
     Разбойник
    </reg>
   </choice>
   <choice>
    <reg>
     отвечал
    </reg>
   </choice>
   : «я
   <choice>
    <reg>
     разбойник
    </reg>
   </choice>
   , за мною погоня; спрячь меня, а не то я убъю тебя».
  </p>
  <p rend="left" uuid="42fb3944-df84-4d8d-91c5-e8e8bde07fe3">
   <choice>
    <reg>
     Архиерей
    </reg>
   </choice>
   <choice>
    <reg>
     сказал
    </reg>
   </choice>
   : «я —
   <choice>
    <reg>
     старик
    </reg>
   </choice>
   , смерти не боюсь; но
   <choice>
    <reg>
     мне
    </reg>
   </choice>
   жаль тебя. Поди
   <choice>
    <reg>
     в
    </reg>
   </choice>
   ту горницу: ты
   <choice>
    <reg>
     устал
    </reg>
   </choice>
   , отдохни, а я
   <choice>
    <reg>
     тебе
    </reg>
   </choice>
   пришлю
   <choice>
    <reg>
     поесть
    </reg>
   </choice>
   ».
  </p>
  <p rend="left" uuid="44df688c-0d0a-4405-83cc-7f7369a96dd9">
   <choice>
    <reg>
     Полицейские
    </reg>
   </choice>
   не
   <choice>
    <reg>
     посмели
    </reg>
   </choice>
   войти
   <choice>
    <reg>
     к
    </reg>
   </choice>
   <choice>
    <reg>
     Архиерею
    </reg>
   </choice>
   <choice>
    <reg>
     в
    </reg>
   </choice>
   <choice>
    <reg>
     дом
    </reg>
   </choice>
   , и
   <choice>
    <reg>
     разбойник
    </reg>
   </choice>
   остался у него ночевать.
  </p>
  <p rend="left" uuid="4a56b297-3a0c-47da-9d9b-101fbcb32e19">
   Когда
   <choice>
    <reg>
     разбойник
    </reg>
   </choice>
   <choice>
    <reg>
     отдохнул
    </reg>
   </choice>
   ,
   <choice>
    <reg>
     Архиерей
    </reg>
   </choice>
   <choice>
    <reg>
     пришёл
    </reg>
   </choice>
   <choice>
    <reg>
     к
    </reg>
   </choice>
   нему и
   <choice>
    <reg>
     сказал
    </reg>
   </choice>
   : «
   <choice>
    <reg>
     мне
    </reg>
   </choice>
   жаль тебя, что ты
   <choice>
    <reg>
     холоден
    </reg>
   </choice>
   и
   <choice>
    <reg>
     голоден
    </reg>
   </choice>
   и что за тобой гоняются,
   <choice>
    <reg>
     как
    </reg>
   </choice>
   за
   <choice>
    <reg>
     волком
    </reg>
   </choice>
   , но
   <choice>
    <reg>
     мне
    </reg>
   </choice>
   всего
   <choice>
    <reg>
     более
    </reg>
   </choice>
   жаль тебя за то, что ты зла много
   <choice>
    <reg>
     сделал
    </reg>
   </choice>
   и душу свою губишь. Брось
   <choice>
    <reg>
     дурные
    </reg>
   </choice>
   <choice>
    <reg>
     дела
    </reg>
   </choice>
   !»
  </p>
  <p rend="left" uuid="df38fa3e-c238-420b-b258-738d46cd26f4">
   <choice>
    <reg>
     Разбойник
    </reg>
   </choice>
   <choice>
    <reg>
     сказал
    </reg>
   </choice>
   : «
   <choice>
    <reg>
     нет
    </reg>
   </choice>
   ,
   <choice>
    <reg>
     мне
    </reg>
   </choice>
   уже не отвыкнуть
   <choice>
    <reg>
     от
    </reg>
   </choice>
   <choice>
    <reg>
     худого
    </reg>
   </choice>
   ;
   <choice>
    <reg>
     разбойником
    </reg>
   </choice>
   <choice>
    <reg>
     жил
    </reg>
   </choice>
   ,
   <choice>
    <reg>
     таким
    </reg>
   </choice>
   и умру».
  </p>
  <p rend="left" uuid="edd8cffe-c05b-4e37-86c3-27438a291b9c">
   <choice>
    <reg>
     Архиерей
    </reg>
   </choice>
   <choice>
    <reg>
     ушёл
    </reg>
   </choice>
   <choice>
    <reg>
     от
    </reg>
   </choice>
   него,
   <choice>
    <reg>
     растворил
    </reg>
   </choice>
   <choice>
    <reg>
     все
    </reg>
   </choice>
   двери и
   <choice>
    <reg>
     лёг
    </reg>
   </choice>
   спать.
  </p>
  <p rend="left" uuid="a42dba85-6ff7-412f-8cbe-b744f3709aee">
   Ночью
   <choice>
    <reg>
     разбойник
    </reg>
   </choice>
   <choice>
    <reg>
     встал
    </reg>
   </choice>
   и
   <choice>
    <reg>
     пошёл
    </reg>
   </choice>
   ходить по
   <choice>
    <reg>
     горницам
    </reg>
   </choice>
   . Ему удивительно показалось,
   <choice>
    <reg>
     как
    </reg>
   </choice>
   <choice>
    <reg>
     Архиерей
    </reg>
   </choice>
   ничего не
   <choice>
    <reg>
     запер
    </reg>
   </choice>
   и
   <choice>
    <reg>
     оставил
    </reg>
   </choice>
   <choice>
    <reg>
     все
    </reg>
   </choice>
   двери настежь.
  </p>
  <p rend="left emptyline" uuid="e864faad-0e64-4678-b709-68f94cf36db7">
   <pb n="229"/>
  </p>
  <p rend="centerline" uuid="4afabe3e-e79f-41e7-981a-cfdba9b85547">
   — 27 —
  </p>
  <p rend="left" uuid="bf6bb5f0-eb97-448c-ab69-dcb896a8a6e5">
   <choice>
    <reg>
     Разбойник
    </reg>
   </choice>
   <choice>
    <reg>
     стал
    </reg>
   </choice>
   оглядываться
   <choice>
    <reg>
     кругом
    </reg>
   </choice>
   — что бы ему украсть,
   <choice>
    <reg>
     увидал
    </reg>
   </choice>
   большой серебряный
   <choice>
    <reg>
     подсвечник
    </reg>
   </choice>
   и
   <choice>
    <reg>
     думает
    </reg>
   </choice>
   : возьму я эту вещь — она много
   <choice>
    <reg>
     денег
    </reg>
   </choice>
   стоить — и уйду отсюда, а старика убивать не буду.
   <choice>
    <reg>
     Так
    </reg>
   </choice>
   и
   <choice>
    <reg>
     сделал
    </reg>
   </choice>
   .
  </p>
  <p rend="left" uuid="5667c029-10eb-496c-a48f-7481d0eebcd5">
   <choice>
    <reg>
     Полицейские
    </reg>
   </choice>
   не отходили
   <choice>
    <reg>
     от
    </reg>
   </choice>
   <choice>
    <reg>
     Архиерейского
    </reg>
   </choice>
   дома и всё время караулили разбойника.
   <choice>
    <reg>
     Как
    </reg>
   </choice>
   только
   <choice>
    <reg>
     он
    </reg>
   </choice>
   <choice>
    <reg>
     вышел
    </reg>
   </choice>
   <choice>
    <reg>
     из
    </reg>
   </choice>
   дому, его окружили и нашли у него
   <choice>
    <reg>
     под
    </reg>
   </choice>
   полой
   <choice>
    <reg>
     подсвечник
    </reg>
   </choice>
   .
  </p>
  <p rend="left" uuid="da63e245-67ef-4ba2-8925-62a7eb719675">
   <choice>
    <reg>
     Разбойник
    </reg>
   </choice>
   <choice>
    <reg>
     стал
    </reg>
   </choice>
   отпираться, но
   <choice>
    <reg>
     полицейские
    </reg>
   </choice>
   сказали: «если ты
   <choice>
    <reg>
     от
    </reg>
   </choice>
   <choice>
    <reg>
     прежних
    </reg>
   </choice>
   <choice>
    <reg>
     дел
    </reg>
   </choice>
   <choice>
    <reg>
     своих
    </reg>
   </choice>
   отпираешся, то
   <choice>
    <reg>
     от
    </reg>
   </choice>
   кражи этого
   <choice>
    <reg>
     подсвечника
    </reg>
   </choice>
   отклепаться не можешь.
   <choice>
    <reg>
     Пойдём
    </reg>
   </choice>
   <choice>
    <reg>
     к
    </reg>
   </choice>
   <choice>
    <reg>
     Архиерею
    </reg>
   </choice>
   —
   <choice>
    <reg>
     он
    </reg>
   </choice>
   тебя
   <choice>
    <reg>
     уличит
    </reg>
   </choice>
   ».
  </p>
  <p rend="left" uuid="0314c97f-89e6-4799-97db-05b0de7a54a3">
   Привели вора
   <choice>
    <reg>
     к
    </reg>
   </choice>
   <choice>
    <reg>
     Архиерею
    </reg>
   </choice>
   , показали ему
   <choice>
    <reg>
     подсвечник
    </reg>
   </choice>
   и спросили: «ваша ли это вещь?»
   <choice>
    <reg>
     Он
    </reg>
   </choice>
   <choice>
    <reg>
     говорит
    </reg>
   </choice>
   : «моя».
  </p>
  <p rend="left" uuid="b698e1b4-a9a8-4580-aa04-93f82bb44cce">
   <choice>
    <reg>
     Полицейские
    </reg>
   </choice>
   сказали: «у
   <choice>
    <reg>
     вас
    </reg>
   </choice>
   украли эту вещь, а
   <choice>
    <reg>
     вот
    </reg>
   </choice>
   <choice>
    <reg>
     вор
    </reg>
   </choice>
   »
  </p>
  <p rend="left" uuid="79311f88-539a-48c9-a235-d5867166f2c0">
   <choice>
    <reg>
     Разбойник
    </reg>
   </choice>
   <choice>
    <reg>
     молчал
    </reg>
   </choice>
   , и у него
   <choice>
    <reg>
     как
    </reg>
   </choice>
   у волка
   <choice>
    <reg>
     бегали
    </reg>
   </choice>
   глаза.
  </p>
  <p rend="left" uuid="15834bef-4502-4851-959b-dde94bcdd755">
   <choice>
    <reg>
     Архиерей
    </reg>
   </choice>
   ничего не
   <choice>
    <reg>
     сказал
    </reg>
   </choice>
   , вернулся
   <choice>
    <reg>
     в
    </reg>
   </choice>
   горницу,
   <choice>
    <reg>
     взял
    </reg>
   </choice>
   <choice>
    <reg>
     там
    </reg>
   </choice>
   дружку
   <choice>
    <reg>
     от
    </reg>
   </choice>
   того же
   <choice>
    <reg>
     подсвечника
    </reg>
   </choice>
   ,
   <choice>
    <reg>
     подал
    </reg>
   </choice>
   разбойнику и
   <choice>
    <reg>
     говорит
    </reg>
   </choice>
   : «
   <choice>
    <reg>
     зачем
    </reg>
   </choice>
   же ты,
   <choice>
    <reg>
     дружок
    </reg>
   </choice>
   , только
   <choice>
    <reg>
     один
    </reg>
   </choice>
   <choice>
    <reg>
     подсвечник
    </reg>
   </choice>
   <choice>
    <reg>
     взял
    </reg>
   </choice>
   ?
   <choice>
    <reg>
     Ведь
    </reg>
   </choice>
   я
   <choice>
    <reg>
     тебе
    </reg>
   </choice>
   оба
   <choice>
    <reg>
     подарил
    </reg>
   </choice>
   ».
  </p>
  <p rend="left" uuid="5ec8b03d-b1b3-4a05-938f-f251f313c1b5">
   <choice>
    <reg>
     Разбойник
    </reg>
   </choice>
   <choice>
    <reg>
     заплакал
    </reg>
   </choice>
   и
   <choice>
    <reg>
     сказал
    </reg>
   </choice>
   <choice>
    <reg>
     полицейским
    </reg>
   </choice>
   : «я
   <choice>
    <reg>
     вор
    </reg>
   </choice>
   и
   <choice>
    <reg>
     разбойник
    </reg>
   </choice>
   , ведите меня!»
  </p>
  <p rend="left" uuid="785bc7bd-87e5-4b9d-987a-dfd16ee65b4b">
   <choice>
    <reg>
     Потом
    </reg>
   </choice>
   <choice>
    <reg>
     он
    </reg>
   </choice>
   <choice>
    <reg>
     сказал
    </reg>
   </choice>
   <choice>
    <reg>
     Архиерею
    </reg>
   </choice>
   : «прости меня ради Христа и помолись за меня Богу».
  </p>
  <p rend="left emptyline" uuid="35f3ceee-13fe-42d7-b479-e54407a2231f">
   <pb n="230"/>
  </p>
  <p rend="centerline" uuid="954e9adb-ffae-4362-aab8-2298bbccc79e">
   — 28 —
  </p>
 </div>
</TEI>