<?xml version="1.0" encoding="utf-8"?>
<TEI xmlns="http://www.tei-c.org/ns/1.0" xmlns:xi="http://www.w3.org/2001/XInclude">
 <teiHeader>
  <fileDesc>
   <titleStmt>
    <title>
     Азбука. Книга I
    </title>
    <author>
     Толстой Л.Н.
    </author>
    <respStmt>
     <resp>
      подготовка TEI/XML
     </resp>
     <name>
      Мария Картышева, Евгений Можаев, Даниил Скоринкин, Елена Сидорова, Вероника Файнберг, Кирилл Милинцевич
     </name>
    </respStmt>
    <respStmt>
     <name>
      Анастасия Бонч-Осмоловская, Фёкла Толстая, Борис Орехов
     </name>
     <resp>
      Идея, постановка задач, руководство
     </resp>
    </respStmt>
   </titleStmt>
   <publicationStmt>
    <idno>
     Азбука  | Книга I
    </idno>
    <publisher>
     <orgName>
      Школа лингвистики НИУ ВШЭ
     </orgName>
    </publisher>
    <availability>
     <p>
      Тексты и метатекстовая разметка доступны для свободного использования и распространения по лицензии Creative Commons Attribution Share-Alike (cc by-sa)
     </p>
    </availability>
   </publicationStmt>
   <sourceDesc>
    <biblStruct>
     <analytic>
      <author>
       Толстой Л.Н.
      </author>
      <title level="a">
       Азбука. Книга I
      </title>
     </analytic>
     <monogr>
      <title level="m">
       Полное собрание сочинений. Том 22
      </title>
      <imprint>
       <pubPlace>
        Москва
       </pubPlace>
       <publisher>
        Государственное издательство "Художественная литература"
       </publisher>
       <date when="1871-1872"/>
      </imprint>
     </monogr>
     <series>
      <title level="s">
       Л.Н. Толстой. Полное собрание сочинений
      </title>
      <biblScope unit="vol">
       22
      </biblScope>
     </series>
    </biblStruct>
   </sourceDesc>
  </fileDesc>
  <encodingDesc>
   <classDecl>
    <xi:include href="taxonomy.xml"/>
   </classDecl>
  </encodingDesc>
  <profileDesc>
   <creation>
    <date notAfter="1872" notBefore="1871">
     1871-1872
    </date>
    <rs/>
   </creation>
   <textClass>
    <catRef target="#fiction" type="sphere"/>
    <catRef target="#произведения для детей" type="type"/>
    <catRef target="#works" type="works_letters_diaries"/>
    <catRef target="#азбука" type="ninetyDef"/>
    <catRef target="#Основное" type="main_var"/>
    <catRef target="#азбука" type="type_short"/>
    <catRef target="None" type="translation"/>
    <catRef target="None" type="translation_origin"/>
    <catRef target="#да" type="tolstoy_or_not"/>
    <catRef target="None" type="name_status"/>
   </textClass>
   <preparedness>
    finished
   </preparedness>
   <settingDesc>
    <time>
     XIX век
    </time>
   </settingDesc>
  </profileDesc>
  <xenoData>
   <cyclusName/>
   <p>
    Проект
    <title>
     Толстой.Digital
    </title>
    разрабатывается сотрудниками и студентами
    <orgName>
     Высшей школы экономики
    </orgName>
    в сотрудничестве с
    <orgName>
     Государственным музеем Л.Н. Толстого
    </orgName>
    . Источник текстов –
    <bibl>
     90-томное собрание сочинений Л.Н.Толстого
    </bibl>
    . Разметка основана на стандарте
    <ref target="http://www.tei-c.org">
     TEI (Text Encoding Initiative)
    </ref>
    .
   </p>
   <versionNumber/>
   <isFinished/>
   <isEdited/>
   <fullBibliographicDescription/>
  </xenoData>
 </teiHeader>
 <p rend="left emptyline">
  <pb n="107"/>
 </p>
 <div type="section" xml:id="ref50">
  <head rend="Azbuka left">
   <hi rend="strong">
    <choice>
     <reg>
      Как
     </reg>
    </choice>
    <choice>
     <reg>
      в
     </reg>
    </choice>
    <choice>
     <reg>
      городе
     </reg>
    </choice>
    <choice>
     <reg>
      Париже
     </reg>
    </choice>
    починили
    <choice>
     <reg>
      дом
     </reg>
    </choice>
    .
   </hi>
  </head>
  <p rend="Azbuka left" uuid="ac828d72-030e-43c4-a86b-d1498468423e">
   <hi rend="big">
    <choice>
     <reg>
      В
     </reg>
    </choice>
   </hi>
   <choice>
    <reg>
     одном
    </reg>
   </choice>
   <choice>
    <reg>
     большом
    </reg>
   </choice>
   <choice>
    <reg>
     доме
    </reg>
   </choice>
   разошлись врозь ст
   <hi rend="big">
    ѣ
   </hi>
   ны. Стали думать,
   <choice>
    <reg>
     как
    </reg>
   </choice>
   <choice>
    <reg>
     их
    </reg>
   </choice>
   свести
   <choice>
    <reg>
     так
    </reg>
   </choice>
   , чтобы не ломать крыши.
   <choice>
    <reg>
     Один
    </reg>
   </choice>
   челов
   <hi rend="big">
    ѣ
   </hi>
   <choice>
    <reg>
     к
    </reg>
   </choice>
   <choice>
    <reg>
     придумал
    </reg>
   </choice>
   .
   <choice>
    <reg>
     Он
    </reg>
   </choice>
   вд
   <hi rend="big">
    ѣ
   </hi>
   <choice>
    <reg>
     лал
    </reg>
   </choice>
   <hi rend="big">
    <choice>
     <reg>
      с
     </reg>
    </choice>
   </hi>
   <choice>
    <reg>
     обеих
    </reg>
   </choice>
   <choice>
    <reg>
     сторон
    </reg>
   </choice>
   <hi rend="big">
    <choice>
     <reg>
      в
     </reg>
    </choice>
   </hi>
   ст
   <hi rend="big">
    ѣ
   </hi>
   ны жел
   <hi rend="big">
    ѣ
   </hi>
   <choice>
    <reg>
     зные
    </reg>
   </choice>
   ушки;
   <choice>
    <reg>
     потом
    </reg>
   </choice>
   сд
   <hi rend="big">
    ѣ
   </hi>
   <choice>
    <reg>
     лал
    </reg>
   </choice>
   жел
   <hi rend="big">
    ѣ
   </hi>
   зную полосу, такую, чтобы она на
   <choice>
    <reg>
     вершок
    </reg>
   </choice>
   не хватала
   <hi rend="big">
    <choice>
     <reg>
      от
     </reg>
    </choice>
   </hi>
   ушка
   <hi rend="big">
    до
   </hi>
   ушка.
   <choice>
    <reg>
     Потом
    </reg>
   </choice>
   <choice>
    <reg>
     загнул
    </reg>
   </choice>
   <hi rend="big">
    на
   </hi>
   ней крюки
   <hi rend="big">
    по
   </hi>
   <choice>
    <reg>
     концам
    </reg>
   </choice>
   <choice>
    <reg>
     так
    </reg>
   </choice>
   , чтобы крюки входили
   <hi rend="big">
    <choice>
     <reg>
      в
     </reg>
    </choice>
   </hi>
   ушки.
   <choice>
    <reg>
     Потом
    </reg>
   </choice>
   <choice>
    <reg>
     разогрел
    </reg>
   </choice>
   полосу
   <hi rend="big">
    на
   </hi>
   <choice>
    <reg>
     огне
    </reg>
   </choice>
   ; она раздалась и достала
   <hi rend="big">
    <choice>
     <reg>
      от
     </reg>
    </choice>
   </hi>
   ушка
   <hi rend="big">
    до
   </hi>
   ушка. Тогда
   <choice>
    <reg>
     он
    </reg>
   </choice>
   зад
   <hi rend="big">
    ѣ
   </hi>
   <choice>
    <reg>
     л
    </reg>
   </choice>
   крюками
   <hi rend="big">
    за
   </hi>
   ушки и
   <choice>
    <reg>
     оставил
    </reg>
   </choice>
   её
   <choice>
    <reg>
     так
    </reg>
   </choice>
   . Полоса стала остывать и сжиматься, и стянула ст
   <hi rend="big">
    ѣ
   </hi>
   ны.
  </p>
  <p rend="left emptyline" uuid="557d01df-cbd1-4510-a06a-c5d34732e1c2">
   <pb n="108"/>
  </p>
  <p rend="centerline" uuid="ebf62669-68e8-4869-ab47-add818612a84">
   — 98 —
  </p>
 </div>
</TEI>