<?xml version="1.0" encoding="utf-8"?>
<TEI xmlns="http://www.tei-c.org/ns/1.0" xmlns:xi="http://www.w3.org/2001/XInclude">
 <teiHeader>
  <fileDesc>
   <titleStmt>
    <title>
     Азбука. Книга I
    </title>
    <author>
     Толстой Л.Н.
    </author>
    <respStmt>
     <resp>
      подготовка TEI/XML
     </resp>
     <name>
      Мария Картышева, Евгений Можаев, Даниил Скоринкин, Елена Сидорова, Вероника Файнберг, Кирилл Милинцевич
     </name>
    </respStmt>
    <respStmt>
     <name>
      Анастасия Бонч-Осмоловская, Фёкла Толстая, Борис Орехов
     </name>
     <resp>
      Идея, постановка задач, руководство
     </resp>
    </respStmt>
   </titleStmt>
   <publicationStmt>
    <idno>
     Азбука  | Книга I
    </idno>
    <publisher>
     <orgName>
      Школа лингвистики НИУ ВШЭ
     </orgName>
    </publisher>
    <availability>
     <p>
      Тексты и метатекстовая разметка доступны для свободного использования и распространения по лицензии Creative Commons Attribution Share-Alike (cc by-sa)
     </p>
    </availability>
   </publicationStmt>
   <sourceDesc>
    <biblStruct>
     <analytic>
      <author>
       Толстой Л.Н.
      </author>
      <title level="a">
       Азбука. Книга I
      </title>
     </analytic>
     <monogr>
      <title level="m">
       Полное собрание сочинений. Том 22
      </title>
      <imprint>
       <pubPlace>
        Москва
       </pubPlace>
       <publisher>
        Государственное издательство "Художественная литература"
       </publisher>
       <date when="1871-1872"/>
      </imprint>
     </monogr>
     <series>
      <title level="s">
       Л.Н. Толстой. Полное собрание сочинений
      </title>
      <biblScope unit="vol">
       22
      </biblScope>
     </series>
    </biblStruct>
   </sourceDesc>
  </fileDesc>
  <encodingDesc>
   <classDecl>
    <xi:include href="taxonomy.xml"/>
   </classDecl>
  </encodingDesc>
  <profileDesc>
   <creation>
    <date notAfter="1872" notBefore="1871">
     1871-1872
    </date>
    <rs/>
   </creation>
   <textClass>
    <catRef target="#fiction" type="sphere"/>
    <catRef target="#произведения для детей" type="type"/>
    <catRef target="#works" type="works_letters_diaries"/>
    <catRef target="#азбука" type="ninetyDef"/>
    <catRef target="#Основное" type="main_var"/>
    <catRef target="#азбука" type="type_short"/>
    <catRef target="None" type="translation"/>
    <catRef target="None" type="translation_origin"/>
    <catRef target="#да" type="tolstoy_or_not"/>
    <catRef target="None" type="name_status"/>
   </textClass>
   <preparedness>
    finished
   </preparedness>
   <settingDesc>
    <time>
     XIX век
    </time>
   </settingDesc>
  </profileDesc>
  <xenoData>
   <cyclusName/>
   <p>
    Проект
    <title>
     Толстой.Digital
    </title>
    разрабатывается сотрудниками и студентами
    <orgName>
     Высшей школы экономики
    </orgName>
    в сотрудничестве с
    <orgName>
     Государственным музеем Л.Н. Толстого
    </orgName>
    . Источник текстов –
    <bibl>
     90-томное собрание сочинений Л.Н.Толстого
    </bibl>
    . Разметка основана на стандарте
    <ref target="http://www.tei-c.org">
     TEI (Text Encoding Initiative)
    </ref>
    .
   </p>
   <versionNumber/>
   <isFinished/>
   <isEdited/>
   <fullBibliographicDescription/>
  </xenoData>
 </teiHeader>
 <p rend="left emptyline">
  <pb n="208"/>
 </p>
 <div type="section" xml:id="ref93">
  <head rend="center">
   <hi rend="strong">
    <choice>
     <reg>
      ДВЕ
     </reg>
    </choice>
    ЛОШАДИ.
   </hi>
  </head>
  <p rend="left" uuid="334ea89b-fc46-472e-a024-e21c0a3f513a">
   <choice>
    <reg>
     Две
    </reg>
   </choice>
   лошади везли два воза. Передняя лошадь везла хорошо, а задняя останавливалась. На переднюю лошадь стали перекладывать
   <choice>
    <reg>
     с
    </reg>
   </choice>
   <choice>
    <reg>
     заднего
    </reg>
   </choice>
   воза; когда всё переложили, задняя пошла
   <choice>
    <reg>
     налегке
    </reg>
   </choice>
   и сказала передней: «Мучься и
   <choice>
    <reg>
     потей
    </reg>
   </choice>
   . Что больше будешь стараться, то больше тебя
   <choice>
    <reg>
     будут
    </reg>
   </choice>
   мучить»
  </p>
  <p rend="left" uuid="953c3ae9-323f-4f82-a20e-2d4381d06b03">
   Когда
   <choice>
    <reg>
     приехали
    </reg>
   </choice>
   на постоялый
   <choice>
    <reg>
     двор
    </reg>
   </choice>
   ,
   <choice>
    <reg>
     хозяин
    </reg>
   </choice>
   и
   <choice>
    <reg>
     говорит
    </reg>
   </choice>
   :
  </p>
  <p rend="left" uuid="5317b200-0562-49c4-af3d-62f79991ee1c">
   «Что
   <choice>
    <reg>
     мне
    </reg>
   </choice>
   <choice>
    <reg>
     двух
    </reg>
   </choice>
   лошадей кормить, а на одной возить? Лучше одной
   <choice>
    <reg>
     дам
    </reg>
   </choice>
   вволю корму, а ту
   <choice>
    <reg>
     зарежу
    </reg>
   </choice>
   ; хоть шкуру возьму»
  </p>
  <p rend="left" uuid="3fc876e0-1986-4679-b2d8-0270f27c7143">
   <choice>
    <reg>
     Так
    </reg>
   </choice>
   и
   <choice>
    <reg>
     сделал
    </reg>
   </choice>
   .
  </p>
 </div>
</TEI>