<?xml version="1.0" encoding="utf-8"?>
<TEI xmlns="http://www.tei-c.org/ns/1.0" xmlns:xi="http://www.w3.org/2001/XInclude">
 <teiHeader>
  <fileDesc>
   <titleStmt>
    <title>
     Азбука. Книга I
    </title>
    <author>
     Толстой Л.Н.
    </author>
    <respStmt>
     <resp>
      подготовка TEI/XML
     </resp>
     <name>
      Мария Картышева, Евгений Можаев, Даниил Скоринкин, Елена Сидорова, Вероника Файнберг, Кирилл Милинцевич
     </name>
    </respStmt>
    <respStmt>
     <name>
      Анастасия Бонч-Осмоловская, Фёкла Толстая, Борис Орехов
     </name>
     <resp>
      Идея, постановка задач, руководство
     </resp>
    </respStmt>
   </titleStmt>
   <publicationStmt>
    <idno>
     Азбука  | Книга I
    </idno>
    <publisher>
     <orgName>
      Школа лингвистики НИУ ВШЭ
     </orgName>
    </publisher>
    <availability>
     <p>
      Тексты и метатекстовая разметка доступны для свободного использования и распространения по лицензии Creative Commons Attribution Share-Alike (cc by-sa)
     </p>
    </availability>
   </publicationStmt>
   <sourceDesc>
    <biblStruct>
     <analytic>
      <author>
       Толстой Л.Н.
      </author>
      <title level="a">
       Азбука. Книга I
      </title>
     </analytic>
     <monogr>
      <title level="m">
       Полное собрание сочинений. Том 22
      </title>
      <imprint>
       <pubPlace>
        Москва
       </pubPlace>
       <publisher>
        Государственное издательство "Художественная литература"
       </publisher>
       <date when="1871-1872"/>
      </imprint>
     </monogr>
     <series>
      <title level="s">
       Л.Н. Толстой. Полное собрание сочинений
      </title>
      <biblScope unit="vol">
       22
      </biblScope>
     </series>
    </biblStruct>
   </sourceDesc>
  </fileDesc>
  <encodingDesc>
   <classDecl>
    <xi:include href="taxonomy.xml"/>
   </classDecl>
  </encodingDesc>
  <profileDesc>
   <creation>
    <date notAfter="1872" notBefore="1871">
     1871-1872
    </date>
    <rs/>
   </creation>
   <textClass>
    <catRef target="#fiction" type="sphere"/>
    <catRef target="#произведения для детей" type="type"/>
    <catRef target="#works" type="works_letters_diaries"/>
    <catRef target="#азбука" type="ninetyDef"/>
    <catRef target="#Основное" type="main_var"/>
    <catRef target="#азбука" type="type_short"/>
    <catRef target="None" type="translation"/>
    <catRef target="None" type="translation_origin"/>
    <catRef target="#да" type="tolstoy_or_not"/>
    <catRef target="None" type="name_status"/>
   </textClass>
   <preparedness>
    finished
   </preparedness>
   <settingDesc>
    <time>
     XIX век
    </time>
   </settingDesc>
  </profileDesc>
  <xenoData>
   <cyclusName/>
   <p>
    Проект
    <title>
     Толстой.Digital
    </title>
    разрабатывается сотрудниками и студентами
    <orgName>
     Высшей школы экономики
    </orgName>
    в сотрудничестве с
    <orgName>
     Государственным музеем Л.Н. Толстого
    </orgName>
    . Источник текстов –
    <bibl>
     90-томное собрание сочинений Л.Н.Толстого
    </bibl>
    . Разметка основана на стандарте
    <ref target="http://www.tei-c.org">
     TEI (Text Encoding Initiative)
    </ref>
    .
   </p>
   <versionNumber/>
   <isFinished/>
   <isEdited/>
   <fullBibliographicDescription/>
  </xenoData>
 </teiHeader>
 <p rend="left emptyline">
  <pb n="89"/>
 </p>
   <div type="section" xml:id="ref39">
    <head rend="Azbuka left">
     <hi rend="strong">
      „“
      <choice>
       <reg>
        Мужик
       </reg>
       <orig>
        Мужикъ
       </orig>
      </choice>
      и огурцы.
     </hi>
    </head>
    <p rend="Azbuka left" uuid="dbf0799c-99bc-40ad-8b79-da36508f939b">
     <choice>
      <reg>
       Пошёл
      </reg>
      <orig>
       Пошёлъ
      </orig>
     </choice>
     <choice>
      <reg>
       раз
      </reg>
      <orig>
       разъ
      </orig>
     </choice>
     <choice>
      <reg>
       мужик
      </reg>
      <orig>
       мужикъ
      </orig>
     </choice>
     <choice>
      <reg>
       к
      </reg>
      <orig>
       къ
      </orig>
     </choice>
     огороднику огурцы воровать.
     <choice>
      <reg>
       Подполз
      </reg>
      <orig>
       Подползъ
      </orig>
     </choice>
     <choice>
      <reg>
       он
      </reg>
      <orig>
       онъ
      </orig>
     </choice>
     <choice>
      <reg>
       к
      </reg>
      <orig>
       къ
      </orig>
     </choice>
     <choice>
      <reg>
       огурцам
      </reg>
      <orig>
       огурцамъ
      </orig>
     </choice>
     и
     <choice>
      <reg>
       думает
      </reg>
      <orig>
       думаетъ
      </orig>
     </choice>
     :
     <choice>
      <reg>
       „вот
      </reg>
      <orig>
       „вотъ
      </orig>
     </choice>
     дай унесу м
     <hi rend="big">
      ѣ
     </hi>
     <choice>
      <reg>
       шок
      </reg>
      <orig>
       шокъ
      </orig>
     </choice>
     <choice>
      <reg>
       огурцов
      </reg>
      <orig>
       огурцовъ
      </orig>
     </choice>
     ,
     <choice>
      <reg>
       продам
      </reg>
      <orig>
       продамъ
      </orig>
     </choice>
     ; на эти деньги курочку куплю.
     <choice>
      <reg>
       Нанесёт
      </reg>
      <orig>
       Нанесётъ
      </orig>
     </choice>
    </p>
    <p rend="left emptyline" uuid="dc40c45c-1b5e-42e3-91ab-fdbdae3cdf2c">
     <pb n="90"/>
    </p>
    <p rend="centerline" uuid="835c4c3e-57e6-45e6-85b3-0c06ff3aefb3">
     — 80 —
    </p>
    <p rend="Azbuka notindent" uuid="112638e9-b647-457c-ad64-26a9ce0d1ef6">
     <choice>
      <reg>
       мне
      </reg>
      <orig>
       мнѣ
      </orig>
     </choice>
     курица
     <choice>
      <reg>
       яиц
      </reg>
      <orig>
       яицъ
      </orig>
     </choice>
     ,
     <choice>
      <reg>
       сядет
      </reg>
      <orig>
       сядетъ
      </orig>
     </choice>
     нас
     <hi rend="big">
      ѣ
     </hi>
     дочкой,
     <choice>
      <reg>
       выведет
      </reg>
      <orig>
       выведетъ
      </orig>
     </choice>
     много
     <choice>
      <reg>
       цыплят
      </reg>
      <orig>
       цыплятъ
      </orig>
     </choice>
     . Выкормлю я
     <choice>
      <reg>
       цыплят
      </reg>
      <orig>
       цыплятъ
      </orig>
     </choice>
     ,
     <choice>
      <reg>
       продам
      </reg>
      <orig>
       продамъ
      </orig>
     </choice>
     , куплю поросёночка — свинку;
     <choice>
      <reg>
       напоросит
      </reg>
      <orig>
       напороситъ
      </orig>
     </choice>
     <choice>
      <reg>
       мне
      </reg>
      <orig>
       мнѣ
      </orig>
     </choice>
     свинка
     <choice>
      <reg>
       поросят
      </reg>
      <orig>
       поросятъ
      </orig>
     </choice>
     .
     <choice>
      <reg>
       Продам
      </reg>
      <orig>
       Продамъ
      </orig>
     </choice>
     <choice>
      <reg>
       поросят
      </reg>
      <orig>
       поросятъ
      </orig>
     </choice>
     , куплю кобылку;
     <choice>
      <reg>
       ожеребит
      </reg>
      <orig>
       ожеребитъ
      </orig>
     </choice>
     <choice>
      <reg>
       мне
      </reg>
      <orig>
       мнѣ
      </orig>
     </choice>
     кобылка
     <choice>
      <reg>
       жеребят
      </reg>
      <orig>
       жеребятъ
      </orig>
     </choice>
     . Выкормлю
     <choice>
      <reg>
       жеребят
      </reg>
      <orig>
       жеребятъ
      </orig>
     </choice>
     ,
     <choice>
      <reg>
       продам
      </reg>
      <orig>
       продамъ
      </orig>
     </choice>
     ; куплю
     <choice>
      <reg>
       дом
      </reg>
      <orig>
       домъ
      </orig>
     </choice>
     и заведу
     <choice>
      <reg>
       огород
      </reg>
      <orig>
       огородъ
      </orig>
     </choice>
     . Заведу
     <choice>
      <reg>
       огород
      </reg>
      <orig>
       огородъ
      </orig>
     </choice>
     , насажу
     <choice>
      <reg>
       огурцов
      </reg>
      <orig>
       огурцовъ
      </orig>
     </choice>
     , воровать не
     <choice>
      <reg>
       дам
      </reg>
      <orig>
       дамъ
      </orig>
     </choice>
     ,
     <choice>
      <reg>
       караул
      </reg>
      <orig>
       караулъ
      </orig>
     </choice>
     буду кр
     <hi rend="big">
      ѣ
     </hi>
     <choice>
      <reg>
       пкий
      </reg>
      <orig>
       пкiй
      </orig>
     </choice>
     держать. Найму
     <choice>
      <reg>
       караульщиков
      </reg>
      <orig>
       караульщиковъ
      </orig>
     </choice>
     , посажу на огурцы, а
     <choice>
      <reg>
       сам
      </reg>
      <orig>
       самъ
      </orig>
     </choice>
     <choice>
      <reg>
       так-то
      </reg>
      <orig>
       такъ-то
      </orig>
     </choice>
     подойду сторонкой, да крикну: эй, вы, караульте
     <choice>
      <reg>
       крепче
      </reg>
      <orig>
       крѣпче
      </orig>
     </choice>
     ! “
     <choice>
      <reg>
       Как
      </reg>
      <orig>
       Какъ
      </orig>
     </choice>
     <choice>
      <reg>
       закричит
      </reg>
      <orig>
       закричитъ
      </orig>
     </choice>
     на всю глотку. Караульщики услыхали, выскочичили, избили мужика.
    </p>
   </div>
</TEI>