<?xml version="1.0" encoding="utf-8"?>
<TEI xmlns="http://www.tei-c.org/ns/1.0" xmlns:xi="http://www.w3.org/2001/XInclude">
 <teiHeader>
  <fileDesc>
   <titleStmt>
    <title>
     Азбука. Книга I
    </title>
    <author>
     Толстой Л.Н.
    </author>
    <respStmt>
     <resp>
      подготовка TEI/XML
     </resp>
     <name>
      Мария Картышева, Евгений Можаев, Даниил Скоринкин, Елена Сидорова, Вероника Файнберг, Кирилл Милинцевич
     </name>
    </respStmt>
    <respStmt>
     <name>
      Анастасия Бонч-Осмоловская, Фёкла Толстая, Борис Орехов
     </name>
     <resp>
      Идея, постановка задач, руководство
     </resp>
    </respStmt>
   </titleStmt>
   <publicationStmt>
    <idno>
     Азбука  | Книга I
    </idno>
    <publisher>
     <orgName>
      Школа лингвистики НИУ ВШЭ
     </orgName>
    </publisher>
    <availability>
     <p>
      Тексты и метатекстовая разметка доступны для свободного использования и распространения по лицензии Creative Commons Attribution Share-Alike (cc by-sa)
     </p>
    </availability>
   </publicationStmt>
   <sourceDesc>
    <biblStruct>
     <analytic>
      <author>
       Толстой Л.Н.
      </author>
      <title level="a">
       Азбука. Книга I
      </title>
     </analytic>
     <monogr>
      <title level="m">
       Полное собрание сочинений. Том 22
      </title>
      <imprint>
       <pubPlace>
        Москва
       </pubPlace>
       <publisher>
        Государственное издательство "Художественная литература"
       </publisher>
       <date when="1871-1872"/>
      </imprint>
     </monogr>
     <series>
      <title level="s">
       Л.Н. Толстой. Полное собрание сочинений
      </title>
      <biblScope unit="vol">
       22
      </biblScope>
     </series>
    </biblStruct>
   </sourceDesc>
  </fileDesc>
  <encodingDesc>
   <classDecl>
    <xi:include href="taxonomy.xml"/>
   </classDecl>
  </encodingDesc>
  <profileDesc>
   <creation>
    <date notAfter="1872" notBefore="1871">
     1871-1872
    </date>
    <rs/>
   </creation>
   <textClass>
    <catRef target="#fiction" type="sphere"/>
    <catRef target="#произведения для детей" type="type"/>
    <catRef target="#works" type="works_letters_diaries"/>
    <catRef target="#азбука" type="ninetyDef"/>
    <catRef target="#Основное" type="main_var"/>
    <catRef target="#азбука" type="type_short"/>
    <catRef target="None" type="translation"/>
    <catRef target="None" type="translation_origin"/>
    <catRef target="#да" type="tolstoy_or_not"/>
    <catRef target="None" type="name_status"/>
   </textClass>
   <preparedness>
    finished
   </preparedness>
   <settingDesc>
    <time>
     XIX век
    </time>
   </settingDesc>
  </profileDesc>
  <xenoData>
   <cyclusName/>
   <p>
    Проект
    <title>
     Толстой.Digital
    </title>
    разрабатывается сотрудниками и студентами
    <orgName>
     Высшей школы экономики
    </orgName>
    в сотрудничестве с
    <orgName>
     Государственным музеем Л.Н. Толстого
    </orgName>
    . Источник текстов –
    <bibl>
     90-томное собрание сочинений Л.Н.Толстого
    </bibl>
    . Разметка основана на стандарте
    <ref target="http://www.tei-c.org">
     TEI (Text Encoding Initiative)
    </ref>
    .
   </p>
   <versionNumber/>
   <isFinished/>
   <isEdited/>
   <fullBibliographicDescription/>
  </xenoData>
 </teiHeader>
 <p rend="left emptyline">
  <pb n="79"/>
 </p>
 <div type="section" xml:id="ref27">
  <head rend="Azbuka left">
   <hi rend="strong">
    Курица и з
    <hi rend="italic">
     о
    </hi>
    л
    <hi rend="italic">
     о
    </hi>
    тыя яица.
   </hi>
  </head>
  <p rend="Azbuka left" uuid="6f2c2147-2974-4904-a834-7d253e9a487f">
   У
   <hi rend="italic">
    о
   </hi>
   дн
   <hi rend="italic">
    ог
   </hi>
   о х
   <hi rend="italic">
    о
   </hi>
   зяина курица несла з
   <hi rend="italic">
    о
   </hi>
   л
   <hi rend="italic">
    о
   </hi>
   тыя яица. Ему зах
   <hi rend="italic">
    о
   </hi>
   <choice>
    <reg>
     телось
    </reg>
    <orig>
     тѣлось
    </orig>
   </choice>
   сразу п
   <hi rend="italic">
    о
   </hi>
   больше зол
   <hi rend="italic">
    о
   </hi>
   та, и
   <choice>
    <reg>
     он
    </reg>
    <orig>
     онъ
    </orig>
   </choice>
   <choice>
    <reg>
     убил
    </reg>
    <orig>
     убилъ
    </orig>
   </choice>
   курицу (
   <choice>
    <reg>
     он
    </reg>
    <orig>
     онъ
    </orig>
   </choice>
   <choice>
    <reg>
     думал
    </reg>
    <orig>
     думалъ
    </orig>
   </choice>
   ,
   <hi rend="italic">
    ч
   </hi>
   то внутри ея б
   <hi rend="italic">
    о
   </hi>
   льшой
   <choice>
    <reg>
     ком
    </reg>
    <orig>
     комъ
    </orig>
   </choice>
   зол
   <hi rend="italic">
    о
   </hi>
   та), а
   <hi rend="italic">
    о
   </hi>
   на была
   <choice>
    <reg>
     такая же
    </reg>
    <orig>
     такая-же
    </orig>
   </choice>
   ,
   <choice>
    <reg>
     как
    </reg>
    <orig>
     какъ
    </orig>
   </choice>
   и
   <hi rend="italic">
    в
   </hi>
   <choice>
    <reg>
     се
    </reg>
    <orig>
     сѣ
    </orig>
   </choice>
   курицы.
  </p>
 </div>
</TEI>