<?xml version="1.0" encoding="utf-8"?>
<TEI xmlns="http://www.tei-c.org/ns/1.0" xmlns:xi="http://www.w3.org/2001/XInclude">
 <teiHeader>
  <fileDesc>
   <titleStmt>
    <title>
     Азбука. Книга I
    </title>
    <author>
     Толстой Л.Н.
    </author>
    <respStmt>
     <resp>
      подготовка TEI/XML
     </resp>
     <name>
      Мария Картышева, Евгений Можаев, Даниил Скоринкин, Елена Сидорова, Вероника Файнберг, Кирилл Милинцевич
     </name>
    </respStmt>
    <respStmt>
     <name>
      Анастасия Бонч-Осмоловская, Фёкла Толстая, Борис Орехов
     </name>
     <resp>
      Идея, постановка задач, руководство
     </resp>
    </respStmt>
   </titleStmt>
   <publicationStmt>
    <idno>
     Азбука  | Книга I
    </idno>
    <publisher>
     <orgName>
      Школа лингвистики НИУ ВШЭ
     </orgName>
    </publisher>
    <availability>
     <p>
      Тексты и метатекстовая разметка доступны для свободного использования и распространения по лицензии Creative Commons Attribution Share-Alike (cc by-sa)
     </p>
    </availability>
   </publicationStmt>
   <sourceDesc>
    <biblStruct>
     <analytic>
      <author>
       Толстой Л.Н.
      </author>
      <title level="a">
       Азбука. Книга I
      </title>
     </analytic>
     <monogr>
      <title level="m">
       Полное собрание сочинений. Том 22
      </title>
      <imprint>
       <pubPlace>
        Москва
       </pubPlace>
       <publisher>
        Государственное издательство "Художественная литература"
       </publisher>
       <date when="1871-1872"/>
      </imprint>
     </monogr>
     <series>
      <title level="s">
       Л.Н. Толстой. Полное собрание сочинений
      </title>
      <biblScope unit="vol">
       22
      </biblScope>
     </series>
    </biblStruct>
   </sourceDesc>
  </fileDesc>
  <encodingDesc>
   <classDecl>
    <xi:include href="taxonomy.xml"/>
   </classDecl>
  </encodingDesc>
  <profileDesc>
   <creation>
    <date notAfter="1872" notBefore="1871">
     1871-1872
    </date>
    <rs/>
   </creation>
   <textClass>
    <catRef target="#fiction" type="sphere"/>
    <catRef target="#произведения для детей" type="type"/>
    <catRef target="#works" type="works_letters_diaries"/>
    <catRef target="#азбука" type="ninetyDef"/>
    <catRef target="#Основное" type="main_var"/>
    <catRef target="#азбука" type="type_short"/>
    <catRef target="None" type="translation"/>
    <catRef target="None" type="translation_origin"/>
    <catRef target="#да" type="tolstoy_or_not"/>
    <catRef target="None" type="name_status"/>
   </textClass>
   <preparedness>
    finished
   </preparedness>
   <settingDesc>
    <time>
     XIX век
    </time>
   </settingDesc>
  </profileDesc>
  <xenoData>
   <cyclusName/>
   <p>
    Проект
    <title>
     Толстой.Digital
    </title>
    разрабатывается сотрудниками и студентами
    <orgName>
     Высшей школы экономики
    </orgName>
    в сотрудничестве с
    <orgName>
     Государственным музеем Л.Н. Толстого
    </orgName>
    . Источник текстов –
    <bibl>
     90-томное собрание сочинений Л.Н.Толстого
    </bibl>
    . Разметка основана на стандарте
    <ref target="http://www.tei-c.org">
     TEI (Text Encoding Initiative)
    </ref>
    .
   </p>
   <versionNumber/>
   <isFinished/>
   <isEdited/>
   <fullBibliographicDescription/>
  </xenoData>
 </teiHeader>
 <p rend="left emptyline">
  <pb n="222"/>
 </p>
 <div type="section" xml:id="ref109">
  <head rend="center">
   <hi rend="strong">
    ЖИЛЕТКА
   </hi>
  </head>
  <p rend="left" uuid="533f3465-d979-4b5b-99b7-e1cd252cac2e">
   <choice>
    <reg>
     Один
    </reg>
   </choice>
   <choice>
    <reg>
     мужик
    </reg>
   </choice>
   занялся торговлей и
   <choice>
    <reg>
     так
    </reg>
   </choice>
   <choice>
    <reg>
     разбогател
    </reg>
   </choice>
   , что
   <choice>
    <reg>
     стал
    </reg>
   </choice>
   <choice>
    <reg>
     первым
    </reg>
   </choice>
   <choice>
    <reg>
     богачём
    </reg>
   </choice>
   . У него служили сотни
   <choice>
    <reg>
     прикащиков
    </reg>
   </choice>
   , и
   <choice>
    <reg>
     он
    </reg>
   </choice>
   <choice>
    <reg>
     их
    </reg>
   </choice>
   <choice>
    <reg>
     всех
    </reg>
   </choice>
   и по имени не
   <choice>
    <reg>
     знал
    </reg>
   </choice>
   .
  </p>
  <p rend="left emptyline" uuid="e5f4f868-9f71-4732-9b92-883bf5b693c7">
   <pb n="223"/>
  </p>
  <p rend="centerline" uuid="c5b3739e-216a-4459-a803-e75957daba42">
   — 21 —
  </p>
  <p rend="left" uuid="aa742d70-917a-4fa6-855c-2d51a7aeb601">
   Пропало
   <choice>
    <reg>
     раз
    </reg>
   </choice>
   у купца двадцать
   <choice>
    <reg>
     тысяч
    </reg>
   </choice>
   <choice>
    <reg>
     денег
    </reg>
   </choice>
   . Стали
   <choice>
    <reg>
     старшие
    </reg>
   </choice>
   прикащики разыскивать и разыскали того, кто
   <choice>
    <reg>
     украл
    </reg>
   </choice>
   деньги.
  </p>
  <p rend="left" uuid="4528cb0c-cb24-4922-9c3f-12150c9128a1">
   <choice>
    <reg>
     Пришёл
    </reg>
   </choice>
   <choice>
    <reg>
     старший
    </reg>
   </choice>
   <choice>
    <reg>
     прикащик
    </reg>
   </choice>
   <choice>
    <reg>
     к
    </reg>
   </choice>
   купцу и
   <choice>
    <reg>
     говорит
    </reg>
   </choice>
   : «я вора
   <choice>
    <reg>
     нашёл
    </reg>
   </choice>
   . Надо его
   <choice>
    <reg>
     в
    </reg>
   </choice>
   Сибирь сослать».
  </p>
  <p rend="left" uuid="ecf3eb56-cc84-4642-8a2b-cf3035e2ffcb">
   <choice>
    <reg>
     Купец
    </reg>
   </choice>
   <choice>
    <reg>
     говорит
    </reg>
   </choice>
   : «а кто
   <choice>
    <reg>
     украл
    </reg>
   </choice>
   »?
   <choice>
    <reg>
     Старший
    </reg>
   </choice>
   <choice>
    <reg>
     прикащик
    </reg>
   </choice>
   <choice>
    <reg>
     говорит
    </reg>
   </choice>
   :
  </p>
  <p rend="left" uuid="7215985c-129a-4610-9b6b-e5be319d53db">
   «
   <choice>
    <reg>
     Иван
    </reg>
   </choice>
   <choice>
    <reg>
     Петров
    </reg>
   </choice>
   ,
   <choice>
    <reg>
     сам
    </reg>
   </choice>
   признался».
  </p>
  <p rend="left" uuid="898ece16-614c-4bd0-8db8-697c7c0a7cb4">
   <choice>
    <reg>
     Купец
    </reg>
   </choice>
   <choice>
    <reg>
     подумал
    </reg>
   </choice>
   и
   <choice>
    <reg>
     говорит
    </reg>
   </choice>
   :
  </p>
  <p rend="left" uuid="49593abd-0956-4c83-a9a8-47eea0c8c133">
   «Ивана Петрова надо простить».
  </p>
  <p rend="left" uuid="b6e1225d-0e81-41a1-b204-72cd9d72fa74">
   <choice>
    <reg>
     Прикащик
    </reg>
   </choice>
   удивился и
   <choice>
    <reg>
     говорит
    </reg>
   </choice>
   :
  </p>
  <p rend="left" uuid="2b1ed622-78cd-4f99-9ccb-f8f62413ca9c">
   «
   <choice>
    <reg>
     Как же
    </reg>
   </choice>
   простить?
   <choice>
    <reg>
     Этак
    </reg>
   </choice>
   и
   <choice>
    <reg>
     те
    </reg>
   </choice>
   прикащики тоже
   <choice>
    <reg>
     будут
    </reg>
   </choice>
   <choice>
    <reg>
     делать
    </reg>
   </choice>
   ; всё добро
   <choice>
    <reg>
     растаскают
    </reg>
   </choice>
   ».
   <choice>
    <reg>
     Купец
    </reg>
   </choice>
   <choice>
    <reg>
     говорит
    </reg>
   </choice>
   : «Ивана Петрова надо простить: когда я
   <choice>
    <reg>
     начинал
    </reg>
   </choice>
   торговать, мы
   <choice>
    <reg>
     с
    </reg>
   </choice>
   <choice>
    <reg>
     ним
    </reg>
   </choice>
   товарищами были. Когда я женился,
   <choice>
    <reg>
     мне
    </reg>
   </choice>
   <choice>
    <reg>
     под
    </reg>
   </choice>
   <choice>
    <reg>
     венец
    </reg>
   </choice>
   <choice>
    <reg>
     надеть
    </reg>
   </choice>
   нечего было.
   <choice>
    <reg>
     Он
    </reg>
   </choice>
   <choice>
    <reg>
     мне
    </reg>
   </choice>
   свою жилетку
   <choice>
    <reg>
     дал
    </reg>
   </choice>
   <choice>
    <reg>
     надеть
    </reg>
   </choice>
   . Ивана Петрова надо простить»
  </p>
  <p rend="left" uuid="7eaf724a-178f-47c0-a9e0-2ed7b633ec03">
   <choice>
    <reg>
     Так
    </reg>
   </choice>
   и простили Ивана Петрова.
  </p>
 </div>
</TEI>