<?xml version="1.0" encoding="utf-8"?>
<TEI xmlns="http://www.tei-c.org/ns/1.0" xmlns:xi="http://www.w3.org/2001/XInclude">
 <teiHeader>
  <fileDesc>
   <titleStmt>
    <title>
     Азбука. Книга I
    </title>
    <author>
     Толстой Л.Н.
    </author>
    <respStmt>
     <resp>
      подготовка TEI/XML
     </resp>
     <name>
      Мария Картышева, Евгений Можаев, Даниил Скоринкин, Елена Сидорова, Вероника Файнберг, Кирилл Милинцевич
     </name>
    </respStmt>
    <respStmt>
     <name>
      Анастасия Бонч-Осмоловская, Фёкла Толстая, Борис Орехов
     </name>
     <resp>
      Идея, постановка задач, руководство
     </resp>
    </respStmt>
   </titleStmt>
   <publicationStmt>
    <idno>
     Азбука  | Книга I
    </idno>
    <publisher>
     <orgName>
      Школа лингвистики НИУ ВШЭ
     </orgName>
    </publisher>
    <availability>
     <p>
      Тексты и метатекстовая разметка доступны для свободного использования и распространения по лицензии Creative Commons Attribution Share-Alike (cc by-sa)
     </p>
    </availability>
   </publicationStmt>
   <sourceDesc>
    <biblStruct>
     <analytic>
      <author>
       Толстой Л.Н.
      </author>
      <title level="a">
       Азбука. Книга I
      </title>
     </analytic>
     <monogr>
      <title level="m">
       Полное собрание сочинений. Том 22
      </title>
      <imprint>
       <pubPlace>
        Москва
       </pubPlace>
       <publisher>
        Государственное издательство "Художественная литература"
       </publisher>
       <date when="1871-1872"/>
      </imprint>
     </monogr>
     <series>
      <title level="s">
       Л.Н. Толстой. Полное собрание сочинений
      </title>
      <biblScope unit="vol">
       22
      </biblScope>
     </series>
    </biblStruct>
   </sourceDesc>
  </fileDesc>
  <encodingDesc>
   <classDecl>
    <xi:include href="taxonomy.xml"/>
   </classDecl>
  </encodingDesc>
  <profileDesc>
   <creation>
    <date notAfter="1872" notBefore="1871">
     1871-1872
    </date>
    <rs/>
   </creation>
   <textClass>
    <catRef target="#fiction" type="sphere"/>
    <catRef target="#произведения для детей" type="type"/>
    <catRef target="#works" type="works_letters_diaries"/>
    <catRef target="#азбука" type="ninetyDef"/>
    <catRef target="#Основное" type="main_var"/>
    <catRef target="#азбука" type="type_short"/>
    <catRef target="None" type="translation"/>
    <catRef target="None" type="translation_origin"/>
    <catRef target="#да" type="tolstoy_or_not"/>
    <catRef target="None" type="name_status"/>
   </textClass>
   <preparedness>
    finished
   </preparedness>
   <settingDesc>
    <time>
     XIX век
    </time>
   </settingDesc>
  </profileDesc>
  <xenoData>
   <cyclusName/>
   <p>
    Проект
    <title>
     Толстой.Digital
    </title>
    разрабатывается сотрудниками и студентами
    <orgName>
     Высшей школы экономики
    </orgName>
    в сотрудничестве с
    <orgName>
     Государственным музеем Л.Н. Толстого
    </orgName>
    . Источник текстов –
    <bibl>
     90-томное собрание сочинений Л.Н.Толстого
    </bibl>
    . Разметка основана на стандарте
    <ref target="http://www.tei-c.org">
     TEI (Text Encoding Initiative)
    </ref>
    .
   </p>
   <versionNumber/>
   <isFinished/>
   <isEdited/>
   <fullBibliographicDescription/>
  </xenoData>
 </teiHeader>
 <p rend="left emptyline">
  <pb n="108"/>
 </p>
 <div type="section" xml:id="ref51">
  <head rend="Azbuka left">
   <hi rend="strong">
    Куда
    <choice>
     <reg>
      девается
     </reg>
    </choice>
    вода
    <hi rend="strong">
     <hi rend="big">
      <choice>
       <reg>
        из
       </reg>
      </choice>
     </hi>
    </hi>
    моря?
   </hi>
  </head>
  <p rend="Azbuka left" uuid="84333ffa-2b17-4111-87f5-1fdcc8b8a420">
   <hi rend="big">
    <choice>
     <reg>
      Из
     </reg>
    </choice>
   </hi>
   <choice>
    <reg>
     родников
    </reg>
   </choice>
   , ключей и
   <choice>
    <reg>
     болот
    </reg>
   </choice>
   вода
   <choice>
    <reg>
     течёт
    </reg>
   </choice>
   <hi rend="big">
    <choice>
     <reg>
      в
     </reg>
    </choice>
   </hi>
   ручьи,
   <hi rend="big">
    <choice>
     <reg>
      из
     </reg>
    </choice>
   </hi>
   <choice>
    <reg>
     ручьёв
    </reg>
   </choice>
   <hi rend="big">
    <choice>
     <reg>
      в
     </reg>
    </choice>
   </hi>
   <choice>
    <reg>
     речки
    </reg>
   </choice>
   ,
   <hi rend="big">
    <choice>
     <reg>
      из
     </reg>
    </choice>
   </hi>
   р
   <hi rend="big">
    ѣ
   </hi>
   <choice>
    <reg>
     чек
    </reg>
   </choice>
   <hi rend="big">
    <choice>
     <reg>
      в
     </reg>
    </choice>
   </hi>
   <choice>
    <reg>
     большия
    </reg>
   </choice>
   р
   <hi rend="big">
    ѣ
   </hi>
   ки, а
   <choice>
    <reg>
     из
    </reg>
   </choice>
   <choice>
    <reg>
     больших
    </reg>
   </choice>
   р
   <hi rend="big">
    ѣ
   </hi>
   <choice>
    <reg>
     к
    </reg>
   </choice>
   <choice>
    <reg>
     течёт
    </reg>
   </choice>
   <hi rend="big">
    <choice>
     <reg>
      в
     </reg>
    </choice>
   </hi>
   моря.
   <hi rend="big">
    <choice>
     <reg>
      С
     </reg>
    </choice>
   </hi>
   <choice>
    <reg>
     других
    </reg>
   </choice>
   <choice>
    <reg>
     сторон
    </reg>
   </choice>
   <hi rend="big">
    <choice>
     <reg>
      в
     </reg>
    </choice>
   </hi>
   моря
   <choice>
    <reg>
     текут
    </reg>
   </choice>
   <choice>
    <reg>
     другие
    </reg>
   </choice>
   р
   <hi rend="big">
    ѣ
   </hi>
   ки, и
   <choice>
    <reg>
     все
    </reg>
   </choice>
   р
   <hi rend="big">
    ѣ
   </hi>
   ки
   <choice>
    <reg>
     текут
    </reg>
   </choice>
   <hi rend="big">
    <choice>
     <reg>
      в
     </reg>
    </choice>
   </hi>
   моря
   <hi rend="big">
    <choice>
     <reg>
      с
     </reg>
    </choice>
   </hi>
   <choice>
    <reg>
     тех
    </reg>
   </choice>
   <choice>
    <reg>
     пор
    </reg>
   </choice>
   ,
   <choice>
    <reg>
     как
    </reg>
   </choice>
   <choice>
    <reg>
     мир
    </reg>
   </choice>
   <choice>
    <reg>
     сотворён
    </reg>
   </choice>
   . Куда д
   <hi rend="big">
    ѣ
   </hi>
   вается вода
   <hi rend="big">
    <choice>
     <reg>
      из
     </reg>
    </choice>
   </hi>
   моря? Отчего оно не
   <choice>
    <reg>
     течёт
    </reg>
   </choice>
   <hi rend="big">
    <choice>
     <reg>
      через
     </reg>
    </choice>
   </hi>
   край?
  </p>
  <p rend="Azbuka left" uuid="73758273-828c-4769-b16c-33f2a5d701ce">
   Вода
   <hi rend="big">
    <choice>
     <reg>
      из
     </reg>
    </choice>
   </hi>
   моря поднимается
   <choice>
    <reg>
     туманом
    </reg>
   </choice>
   ;
   <choice>
    <reg>
     туман
    </reg>
   </choice>
   поднимается выше, и
   <hi rend="big">
    <choice>
     <reg>
      из
     </reg>
    </choice>
   </hi>
   тумана д
   <hi rend="big">
    ѣ
   </hi>
   лаются тучи. Тучи
   <choice>
    <reg>
     гонит
    </reg>
   </choice>
   в
   <hi rend="big">
    ѣ
   </hi>
   <choice>
    <reg>
     тром
    </reg>
   </choice>
   и
   <choice>
    <reg>
     разносит
    </reg>
   </choice>
   <hi rend="big">
    по
   </hi>
   <choice>
    <reg>
     земле
    </reg>
   </choice>
   .
   <hi rend="big">
    <choice>
     <reg>
      Из
     </reg>
    </choice>
   </hi>
   <choice>
    <reg>
     туч
    </reg>
   </choice>
   вода
   <choice>
    <reg>
     падает
    </reg>
   </choice>
   <hi rend="big">
    на
   </hi>
   землю.
   <hi rend="big">
    <choice>
     <reg>
      С
     </reg>
    </choice>
   </hi>
   земли
   <choice>
    <reg>
     стекает
    </reg>
   </choice>
   <hi rend="big">
    <choice>
     <reg>
      в
     </reg>
    </choice>
   </hi>
   болота и ручьи.
   <hi rend="big">
    <choice>
     <reg>
      Из
     </reg>
    </choice>
   </hi>
   <choice>
    <reg>
     ручьёв
    </reg>
   </choice>
   <choice>
    <reg>
     течёт
    </reg>
   </choice>
   <hi rend="big">
    <choice>
     <reg>
      в
     </reg>
    </choice>
   </hi>
   <choice>
    <reg>
     реки
    </reg>
   </choice>
   ;
   <hi rend="big">
    <choice>
     <reg>
      из
     </reg>
    </choice>
   </hi>
   р
   <hi rend="big">
    ѣ
   </hi>
   <choice>
    <reg>
     к
    </reg>
   </choice>
   <hi rend="big">
    <choice>
     <reg>
      в
     </reg>
    </choice>
   </hi>
   море.
   <hi rend="big">
    <choice>
     <reg>
      Из
     </reg>
    </choice>
   </hi>
   моря опять вода поднимается
   <hi rend="big">
    <choice>
     <reg>
      в
     </reg>
    </choice>
   </hi>
   тучи, и тучи разносятся
   <hi rend="big">
    по
   </hi>
   <choice>
    <reg>
     земле
    </reg>
   </choice>
   ....
  </p>
  <lb/>
 </div>
</TEI>