<?xml version="1.0" encoding="utf-8"?>
<TEI xmlns="http://www.tei-c.org/ns/1.0" xmlns:xi="http://www.w3.org/2001/XInclude">
 <teiHeader>
  <fileDesc>
   <titleStmt>
    <title>
     Азбука. Книга I
    </title>
    <author>
     Толстой Л.Н.
    </author>
    <respStmt>
     <resp>
      подготовка TEI/XML
     </resp>
     <name>
      Мария Картышева, Евгений Можаев, Даниил Скоринкин, Елена Сидорова, Вероника Файнберг, Кирилл Милинцевич
     </name>
    </respStmt>
    <respStmt>
     <name>
      Анастасия Бонч-Осмоловская, Фёкла Толстая, Борис Орехов
     </name>
     <resp>
      Идея, постановка задач, руководство
     </resp>
    </respStmt>
   </titleStmt>
   <publicationStmt>
    <idno>
     Азбука  | Книга I
    </idno>
    <publisher>
     <orgName>
      Школа лингвистики НИУ ВШЭ
     </orgName>
    </publisher>
    <availability>
     <p>
      Тексты и метатекстовая разметка доступны для свободного использования и распространения по лицензии Creative Commons Attribution Share-Alike (cc by-sa)
     </p>
    </availability>
   </publicationStmt>
   <sourceDesc>
    <biblStruct>
     <analytic>
      <author>
       Толстой Л.Н.
      </author>
      <title level="a">
       Азбука. Книга I
      </title>
     </analytic>
     <monogr>
      <title level="m">
       Полное собрание сочинений. Том 22
      </title>
      <imprint>
       <pubPlace>
        Москва
       </pubPlace>
       <publisher>
        Государственное издательство "Художественная литература"
       </publisher>
       <date when="1871-1872"/>
      </imprint>
     </monogr>
     <series>
      <title level="s">
       Л.Н. Толстой. Полное собрание сочинений
      </title>
      <biblScope unit="vol">
       22
      </biblScope>
     </series>
    </biblStruct>
   </sourceDesc>
  </fileDesc>
  <encodingDesc>
   <classDecl>
    <xi:include href="taxonomy.xml"/>
   </classDecl>
  </encodingDesc>
  <profileDesc>
   <creation>
    <date notAfter="1872" notBefore="1871">
     1871-1872
    </date>
    <rs/>
   </creation>
   <textClass>
    <catRef target="#fiction" type="sphere"/>
    <catRef target="#произведения для детей" type="type"/>
    <catRef target="#works" type="works_letters_diaries"/>
    <catRef target="#азбука" type="ninetyDef"/>
    <catRef target="#Основное" type="main_var"/>
    <catRef target="#азбука" type="type_short"/>
    <catRef target="None" type="translation"/>
    <catRef target="None" type="translation_origin"/>
    <catRef target="#да" type="tolstoy_or_not"/>
    <catRef target="None" type="name_status"/>
   </textClass>
   <preparedness>
    finished
   </preparedness>
   <settingDesc>
    <time>
     XIX век
    </time>
   </settingDesc>
  </profileDesc>
  <xenoData>
   <cyclusName/>
   <p>
    Проект
    <title>
     Толстой.Digital
    </title>
    разрабатывается сотрудниками и студентами
    <orgName>
     Высшей школы экономики
    </orgName>
    в сотрудничестве с
    <orgName>
     Государственным музеем Л.Н. Толстого
    </orgName>
    . Источник текстов –
    <bibl>
     90-томное собрание сочинений Л.Н.Толстого
    </bibl>
    . Разметка основана на стандарте
    <ref target="http://www.tei-c.org">
     TEI (Text Encoding Initiative)
    </ref>
    .
   </p>
   <versionNumber/>
   <isFinished/>
   <isEdited/>
   <fullBibliographicDescription/>
  </xenoData>
 </teiHeader>
 <p rend="left emptyline">
  <pb n="208"/>
 </p>
 <div type="section" xml:id="ref94">
  <head rend="center">
   <hi rend="strong">
    <choice>
     <reg>
      ОТЕЦ
     </reg>
    </choice>
    И СЫНОВЬЯ.
   </hi>
  </head>
  <p rend="left" uuid="817763d2-406b-4307-ab50-16dbeae43596">
   <choice>
    <reg>
     Отец
    </reg>
   </choice>
   <choice>
    <reg>
     приказывал
    </reg>
   </choice>
   <choice>
    <reg>
     сыновьям
    </reg>
   </choice>
   , чтобы жили
   <choice>
    <reg>
     в
    </reg>
   </choice>
   <choice>
    <reg>
     согласии
    </reg>
   </choice>
   ; они не слушались.
   <choice>
    <reg>
     Вот
    </reg>
   </choice>
   <choice>
    <reg>
     он
    </reg>
   </choice>
   <choice>
    <reg>
     велел
    </reg>
   </choice>
   принесть
   <choice>
    <reg>
     веник
    </reg>
   </choice>
   и
   <choice>
    <reg>
     говорит
    </reg>
   </choice>
   :
  </p>
  <p rend="left emptyline" uuid="898ee5a3-e78e-47d9-9205-f5de1cfdc7a7">
   <pb n="209"/>
  </p>
  <p rend="centerline" uuid="ad45d958-952f-490d-a502-7bdfdb1de8b7">
   — 7 —
  </p>
  <p rend="left" uuid="e53fadda-bc76-4287-8f2f-9f3e3cb92030">
   «Сломайте!»
  </p>
  <p rend="left" uuid="cbdee691-ec16-4f45-aef2-33797a53ce35">
   Сколько они ни бились, не могли сломать. Тогда
   <choice>
    <reg>
     отец
    </reg>
   </choice>
   <choice>
    <reg>
     развязал
    </reg>
   </choice>
   <choice>
    <reg>
     веник
    </reg>
   </choice>
   и
   <choice>
    <reg>
     велел
    </reg>
   </choice>
   ломать по пруту. Они поломали.
  </p>
  <p rend="left" uuid="303b08b3-73f4-4139-99fa-29f6d99c5d72">
   <choice>
    <reg>
     Отец
    </reg>
   </choice>
   и
   <choice>
    <reg>
     говорит
    </reg>
   </choice>
   .
  </p>
  <p rend="left" uuid="314fd6f4-80bf-41ce-8fdd-d0633b65b532">
   «
   <choice>
    <reg>
     Так-то
    </reg>
   </choice>
   и вы, если
   <choice>
    <reg>
     в
    </reg>
   </choice>
   <choice>
    <reg>
     согласии
    </reg>
   </choice>
   жить будете, никто
   <choice>
    <reg>
     вас
    </reg>
   </choice>
   не
   <choice>
    <reg>
     одолеет
    </reg>
   </choice>
   ; а если будете ссориться, да всё врозь,—
   <choice>
    <reg>
     вас
    </reg>
   </choice>
   <choice>
    <reg>
     всякий
    </reg>
   </choice>
   легко
   <choice>
    <reg>
     погубит
    </reg>
   </choice>
   ».
  </p>
 </div>
</TEI>