<?xml version="1.0" encoding="utf-8"?>
<TEI xmlns="http://www.tei-c.org/ns/1.0" xmlns:xi="http://www.w3.org/2001/XInclude">
 <teiHeader>
  <fileDesc>
   <titleStmt>
    <title>
     Азбука. Книга I
    </title>
    <author>
     Толстой Л.Н.
    </author>
    <respStmt>
     <resp>
      подготовка TEI/XML
     </resp>
     <name>
      Мария Картышева, Евгений Можаев, Даниил Скоринкин, Елена Сидорова, Вероника Файнберг, Кирилл Милинцевич
     </name>
    </respStmt>
    <respStmt>
     <name>
      Анастасия Бонч-Осмоловская, Фёкла Толстая, Борис Орехов
     </name>
     <resp>
      Идея, постановка задач, руководство
     </resp>
    </respStmt>
   </titleStmt>
   <publicationStmt>
    <idno>
     Азбука  | Книга I
    </idno>
    <publisher>
     <orgName>
      Школа лингвистики НИУ ВШЭ
     </orgName>
    </publisher>
    <availability>
     <p>
      Тексты и метатекстовая разметка доступны для свободного использования и распространения по лицензии Creative Commons Attribution Share-Alike (cc by-sa)
     </p>
    </availability>
   </publicationStmt>
   <sourceDesc>
    <biblStruct>
     <analytic>
      <author>
       Толстой Л.Н.
      </author>
      <title level="a">
       Азбука. Книга I
      </title>
     </analytic>
     <monogr>
      <title level="m">
       Полное собрание сочинений. Том 22
      </title>
      <imprint>
       <pubPlace>
        Москва
       </pubPlace>
       <publisher>
        Государственное издательство "Художественная литература"
       </publisher>
       <date when="1871-1872"/>
      </imprint>
     </monogr>
     <series>
      <title level="s">
       Л.Н. Толстой. Полное собрание сочинений
      </title>
      <biblScope unit="vol">
       22
      </biblScope>
     </series>
    </biblStruct>
   </sourceDesc>
  </fileDesc>
  <encodingDesc>
   <classDecl>
    <xi:include href="taxonomy.xml"/>
   </classDecl>
  </encodingDesc>
  <profileDesc>
   <creation>
    <date notAfter="1872" notBefore="1871">
     1871-1872
    </date>
    <rs/>
   </creation>
   <textClass>
    <catRef target="#fiction" type="sphere"/>
    <catRef target="#произведения для детей" type="type"/>
    <catRef target="#works" type="works_letters_diaries"/>
    <catRef target="#азбука" type="ninetyDef"/>
    <catRef target="#Основное" type="main_var"/>
    <catRef target="#азбука" type="type_short"/>
    <catRef target="None" type="translation"/>
    <catRef target="None" type="translation_origin"/>
    <catRef target="#да" type="tolstoy_or_not"/>
    <catRef target="None" type="name_status"/>
   </textClass>
   <preparedness>
    finished
   </preparedness>
   <settingDesc>
    <time>
     XIX век
    </time>
   </settingDesc>
  </profileDesc>
  <xenoData>
   <cyclusName/>
   <p>
    Проект
    <title>
     Толстой.Digital
    </title>
    разрабатывается сотрудниками и студентами
    <orgName>
     Высшей школы экономики
    </orgName>
    в сотрудничестве с
    <orgName>
     Государственным музеем Л.Н. Толстого
    </orgName>
    . Источник текстов –
    <bibl>
     90-томное собрание сочинений Л.Н.Толстого
    </bibl>
    . Разметка основана на стандарте
    <ref target="http://www.tei-c.org">
     TEI (Text Encoding Initiative)
    </ref>
    .
   </p>
   <versionNumber/>
   <isFinished/>
   <isEdited/>
   <fullBibliographicDescription/>
  </xenoData>
 </teiHeader>
 <p rend="left emptyline">
  <pb n="78"/>
 </p>
 <div type="section" xml:id="ref25">
  <head rend="Azbuka left">
   <hi rend="strong">
    Дойная к
    <hi rend="italic">
     о
    </hi>
    рова.
   </hi>
  </head>
  <p rend="Azbuka left" uuid="c87c711f-a821-4dae-98c9-4711ef85bf09">
   У
   <hi rend="italic">
    о
   </hi>
   дн
   <hi rend="italic">
    ог
   </hi>
   о чел
   <hi rend="italic">
    о
   </hi>
   в
   <hi rend="big">
    ѣ
   </hi>
   ка была к
   <hi rend="italic">
    о
   </hi>
   рова;
   <hi rend="italic">
    о
   </hi>
   на давала каждый день г
   <hi rend="italic">
    о
   </hi>
   <choice>
    <reg>
     ршок
    </reg>
   </choice>
   м
   <hi rend="italic">
    о
   </hi>
   л
   <hi rend="italic">
    о
   </hi>
   ка. Чел
   <hi rend="italic">
    о
   </hi>
   в
   <hi rend="big">
    ѣ
   </hi>
   <choice>
    <reg>
     к
    </reg>
   </choice>
   п
   <hi rend="italic">
    о
   </hi>
   <choice>
    <reg>
     звал
    </reg>
   </choice>
   г
   <hi rend="italic">
    о
   </hi>
   стей.
   <hi rend="italic">
    Ч
   </hi>
   тобы набрать больше м
   <hi rend="italic">
    о
   </hi>
   л
   <hi rend="italic">
    о
   </hi>
   ка,
   <choice>
    <reg>
     он
    </reg>
   </choice>
   дес
   <hi rend="italic">
    я
   </hi>
   ть дней не д
   <hi rend="italic">
    о
   </hi>
   <choice>
    <reg>
     ил
    </reg>
   </choice>
   к
   <hi rend="italic">
    о
   </hi>
   ровы.
   <choice>
    <reg>
     Он
    </reg>
   </choice>
   <choice>
    <reg>
     думал
    </reg>
   </choice>
   ,
   <hi rend="italic">
    ч
   </hi>
   то на десятый день к
   <hi rend="italic">
    о
   </hi>
   рова
   <choice>
    <reg>
     даст
    </reg>
   </choice>
   ему дес
   <hi rend="italic">
    я
   </hi>
   ть ку
   <hi rend="italic">
    в
   </hi>
   шино
   <hi rend="italic">
    в
   </hi>
   ъ м
   <hi rend="italic">
    о
   </hi>
   л
   <hi rend="italic">
    о
   </hi>
   ка.
  </p>
  <p rend="Azbuka left" uuid="bcc8e349-ccc2-4523-91ca-e74e3f3cb263">
   Но
   <choice>
    <reg>
     в
    </reg>
   </choice>
   к
   <hi rend="italic">
    о
   </hi>
   <choice>
    <reg>
     рове
    </reg>
   </choice>
   перег
   <hi rend="italic">
    о
   </hi>
   <choice>
    <reg>
     рело
    </reg>
   </choice>
   м
   <hi rend="italic">
    о
   </hi>
   л
   <hi rend="italic">
    о
   </hi>
   ко, и
   <hi rend="italic">
    о
   </hi>
   на дала меньше м
   <hi rend="italic">
    о
   </hi>
   л
   <hi rend="italic">
    о
   </hi>
   ка,
   <choice>
    <reg>
     чем
    </reg>
   </choice>
   прежде.
  </p>
 </div>
</TEI>