<?xml version="1.0" encoding="utf-8"?>
<TEI xmlns="http://www.tei-c.org/ns/1.0" xmlns:xi="http://www.w3.org/2001/XInclude">
 <teiHeader>
  <fileDesc>
   <titleStmt>
    <title>
     Азбука. Книга I
    </title>
    <author>
     Толстой Л.Н.
    </author>
    <respStmt>
     <resp>
      подготовка TEI/XML
     </resp>
     <name>
      Мария Картышева, Евгений Можаев, Даниил Скоринкин, Елена Сидорова, Вероника Файнберг, Кирилл Милинцевич
     </name>
    </respStmt>
    <respStmt>
     <name>
      Анастасия Бонч-Осмоловская, Фёкла Толстая, Борис Орехов
     </name>
     <resp>
      Идея, постановка задач, руководство
     </resp>
    </respStmt>
   </titleStmt>
   <publicationStmt>
    <idno>
     Азбука  | Книга I
    </idno>
    <publisher>
     <orgName>
      Школа лингвистики НИУ ВШЭ
     </orgName>
    </publisher>
    <availability>
     <p>
      Тексты и метатекстовая разметка доступны для свободного использования и распространения по лицензии Creative Commons Attribution Share-Alike (cc by-sa)
     </p>
    </availability>
   </publicationStmt>
   <sourceDesc>
    <biblStruct>
     <analytic>
      <author>
       Толстой Л.Н.
      </author>
      <title level="a">
       Азбука. Книга I
      </title>
     </analytic>
     <monogr>
      <title level="m">
       Полное собрание сочинений. Том 22
      </title>
      <imprint>
       <pubPlace>
        Москва
       </pubPlace>
       <publisher>
        Государственное издательство "Художественная литература"
       </publisher>
       <date when="1871-1872"/>
      </imprint>
     </monogr>
     <series>
      <title level="s">
       Л.Н. Толстой. Полное собрание сочинений
      </title>
      <biblScope unit="vol">
       22
      </biblScope>
     </series>
    </biblStruct>
   </sourceDesc>
  </fileDesc>
  <encodingDesc>
   <classDecl>
    <xi:include href="taxonomy.xml"/>
   </classDecl>
  </encodingDesc>
  <profileDesc>
   <creation>
    <date notAfter="1872" notBefore="1871">
     1871-1872
    </date>
    <rs/>
   </creation>
   <textClass>
    <catRef target="#fiction" type="sphere"/>
    <catRef target="#произведения для детей" type="type"/>
    <catRef target="#works" type="works_letters_diaries"/>
    <catRef target="#азбука" type="ninetyDef"/>
    <catRef target="#Основное" type="main_var"/>
    <catRef target="#азбука" type="type_short"/>
    <catRef target="None" type="translation"/>
    <catRef target="None" type="translation_origin"/>
    <catRef target="#да" type="tolstoy_or_not"/>
    <catRef target="None" type="name_status"/>
   </textClass>
   <preparedness>
    finished
   </preparedness>
   <settingDesc>
    <time>
     XIX век
    </time>
   </settingDesc>
  </profileDesc>
  <xenoData>
   <cyclusName/>
   <p>
    Проект
    <title>
     Толстой.Digital
    </title>
    разрабатывается сотрудниками и студентами
    <orgName>
     Высшей школы экономики
    </orgName>
    в сотрудничестве с
    <orgName>
     Государственным музеем Л.Н. Толстого
    </orgName>
    . Источник текстов –
    <bibl>
     90-томное собрание сочинений Л.Н.Толстого
    </bibl>
    . Разметка основана на стандарте
    <ref target="http://www.tei-c.org">
     TEI (Text Encoding Initiative)
    </ref>
    .
   </p>
   <versionNumber/>
   <isFinished/>
   <isEdited/>
   <fullBibliographicDescription/>
  </xenoData>
 </teiHeader>
 <p rend="left emptyline">
  <pb n="70"/>
 </p>
 <div type="section" xml:id="ref8">
  <head rend="Azbuka left">
   <hi rend="strong">
    Муравей
   </hi>
   <hi rend="strong">
    и г
    <hi rend="italic">
     о
    </hi>
    лубка.
   </hi>
  </head>
  <p rend="Azbuka left" uuid="68088d2d-ba02-487c-bc64-828aa95a1e98">
   Муравей спустилс
   <hi rend="italic">
    я
   </hi>
   <choice>
    <reg>
     к
    </reg>
   </choice>
   ручью: зах
   <hi rend="italic">
    о
   </hi>
   <choice>
    <reg>
     тел
    </reg>
   </choice>
   напи
   <hi rend="italic">
    ться.
   </hi>
   В
   <hi rend="italic">
    о
   </hi>
   лна захлеснула е
   <hi rend="italic">
    г
   </hi>
   о и чуть не п
   <hi rend="italic">
    о
   </hi>
   т
   <hi rend="italic">
    о
   </hi>
   пила. Г
   <hi rend="italic">
    о
   </hi>
   лу
   <hi rend="italic">
    б
   </hi>
   ка несла в
   <hi rend="big">
    ѣ
   </hi>
   тку;
   <hi rend="italic">
    о
   </hi>
   на увидала — муравей
   <choice>
    <reg>
     тонет
    </reg>
   </choice>
   , и бросила ему
   <choice>
    <reg>
     ветку
    </reg>
   </choice>
   <choice>
    <reg>
     в
    </reg>
   </choice>
   ручей. Муравей с
   <hi rend="big">
    ѣ
   </hi>
   <choice>
    <reg>
     л
    </reg>
   </choice>
   на в
   <hi rend="big">
    ѣ
   </hi>
   тку и спасс
   <hi rend="italic">
    я
   </hi>
   . П
   <hi rend="italic">
    о
   </hi>
   <choice>
    <reg>
     том
    </reg>
   </choice>
   <hi rend="italic">
    о
   </hi>
   <choice>
    <reg>
     хотник
    </reg>
   </choice>
   ра
   <hi rend="italic">
    з
   </hi>
   <choice>
    <reg>
     ставил
    </reg>
   </choice>
   с
   <hi rend="big">
    ѣ
   </hi>
   ть на г
   <hi rend="italic">
    о
   </hi>
   лу
   <hi rend="italic">
    б
   </hi>
   ку и х
   <hi rend="italic">
    о
   </hi>
   <choice>
    <reg>
     тел
    </reg>
   </choice>
   захлопнуть. Муравей п
   <hi rend="italic">
    о
   </hi>
   дпол
   <hi rend="italic">
    з
   </hi>
   ъ
   <choice>
    <reg>
     к
    </reg>
   </choice>
   <hi rend="italic">
    о
   </hi>
   хотнику и
   <choice>
    <reg>
     укусил
    </reg>
   </choice>
   е
   <hi rend="italic">
    г
   </hi>
   о за н
   <hi rend="italic">
    о
   </hi>
   гу;
   <hi rend="italic">
    о
   </hi>
   <choice>
    <reg>
     хотник
    </reg>
   </choice>
   <choice>
    <reg>
     охнул
    </reg>
   </choice>
   и ур
   <hi rend="italic">
    о
   </hi>
   <choice>
    <reg>
     нил
    </reg>
   </choice>
   с
   <hi rend="big">
    ѣ
   </hi>
   ть. Г
   <hi rend="italic">
    о
   </hi>
   лу
   <hi rend="italic">
    б
   </hi>
   ка всп
   <hi rend="italic">
    о
   </hi>
   рхнула и
   <choice>
    <reg>
     улетела
    </reg>
   </choice>
   .
  </p>
 </div>
</TEI>