<?xml version="1.0" encoding="utf-8"?>
<TEI xmlns="http://www.tei-c.org/ns/1.0" xmlns:xi="http://www.w3.org/2001/XInclude">
 <teiHeader>
  <fileDesc>
   <titleStmt>
    <title>
     Азбука. Книга I
    </title>
    <author>
     Толстой Л.Н.
    </author>
    <respStmt>
     <resp>
      подготовка TEI/XML
     </resp>
     <name>
      Мария Картышева, Евгений Можаев, Даниил Скоринкин, Елена Сидорова, Вероника Файнберг, Кирилл Милинцевич
     </name>
    </respStmt>
    <respStmt>
     <name>
      Анастасия Бонч-Осмоловская, Фёкла Толстая, Борис Орехов
     </name>
     <resp>
      Идея, постановка задач, руководство
     </resp>
    </respStmt>
   </titleStmt>
   <publicationStmt>
    <idno>
     Азбука  | Книга I
    </idno>
    <publisher>
     <orgName>
      Школа лингвистики НИУ ВШЭ
     </orgName>
    </publisher>
    <availability>
     <p>
      Тексты и метатекстовая разметка доступны для свободного использования и распространения по лицензии Creative Commons Attribution Share-Alike (cc by-sa)
     </p>
    </availability>
   </publicationStmt>
   <sourceDesc>
    <biblStruct>
     <analytic>
      <author>
       Толстой Л.Н.
      </author>
      <title level="a">
       Азбука. Книга I
      </title>
     </analytic>
     <monogr>
      <title level="m">
       Полное собрание сочинений. Том 22
      </title>
      <imprint>
       <pubPlace>
        Москва
       </pubPlace>
       <publisher>
        Государственное издательство "Художественная литература"
       </publisher>
       <date when="1871-1872"/>
      </imprint>
     </monogr>
     <series>
      <title level="s">
       Л.Н. Толстой. Полное собрание сочинений
      </title>
      <biblScope unit="vol">
       22
      </biblScope>
     </series>
    </biblStruct>
   </sourceDesc>
  </fileDesc>
  <encodingDesc>
   <classDecl>
    <xi:include href="taxonomy.xml"/>
   </classDecl>
  </encodingDesc>
  <profileDesc>
   <creation>
    <date notAfter="1872" notBefore="1871">
     1871-1872
    </date>
    <rs/>
   </creation>
   <textClass>
    <catRef target="#fiction" type="sphere"/>
    <catRef target="#произведения для детей" type="type"/>
    <catRef target="#works" type="works_letters_diaries"/>
    <catRef target="#азбука" type="ninetyDef"/>
    <catRef target="#Основное" type="main_var"/>
    <catRef target="#азбука" type="type_short"/>
    <catRef target="None" type="translation"/>
    <catRef target="None" type="translation_origin"/>
    <catRef target="#да" type="tolstoy_or_not"/>
    <catRef target="None" type="name_status"/>
   </textClass>
   <preparedness>
    finished
   </preparedness>
   <settingDesc>
    <time>
     XIX век
    </time>
   </settingDesc>
  </profileDesc>
  <xenoData>
   <cyclusName/>
   <p>
    Проект
    <title>
     Толстой.Digital
    </title>
    разрабатывается сотрудниками и студентами
    <orgName>
     Высшей школы экономики
    </orgName>
    в сотрудничестве с
    <orgName>
     Государственным музеем Л.Н. Толстого
    </orgName>
    . Источник текстов –
    <bibl>
     90-томное собрание сочинений Л.Н.Толстого
    </bibl>
    . Разметка основана на стандарте
    <ref target="http://www.tei-c.org">
     TEI (Text Encoding Initiative)
    </ref>
    .
   </p>
   <versionNumber/>
   <isFinished/>
   <isEdited/>
   <fullBibliographicDescription/>
  </xenoData>
 </teiHeader>
 <p rend="left emptyline">
  <pb n="98"/>
 </p>
 <div type="section" xml:id="ref44">
  <head rend="Azbuka left">
   <hi rend="strong">
    ?   Липунюшка.
   </hi>
  </head>
  <p rend="Azbuka left" uuid="dbd3a325-adff-49b0-98f6-a43442ec5bb8">
   <choice>
    <reg>
     Жил
    </reg>
   </choice>
   <choice>
    <reg>
     старик
    </reg>
   </choice>
   со старухою. У
   <choice>
    <reg>
     них
    </reg>
   </choice>
   не было д
   <hi rend="big">
    ѣ
   </hi>
   тей.
   <choice>
    <reg>
     Старик
    </reg>
   </choice>
   по
   <hi rend="big">
    ѣ
   </hi>
   <choice>
    <reg>
     хал
    </reg>
   </choice>
   <choice>
    <reg>
     в
    </reg>
   </choice>
   поле пахать. А старуха осталась дома блины печь. Старуха напекла
   <choice>
    <reg>
     блинов
    </reg>
   </choice>
   и
   <choice>
    <reg>
     говорит
    </reg>
   </choice>
   :
  </p>
  <p rend="Azbuka left" uuid="66710e93-6f4f-4004-b6d5-e9b890efdd21">
   „Если бы
   <choice>
    <reg>
     был
    </reg>
   </choice>
   у
   <choice>
    <reg>
     нас
    </reg>
   </choice>
   <choice>
    <reg>
     сын
    </reg>
   </choice>
   ,
   <choice>
    <reg>
     он
    </reg>
   </choice>
   бы отцу
   <choice>
    <reg>
     блинов
    </reg>
   </choice>
   <choice>
    <reg>
     отнёс
    </reg>
   </choice>
   ; а теперь
   <choice>
    <reg>
     с
    </reg>
   </choice>
   <choice>
    <reg>
     кем
    </reg>
   </choice>
   я пошлю
   <hi rend="big">
    ?
   </hi>
   “
  </p>
  <p rend="Azbuka left" uuid="6359f22c-ee95-4d49-8ee8-bc76812594c2">
   <choice>
    <reg>
     Вдруг
    </reg>
   </choice>
   <choice>
    <reg>
     из
    </reg>
   </choice>
   хлопка выл
   <hi rend="big">
    ѣ
   </hi>
   <choice>
    <reg>
     з
    </reg>
   </choice>
   <choice>
    <reg>
     маленький
    </reg>
   </choice>
   <choice>
    <reg>
     сыночек
    </reg>
   </choice>
   и
   <choice>
    <reg>
     говорит
    </reg>
   </choice>
   :
  </p>
  <p rend="Azbuka left" uuid="31539ffc-a8c7-42b9-ab35-40bb1f1be64d">
   — Здравствуй, матушка!
  </p>
  <p rend="Azbuka left" uuid="3d7e9953-c334-496b-b6a0-5a8775b5b9db">
   А старуха и
   <choice>
    <reg>
     говорит
    </reg>
   </choice>
   : „откуда ты,
   <choice>
    <reg>
     сыночек
    </reg>
   </choice>
   , взялся, и
   <choice>
    <reg>
     как
    </reg>
   </choice>
   тебя звать
   <hi rend="big">
    ?
   </hi>
   “
  </p>
  <p rend="Azbuka left" uuid="a4cf79eb-2bd0-45d5-b7d7-65bac9773d91">
   А
   <choice>
    <reg>
     сыночек
    </reg>
   </choice>
   и
   <choice>
    <reg>
     говорит
    </reg>
   </choice>
   :
  </p>
  <p rend="Azbuka left" uuid="6f657cab-327b-4760-8caf-ecb4607d0f66">
   — Ты, матушка, отпряла
   <choice>
    <reg>
     хлопочек
    </reg>
   </choice>
   и положила
   <hi rend="big">
    <choice>
     <reg>
      в
     </reg>
    </choice>
   </hi>
   <choice>
    <reg>
     столбочек
    </reg>
   </choice>
   , я
   <choice>
    <reg>
     там
    </reg>
   </choice>
   и вывелся. А звать меня Липунюшкой. Дай, матушка, я отнесу
   <choice>
    <reg>
     блинов
    </reg>
   </choice>
   <choice>
    <reg>
     батюшке
    </reg>
   </choice>
   .
  </p>
  <p rend="Azbuka left" uuid="fce4826f-2b99-4be8-9ae4-d8ba225ebe23">
   Старуха и
   <choice>
    <reg>
     говорит
    </reg>
   </choice>
   :
  </p>
  <p rend="Azbuka left" uuid="26823825-bab0-40ab-99a2-efbcbffccf9f">
   „Ты донесёшь ли, Липунюшка
   <hi rend="big">
    ?
   </hi>
   “
  </p>
  <p rend="Azbuka left" uuid="dc302c40-e8d1-4bc1-8203-b4fa5a510260">
   — Донесу, матушка.
  </p>
  <p rend="Azbuka left" uuid="eb04f21a-6f26-44e5-bad9-48e7b8ce014f">
   Старуха завязала блины
   <choice>
    <reg>
     в
    </reg>
   </choice>
   <choice>
    <reg>
     узелок
    </reg>
   </choice>
   и дала сыночку. Липунюшка
   <choice>
    <reg>
     взял
    </reg>
   </choice>
   <choice>
    <reg>
     узелок
    </reg>
   </choice>
   и поб
   <hi rend="big">
    ѣ
   </hi>
   <choice>
    <reg>
     жал
    </reg>
   </choice>
   <choice>
    <reg>
     в
    </reg>
   </choice>
   поле.
  </p>
  <p rend="left emptyline" uuid="e3107e44-8aa0-417b-a8e0-93884621da19">
   <pb n="99"/>
  </p>
  <p rend="centerline" uuid="3c9d574b-6551-413b-837c-8a5ce61c1f5c">
   — 89 —
  </p>
  <p rend="Azbuka left" uuid="502f998e-21d5-4afd-aa6d-87ddfec9cda6">
   <choice>
    <reg>
     В
    </reg>
   </choice>
   <choice>
    <reg>
     поле
    </reg>
   </choice>
   попалась ему на
   <choice>
    <reg>
     дороге
    </reg>
   </choice>
   кочка;
   <choice>
    <reg>
     он
    </reg>
   </choice>
   и
   <choice>
    <reg>
     кричит
    </reg>
   </choice>
   :
  </p>
  <p rend="Azbuka left" uuid="6fac5cca-5a7f-42f2-8f53-f4853d3d4168">
   — Батюшка, батюшка, пересади меня
   <choice>
    <reg>
     через
    </reg>
   </choice>
   кочку! Я
   <choice>
    <reg>
     тебе
    </reg>
   </choice>
   <choice>
    <reg>
     блинов
    </reg>
   </choice>
   <choice>
    <reg>
     принёс
    </reg>
   </choice>
   .
  </p>
  <p rend="Azbuka left" uuid="3c819882-f763-4491-b9b0-1d5922dc33cf">
   <choice>
    <reg>
     Старик
    </reg>
   </choice>
   <choice>
    <reg>
     услыхал
    </reg>
   </choice>
   <choice>
    <reg>
     с
    </reg>
   </choice>
   поля, кто-то его
   <choice>
    <reg>
     зовёт
    </reg>
   </choice>
   ,
   <choice>
    <reg>
     пошёл
    </reg>
   </choice>
   <choice>
    <reg>
     к
    </reg>
   </choice>
   сыну навстр
   <hi rend="big">
    ѣ
   </hi>
   чу,
   <choice>
    <reg>
     пересадил
    </reg>
   </choice>
   его
   <choice>
    <reg>
     через
    </reg>
   </choice>
   кочку и
   <choice>
    <reg>
     говорит
    </reg>
   </choice>
   :
  </p>
  <p rend="Azbuka left" uuid="a9375306-96de-4638-8cfe-8040a71559bd">
   — „Откуда ты,
   <choice>
    <reg>
     сынок
    </reg>
   </choice>
   <hi rend="big">
    ?
   </hi>
   “ А
   <choice>
    <reg>
     мальчик
    </reg>
   </choice>
   <choice>
    <reg>
     говорит
    </reg>
   </choice>
   :
  </p>
  <p rend="Azbuka left" uuid="230b441c-3317-42fb-85e8-2e8dd8072f87">
   — Я, батюшка,
   <choice>
    <reg>
     в
    </reg>
   </choice>
   <choice>
    <reg>
     хлопочке
    </reg>
   </choice>
   вывелся“, и
   <choice>
    <reg>
     подал
    </reg>
   </choice>
   отцу
   <choice>
    <reg>
     блинов
    </reg>
   </choice>
   .
   <choice>
    <reg>
     Старик
    </reg>
   </choice>
   с
   <hi rend="big">
    ѣ
   </hi>
   <choice>
    <reg>
     л
    </reg>
   </choice>
   завтракать, а
   <choice>
    <reg>
     мальчик
    </reg>
   </choice>
   <choice>
    <reg>
     говорит
    </reg>
   </choice>
   :
  </p>
  <p rend="Azbuka left" uuid="4ed868ed-3701-4d50-9f93-24acc255b8a8">
   — Дай, батюшка, я буду пахать.
  </p>
  <p rend="Azbuka left" uuid="138a9e10-fdad-463f-a433-9669c855037f">
   А
   <choice>
    <reg>
     старик
    </reg>
   </choice>
   <choice>
    <reg>
     говорит
    </reg>
   </choice>
   : „у тебя силы не
   <choice>
    <reg>
     достанет
    </reg>
   </choice>
   пахать“.
  </p>
  <p rend="Azbuka left" uuid="7f2a42ef-2d5f-457d-8fce-5474f052f4f6">
   А Липунюшка взялся за соху и
   <choice>
    <reg>
     стал
    </reg>
   </choice>
   пахать.
   <choice>
    <reg>
     Сам
    </reg>
   </choice>
   <choice>
    <reg>
     пашет
    </reg>
   </choice>
   и
   <choice>
    <reg>
     сам
    </reg>
   </choice>
   п
   <hi rend="big">
    ѣ
   </hi>
   сни
   <choice>
    <reg>
     поёт
    </reg>
   </choice>
   .
  </p>
  <p rend="Azbuka left" uuid="262c0ece-4a44-45e4-bca8-39de3eda2a18">
   <hi rend="big">
    Ѣ
   </hi>
   <choice>
    <reg>
     хал
    </reg>
   </choice>
   мимо этого поля
   <choice>
    <reg>
     барин
    </reg>
   </choice>
   и
   <choice>
    <reg>
     увидал
    </reg>
   </choice>
   , что
   <choice>
    <reg>
     старик
    </reg>
   </choice>
   <choice>
    <reg>
     сидит
    </reg>
   </choice>
   <choice>
    <reg>
     завтракает
    </reg>
   </choice>
   , а лошадь одна
   <choice>
    <reg>
     пашет
    </reg>
   </choice>
   .
   <choice>
    <reg>
     Барин
    </reg>
   </choice>
   <choice>
    <reg>
     вышел
    </reg>
   </choice>
   <choice>
    <reg>
     из
    </reg>
   </choice>
   кареты и
   <choice>
    <reg>
     говорит
    </reg>
   </choice>
   старику:
   <choice>
    <reg>
     „как
    </reg>
   </choice>
   это у тебя
   <choice>
    <reg>
     старик
    </reg>
   </choice>
   , лошадь одна
   <choice>
    <reg>
     пашет
    </reg>
   </choice>
   <hi rend="big">
    ?
   </hi>
   “
  </p>
  <p rend="Azbuka left" uuid="3ac5c6dd-9ce8-40df-87a6-87393e6dbacc">
   А
   <choice>
    <reg>
     старик
    </reg>
   </choice>
   <choice>
    <reg>
     говорит
    </reg>
   </choice>
   : „у меня
   <choice>
    <reg>
     там
    </reg>
   </choice>
  </p>
  <p rend="left emptyline" uuid="abce5ea4-399e-4d14-8b7a-e97f5f601001">
   <pb n="100"/>
  </p>
  <p rend="centerline" uuid="01f34784-f921-4412-905e-f70912b74bc7">
   — 90 —
  </p>
  <p rend="Azbuka notindent" uuid="a4bfb1ba-d6fa-4547-8231-5cf23dd62374">
   <choice>
    <reg>
     мальчик
    </reg>
   </choice>
   <choice>
    <reg>
     пашет
    </reg>
   </choice>
   ,
   <choice>
    <reg>
     он
    </reg>
   </choice>
   и п
   <hi rend="big">
    ѣ
   </hi>
   сни поётъ“.
   <choice>
    <reg>
     Барин
    </reg>
   </choice>
   <choice>
    <reg>
     подошёл
    </reg>
   </choice>
   ближе,
   <choice>
    <reg>
     услыхал
    </reg>
   </choice>
   <choice>
    <reg>
     песни
    </reg>
   </choice>
   и
   <choice>
    <reg>
     увидал
    </reg>
   </choice>
   Липунюшку.
  </p>
  <p rend="Azbuka left" uuid="4a84bf46-e5cd-47a9-907c-5273c0ea3a93">
   <choice>
    <reg>
     Барин
    </reg>
   </choice>
   и
   <choice>
    <reg>
     говорит
    </reg>
   </choice>
   :
   <choice>
    <reg>
     „старик
    </reg>
   </choice>
   ! продай
   <choice>
    <reg>
     мне
    </reg>
   </choice>
   мальчика“. А
   <choice>
    <reg>
     старик
    </reg>
   </choice>
   <choice>
    <reg>
     говорит
    </reg>
   </choice>
   <choice>
    <reg>
     „нет
    </reg>
   </choice>
   , мн
   <hi rend="big">
    ѣ
   </hi>
   нельзя продать, у меня
   <choice>
    <reg>
     один
    </reg>
   </choice>
   только и есть“.
  </p>
  <p rend="Azbuka left" uuid="b2dc176f-bd17-4bed-99e2-3935ac57326a">
   А Липунюшка
   <choice>
    <reg>
     говорит
    </reg>
   </choice>
   старику: „продай, батюшка, я уб
   <hi rend="big">
    ѣ
   </hi>
   гу
   <choice>
    <reg>
     от
    </reg>
   </choice>
   него“.
  </p>
  <p rend="Azbuka left" uuid="b6e3ff55-7b61-4d0e-822c-a4e3e9b9115b">
   <choice>
    <reg>
     Мужик
    </reg>
   </choice>
   и
   <choice>
    <reg>
     продал
    </reg>
   </choice>
   мальчика за сто рублей.
   <choice>
    <reg>
     Барин
    </reg>
   </choice>
   <choice>
    <reg>
     отдал
    </reg>
   </choice>
   деньги,
   <choice>
    <reg>
     взял
    </reg>
   </choice>
   мальчика,
   <choice>
    <reg>
     завернул
    </reg>
   </choice>
   его
   <choice>
    <reg>
     в
    </reg>
   </choice>
   <choice>
    <reg>
     платочек
    </reg>
   </choice>
   и
   <choice>
    <reg>
     положил
    </reg>
   </choice>
   <choice>
    <reg>
     в
    </reg>
   </choice>
   <choice>
    <reg>
     карман
    </reg>
   </choice>
   .
   <choice>
    <reg>
     Барин
    </reg>
   </choice>
   прi
   <hi rend="big">
    ѣ
   </hi>
   <choice>
    <reg>
     хал
    </reg>
   </choice>
   домой и
   <choice>
    <reg>
     говорит
    </reg>
   </choice>
   <choice>
    <reg>
     жене
    </reg>
   </choice>
   : „я
   <choice>
    <reg>
     тебе
    </reg>
   </choice>
   радость привёзъ“. А жена
   <choice>
    <reg>
     говорит
    </reg>
   </choice>
   : „покажи, что такое
   <hi rend="big">
    ?
   </hi>
   “
   <choice>
    <reg>
     Барин
    </reg>
   </choice>
   <choice>
    <reg>
     достал
    </reg>
   </choice>
   <choice>
    <reg>
     платочек
    </reg>
   </choice>
   <choice>
    <reg>
     из
    </reg>
   </choice>
   кармана,
   <choice>
    <reg>
     развернул
    </reg>
   </choice>
   его; а
   <choice>
    <reg>
     в
    </reg>
   </choice>
   <choice>
    <reg>
     платочке
    </reg>
   </choice>
   ничего
   <choice>
    <reg>
     нету
    </reg>
   </choice>
   . Липунюшка ужь давно
   <hi rend="big">
    <choice>
     <reg>
      к
     </reg>
    </choice>
   </hi>
   отцу уб
   <hi rend="big">
    ѣ
   </hi>
   <choice>
    <reg>
     жал
    </reg>
   </choice>
   .
  </p>
  <lb/>
 </div>
</TEI>