<?xml version="1.0" encoding="utf-8"?>
<TEI xmlns="http://www.tei-c.org/ns/1.0" xmlns:xi="http://www.w3.org/2001/XInclude">
 <teiHeader>
  <fileDesc>
   <titleStmt>
    <title>
     Азбука. Книга I
    </title>
    <author>
     Толстой Л.Н.
    </author>
    <respStmt>
     <resp>
      подготовка TEI/XML
     </resp>
     <name>
      Мария Картышева, Евгений Можаев, Даниил Скоринкин, Елена Сидорова, Вероника Файнберг, Кирилл Милинцевич
     </name>
    </respStmt>
    <respStmt>
     <name>
      Анастасия Бонч-Осмоловская, Фёкла Толстая, Борис Орехов
     </name>
     <resp>
      Идея, постановка задач, руководство
     </resp>
    </respStmt>
   </titleStmt>
   <publicationStmt>
    <idno>
     Азбука  | Книга I
    </idno>
    <publisher>
     <orgName>
      Школа лингвистики НИУ ВШЭ
     </orgName>
    </publisher>
    <availability>
     <p>
      Тексты и метатекстовая разметка доступны для свободного использования и распространения по лицензии Creative Commons Attribution Share-Alike (cc by-sa)
     </p>
    </availability>
   </publicationStmt>
   <sourceDesc>
    <biblStruct>
     <analytic>
      <author>
       Толстой Л.Н.
      </author>
      <title level="a">
       Азбука. Книга I
      </title>
     </analytic>
     <monogr>
      <title level="m">
       Полное собрание сочинений. Том 22
      </title>
      <imprint>
       <pubPlace>
        Москва
       </pubPlace>
       <publisher>
        Государственное издательство "Художественная литература"
       </publisher>
       <date when="1871-1872"/>
      </imprint>
     </monogr>
     <series>
      <title level="s">
       Л.Н. Толстой. Полное собрание сочинений
      </title>
      <biblScope unit="vol">
       22
      </biblScope>
     </series>
    </biblStruct>
   </sourceDesc>
  </fileDesc>
  <encodingDesc>
   <classDecl>
    <xi:include href="taxonomy.xml"/>
   </classDecl>
  </encodingDesc>
  <profileDesc>
   <creation>
    <date notAfter="1872" notBefore="1871">
     1871-1872
    </date>
    <rs/>
   </creation>
   <textClass>
    <catRef target="#fiction" type="sphere"/>
    <catRef target="#произведения для детей" type="type"/>
    <catRef target="#works" type="works_letters_diaries"/>
    <catRef target="#азбука" type="ninetyDef"/>
    <catRef target="#Основное" type="main_var"/>
    <catRef target="#азбука" type="type_short"/>
    <catRef target="None" type="translation"/>
    <catRef target="None" type="translation_origin"/>
    <catRef target="#да" type="tolstoy_or_not"/>
    <catRef target="None" type="name_status"/>
   </textClass>
   <preparedness>
    finished
   </preparedness>
   <settingDesc>
    <time>
     XIX век
    </time>
   </settingDesc>
  </profileDesc>
  <xenoData>
   <cyclusName/>
   <p>
    Проект
    <title>
     Толстой.Digital
    </title>
    разрабатывается сотрудниками и студентами
    <orgName>
     Высшей школы экономики
    </orgName>
    в сотрудничестве с
    <orgName>
     Государственным музеем Л.Н. Толстого
    </orgName>
    . Источник текстов –
    <bibl>
     90-томное собрание сочинений Л.Н.Толстого
    </bibl>
    . Разметка основана на стандарте
    <ref target="http://www.tei-c.org">
     TEI (Text Encoding Initiative)
    </ref>
    .
   </p>
   <versionNumber/>
   <isFinished/>
   <isEdited/>
   <fullBibliographicDescription/>
  </xenoData>
 </teiHeader>
 <p rend="left emptyline">
  <pb n="271"/>
 </p>
 <div type="section" xml:id="ref138">
  <head rend="center">
   <hi rend="strong">
    ОТЧЕГО
    <choice>
     <reg>
      ПОТЕЮТ
     </reg>
    </choice>
    ОКНА И
    <choice>
     <reg>
      БЫВАЕТ
     </reg>
    </choice>
    РОСА?
   </hi>
  </head>
  <p rend="left" uuid="fc9f8283-f5c3-43d4-9983-05cf822d2fec">
   Когда
   <choice>
    <reg>
     сохнет
    </reg>
   </choice>
   вода, чтó
   <choice>
    <reg>
     делается
    </reg>
   </choice>
   <choice>
    <reg>
     с
    </reg>
   </choice>
   этой водой?
  </p>
  <p rend="left" uuid="c7480c73-a9da-49fe-8ddd-a3ff15115e9d">
   <choice>
    <reg>
     От
    </reg>
   </choice>
   тепла
   <choice>
    <reg>
     все
    </reg>
   </choice>
   вещи раздаются. Вода
   <choice>
    <reg>
     от
    </reg>
   </choice>
   тепла раздаётся и вся разойдётся на
   <choice>
    <reg>
     такие
    </reg>
   </choice>
   <choice>
    <reg>
     маленькия
    </reg>
   </choice>
   частички, что
   <choice>
    <reg>
     их
    </reg>
   </choice>
   <choice>
    <reg>
     глазом
    </reg>
   </choice>
   не видать, и
   <choice>
    <reg>
     уйдёт
    </reg>
   </choice>
   <choice>
    <reg>
     в
    </reg>
   </choice>
   <choice>
    <reg>
     воздух
    </reg>
   </choice>
   . Частички эти, пары, носятся
   <choice>
    <reg>
     в
    </reg>
   </choice>
   <choice>
    <reg>
     воздухе
    </reg>
   </choice>
   , и
   <choice>
    <reg>
     их
    </reg>
   </choice>
   не видно, покуда
   <choice>
    <reg>
     воздух
    </reg>
   </choice>
   <choice>
    <reg>
     тёпел
    </reg>
   </choice>
   . Но остуди
   <choice>
    <reg>
     воздух
    </reg>
   </choice>
   , и
   <choice>
    <reg>
     сейчас
    </reg>
   </choice>
   <choice>
    <reg>
     пар
    </reg>
   </choice>
   <choice>
    <reg>
     остынет
    </reg>
   </choice>
   и
   <choice>
    <reg>
     станет
    </reg>
   </choice>
   <choice>
    <reg>
     виден
    </reg>
   </choice>
   .
  </p>
  <p rend="left" uuid="67f128f2-c45b-446d-ae8a-fb7bf0d435dd">
   Если натопить жарко баню и налить воду на кирпичи, вода вся
   <choice>
    <reg>
     уйдёт
    </reg>
   </choice>
   <choice>
    <reg>
     паром
    </reg>
   </choice>
   и
   <choice>
    <reg>
     будет
    </reg>
   </choice>
   сухо. Поддай ещё, — вода опять разойдётся. Если баня горяча, летучей воды разойдётся
   <choice>
    <reg>
     в
    </reg>
   </choice>
   <choice>
    <reg>
     воздухе
    </reg>
   </choice>
   <choice>
    <reg>
     ушат
    </reg>
   </choice>
   .
   <choice>
    <reg>
     Ушат
    </reg>
   </choice>
   воды
   <choice>
    <reg>
     будет
    </reg>
   </choice>
   стоять
   <choice>
    <reg>
     в
    </reg>
   </choice>
   <choice>
    <reg>
     горячем
    </reg>
   </choice>
   <choice>
    <reg>
     воздухе
    </reg>
   </choice>
   бани и его
   <choice>
    <reg>
     будет
    </reg>
   </choice>
   не видно.
   <choice>
    <reg>
     Воздух
    </reg>
   </choice>
   бани
   <choice>
    <reg>
     впитаст
    </reg>
   </choice>
   <choice>
    <reg>
     в
    </reg>
   </choice>
   себя весь
   <choice>
    <reg>
     ушат
    </reg>
   </choice>
   . Но если станешь ещё поддавать, то
   <choice>
    <reg>
     воздух
    </reg>
   </choice>
   уже напитается и не
   <choice>
    <reg>
     станет
    </reg>
   </choice>
   больше принимать воды, а лишняя вода
   <choice>
    <reg>
     потечёт
    </reg>
   </choice>
   каплями.
   <choice>
    <reg>
     Один
    </reg>
   </choice>
   <choice>
    <reg>
     ушат
    </reg>
   </choice>
   <choice>
    <reg>
     будет
    </reg>
   </choice>
   держаться, а лишняя вода
   <choice>
    <reg>
     вытечет
    </reg>
   </choice>
   .
  </p>
  <p rend="left" uuid="398cd774-1c48-4e29-8bad-61990185d379">
   Если
   <choice>
    <reg>
     в
    </reg>
   </choice>
   <choice>
    <reg>
     ту же
    </reg>
   </choice>
   баню нетопленную принесёшь
   <choice>
    <reg>
     горячие
    </reg>
   </choice>
   кирпичи и станешь лить на
   <choice>
    <reg>
     них
    </reg>
   </choice>
   воду, выльешь
  </p>
  <p rend="left emptyline" uuid="46b3ab34-4b52-420f-965e-214998784da9">
   <pb n="272"/>
  </p>
  <p rend="centerline" uuid="69940ce8-7abc-45e8-8ef9-9390ab69b612">
   — 70 —
  </p>
  <p rend="notindent" uuid="9461cac3-4cf6-400e-8919-52267ecff328">
   шайку — она разойдётся и не
   <choice>
    <reg>
     будет
    </reg>
   </choice>
   видно,
   <choice>
    <reg>
     воздух
    </reg>
   </choice>
   <choice>
    <reg>
     всосёт
    </reg>
   </choice>
   её
   <choice>
    <reg>
     в
    </reg>
   </choice>
   себя. Но если станешь лить другую шайку, вода
   <choice>
    <reg>
     потечёт
    </reg>
   </choice>
   каплями. Лишняя вода
   <choice>
    <reg>
     стечёт
    </reg>
   </choice>
   каплями, и холодный
   <choice>
    <reg>
     воздух
    </reg>
   </choice>
   только
   <choice>
    <reg>
     будет
    </reg>
   </choice>
   держать одну шайку.
   <choice>
    <reg>
     В
    </reg>
   </choice>
   той же
   <choice>
    <reg>
     бане
    </reg>
   </choice>
   <choice>
    <reg>
     воздух
    </reg>
   </choice>
   , когда
   <choice>
    <reg>
     был
    </reg>
   </choice>
   горячь,
   <choice>
    <reg>
     впитал
    </reg>
   </choice>
   <choice>
    <reg>
     ушат
    </reg>
   </choice>
   ; а когда
   <choice>
    <reg>
     холоден
    </reg>
   </choice>
   ,
   <choice>
    <reg>
     может
    </reg>
   </choice>
   впитать только шайку.
  </p>
  <p rend="left" uuid="f592217f-85be-4871-8eef-c72609beebb3">
   Если подуть на стекло, на
   <choice>
    <reg>
     стекле
    </reg>
   </choice>
   <choice>
    <reg>
     сядут
    </reg>
   </choice>
   капли. И
   <choice>
    <reg>
     чем
    </reg>
   </choice>
   <choice>
    <reg>
     холоднее
    </reg>
   </choice>
   ,
   <choice>
    <reg>
     тем
    </reg>
   </choice>
   больше
   <choice>
    <reg>
     сядет
    </reg>
   </choice>
   капель. Отчего это
   <choice>
    <reg>
     будет
    </reg>
   </choice>
   ? Оттого что
   <choice>
    <reg>
     дыхание
    </reg>
   </choice>
   <choice>
    <reg>
     человека
    </reg>
   </choice>
   <choice>
    <reg>
     теплее
    </reg>
   </choice>
   <choice>
    <reg>
     чем
    </reg>
   </choice>
   стекло и
   <choice>
    <reg>
     в
    </reg>
   </choice>
   <choice>
    <reg>
     дыхании
    </reg>
   </choice>
   много летучей воды.
   <choice>
    <reg>
     Как
    </reg>
   </choice>
   только это
   <choice>
    <reg>
     дыхание
    </reg>
   </choice>
   <choice>
    <reg>
     сядет
    </reg>
   </choice>
   на холодное стекло,
   <choice>
    <reg>
     из
    </reg>
   </choice>
   него
   <choice>
    <reg>
     выйдет
    </reg>
   </choice>
   вода.
  </p>
  <p rend="left" uuid="1e225d0f-eaac-48b8-b2df-e4215a9e4324">
   Губка
   <choice>
    <reg>
     держит
    </reg>
   </choice>
   <choice>
    <reg>
     в
    </reg>
   </choice>
   <choice>
    <reg>
     себе
    </reg>
   </choice>
   воду, и воды не видать, покуда губка не сожмётся; но только что пожмёшь её, вода польётся. Также и
   <choice>
    <reg>
     воздух
    </reg>
   </choice>
   <choice>
    <reg>
     держит
    </reg>
   </choice>
   <choice>
    <reg>
     в
    </reg>
   </choice>
   <choice>
    <reg>
     себе
    </reg>
   </choice>
   воду, пока
   <choice>
    <reg>
     он
    </reg>
   </choice>
   горячь: а
   <choice>
    <reg>
     как
    </reg>
   </choice>
   <choice>
    <reg>
     он
    </reg>
   </choice>
   <choice>
    <reg>
     остынет
    </reg>
   </choice>
   ,
   <choice>
    <reg>
     так
    </reg>
   </choice>
   вода польётся.
  </p>
  <p rend="left" uuid="b65be6e3-3b81-4140-8282-9ab962902cbe">
   Если лѣтомъ вынесешь изъ погреба холодный горшокъ, по нёмъ сейчасъ сядутъ капли воды. Откуда взялась эта вода? Она тутъ и была. Только пока тепло было, ея не видно было, а какъ ушло тепло изъ воздуха въ холодный горшокъ, воздухъ вокругъ горшка остылъ, и капли сѣли. Тоже бываетъ и на окнахъ. Въ горницѣ тепло, и пары держатся въ воздухѣ; но съ надворья остынутъ окна и снутри подлѣ оконъ воздухъ охолодѣетъ, и потекутъ капли.
  </p>
  <p rend="left" uuid="8f3d176e-d0ad-48be-b5dc-81a84a2de68d">
   <choice>
    <reg>
     От
    </reg>
   </choice>
   этого же
   <choice>
    <reg>
     бывает
    </reg>
   </choice>
   роса.
   <choice>
    <reg>
     Как
    </reg>
   </choice>
   <choice>
    <reg>
     остынет
    </reg>
   </choice>
   земля ночью,
   <choice>
    <reg>
     над
    </reg>
   </choice>
   ней
   <choice>
    <reg>
     воздух
    </reg>
   </choice>
   <choice>
    <reg>
     остынет
    </reg>
   </choice>
   и
   <choice>
    <reg>
     из
    </reg>
   </choice>
   <choice>
    <reg>
     холодного
    </reg>
   </choice>
   воздуха
   <choice>
    <reg>
     выходят
    </reg>
   </choice>
   пары каплями и садятся на землю.
  </p>
  <p rend="left" uuid="5e0e6bbc-e145-4b80-8c23-05a34c8541ef">
   Иногда
   <choice>
    <reg>
     бывает
    </reg>
   </choice>
   , что и холодно на
   <choice>
    <reg>
     дворе
    </reg>
   </choice>
   , а
   <choice>
    <reg>
     в
    </reg>
   </choice>
   <choice>
    <reg>
     горнице
    </reg>
   </choice>
  </p>
  <p rend="left emptyline" uuid="b8159ea1-c35e-471a-886a-c302f7f2d34f">
   <pb n="273"/>
  </p>
  <p rend="centerline" uuid="16f672d8-13fd-4814-a633-278e648af16d">
   — 71 —
  </p>
  <p rend="notindent" uuid="a29c1fc3-43eb-46a7-a8f2-d5cf83ad960f">
   тепло, — а не
   <choice>
    <reg>
     потеют
    </reg>
   </choice>
   окна; а иногда и
   <choice>
    <reg>
     теплее
    </reg>
   </choice>
   на
   <choice>
    <reg>
     дворе
    </reg>
   </choice>
   , а
   <choice>
    <reg>
     в
    </reg>
   </choice>
   <choice>
    <reg>
     горнице
    </reg>
   </choice>
   не
   <choice>
    <reg>
     так
    </reg>
   </choice>
   тепло, — a
   <choice>
    <reg>
     потеют
    </reg>
   </choice>
   окна
  </p>
  <p rend="left" uuid="c40ff581-01b6-4e8b-a6db-75313ffbb68a">
   Тоже иногда ночь тёплая, а большая роса; а то холодная ночь и
   <choice>
    <reg>
     нет
    </reg>
   </choice>
   росы.
  </p>
  <p rend="left" uuid="d845e917-1d9f-4f49-9df3-af3e8d8ce3ee">
   Отчего это бываетъ? Оттого что бываетъ сухой и сырой воздухъ Сухой воздухъ бываетъ тогда, когда онъ не нагрѣваясь можетъ поднять ещё много паровъ, а сырой тогда, когда онъ не нагрѣваясь не можетъ больше поднять паровъ Сухой воздухъ — это губка не вся ещё напитанная водой; а сырой воздухъ —губка вся напитанная водой. Чуть похолоднѣй воздухъ и чуть пожать губку, и потечётъ. Въ сыромъ воздухѣ всякая вещь, если она холоднѣе воздуха, намокнетъ, а въ сухомъ всякая мокрая вещь высохнетъ. Пары выйдутъ изъ нея, и воздухъ впитаетъ ихъ въ себя.
  </p>
 </div>
</TEI>