<?xml version="1.0" encoding="utf-8"?>
<TEI xmlns="http://www.tei-c.org/ns/1.0" xmlns:xi="http://www.w3.org/2001/XInclude">
 <teiHeader>
  <fileDesc>
   <titleStmt>
    <title>
     Азбука. Книга I
    </title>
    <author>
     Толстой Л.Н.
    </author>
    <respStmt>
     <resp>
      подготовка TEI/XML
     </resp>
     <name>
      Мария Картышева, Евгений Можаев, Даниил Скоринкин, Елена Сидорова, Вероника Файнберг, Кирилл Милинцевич
     </name>
    </respStmt>
    <respStmt>
     <name>
      Анастасия Бонч-Осмоловская, Фёкла Толстая, Борис Орехов
     </name>
     <resp>
      Идея, постановка задач, руководство
     </resp>
    </respStmt>
   </titleStmt>
   <publicationStmt>
    <idno>
     Азбука  | Книга I
    </idno>
    <publisher>
     <orgName>
      Школа лингвистики НИУ ВШЭ
     </orgName>
    </publisher>
    <availability>
     <p>
      Тексты и метатекстовая разметка доступны для свободного использования и распространения по лицензии Creative Commons Attribution Share-Alike (cc by-sa)
     </p>
    </availability>
   </publicationStmt>
   <sourceDesc>
    <biblStruct>
     <analytic>
      <author>
       Толстой Л.Н.
      </author>
      <title level="a">
       Азбука. Книга I
      </title>
     </analytic>
     <monogr>
      <title level="m">
       Полное собрание сочинений. Том 22
      </title>
      <imprint>
       <pubPlace>
        Москва
       </pubPlace>
       <publisher>
        Государственное издательство "Художественная литература"
       </publisher>
       <date when="1871-1872"/>
      </imprint>
     </monogr>
     <series>
      <title level="s">
       Л.Н. Толстой. Полное собрание сочинений
      </title>
      <biblScope unit="vol">
       22
      </biblScope>
     </series>
    </biblStruct>
   </sourceDesc>
  </fileDesc>
  <encodingDesc>
   <classDecl>
    <xi:include href="taxonomy.xml"/>
   </classDecl>
  </encodingDesc>
  <profileDesc>
   <creation>
    <date notAfter="1872" notBefore="1871">
     1871-1872
    </date>
    <rs/>
   </creation>
   <textClass>
    <catRef target="#fiction" type="sphere"/>
    <catRef target="#произведения для детей" type="type"/>
    <catRef target="#works" type="works_letters_diaries"/>
    <catRef target="#азбука" type="ninetyDef"/>
    <catRef target="#Основное" type="main_var"/>
    <catRef target="#азбука" type="type_short"/>
    <catRef target="None" type="translation"/>
    <catRef target="None" type="translation_origin"/>
    <catRef target="#да" type="tolstoy_or_not"/>
    <catRef target="None" type="name_status"/>
   </textClass>
   <preparedness>
    finished
   </preparedness>
   <settingDesc>
    <time>
     XIX век
    </time>
   </settingDesc>
  </profileDesc>
  <xenoData>
   <cyclusName/>
   <p>
    Проект
    <title>
     Толстой.Digital
    </title>
    разрабатывается сотрудниками и студентами
    <orgName>
     Высшей школы экономики
    </orgName>
    в сотрудничестве с
    <orgName>
     Государственным музеем Л.Н. Толстого
    </orgName>
    . Источник текстов –
    <bibl>
     90-томное собрание сочинений Л.Н.Толстого
    </bibl>
    . Разметка основана на стандарте
    <ref target="http://www.tei-c.org">
     TEI (Text Encoding Initiative)
    </ref>
    .
   </p>
   <versionNumber/>
   <isFinished/>
   <isEdited/>
   <fullBibliographicDescription/>
  </xenoData>
 </teiHeader>
 <p rend="left emptyline">
  <pb n="438"/>
 </p>
 <div type="section" xml:id="ref203">
  <head rend="center">
   <hi rend="strong">
    <choice>
     <reg>
      ОТ
     </reg>
    </choice>
    ЧЕГО
    <choice>
     <reg>
      В
     </reg>
    </choice>
    МОРОЗЫ
    <choice>
     <reg>
      ТРЕЩАТ
     </reg>
    </choice>
    ДЕРЕВЬЯ?
   </hi>
  </head>
  <p rend="left" uuid="0a0cab03-3c1d-48a6-b191-7c9a278776e0">
   <choice>
    <reg>
     От
    </reg>
   </choice>
   того, что
   <choice>
    <reg>
     в
    </reg>
   </choice>
   <choice>
    <reg>
     деревьях
    </reg>
   </choice>
   есть сырость, и сырость эта
   <choice>
    <reg>
     замерзает
    </reg>
   </choice>
   ,
   <choice>
    <reg>
     как
    </reg>
   </choice>
   вода. Когда вода
   <choice>
    <reg>
     замёрзнет
    </reg>
   </choice>
   , она раздаётся, а когда ей
   <choice>
    <reg>
     нет
    </reg>
   </choice>
   <choice>
    <reg>
     места
    </reg>
   </choice>
   раздаться — она
   <choice>
    <reg>
     разрывает
    </reg>
   </choice>
   деревья.
  </p>
  <p rend="left" uuid="2850603f-e015-4fc6-9f6e-25f2eb8655f9">
   Если налить воды
   <choice>
    <reg>
     в
    </reg>
   </choice>
   бутылку и поставить на
   <choice>
    <reg>
     мороз
    </reg>
   </choice>
   , вода
   <choice>
    <reg>
     замёрзнет
    </reg>
   </choice>
   и
   <choice>
    <reg>
     разорвёт
    </reg>
   </choice>
   бутылку.
  </p>
  <p rend="left" uuid="4a2dc50e-31e9-4921-9bdc-b6f7b7448a5f">
   Когда
   <choice>
    <reg>
     из
    </reg>
   </choice>
   воды
   <choice>
    <reg>
     делается
    </reg>
   </choice>
   <choice>
    <reg>
     лёд
    </reg>
   </choice>
   , то во льду
   <choice>
    <reg>
     этом
    </reg>
   </choice>
   такая сила, что, если наполнить чугунную пушку водой и заморозить, то
   <choice>
    <reg>
     льдом
    </reg>
   </choice>
   <choice>
    <reg>
     разорвёт
    </reg>
   </choice>
   её.
  </p>
  <p rend="left" uuid="e1a0f150-54eb-48c4-b0d6-9d5f9711bf52">
   <choice>
    <reg>
     От
    </reg>
   </choice>
   чего вода не сжимается,
   <choice>
    <reg>
     как
    </reg>
   </choice>
   <choice>
    <reg>
     железо
    </reg>
   </choice>
   ,
   <choice>
    <reg>
     от
    </reg>
   </choice>
   холода, — а раздаётся, когда
   <choice>
    <reg>
     замёзнет
    </reg>
   </choice>
   ?
  </p>
  <p rend="left" uuid="8174a0ad-ca5e-4075-bd90-e9816afe3281">
   Отъ того, что когда вода замёрзнетъ, ея частицы связываются между собою по другому, и промежъ нихъ больше пустыхъ мѣстъ.
  </p>
  <p rend="left" uuid="bafe29cb-315c-4d5e-982c-c82a98e4cfd1">
   Для чего вода не сжимается, когда
   <choice>
    <reg>
     замёрзнет
    </reg>
   </choice>
   ?
  </p>
  <p rend="left" uuid="c53fc211-b009-4ecf-8a1e-cfb4ec6a0428">
   Для того, чтобы вода
   <choice>
    <reg>
     в
    </reg>
   </choice>
   <choice>
    <reg>
     реках
    </reg>
   </choice>
   и
   <choice>
    <reg>
     озёрах
    </reg>
   </choice>
   не замёрзла до дна.
  </p>
  <p rend="left" uuid="26600bb4-5bd3-4eee-857f-70067be26726">
   <choice>
    <reg>
     Лёд
    </reg>
   </choice>
   раздаётся
   <choice>
    <reg>
     от
    </reg>
   </choice>
   мороза,
   <choice>
    <reg>
     от
    </reg>
   </choice>
   того
   <choice>
    <reg>
     делается
    </reg>
   </choice>
   легче воды и
   <choice>
    <reg>
     плавает
    </reg>
   </choice>
   на
   <choice>
    <reg>
     воде
    </reg>
   </choice>
   , и только снизу
   <choice>
    <reg>
     подмерзает
    </reg>
   </choice>
   и
   <choice>
    <reg>
     делается
    </reg>
   </choice>
   толще и толще, но никогда не
   <choice>
    <reg>
     намерзает
    </reg>
   </choice>
   до дна. А
   <choice>
    <reg>
     если бы
    </reg>
   </choice>
   вода сжималась
   <choice>
    <reg>
     от
    </reg>
   </choice>
   мороза,
   <choice>
    <reg>
     как
    </reg>
   </choice>
   сжимается
   <choice>
    <reg>
     железо
    </reg>
   </choice>
   , то верхняя вода замерзала бы на
   <choice>
    <reg>
     реке
    </reg>
   </choice>
   и
   <choice>
    <reg>
     тонула бы
    </reg>
   </choice>
   , потому что
   <choice>
    <reg>
     лёд
    </reg>
   </choice>
   былъбы
   <choice>
    <reg>
     тяжелее
    </reg>
   </choice>
   воды.
   <choice>
    <reg>
     Потом
    </reg>
   </choice>
   опять бы замерзала верхняя
  </p>
  <p rend="left emptyline" uuid="2cd7368a-af3a-4c46-978f-32679bcb2525">
   <pb n="439"/>
  </p>
  <p rend="centerline" uuid="558f7872-d3c1-4bca-9f1a-bca15c98611c">
   — 71 —
  </p>
  <p rend="notindent" uuid="718fc4d1-099d-4625-9f70-4728645d0862">
   вода и
   <choice>
    <reg>
     тонула бы
    </reg>
   </choice>
   — и
   <choice>
    <reg>
     так
    </reg>
   </choice>
   замёрзли бы озёра и
   <choice>
    <reg>
     реки
    </reg>
   </choice>
   <choice>
    <reg>
     от
    </reg>
   </choice>
   дна и до верху.
  </p>
 </div>
</TEI>