<?xml version="1.0" encoding="utf-8"?>
<TEI xmlns="http://www.tei-c.org/ns/1.0" xmlns:xi="http://www.w3.org/2001/XInclude">
 <teiHeader>
  <fileDesc>
   <titleStmt>
    <title>
     Азбука. Книга I
    </title>
    <author>
     Толстой Л.Н.
    </author>
    <respStmt>
     <resp>
      подготовка TEI/XML
     </resp>
     <name>
      Мария Картышева, Евгений Можаев, Даниил Скоринкин, Елена Сидорова, Вероника Файнберг, Кирилл Милинцевич
     </name>
    </respStmt>
    <respStmt>
     <name>
      Анастасия Бонч-Осмоловская, Фёкла Толстая, Борис Орехов
     </name>
     <resp>
      Идея, постановка задач, руководство
     </resp>
    </respStmt>
   </titleStmt>
   <publicationStmt>
    <idno>
     Азбука  | Книга I
    </idno>
    <publisher>
     <orgName>
      Школа лингвистики НИУ ВШЭ
     </orgName>
    </publisher>
    <availability>
     <p>
      Тексты и метатекстовая разметка доступны для свободного использования и распространения по лицензии Creative Commons Attribution Share-Alike (cc by-sa)
     </p>
    </availability>
   </publicationStmt>
   <sourceDesc>
    <biblStruct>
     <analytic>
      <author>
       Толстой Л.Н.
      </author>
      <title level="a">
       Азбука. Книга I
      </title>
     </analytic>
     <monogr>
      <title level="m">
       Полное собрание сочинений. Том 22
      </title>
      <imprint>
       <pubPlace>
        Москва
       </pubPlace>
       <publisher>
        Государственное издательство "Художественная литература"
       </publisher>
       <date when="1871-1872"/>
      </imprint>
     </monogr>
     <series>
      <title level="s">
       Л.Н. Толстой. Полное собрание сочинений
      </title>
      <biblScope unit="vol">
       22
      </biblScope>
     </series>
    </biblStruct>
   </sourceDesc>
  </fileDesc>
  <encodingDesc>
   <classDecl>
    <xi:include href="taxonomy.xml"/>
   </classDecl>
  </encodingDesc>
  <profileDesc>
   <creation>
    <date notAfter="1872" notBefore="1871">
     1871-1872
    </date>
    <rs/>
   </creation>
   <textClass>
    <catRef target="#fiction" type="sphere"/>
    <catRef target="#произведения для детей" type="type"/>
    <catRef target="#works" type="works_letters_diaries"/>
    <catRef target="#азбука" type="ninetyDef"/>
    <catRef target="#Основное" type="main_var"/>
    <catRef target="#азбука" type="type_short"/>
    <catRef target="None" type="translation"/>
    <catRef target="None" type="translation_origin"/>
    <catRef target="#да" type="tolstoy_or_not"/>
    <catRef target="None" type="name_status"/>
   </textClass>
   <preparedness>
    finished
   </preparedness>
   <settingDesc>
    <time>
     XIX век
    </time>
   </settingDesc>
  </profileDesc>
  <xenoData>
   <cyclusName/>
   <p>
    Проект
    <title>
     Толстой.Digital
    </title>
    разрабатывается сотрудниками и студентами
    <orgName>
     Высшей школы экономики
    </orgName>
    в сотрудничестве с
    <orgName>
     Государственным музеем Л.Н. Толстого
    </orgName>
    . Источник текстов –
    <bibl>
     90-томное собрание сочинений Л.Н.Толстого
    </bibl>
    . Разметка основана на стандарте
    <ref target="http://www.tei-c.org">
     TEI (Text Encoding Initiative)
    </ref>
    .
   </p>
   <versionNumber/>
   <isFinished/>
   <isEdited/>
   <fullBibliographicDescription/>
  </xenoData>
 </teiHeader>
 <p rend="left emptyline">
  <pb n="444"/>
 </p>
 <div type="section" xml:id="ref208">
  <head rend="center">
   <hi rend="strong">
    КРИСТАЛЛЫ.
   </hi>
  </head>
  <p rend="left" uuid="1357e636-dff0-4917-a08b-3cdaf17efda4">
   Если сыпать
   <choice>
    <reg>
     в
    </reg>
   </choice>
   воду соль и
   <choice>
    <reg>
     мешать
    </reg>
   </choice>
   , то соль
   <choice>
    <reg>
     станет
    </reg>
   </choice>
   расходиться и
   <choice>
    <reg>
     так
    </reg>
   </choice>
   разойдётся
   <choice>
    <reg>
     в
    </reg>
   </choice>
   <choice>
    <reg>
     воде
    </reg>
   </choice>
   , что не видать
   <choice>
    <reg>
     будет
    </reg>
   </choice>
   соли; но если сыпать ещё и ещё соли, то
   <choice>
    <reg>
     под
    </reg>
   </choice>
   <choice>
    <reg>
     конец
    </reg>
   </choice>
   соль ужь
   <choice>
    <reg>
     перестанет
    </reg>
   </choice>
   распускаться, а сколько ты её ни
   <choice>
    <reg>
     мешай
    </reg>
   </choice>
   ,
   <choice>
    <reg>
     так
    </reg>
   </choice>
   и останется
   <choice>
    <reg>
     белым
    </reg>
   </choice>
   <choice>
    <reg>
     порошком
    </reg>
   </choice>
   <choice>
    <reg>
     в
    </reg>
   </choice>
   <choice>
    <reg>
     воде
    </reg>
   </choice>
   . Вода насытилась солью и больше
   <choice>
    <reg>
     уж
    </reg>
   </choice>
   принять не
   <choice>
    <reg>
     может
    </reg>
   </choice>
   . Но если
   <choice>
    <reg>
     разогреть
    </reg>
   </choice>
   воду, она
   <choice>
    <reg>
     примет
    </reg>
   </choice>
   ещё; и соль, та, которая не распускалась
   <choice>
    <reg>
     в
    </reg>
   </choice>
   холодной
   <choice>
    <reg>
     воде
    </reg>
   </choice>
   , распустится
   <choice>
    <reg>
     в
    </reg>
   </choice>
   горячей. Но если ещё насыпать соли, тогда
   <choice>
    <reg>
     уж
    </reg>
   </choice>
   и горячая вода не
   <choice>
    <reg>
     примет
    </reg>
   </choice>
   больше соли. А если больше станешь
   <choice>
    <reg>
     греть
    </reg>
   </choice>
   воду, то сама вода
   <choice>
    <reg>
     уйдёт
    </reg>
   </choice>
   <choice>
    <reg>
     пàром
    </reg>
   </choice>
   , и соли ещё больше останется.
  </p>
  <p rend="left emptyline" uuid="4b5a9641-e400-4f19-8eeb-01c1989d38b0">
   <pb n="445"/>
  </p>
  <p rend="centerline" uuid="9db96904-91db-4145-8da4-d67fbdd0ce9e">
   — 77 —
  </p>
  <p rend="left" uuid="ff66ef27-ac29-499d-8753-f67de85055c2">
   <choice>
    <reg>
     Так
    </reg>
   </choice>
   на каждую вещь, какую вода
   <choice>
    <reg>
     распускает
    </reg>
   </choice>
   , у воды есть
   <choice>
    <reg>
     мера
    </reg>
   </choice>
   , дальше чего ей нельзя распустить. Каждой вещи вода
   <choice>
    <reg>
     распускает
    </reg>
   </choice>
   больше, когда горяча,
   <choice>
    <reg>
     чем
    </reg>
   </choice>
   когда холодна, но всё же —
   <choice>
    <reg>
     как
    </reg>
   </choice>
   насытится горячая вода,
   <choice>
    <reg>
     так
    </reg>
   </choice>
   дальше
   <choice>
    <reg>
     уж
    </reg>
   </choice>
   не
   <choice>
    <reg>
     принимает
    </reg>
   </choice>
   . Вещь останется сама по
   <choice>
    <reg>
     себе
    </reg>
   </choice>
   , а вода
   <choice>
    <reg>
     уйдёт
    </reg>
   </choice>
   <choice>
    <reg>
     пàром
    </reg>
   </choice>
   .
  </p>
  <p rend="left" uuid="639b6253-b3dc-40a6-8bd4-b992f686ed7c">
   Если насытить воду
   <choice>
    <reg>
     селитренным
    </reg>
   </choice>
   <choice>
    <reg>
     порошком
    </reg>
   </choice>
   , а
   <choice>
    <reg>
     потом
    </reg>
   </choice>
   подсыпать ещё селитры лишней, всё
   <choice>
    <reg>
     согреть
    </reg>
   </choice>
   и не
   <choice>
    <reg>
     мешавши
    </reg>
   </choice>
   дать остынуть, то селитра лишняя не
   <choice>
    <reg>
     ляжет
    </reg>
   </choice>
   <choice>
    <reg>
     порошком
    </reg>
   </choice>
   на
   <choice>
    <reg>
     дне
    </reg>
   </choice>
   воды, а соберётся вся шестигранными столбиками и
   <choice>
    <reg>
     сядет
    </reg>
   </choice>
   на
   <choice>
    <reg>
     дне
    </reg>
   </choice>
   и по
   <choice>
    <reg>
     бокам
    </reg>
   </choice>
   ,
   <choice>
    <reg>
     столбик
    </reg>
   </choice>
   <choice>
    <reg>
     подле
    </reg>
   </choice>
   столбика Если насытить воду
   <choice>
    <reg>
     селитренным
    </reg>
   </choice>
   <choice>
    <reg>
     порошком
    </reg>
   </choice>
   и поставить
   <choice>
    <reg>
     в
    </reg>
   </choice>
   <choice>
    <reg>
     тёплом
    </reg>
   </choice>
   <choice>
    <reg>
     месте
    </reg>
   </choice>
   , то вода
   <choice>
    <reg>
     уйдёт
    </reg>
   </choice>
   <choice>
    <reg>
     пàром
    </reg>
   </choice>
   , а селитра лишняя также сложится столбиками шестигранными.
  </p>
  <p rend="left" uuid="372dad5d-b3c0-49e1-bfaa-7114dd63bd34">
   Если насытить воду простою солью,
   <choice>
    <reg>
     согреть
    </reg>
   </choice>
   и также дать уйти
   <choice>
    <reg>
     воде
    </reg>
   </choice>
   <choice>
    <reg>
     пàром
    </reg>
   </choice>
   , то лишняя соль сложится тоже не
   <choice>
    <reg>
     порошком
    </reg>
   </choice>
   , а кубиками Если насытить воду селитрой
   <choice>
    <reg>
     с
    </reg>
   </choice>
   солью
   <choice>
    <reg>
     вместе
    </reg>
   </choice>
   , лишняя селитра и соль не
   <choice>
    <reg>
     смешаются
    </reg>
   </choice>
   , и сложатся каждая по свóему — селитра столбиками, а соль кубиками.
  </p>
  <p rend="left" uuid="3d92b941-57ae-4484-a87d-510c19749401">
   Если насытить воду извёсткой, или другой солью, или ещё
   <choice>
    <reg>
     чем
    </reg>
   </choice>
   нибудь, то каждая вещь, когда вода
   <choice>
    <reg>
     выйдет
    </reg>
   </choice>
   <choice>
    <reg>
     пàром
    </reg>
   </choice>
   , сложится по своему. Какая
   <choice>
    <reg>
     в
    </reg>
   </choice>
   трехгранные столбики, какая
   <choice>
    <reg>
     в
    </reg>
   </choice>
   восьмигранные, какая кирпичиками, какая
   <choice>
    <reg>
     звездочками
    </reg>
   </choice>
   — каждая по своему. Эти-то фигуры
   <choice>
    <reg>
     разные
    </reg>
   </choice>
   <choice>
    <reg>
     бывают
    </reg>
   </choice>
   во
   <choice>
    <reg>
     всех
    </reg>
   </choice>
   <choice>
    <reg>
     крепких
    </reg>
   </choice>
   <choice>
    <reg>
     вещах
    </reg>
   </choice>
   . Иногда фигуры эти
   <choice>
    <reg>
     большия
    </reg>
   </choice>
   ,
   <choice>
    <reg>
     в
    </reg>
   </choice>
   руку;
   <choice>
    <reg>
     такие
    </reg>
   </choice>
   <choice>
    <reg>
     находят
    </reg>
   </choice>
   камни
   <choice>
    <reg>
     в
    </reg>
   </choice>
   <choice>
    <reg>
     земле
    </reg>
   </choice>
   Иногда фигуры эти
   <choice>
    <reg>
     так
    </reg>
   </choice>
   малы, что
   <choice>
    <reg>
     простым
    </reg>
   </choice>
   <choice>
    <reg>
     глазом
    </reg>
   </choice>
   не разберёшь
   <choice>
    <reg>
     их
    </reg>
   </choice>
   ; но
   <choice>
    <reg>
     в
    </reg>
   </choice>
   каждой вещи есть свои фигуры.
  </p>
  <p rend="left emptyline" uuid="d9b5d54f-0c0f-4e67-bd9e-1567fa9896e1">
   <pb n="446"/>
  </p>
  <p rend="centerline" uuid="ce9a7da1-79ea-4eea-9d04-c5feb7ea3180">
   — 78 —
  </p>
  <p rend="left" uuid="28b4fac5-52e0-4042-98eb-2b9a579bc5bb">
   Если, когда вода насыщена селитрой и
   <choice>
    <reg>
     в
    </reg>
   </choice>
   ней
   <choice>
    <reg>
     начинают
    </reg>
   </choice>
   складываться фигуры, отломить иголочкой край фигуры, то опять на тоже
   <choice>
    <reg>
     место
    </reg>
   </choice>
   <choice>
    <reg>
     придут
    </reg>
   </choice>
   новые кусочки селитры и опять
   <choice>
    <reg>
     заделают
    </reg>
   </choice>
   отломанный край точно
   <choice>
    <reg>
     так
    </reg>
   </choice>
   ,
   <choice>
    <reg>
     как
    </reg>
   </choice>
   ему надо быть, — шестигранными столбиками. Тоже самое и
   <choice>
    <reg>
     с
    </reg>
   </choice>
   солью и со всякой другой вещью.
   <choice>
    <reg>
     Все
    </reg>
   </choice>
   <choice>
    <reg>
     маленькия
    </reg>
   </choice>
   порошинки сами ворочаются и приставляются той стороной, какой надо.
  </p>
  <p rend="left" uuid="51986cce-b407-4926-be4d-3cfad702209e">
   Когда
   <choice>
    <reg>
     замерзает
    </reg>
   </choice>
   <choice>
    <reg>
     лёд
    </reg>
   </choice>
   , то
   <choice>
    <reg>
     делается
    </reg>
   </choice>
   тоже самое.
  </p>
  <p rend="left" uuid="18ab1520-a6aa-4f53-af2c-e4598f5662f0">
   <choice>
    <reg>
     Летит
    </reg>
   </choice>
   <choice>
    <reg>
     снежинка
    </reg>
   </choice>
   —
   <choice>
    <reg>
     в
    </reg>
   </choice>
   ней не видать никакой фигуры; но
   <choice>
    <reg>
     как
    </reg>
   </choice>
   только она
   <choice>
    <reg>
     сядет
    </reg>
   </choice>
   на что-нибудь тёмное и холодное, на сукно, на
   <choice>
    <reg>
     мех
    </reg>
   </choice>
   , —
   <choice>
    <reg>
     в
    </reg>
   </choice>
   ней можно разобрать фигуру: увидишь
   <choice>
    <reg>
     звездочку
    </reg>
   </choice>
   , или шестиугольную дощечку. На
   <choice>
    <reg>
     окнах
    </reg>
   </choice>
   <choice>
    <reg>
     пар
    </reg>
   </choice>
   <choice>
    <reg>
     примерзает
    </reg>
   </choice>
   не
   <choice>
    <reg>
     как
    </reg>
   </choice>
   попало, а
   <choice>
    <reg>
     как
    </reg>
   </choice>
   <choice>
    <reg>
     он
    </reg>
   </choice>
   <choice>
    <reg>
     станет
    </reg>
   </choice>
   примерзать,
   <choice>
    <reg>
     так
    </reg>
   </choice>
   <choice>
    <reg>
     сейчас
    </reg>
   </choice>
   сложится
   <choice>
    <reg>
     в
    </reg>
   </choice>
   <choice>
    <reg>
     звездочку
    </reg>
   </choice>
   .
  </p>
  <p rend="left" uuid="966ec58e-e0a6-4c75-b7ad-11bf01ff6e4b">
   Что такое лёдъ? Это холодная, крѣпкая вода. Когда изъ жидкой воды дѣлается крѣпкая вода, она складывается въ фигуры и изъ нея выходитъ тепло. Тоже самое дѣлается съ селитрой; когда она изъ жидкой складывается въ крѣпкія фигуры, изъ нея выходитъ тепло. Тоже съ солью, тоже съ плавленымъ чугуномъ, когда онъ изъ жидкаго дѣлается крѣпкимъ. Когда какая нибудь вещь изъ жидкой дѣлается крѣпкой, изъ нея выходитъ тепло и она складывается въ фигуры. А когда изъ крѣпкой дѣлается жидкая, то вещь забираетъ въ себя тепло, и изъ нея выходитъ холодъ и фигуры ея распускаются.
  </p>
  <p rend="left" uuid="2d78de00-50dd-49b0-9e47-f338b85e25d9">
   Принеси
   <choice>
    <reg>
     плавленого
    </reg>
   </choice>
   <choice>
    <reg>
     железа
    </reg>
   </choice>
   и дай ему остывать; принеси
   <choice>
    <reg>
     теста
    </reg>
   </choice>
   <choice>
    <reg>
     горячего
    </reg>
   </choice>
   и дай ему остывать; принеси извёстки гашеной и дай ей остывать, —
   <choice>
    <reg>
     будет
    </reg>
   </choice>
   тепло.
  </p>
  <p rend="left emptyline" uuid="233071d1-19f6-4465-9131-81a18a4a5b1a">
   <pb n="447"/>
  </p>
  <p rend="centerline" uuid="f7402c96-bf54-454c-adad-30947cc20f50">
   — 79 —
  </p>
  <p rend="left" uuid="4caed82e-006d-4a4a-be70-2df497ce36eb">
   Принеси льду и тай его —
   <choice>
    <reg>
     станет
    </reg>
   </choice>
   холодно. Принеси селитры, соли и всякой вещи, какая
   <choice>
    <reg>
     в
    </reg>
   </choice>
   <choice>
    <reg>
     воде
    </reg>
   </choice>
   расходится, и распускай её
   <choice>
    <reg>
     в
    </reg>
   </choice>
   <choice>
    <reg>
     воде
    </reg>
   </choice>
   , —
   <choice>
    <reg>
     станет
    </reg>
   </choice>
   холодно.
   <choice>
    <reg>
     Чтоб
    </reg>
   </choice>
   заморозить мороженое —
   <choice>
    <reg>
     сыплют
    </reg>
   </choice>
   соль
   <choice>
    <reg>
     в
    </reg>
   </choice>
   воду.
  </p>
  <p rend="left emptyline" uuid="e80aed35-31ab-4e31-87b3-42d04b5ba11c">
   <pb n="448"/>
  </p>
 </div>
</TEI>