<?xml version="1.0" encoding="utf-8"?>
<TEI xmlns="http://www.tei-c.org/ns/1.0" xmlns:xi="http://www.w3.org/2001/XInclude">
 <teiHeader>
  <fileDesc>
   <titleStmt>
    <title>
     Азбука. Книга I
    </title>
    <author>
     Толстой Л.Н.
    </author>
    <respStmt>
     <resp>
      подготовка TEI/XML
     </resp>
     <name>
      Мария Картышева, Евгений Можаев, Даниил Скоринкин, Елена Сидорова, Вероника Файнберг, Кирилл Милинцевич
     </name>
    </respStmt>
    <respStmt>
     <name>
      Анастасия Бонч-Осмоловская, Фёкла Толстая, Борис Орехов
     </name>
     <resp>
      Идея, постановка задач, руководство
     </resp>
    </respStmt>
   </titleStmt>
   <publicationStmt>
    <idno>
     Азбука  | Книга I
    </idno>
    <publisher>
     <orgName>
      Школа лингвистики НИУ ВШЭ
     </orgName>
    </publisher>
    <availability>
     <p>
      Тексты и метатекстовая разметка доступны для свободного использования и распространения по лицензии Creative Commons Attribution Share-Alike (cc by-sa)
     </p>
    </availability>
   </publicationStmt>
   <sourceDesc>
    <biblStruct>
     <analytic>
      <author>
       Толстой Л.Н.
      </author>
      <title level="a">
       Азбука. Книга I
      </title>
     </analytic>
     <monogr>
      <title level="m">
       Полное собрание сочинений. Том 22
      </title>
      <imprint>
       <pubPlace>
        Москва
       </pubPlace>
       <publisher>
        Государственное издательство "Художественная литература"
       </publisher>
       <date when="1871-1872"/>
      </imprint>
     </monogr>
     <series>
      <title level="s">
       Л.Н. Толстой. Полное собрание сочинений
      </title>
      <biblScope unit="vol">
       22
      </biblScope>
     </series>
    </biblStruct>
   </sourceDesc>
  </fileDesc>
  <encodingDesc>
   <classDecl>
    <xi:include href="taxonomy.xml"/>
   </classDecl>
  </encodingDesc>
  <profileDesc>
   <creation>
    <date notAfter="1872" notBefore="1871">
     1871-1872
    </date>
    <rs/>
   </creation>
   <textClass>
    <catRef target="#fiction" type="sphere"/>
    <catRef target="#произведения для детей" type="type"/>
    <catRef target="#works" type="works_letters_diaries"/>
    <catRef target="#азбука" type="ninetyDef"/>
    <catRef target="#Основное" type="main_var"/>
    <catRef target="#азбука" type="type_short"/>
    <catRef target="None" type="translation"/>
    <catRef target="None" type="translation_origin"/>
    <catRef target="#да" type="tolstoy_or_not"/>
    <catRef target="None" type="name_status"/>
   </textClass>
   <preparedness>
    finished
   </preparedness>
   <settingDesc>
    <time>
     XIX век
    </time>
   </settingDesc>
  </profileDesc>
  <xenoData>
   <cyclusName/>
   <p>
    Проект
    <title>
     Толстой.Digital
    </title>
    разрабатывается сотрудниками и студентами
    <orgName>
     Высшей школы экономики
    </orgName>
    в сотрудничестве с
    <orgName>
     Государственным музеем Л.Н. Толстого
    </orgName>
    . Источник текстов –
    <bibl>
     90-томное собрание сочинений Л.Н.Толстого
    </bibl>
    . Разметка основана на стандарте
    <ref target="http://www.tei-c.org">
     TEI (Text Encoding Initiative)
    </ref>
    .
   </p>
   <versionNumber/>
   <isFinished/>
   <isEdited/>
   <fullBibliographicDescription/>
  </xenoData>
 </teiHeader>
 <p rend="left emptyline">
  <pb n="376"/>
 </p>
 <div type="section" xml:id="ref175">
  <head rend="center">
   <hi rend="strong">
    <choice>
     <reg>
      ВОЛК
     </reg>
    </choice>
    И КОЗА.
   </hi>
  </head>
  <p rend="left" uuid="36ef1fad-7148-4d54-b04b-eb70291ac0c2">
   <choice>
    <reg>
     Волк
    </reg>
   </choice>
   <choice>
    <reg>
     видит
    </reg>
   </choice>
   — коза пасётся на каменной
   <choice>
    <reg>
     горе
    </reg>
   </choice>
   , и нельзя ему
   <choice>
    <reg>
     к
    </reg>
   </choice>
   ней подобраться;
   <choice>
    <reg>
     он
    </reg>
   </choice>
   ей и
   <choice>
    <reg>
     говорит
    </reg>
   </choice>
   : «пошла бы ты
   <choice>
    <reg>
     вниз
    </reg>
   </choice>
   :
   <choice>
    <reg>
     тут
    </reg>
   </choice>
   и
   <choice>
    <reg>
     место
    </reg>
   </choice>
   <choice>
    <reg>
     поровнее
    </reg>
   </choice>
   и трава
   <choice>
    <reg>
     тебе
    </reg>
   </choice>
   для корма много слаще».
  </p>
  <p rend="left emptyline" uuid="1529c84a-c707-44f7-9527-abf87cafd89d">
   <pb n="377"/>
  </p>
  <p rend="centerline" uuid="4fb111e0-fece-4a39-9408-79d49d112539">
   — 9 —
  </p>
  <p rend="left" uuid="ed46ceba-c560-426f-be39-d28031d27772">
   А коза
   <choice>
    <reg>
     говорит
    </reg>
   </choice>
   : «не
   <choice>
    <reg>
     затем
    </reg>
   </choice>
   ты,
   <choice>
    <reg>
     волк
    </reg>
   </choice>
   , меня
   <choice>
    <reg>
     вниз
    </reg>
   </choice>
   зовёшь: ты не
   <choice>
    <reg>
     об
    </reg>
   </choice>
   <choice>
    <reg>
     моём
    </reg>
   </choice>
   , а о
   <choice>
    <reg>
     своём
    </reg>
   </choice>
   <choice>
    <reg>
     корме
    </reg>
   </choice>
   хлопочешь.»
  </p>
 </div>
</TEI>