<?xml version="1.0" encoding="utf-8"?>
<TEI xmlns="http://www.tei-c.org/ns/1.0" xmlns:xi="http://www.w3.org/2001/XInclude">
 <teiHeader>
  <fileDesc>
   <titleStmt>
    <title>
     Азбука. Книга I
    </title>
    <author>
     Толстой Л.Н.
    </author>
    <respStmt>
     <resp>
      подготовка TEI/XML
     </resp>
     <name>
      Мария Картышева, Евгений Можаев, Даниил Скоринкин, Елена Сидорова, Вероника Файнберг, Кирилл Милинцевич
     </name>
    </respStmt>
    <respStmt>
     <name>
      Анастасия Бонч-Осмоловская, Фёкла Толстая, Борис Орехов
     </name>
     <resp>
      Идея, постановка задач, руководство
     </resp>
    </respStmt>
   </titleStmt>
   <publicationStmt>
    <idno>
     Азбука  | Книга I
    </idno>
    <publisher>
     <orgName>
      Школа лингвистики НИУ ВШЭ
     </orgName>
    </publisher>
    <availability>
     <p>
      Тексты и метатекстовая разметка доступны для свободного использования и распространения по лицензии Creative Commons Attribution Share-Alike (cc by-sa)
     </p>
    </availability>
   </publicationStmt>
   <sourceDesc>
    <biblStruct>
     <analytic>
      <author>
       Толстой Л.Н.
      </author>
      <title level="a">
       Азбука. Книга I
      </title>
     </analytic>
     <monogr>
      <title level="m">
       Полное собрание сочинений. Том 22
      </title>
      <imprint>
       <pubPlace>
        Москва
       </pubPlace>
       <publisher>
        Государственное издательство "Художественная литература"
       </publisher>
       <date when="1871-1872"/>
      </imprint>
     </monogr>
     <series>
      <title level="s">
       Л.Н. Толстой. Полное собрание сочинений
      </title>
      <biblScope unit="vol">
       22
      </biblScope>
     </series>
    </biblStruct>
   </sourceDesc>
  </fileDesc>
  <encodingDesc>
   <classDecl>
    <xi:include href="taxonomy.xml"/>
   </classDecl>
  </encodingDesc>
  <profileDesc>
   <creation>
    <date notAfter="1872" notBefore="1871">
     1871-1872
    </date>
    <rs/>
   </creation>
   <textClass>
    <catRef target="#fiction" type="sphere"/>
    <catRef target="#произведения для детей" type="type"/>
    <catRef target="#works" type="works_letters_diaries"/>
    <catRef target="#азбука" type="ninetyDef"/>
    <catRef target="#Основное" type="main_var"/>
    <catRef target="#азбука" type="type_short"/>
    <catRef target="None" type="translation"/>
    <catRef target="None" type="translation_origin"/>
    <catRef target="#да" type="tolstoy_or_not"/>
    <catRef target="None" type="name_status"/>
   </textClass>
   <preparedness>
    finished
   </preparedness>
   <settingDesc>
    <time>
     XIX век
    </time>
   </settingDesc>
  </profileDesc>
  <xenoData>
   <cyclusName/>
   <p>
    Проект
    <title>
     Толстой.Digital
    </title>
    разрабатывается сотрудниками и студентами
    <orgName>
     Высшей школы экономики
    </orgName>
    в сотрудничестве с
    <orgName>
     Государственным музеем Л.Н. Толстого
    </orgName>
    . Источник текстов –
    <bibl>
     90-томное собрание сочинений Л.Н.Толстого
    </bibl>
    . Разметка основана на стандарте
    <ref target="http://www.tei-c.org">
     TEI (Text Encoding Initiative)
    </ref>
    .
   </p>
   <versionNumber/>
   <isFinished/>
   <isEdited/>
   <fullBibliographicDescription/>
  </xenoData>
 </teiHeader>
 <p rend="left emptyline">
  <pb n="567"/>
 </p>
 <div type="section" xml:id="ref245">
  <head rend="center">
   <hi rend="strong">
    <choice>
     <reg>
      ВОРОН
     </reg>
    </choice>
    И ЛИСИЦА.
   </hi>
  </head>
  <p rend="left" uuid="0d00fa5a-41c3-4825-902f-c599617b9273">
   <choice>
    <reg>
     Ворон
    </reg>
   </choice>
   <choice>
    <reg>
     добыл
    </reg>
   </choice>
   мяса
   <choice>
    <reg>
     кусок
    </reg>
   </choice>
   и
   <choice>
    <reg>
     сел
    </reg>
   </choice>
   на дерево.
   <choice>
    <reg>
     Захотелось
    </reg>
   </choice>
   <choice>
    <reg>
     лисице
    </reg>
   </choice>
   мясца. Она подошла и
   <choice>
    <reg>
     говорит
    </reg>
   </choice>
  </p>
  <p rend="left" uuid="cdc1c374-be5b-4d63-be5d-a4307ce0ddad">
   —
   <choice>
    <reg>
     Эх
    </reg>
   </choice>
   ,
   <choice>
    <reg>
     ворон
    </reg>
   </choice>
   ,
   <choice>
    <reg>
     как
    </reg>
   </choice>
   посмотрю на тебя, — по твоему росту, да
   <choice>
    <reg>
     красоте
    </reg>
   </choice>
   , только бы
   <choice>
    <reg>
     тебе
    </reg>
   </choice>
   <choice>
    <reg>
     царем
    </reg>
   </choice>
   быть! И
   <choice>
    <reg>
     верно
    </reg>
   </choice>
   <choice>
    <reg>
     был
    </reg>
   </choice>
   бы
   <choice>
    <reg>
     царем
    </reg>
   </choice>
   , если бы у тебя
   <choice>
    <reg>
     голос
    </reg>
   </choice>
   <choice>
    <reg>
     был
    </reg>
   </choice>
   .
  </p>
  <p rend="left" uuid="dd972e4f-a417-45a5-8849-c8550d9a8762">
   <choice>
    <reg>
     Ворон
    </reg>
   </choice>
   <choice>
    <reg>
     разинул
    </reg>
   </choice>
   <choice>
    <reg>
     рот
    </reg>
   </choice>
   и
   <choice>
    <reg>
     заорал
    </reg>
   </choice>
   , чтó было мочи. Мясо упало. Лисица подхватила его и
   <choice>
    <reg>
     говорит
    </reg>
   </choice>
   :
  </p>
  <p rend="left" uuid="c56c7e1b-357a-441c-bea0-43d67479b6f3">
   —
   <choice>
    <reg>
     Ах
    </reg>
   </choice>
   <choice>
    <reg>
     ворон
    </reg>
   </choice>
   ! коли бы еще у тебя и
   <choice>
    <reg>
     ум
    </reg>
   </choice>
   <choice>
    <reg>
     был
    </reg>
   </choice>
   , быть бы
   <choice>
    <reg>
     тебе
    </reg>
   </choice>
   <choice>
    <reg>
     царем
    </reg>
   </choice>
   .
  </p>
  <p rend="left emptyline" uuid="9aa3f495-dd96-48ef-aaa1-20b6affdce8b">
   <pb n="568"/>
  </p>
 </div>
</TEI>