<?xml version="1.0" encoding="utf-8"?>
<TEI xmlns="http://www.tei-c.org/ns/1.0" xmlns:xi="http://www.w3.org/2001/XInclude">
 <teiHeader>
  <fileDesc>
   <titleStmt>
    <title>
     Азбука. Книга I
    </title>
    <author>
     Толстой Л.Н.
    </author>
    <respStmt>
     <resp>
      подготовка TEI/XML
     </resp>
     <name>
      Мария Картышева, Евгений Можаев, Даниил Скоринкин, Елена Сидорова, Вероника Файнберг, Кирилл Милинцевич
     </name>
    </respStmt>
    <respStmt>
     <name>
      Анастасия Бонч-Осмоловская, Фёкла Толстая, Борис Орехов
     </name>
     <resp>
      Идея, постановка задач, руководство
     </resp>
    </respStmt>
   </titleStmt>
   <publicationStmt>
    <idno>
     Азбука  | Книга I
    </idno>
    <publisher>
     <orgName>
      Школа лингвистики НИУ ВШЭ
     </orgName>
    </publisher>
    <availability>
     <p>
      Тексты и метатекстовая разметка доступны для свободного использования и распространения по лицензии Creative Commons Attribution Share-Alike (cc by-sa)
     </p>
    </availability>
   </publicationStmt>
   <sourceDesc>
    <biblStruct>
     <analytic>
      <author>
       Толстой Л.Н.
      </author>
      <title level="a">
       Азбука. Книга I
      </title>
     </analytic>
     <monogr>
      <title level="m">
       Полное собрание сочинений. Том 22
      </title>
      <imprint>
       <pubPlace>
        Москва
       </pubPlace>
       <publisher>
        Государственное издательство "Художественная литература"
       </publisher>
       <date when="1871-1872"/>
      </imprint>
     </monogr>
     <series>
      <title level="s">
       Л.Н. Толстой. Полное собрание сочинений
      </title>
      <biblScope unit="vol">
       22
      </biblScope>
     </series>
    </biblStruct>
   </sourceDesc>
  </fileDesc>
  <encodingDesc>
   <classDecl>
    <xi:include href="taxonomy.xml"/>
   </classDecl>
  </encodingDesc>
  <profileDesc>
   <creation>
    <date notAfter="1872" notBefore="1871">
     1871-1872
    </date>
    <rs/>
   </creation>
   <textClass>
    <catRef target="#fiction" type="sphere"/>
    <catRef target="#произведения для детей" type="type"/>
    <catRef target="#works" type="works_letters_diaries"/>
    <catRef target="#азбука" type="ninetyDef"/>
    <catRef target="#Основное" type="main_var"/>
    <catRef target="#азбука" type="type_short"/>
    <catRef target="None" type="translation"/>
    <catRef target="None" type="translation_origin"/>
    <catRef target="#да" type="tolstoy_or_not"/>
    <catRef target="None" type="name_status"/>
   </textClass>
   <preparedness>
    finished
   </preparedness>
   <settingDesc>
    <time>
     XIX век
    </time>
   </settingDesc>
  </profileDesc>
  <xenoData>
   <cyclusName/>
   <p>
    Проект
    <title>
     Толстой.Digital
    </title>
    разрабатывается сотрудниками и студентами
    <orgName>
     Высшей школы экономики
    </orgName>
    в сотрудничестве с
    <orgName>
     Государственным музеем Л.Н. Толстого
    </orgName>
    . Источник текстов –
    <bibl>
     90-томное собрание сочинений Л.Н.Толстого
    </bibl>
    . Разметка основана на стандарте
    <ref target="http://www.tei-c.org">
     TEI (Text Encoding Initiative)
    </ref>
    .
   </p>
   <versionNumber/>
   <isFinished/>
   <isEdited/>
   <fullBibliographicDescription/>
  </xenoData>
 </teiHeader>
 <p rend="left emptyline">
  <pb n="372"/>
 </p>
 <div type="section" xml:id="ref166">
  <head rend="center">
   <hi rend="strong">
    ЛОШАДЬ И ХОЗЯЕВА.
   </hi>
  </head>
  <p rend="left" uuid="fb526bbc-4378-4b3f-8627-8ac6b90a40fe">
   У садовника была лошадь. Работы ей было много, а корму мало. И стала она молить Бога, чтобы ей перейти
   <choice>
    <reg>
     к
    </reg>
   </choice>
   другому хозяину.
   <choice>
    <reg>
     Так
    </reg>
   </choice>
   и
   <choice>
    <reg>
     сделалось
    </reg>
   </choice>
   .
   <choice>
    <reg>
     Садовник
    </reg>
   </choice>
   <choice>
    <reg>
     продал
    </reg>
   </choice>
   лошадь горшечнику. Лошадь была
  </p>
  <p rend="left emptyline" uuid="d758051b-049d-45b4-a1c4-26f50ea33e7b">
   <pb n="373"/>
  </p>
  <p rend="centerline" uuid="ddc21aff-d05b-4f67-97a4-32dcbb494f67">
   — 5 —
  </p>
  <p rend="notindent" uuid="d3d6f272-d122-4d92-8f09-adf444fff848">
   рада, но у горшечника ещё больше
   <choice>
    <reg>
     прежнего
    </reg>
   </choice>
   стало работы. И опять стала лошадь на судьбу свою жаловаться и молиться, чтобы перейти ей
   <choice>
    <reg>
     к
    </reg>
   </choice>
   лучшему хозяину. И то исполнилось.
   <choice>
    <reg>
     Горшечник
    </reg>
   </choice>
   <choice>
    <reg>
     продал
    </reg>
   </choice>
   лошадь кожевнику.
   <choice>
    <reg>
     Вот
    </reg>
   </choice>
   <choice>
    <reg>
     как
    </reg>
   </choice>
   увидала лошадь на
   <choice>
    <reg>
     кожевенном
    </reg>
   </choice>
   <choice>
    <reg>
     дворе
    </reg>
   </choice>
   <choice>
    <reg>
     кониные
    </reg>
   </choice>
   шкуры, она и завыла: «
   <choice>
    <reg>
     ох
    </reg>
   </choice>
   горе
   <choice>
    <reg>
     мне
    </reg>
   </choice>
   <choice>
    <reg>
     бедной
    </reg>
   </choice>
   !
   <choice>
    <reg>
     лучшеб
    </reg>
   </choice>
   у
   <choice>
    <reg>
     прежних
    </reg>
   </choice>
   <choice>
    <reg>
     хозяев
    </reg>
   </choice>
   оставаться: теперь
   <choice>
    <reg>
     уж
    </reg>
   </choice>
   , видно, не на работу продали меня, а на шкуру».
  </p>
 </div>
</TEI>