<?xml version="1.0" encoding="utf-8"?>
<TEI xmlns="http://www.tei-c.org/ns/1.0" xmlns:xi="http://www.w3.org/2001/XInclude">
 <teiHeader>
  <fileDesc>
   <titleStmt>
    <title>
     Азбука. Книга I
    </title>
    <author>
     Толстой Л.Н.
    </author>
    <respStmt>
     <resp>
      подготовка TEI/XML
     </resp>
     <name>
      Мария Картышева, Евгений Можаев, Даниил Скоринкин, Елена Сидорова, Вероника Файнберг, Кирилл Милинцевич
     </name>
    </respStmt>
    <respStmt>
     <name>
      Анастасия Бонч-Осмоловская, Фёкла Толстая, Борис Орехов
     </name>
     <resp>
      Идея, постановка задач, руководство
     </resp>
    </respStmt>
   </titleStmt>
   <publicationStmt>
    <idno>
     Азбука  | Книга I
    </idno>
    <publisher>
     <orgName>
      Школа лингвистики НИУ ВШЭ
     </orgName>
    </publisher>
    <availability>
     <p>
      Тексты и метатекстовая разметка доступны для свободного использования и распространения по лицензии Creative Commons Attribution Share-Alike (cc by-sa)
     </p>
    </availability>
   </publicationStmt>
   <sourceDesc>
    <biblStruct>
     <analytic>
      <author>
       Толстой Л.Н.
      </author>
      <title level="a">
       Азбука. Книга I
      </title>
     </analytic>
     <monogr>
      <title level="m">
       Полное собрание сочинений. Том 22
      </title>
      <imprint>
       <pubPlace>
        Москва
       </pubPlace>
       <publisher>
        Государственное издательство "Художественная литература"
       </publisher>
       <date when="1871-1872"/>
      </imprint>
     </monogr>
     <series>
      <title level="s">
       Л.Н. Толстой. Полное собрание сочинений
      </title>
      <biblScope unit="vol">
       22
      </biblScope>
     </series>
    </biblStruct>
   </sourceDesc>
  </fileDesc>
  <encodingDesc>
   <classDecl>
    <xi:include href="taxonomy.xml"/>
   </classDecl>
  </encodingDesc>
  <profileDesc>
   <creation>
    <date notAfter="1872" notBefore="1871">
     1871-1872
    </date>
    <rs/>
   </creation>
   <textClass>
    <catRef target="#fiction" type="sphere"/>
    <catRef target="#произведения для детей" type="type"/>
    <catRef target="#works" type="works_letters_diaries"/>
    <catRef target="#азбука" type="ninetyDef"/>
    <catRef target="#Основное" type="main_var"/>
    <catRef target="#азбука" type="type_short"/>
    <catRef target="None" type="translation"/>
    <catRef target="None" type="translation_origin"/>
    <catRef target="#да" type="tolstoy_or_not"/>
    <catRef target="None" type="name_status"/>
   </textClass>
   <preparedness>
    finished
   </preparedness>
   <settingDesc>
    <time>
     XIX век
    </time>
   </settingDesc>
  </profileDesc>
  <xenoData>
   <cyclusName/>
   <p>
    Проект
    <title>
     Толстой.Digital
    </title>
    разрабатывается сотрудниками и студентами
    <orgName>
     Высшей школы экономики
    </orgName>
    в сотрудничестве с
    <orgName>
     Государственным музеем Л.Н. Толстого
    </orgName>
    . Источник текстов –
    <bibl>
     90-томное собрание сочинений Л.Н.Толстого
    </bibl>
    . Разметка основана на стандарте
    <ref target="http://www.tei-c.org">
     TEI (Text Encoding Initiative)
    </ref>
    .
   </p>
   <versionNumber/>
   <isFinished/>
   <isEdited/>
   <fullBibliographicDescription/>
  </xenoData>
 </teiHeader>
 <p rend="left emptyline">
  <pb n="577"/>
 </p>
 <div type="section" xml:id="ref251">
  <head rend="center">
   <hi rend="strong">
    <choice>
     <reg>
      ПРЫЖОК
     </reg>
    </choice>
    .
   </hi>
  </head>
  <p rend="left" uuid="19d17ff8-0953-405a-8e64-5cff6bba68ce">
   <choice>
    <reg>
     Один
    </reg>
   </choice>
   корабль
   <choice>
    <reg>
     обошел
    </reg>
   </choice>
   во
   <choice>
    <reg>
     круг
    </reg>
   </choice>
   <choice>
    <reg>
     света
    </reg>
   </choice>
   и возвращался домой. Была тихая погода, весь
   <choice>
    <reg>
     народ
    </reg>
   </choice>
   <choice>
    <reg>
     был
    </reg>
   </choice>
   на
   <choice>
    <reg>
     палубе
    </reg>
   </choice>
   . Посреди народа
   <choice>
    <reg>
     вертелась
    </reg>
   </choice>
   большая обезьяна и забавляла
   <choice>
    <reg>
     всех
    </reg>
   </choice>
   . Обезьяна эта корчилась, прыгала,
   <choice>
    <reg>
     делала
    </reg>
   </choice>
   <choice>
    <reg>
     смешные
    </reg>
   </choice>
   рожи, передразнивала людей, и видно было — она знала, что ею забавляются, и оттого еще больше расходилась.
  </p>
  <p rend="left" uuid="f6f0e180-799c-4b59-9e7b-ee484a3b2c1d">
   Она подпрыгнула
   <choice>
    <reg>
     к
    </reg>
   </choice>
   <choice>
    <reg>
     12-ти-летнему
    </reg>
   </choice>
   мальчику, сыну капитана корабля, сорвала
   <choice>
    <reg>
     с
    </reg>
   </choice>
   его головы шляпу,
   <choice>
    <reg>
     надела
    </reg>
   </choice>
   и живо взобралась на мачту.
   <choice>
    <reg>
     Все
    </reg>
   </choice>
   <choice>
    <reg>
     засмеялись
    </reg>
   </choice>
   , а
   <choice>
    <reg>
     мальчик
    </reg>
   </choice>
   остался
   <choice>
    <reg>
     без
    </reg>
   </choice>
   шляпы и
   <choice>
    <reg>
     сам
    </reg>
   </choice>
   не
   <choice>
    <reg>
     знал
    </reg>
   </choice>
   ,
   <choice>
    <reg>
     смеяться
    </reg>
   </choice>
   ли ему, или сердиться.
  </p>
  <p rend="left" uuid="d1451dd3-0ca9-49d0-bc24-56652ad1a9dc">
   Обезьяна
   <choice>
    <reg>
     села
    </reg>
   </choice>
   на первой
   <choice>
    <reg>
     перекладине
    </reg>
   </choice>
   мачты, сняла шляпу и стала зубами и лапами рвать её. Она
   <choice>
    <reg>
     как
    </reg>
   </choice>
   будто дразнила мальчика, показывала на него и
   <choice>
    <reg>
     делала
    </reg>
   </choice>
   ему рожи.
   <choice>
    <reg>
     Мальчик
    </reg>
   </choice>
   <choice>
    <reg>
     погрозил
    </reg>
   </choice>
   ей и
   <choice>
    <reg>
     крикнул
    </reg>
   </choice>
   на неё, но она еще
   <choice>
    <reg>
     злее
    </reg>
   </choice>
   рвала шляпу. Матросы громче стали
   <choice>
    <reg>
     смеяться
    </reg>
   </choice>
   , а
   <choice>
    <reg>
     мальчик
    </reg>
   </choice>
   <choice>
    <reg>
     покраснел
    </reg>
   </choice>
   ,
   <choice>
    <reg>
     скинул
    </reg>
   </choice>
   куртку и бросился за обезьяной на мачту.
   <choice>
    <reg>
     В
    </reg>
   </choice>
   одну минуту
   <choice>
    <reg>
     он
    </reg>
   </choice>
   взобрался по
   <choice>
    <reg>
     веревке
    </reg>
   </choice>
   на первую перекладину; но обезьяна еще
   <choice>
    <reg>
     ловчее
    </reg>
   </choice>
   и
   <choice>
    <reg>
     быстрее
    </reg>
   </choice>
   его,
   <choice>
    <reg>
     в
    </reg>
   </choice>
   ту самую минуту,
   <choice>
    <reg>
     как
    </reg>
   </choice>
   <choice>
    <reg>
     он
    </reg>
   </choice>
   <choice>
    <reg>
     думал
    </reg>
   </choice>
   схватить шляпу, взобралась еще выше.
  </p>
  <p rend="left emptyline" uuid="d2cb06e8-ce36-42bd-8d5d-93803e963f00">
   <pb n="578"/>
  </p>
  <p rend="centerline" uuid="ad1dab1e-333e-4c22-95af-5804e2015065">
   — 18 —
  </p>
  <p rend="left" uuid="eaf3fded-6d4b-4270-a33c-6afc5456ce0c">
   —
   <choice>
    <reg>
     Так
    </reg>
    <orig>
     Такъ
    </orig>
   </choice>
   не уйдешь же ты
   <choice>
    <reg>
     от
    </reg>
    <orig>
     отъ
    </orig>
   </choice>
   меня! —
   <choice>
    <reg>
     закричал
    </reg>
    <orig>
     закричалъ
    </orig>
   </choice>
   <choice>
    <reg>
     мальчик
    </reg>
    <orig>
     мальчикъ
    </orig>
   </choice>
   и
   <choice>
    <reg>
     полез
    </reg>
    <orig>
     полѣзъ
    </orig>
   </choice>
   выше. Обезьяна опять подманила его и
   <choice>
    <reg>
     полезла
    </reg>
    <orig>
     полѣзла
    </orig>
   </choice>
   еще выше, но мальчика уже
   <choice>
    <reg>
     разобрал
    </reg>
    <orig>
     разобралъ
    </orig>
   </choice>
   <choice>
    <reg>
     задор
    </reg>
    <orig>
     задоръ
    </orig>
   </choice>
   и
   <choice>
    <reg>
     он
    </reg>
    <orig>
     онъ
    </orig>
   </choice>
   не
   <choice>
    <reg>
     отставал
    </reg>
    <orig>
     отставалъ
    </orig>
   </choice>
   .
   <choice>
    <reg>
     Так
    </reg>
    <orig>
     Такъ
    </orig>
   </choice>
   обезьяна и
   <choice>
    <reg>
     мальчик
    </reg>
    <orig>
     мальчикъ
    </orig>
   </choice>
   <choice>
    <reg>
     в
    </reg>
    <orig>
     въ
    </orig>
   </choice>
   одну минуту добрались до
   <choice>
    <reg>
     самого
    </reg>
    <orig>
     самаго
    </orig>
   </choice>
   верха. На
   <choice>
    <reg>
     самом
    </reg>
    <orig>
     самомъ
    </orig>
   </choice>
   верху обезьяна вытянулась во всю длину и,
   <choice>
    <reg>
     зацепившись
    </reg>
    <orig>
     зацѣпившись
    </orig>
   </choice>
   задней рукой
   <note n="n10">
    <div type="section footnote" xml:id="n10">
     <head>
      <ref target="#backn10">
       10
      </ref>
     </head>
     <p rend="left" uuid="34874187-bc83-4a97-acb0-3be5e1135930">
      У
      <choice>
       <reg>
        обезьян
       </reg>
      </choice>
      4 руки.
     </p>
    </div>
   </note>
   за веревку,
   <choice>
    <reg>
     повесила
    </reg>
    <orig>
     повѣсила
    </orig>
   </choice>
   шляпу на край
   <choice>
    <reg>
     последней
    </reg>
    <orig>
     послѣдней
    </orig>
   </choice>
   перекладины, а сама взобралась на макушку мачты и оттуда корчилась, показывала зубы и радовалась.
   <choice>
    <reg>
     От
    </reg>
    <orig>
     Отъ
    </orig>
   </choice>
   мачты до конца перекладины,
   <choice>
    <reg>
     где
    </reg>
    <orig>
     гдѣ
    </orig>
   </choice>
   <choice>
    <reg>
     висела
    </reg>
    <orig>
     висѣла
    </orig>
   </choice>
   шляпа, было аршина два,
   <choice>
    <reg>
     так
    </reg>
    <orig>
     такъ
    </orig>
   </choice>
   что достать её нельзя было иначе,
   <choice>
    <reg>
     как
    </reg>
    <orig>
     какъ
    </orig>
   </choice>
   выпустить
   <choice>
    <reg>
     из
    </reg>
    <orig>
     изъ
    </orig>
   </choice>
   <choice>
    <reg>
     рук
    </reg>
    <orig>
     рукъ
    </orig>
   </choice>
   веревку и мачту.
  </p>
  <p rend="left" uuid="556a9d84-dcf9-4903-8e63-048c9803e17e">
   На
   <choice>
    <reg>
     мальчик
    </reg>
   </choice>
   очень раззодорился.
   <choice>
    <reg>
     Он
    </reg>
   </choice>
   <choice>
    <reg>
     бросил
    </reg>
   </choice>
   мачту и
   <choice>
    <reg>
     ступил
    </reg>
   </choice>
   на перекладину. На
   <choice>
    <reg>
     палубе
    </reg>
   </choice>
   <choice>
    <reg>
     все
    </reg>
   </choice>
   <choice>
    <reg>
     смотрели
    </reg>
   </choice>
   и
   <choice>
    <reg>
     смеялись
    </reg>
   </choice>
   тому, что
   <choice>
    <reg>
     выделывали
    </reg>
   </choice>
   обезьяна и
   <choice>
    <reg>
     капитанский
    </reg>
   </choice>
   <choice>
    <reg>
     сын
    </reg>
   </choice>
   ; но
   <choice>
    <reg>
     как
    </reg>
   </choice>
   увидали, что
   <choice>
    <reg>
     он
    </reg>
   </choice>
   <choice>
    <reg>
     пустил
    </reg>
   </choice>
   веревку и
   <choice>
    <reg>
     ступил
    </reg>
   </choice>
   на перекладину покачивая руками, —
   <choice>
    <reg>
     все
    </reg>
   </choice>
   замерли
   <choice>
    <reg>
     от
    </reg>
   </choice>
   страха.
  </p>
  <p rend="left" uuid="1d18ff73-bcb7-4cda-9cfe-2f0d91e02a96">
   Стоило ему только оступиться — и
   <choice>
    <reg>
     он
    </reg>
   </choice>
   бы
   <choice>
    <reg>
     в
    </reg>
   </choice>
   дребезги разбился
   <choice>
    <reg>
     об
    </reg>
   </choice>
   палубу. Да
   <choice>
    <reg>
     еслиб
    </reg>
   </choice>
   даже
   <choice>
    <reg>
     он
    </reg>
   </choice>
   и не оступился, а
   <choice>
    <reg>
     дошел
    </reg>
   </choice>
   до края перекладины и
   <choice>
    <reg>
     взял
    </reg>
   </choice>
   шляпу, то трудно было ему повернуться и дойти
   <choice>
    <reg>
     назад
    </reg>
   </choice>
   до мачты.
   <choice>
    <reg>
     Все
    </reg>
   </choice>
   молча
   <choice>
    <reg>
     смотрели
    </reg>
   </choice>
   на него и ждали, чтó
   <choice>
    <reg>
     будет
    </reg>
   </choice>
   .
  </p>
  <p rend="left" uuid="70d11ead-ebc9-4b8d-8e4f-9792eb734c8a">
   <choice>
    <reg>
     Вдруг
    </reg>
   </choice>
   <choice>
    <reg>
     в
    </reg>
   </choice>
   <choice>
    <reg>
     народе
    </reg>
   </choice>
   кто-то
   <choice>
    <reg>
     ахнул
    </reg>
   </choice>
   <choice>
    <reg>
     от
    </reg>
   </choice>
   страха.
   <choice>
    <reg>
     Мальчик
    </reg>
   </choice>
   <choice>
    <reg>
     от
    </reg>
   </choice>
   этого крика опомнился,
   <choice>
    <reg>
     глянул
    </reg>
   </choice>
   <choice>
    <reg>
     вниз
    </reg>
   </choice>
   и зашатался.
  </p>
  <p rend="left" uuid="6a8b7d4a-ef89-4106-b5da-3fcb318fd1af">
   <choice>
    <reg>
     В
    </reg>
    <orig>
     Въ
    </orig>
   </choice>
   это время
   <choice>
    <reg>
     капитан
    </reg>
    <orig>
     капитанъ
    </orig>
   </choice>
   корабля,
   <choice>
    <reg>
     отец
    </reg>
    <orig>
     отецъ
    </orig>
   </choice>
   мальчика,
   <choice>
    <reg>
     вышел
    </reg>
    <orig>
     вышелъ
    </orig>
   </choice>
   <choice>
    <reg>
     из
    </reg>
    <orig>
     изъ
    </orig>
   </choice>
   каюты.
   <choice>
    <reg>
     Он
    </reg>
    <orig>
     Онъ
    </orig>
   </choice>
   <choice>
    <reg>
     нес
    </reg>
    <orig>
     несъ
    </orig>
   </choice>
   ружье, чтобы
   <choice>
    <reg>
     стрелять
    </reg>
    <orig>
     стрѣлять
    </orig>
   </choice>
   <choice>
    <reg>
     чаек
    </reg>
    <orig>
     чаекъ
    </orig>
   </choice>
   <note n="n11">
    <div type="section footnote" xml:id="n11">
     <head>
      <ref target="#backn11">
       11
      </ref>
     </head>
     <p rend="left" uuid="f8cdcb1c-37a7-46d0-8eda-00a070f874f1">
      <choice>
       <reg>
        Морские
       </reg>
      </choice>
      птицы.
     </p>
    </div>
   </note>
   <choice>
    <reg>
     Он
    </reg>
    <orig>
     Онъ
    </orig>
   </choice>
   <choice>
    <reg>
     увидал
    </reg>
    <orig>
     увидалъ
    </orig>
   </choice>
   сына на
   <choice>
    <reg>
     мачте
    </reg>
    <orig>
     мачтѣ
    </orig>
   </choice>
   , и
   <choice>
    <reg>
     тотчас
    </reg>
    <orig>
     тотчасъ
    </orig>
   </choice>
   же
  </p>
  <p rend="left emptyline" uuid="8c2470ad-474d-435f-95c8-3a02218eb217">
   <pb n="579"/>
  </p>
  <p rend="centerline" uuid="1620421c-f064-497e-a439-96953f27d029">
   — 19 —
  </p>
  <p rend="notindent" uuid="9f788ef7-3478-4c41-b66c-2efc1b68c4ae">
   <choice>
    <reg>
     прицелился
    </reg>
   </choice>
   <choice>
    <reg>
     в
    </reg>
   </choice>
   сына и
   <choice>
    <reg>
     закричал
    </reg>
   </choice>
   : «
   <choice>
    <reg>
     В
    </reg>
   </choice>
   воду! прыгай
   <choice>
    <reg>
     сейчас
    </reg>
   </choice>
   <choice>
    <reg>
     в
    </reg>
   </choice>
   воду!
   <choice>
    <reg>
     Застрелю
    </reg>
   </choice>
   !»
   <choice>
    <reg>
     Мальчик
    </reg>
   </choice>
   шатался, но не
   <choice>
    <reg>
     понимал
    </reg>
   </choice>
   . «Прыгай, или
   <choice>
    <reg>
     застрелю
    </reg>
   </choice>
   !..
   <choice>
    <reg>
     Раз
    </reg>
   </choice>
   , два»... и
   <choice>
    <reg>
     как
    </reg>
   </choice>
   только
   <choice>
    <reg>
     отец
    </reg>
   </choice>
   <choice>
    <reg>
     крикнул
    </reg>
   </choice>
   : «три!»
   <choice>
    <reg>
     —мальчик
    </reg>
   </choice>
   размахнулся головой
   <choice>
    <reg>
     вниз
    </reg>
   </choice>
   и
   <choice>
    <reg>
     прыгнул
    </reg>
   </choice>
   .
  </p>
  <p rend="left" uuid="e0aa4cc8-9807-4694-b15e-a3f0946cb81a">
   Точно пушечное ядро шлепнуло тѣло мальчика въ море, и не успѣли волны закрыть его, какъ уже 20 молодцовъ матросовъ спрыгнули съ корабля въ море. Секундъ черезъ 40 — онѣ долги показались всѣмъ — вынурнуло тѣло мальчика. Его схватили и вытащили на корабль. Черезъ нѣсколько минутъ у него изо рта и изъ носа полилась вода, и онъ сталъ дышать.
  </p>
  <p rend="left" uuid="e820de29-a8bc-4383-b0d3-9a88976cbbf0">
   Когда
   <choice>
    <reg>
     капитан
    </reg>
   </choice>
   <choice>
    <reg>
     увидал
    </reg>
   </choice>
   это,
   <choice>
    <reg>
     он
    </reg>
   </choice>
   <choice>
    <reg>
     вдруг
    </reg>
   </choice>
   <choice>
    <reg>
     закричал
    </reg>
   </choice>
   ,
   <choice>
    <reg>
     как
    </reg>
   </choice>
   будто его что-то душило, и
   <choice>
    <reg>
     убежал
    </reg>
   </choice>
   <choice>
    <reg>
     к
    </reg>
   </choice>
   <choice>
    <reg>
     себе
    </reg>
   </choice>
   <choice>
    <reg>
     в
    </reg>
   </choice>
   каюту,
   <choice>
    <reg>
     чтоб
    </reg>
   </choice>
   никто не
   <choice>
    <reg>
     видал
    </reg>
   </choice>
   ,
   <choice>
    <reg>
     как
    </reg>
   </choice>
   <choice>
    <reg>
     он
    </reg>
   </choice>
   <choice>
    <reg>
     плачет
    </reg>
   </choice>
   .
  </p>
 </div>
</TEI>