<?xml version="1.0" encoding="utf-8"?>
<TEI xmlns="http://www.tei-c.org/ns/1.0" xmlns:xi="http://www.w3.org/2001/XInclude">
 <teiHeader>
  <fileDesc>
   <titleStmt>
    <title>
     Азбука. Книга I
    </title>
    <author>
     Толстой Л.Н.
    </author>
    <respStmt>
     <resp>
      подготовка TEI/XML
     </resp>
     <name>
      Мария Картышева, Евгений Можаев, Даниил Скоринкин, Елена Сидорова, Вероника Файнберг, Кирилл Милинцевич
     </name>
    </respStmt>
    <respStmt>
     <name>
      Анастасия Бонч-Осмоловская, Фёкла Толстая, Борис Орехов
     </name>
     <resp>
      Идея, постановка задач, руководство
     </resp>
    </respStmt>
   </titleStmt>
   <publicationStmt>
    <idno>
     Азбука  | Книга I
    </idno>
    <publisher>
     <orgName>
      Школа лингвистики НИУ ВШЭ
     </orgName>
    </publisher>
    <availability>
     <p>
      Тексты и метатекстовая разметка доступны для свободного использования и распространения по лицензии Creative Commons Attribution Share-Alike (cc by-sa)
     </p>
    </availability>
   </publicationStmt>
   <sourceDesc>
    <biblStruct>
     <analytic>
      <author>
       Толстой Л.Н.
      </author>
      <title level="a">
       Азбука. Книга I
      </title>
     </analytic>
     <monogr>
      <title level="m">
       Полное собрание сочинений. Том 22
      </title>
      <imprint>
       <pubPlace>
        Москва
       </pubPlace>
       <publisher>
        Государственное издательство "Художественная литература"
       </publisher>
       <date when="1871-1872"/>
      </imprint>
     </monogr>
     <series>
      <title level="s">
       Л.Н. Толстой. Полное собрание сочинений
      </title>
      <biblScope unit="vol">
       22
      </biblScope>
     </series>
    </biblStruct>
   </sourceDesc>
  </fileDesc>
  <encodingDesc>
   <classDecl>
    <xi:include href="taxonomy.xml"/>
   </classDecl>
  </encodingDesc>
  <profileDesc>
   <creation>
    <date notAfter="1872" notBefore="1871">
     1871-1872
    </date>
    <rs/>
   </creation>
   <textClass>
    <catRef target="#fiction" type="sphere"/>
    <catRef target="#произведения для детей" type="type"/>
    <catRef target="#works" type="works_letters_diaries"/>
    <catRef target="#азбука" type="ninetyDef"/>
    <catRef target="#Основное" type="main_var"/>
    <catRef target="#азбука" type="type_short"/>
    <catRef target="None" type="translation"/>
    <catRef target="None" type="translation_origin"/>
    <catRef target="#да" type="tolstoy_or_not"/>
    <catRef target="None" type="name_status"/>
   </textClass>
   <preparedness>
    finished
   </preparedness>
   <settingDesc>
    <time>
     XIX век
    </time>
   </settingDesc>
  </profileDesc>
  <xenoData>
   <cyclusName/>
   <p>
    Проект
    <title>
     Толстой.Digital
    </title>
    разрабатывается сотрудниками и студентами
    <orgName>
     Высшей школы экономики
    </orgName>
    в сотрудничестве с
    <orgName>
     Государственным музеем Л.Н. Толстого
    </orgName>
    . Источник текстов –
    <bibl>
     90-томное собрание сочинений Л.Н.Толстого
    </bibl>
    . Разметка основана на стандарте
    <ref target="http://www.tei-c.org">
     TEI (Text Encoding Initiative)
    </ref>
    .
   </p>
   <versionNumber/>
   <isFinished/>
   <isEdited/>
   <fullBibliographicDescription/>
  </xenoData>
 </teiHeader>
 <p rend="left emptyline">
  <pb n="104"/>
 </p>
 <div type="section" xml:id="ref48">
  <head rend="Azbuka left">
   <hi rend="strong">
    Эскимосы.
   </hi>
  </head>
  <p rend="Azbuka left" uuid="92a77d30-0fbc-4cc6-b25b-e3aa9bb3619e">
   <hi rend="big">
    На
   </hi>
   св
   <hi rend="big">
    ѣ
   </hi>
   <choice>
    <reg>
     те
    </reg>
   </choice>
   есть земля, гд
   <hi rend="big">
    ѣ
   </hi>
   только три м
   <hi rend="big">
    ѣ
   </hi>
   сяца
   <choice>
    <reg>
     бывает
    </reg>
   </choice>
   л
   <hi rend="big">
    ѣ
   </hi>
   то, а остальное время
   <choice>
    <reg>
     бывает
    </reg>
   </choice>
   зима. Зимой дни
   <choice>
    <reg>
     бывают
    </reg>
   </choice>
   <choice>
    <reg>
     такие
    </reg>
   </choice>
   <choice>
    <reg>
     короткие
    </reg>
   </choice>
   , что только
   <choice>
    <reg>
     взойдёт
    </reg>
   </choice>
   солнце,
   <choice>
    <reg>
     тотчас
    </reg>
   </choice>
   и
   <choice>
    <reg>
     сядет
    </reg>
   </choice>
   . А три м
   <hi rend="big">
    ѣ
   </hi>
   сяца,
   <hi rend="big">
    <choice>
     <reg>
      в
     </reg>
    </choice>
   </hi>
   самую середину зимы, солнце
   <choice>
    <reg>
     совсем
    </reg>
   </choice>
   не
   <choice>
    <reg>
     восходит
    </reg>
   </choice>
   , и
   <choice>
    <reg>
     все
    </reg>
   </choice>
   три м
   <hi rend="big">
    ѣ
   </hi>
   сяца темно.
   <hi rend="big">
    <choice>
     <reg>
      В
     </reg>
    </choice>
   </hi>
   этой
   <choice>
    <reg>
     земле
    </reg>
   </choice>
   <choice>
    <reg>
     живут
    </reg>
   </choice>
   люди;
   <choice>
    <reg>
     их
    </reg>
   </choice>
   <choice>
    <reg>
     называют
    </reg>
   </choice>
   Эскимосами. Люди эти
   <choice>
    <reg>
     говорят
    </reg>
   </choice>
   <choice>
    <reg>
     своим
    </reg>
   </choice>
   <choice>
    <reg>
     языком
    </reg>
   </choice>
   ,
   <choice>
    <reg>
     других
    </reg>
   </choice>
   <choice>
    <reg>
     языков
    </reg>
   </choice>
   не
   <choice>
    <reg>
     понимают
    </reg>
   </choice>
   и никуда
   <hi rend="big">
    <choice>
     <reg>
      из
     </reg>
    </choice>
   </hi>
   своей земли не
   <hi rend="big">
    ѣ
   </hi>
   <choice>
    <reg>
     здят
    </reg>
   </choice>
   .
   <choice>
    <reg>
     Ростом
    </reg>
   </choice>
   Эскимосы
   <choice>
    <reg>
     бывают
    </reg>
   </choice>
   невелики, но головы
   <hi rend="big">
    у
   </hi>
   <choice>
    <reg>
     них
    </reg>
   </choice>
   очень
   <choice>
    <reg>
     большия
    </reg>
   </choice>
   . Т
   <hi rend="big">
    ѣ
   </hi>
   ло у
   <choice>
    <reg>
     них
    </reg>
   </choice>
   не б
   <hi rend="big">
    ѣ
   </hi>
   лое, а бурое, волосы черны и жёстки. Носы
   <hi rend="big">
    у
   </hi>
   <choice>
    <reg>
     них
    </reg>
   </choice>
   <choice>
    <reg>
     тонкие
    </reg>
   </choice>
   , скулы
   <choice>
    <reg>
     широкия
    </reg>
   </choice>
   , глаза
   <choice>
    <reg>
     маленькия
    </reg>
   </choice>
   , Эскимосы
   <choice>
    <reg>
     живут
    </reg>
   </choice>
   <hi rend="big">
    <choice>
     <reg>
      в
     </reg>
    </choice>
   </hi>
   <choice>
    <reg>
     снеговых
    </reg>
   </choice>
   <choice>
    <reg>
     домах
    </reg>
   </choice>
   . Они
   <choice>
    <reg>
     строят
    </reg>
   </choice>
   <choice>
    <reg>
     их
    </reg>
   </choice>
   <choice>
    <reg>
     так
    </reg>
   </choice>
   :
   <choice>
    <reg>
     нарубят
    </reg>
   </choice>
   <hi rend="big">
    <choice>
     <reg>
      из
     </reg>
    </choice>
   </hi>
   сн
   <hi rend="big">
    ѣ
   </hi>
   гу кирпичей и
   <choice>
    <reg>
     сложат
    </reg>
   </choice>
   <hi rend="big">
    <choice>
     <reg>
      из
     </reg>
    </choice>
   </hi>
   <choice>
    <reg>
     них
    </reg>
   </choice>
   <choice>
    <reg>
     дом
    </reg>
   </choice>
   ,
   <choice>
    <reg>
     как
    </reg>
   </choice>
   печку. Вм
   <hi rend="big">
    ѣ
   </hi>
   сто
   <choice>
    <reg>
     стекол
    </reg>
   </choice>
   они
   <choice>
    <reg>
     вставляют
    </reg>
   </choice>
   <choice>
    <reg>
     в
    </reg>
   </choice>
   ст
   <hi rend="big">
    ѣ
   </hi>
   ны льдины, a
   <choice>
    <reg>
     вместо
    </reg>
   </choice>
   дверей они д
   <hi rend="big">
    ѣ
   </hi>
   <choice>
    <reg>
     лают
    </reg>
   </choice>
   длинную трубу
   <hi rend="big">
    <choice>
     <reg>
      под
     </reg>
    </choice>
   </hi>
   сн
   <hi rend="big">
    ѣ
   </hi>
   <choice>
    <reg>
     гом
    </reg>
   </choice>
   и
   <hi rend="big">
    <choice>
     <reg>
      через
     </reg>
    </choice>
   </hi>
   эту трубу
   <choice>
    <reg>
     влезают
    </reg>
   </choice>
  </p>
  <p rend="left emptyline" uuid="ddc0397d-ac90-4392-9bf0-983aa13e5852">
   <pb n="105"/>
  </p>
  <p rend="centerline" uuid="3407cbfb-ad4a-49b1-9bd3-1bc146bfd630">
   — 95 —
  </p>
  <p rend="Azbuka notindent" uuid="6f0fb96e-c47a-4595-a451-23453138395e">
   <hi rend="big">
    <choice>
     <reg>
      в
     </reg>
    </choice>
   </hi>
   свои дома. Когда
   <choice>
    <reg>
     приходит
    </reg>
   </choice>
   зима,
   <choice>
    <reg>
     их
    </reg>
   </choice>
   дома
   <choice>
    <reg>
     совсем
    </reg>
   </choice>
   <choice>
    <reg>
     заносит
    </reg>
   </choice>
   сн
   <hi rend="big">
    ѣ
   </hi>
   <choice>
    <reg>
     гом
    </reg>
   </choice>
   , и
   <hi rend="big">
    у
   </hi>
   <choice>
    <reg>
     них
    </reg>
   </choice>
   д
   <hi rend="big">
    ѣ
   </hi>
   лается тепло.
   <hi rend="big">
    Ѣ
   </hi>
   <choice>
    <reg>
     дят
    </reg>
   </choice>
   Эскимосы оленей,
   <choice>
    <reg>
     волков
    </reg>
   </choice>
   , б
   <hi rend="big">
    ѣ
   </hi>
   <choice>
    <reg>
     лых
    </reg>
   </choice>
   медв
   <hi rend="big">
    ѣ
   </hi>
   дей. Они
   <choice>
    <reg>
     ловят
    </reg>
   </choice>
   рыбу
   <hi rend="big">
    <choice>
     <reg>
      в
     </reg>
    </choice>
   </hi>
   <choice>
    <reg>
     море
    </reg>
   </choice>
   крючками
   <hi rend="big">
    на
   </hi>
   <choice>
    <reg>
     палках
    </reg>
   </choice>
   и с
   <hi rend="big">
    ѣ
   </hi>
   тями. Зв
   <hi rend="big">
    ѣ
   </hi>
   рей они
   <choice>
    <reg>
     убивают
    </reg>
   </choice>
   <hi rend="big">
    <choice>
     <reg>
      из
     </reg>
    </choice>
   </hi>
   <choice>
    <reg>
     луков
    </reg>
   </choice>
   <choice>
    <reg>
     стрелами
    </reg>
   </choice>
   и копьями. Эскимосы
   <choice>
    <reg>
     едят
    </reg>
   </choice>
   ,
   <choice>
    <reg>
     как
    </reg>
   </choice>
   зв
   <hi rend="big">
    ѣ
   </hi>
   ри, сырое мясо.
   <hi rend="big">
    У
   </hi>
   <choice>
    <reg>
     них
    </reg>
   </choice>
   н
   <hi rend="big">
    ѣ
   </hi>
   <choice>
    <reg>
     т
    </reg>
   </choice>
   льна и пеньки, чтобы
   <choice>
    <reg>
     делать
    </reg>
   </choice>
   рубахи и верёвки, н
   <hi rend="big">
    ѣ
   </hi>
   <choice>
    <reg>
     т
    </reg>
   </choice>
   и шерсти, чтобы д
   <hi rend="big">
    ѣ
   </hi>
   лать сукно; верёвки они д
   <hi rend="big">
    ѣ
   </hi>
   <choice>
    <reg>
     лают
    </reg>
   </choice>
   <hi rend="big">
    <choice>
     <reg>
      из
     </reg>
    </choice>
   </hi>
   <choice>
    <reg>
     жил
    </reg>
   </choice>
   <choice>
    <reg>
     зверей
    </reg>
   </choice>
   , а платье —
   <hi rend="big">
    <choice>
     <reg>
      из
     </reg>
    </choice>
   </hi>
   <choice>
    <reg>
     звериных
    </reg>
   </choice>
   <choice>
    <reg>
     кож
    </reg>
   </choice>
   .
  </p>
  <p rend="Azbuka left" uuid="36897887-32ff-46d5-b45f-b1b6575cc3ea">
   Они
   <choice>
    <reg>
     складывают
    </reg>
   </choice>
   <choice>
    <reg>
     две
    </reg>
   </choice>
   кожи шерстью наружу,
   <choice>
    <reg>
     протыкают
    </reg>
   </choice>
   рыбьими костями, и
   <choice>
    <reg>
     сшивают
    </reg>
   </choice>
   жилами. Такъже они д
   <hi rend="big">
    ѣ
   </hi>
   <choice>
    <reg>
     лают
    </reg>
   </choice>
   рубахи, штаны и сапоги. Жел
   <hi rend="big">
    ѣ
   </hi>
   за
   <hi rend="big">
    у
   </hi>
   <choice>
    <reg>
     них
    </reg>
   </choice>
   тоже н
   <hi rend="big">
    ѣ
   </hi>
   <choice>
    <reg>
     т
    </reg>
   </choice>
   . Они д
   <hi rend="big">
    ѣ
   </hi>
   <choice>
    <reg>
     лают
    </reg>
   </choice>
   копья и стр
   <hi rend="big">
    ѣ
   </hi>
   лы
   <hi rend="big">
    <choice>
     <reg>
      из
     </reg>
    </choice>
   </hi>
   костей. Больше всего они
   <choice>
    <reg>
     любят
    </reg>
   </choice>
   <hi rend="big">
    ѣ
   </hi>
   сть зв
   <hi rend="big">
    ѣ
   </hi>
   риный и
   <choice>
    <reg>
     рыбий
    </reg>
   </choice>
   <choice>
    <reg>
     жир
    </reg>
   </choice>
   . Женщины и мущины од
   <hi rend="big">
    ѣ
   </hi>
   ваются одинаково. У
   <choice>
    <reg>
     женщин
    </reg>
   </choice>
   только
   <choice>
    <reg>
     бывают
    </reg>
   </choice>
   очень широки сапоги.
   <hi rend="big">
    <choice>
     <reg>
      В
     </reg>
    </choice>
   </hi>
   эти широкія голенища сапоговъ онѣ кладутъ маленькихъ д
   <hi rend="big">
    ѣ
   </hi>
   тей и
   <choice>
    <reg>
     так
    </reg>
   </choice>
   <choice>
    <reg>
     носят
    </reg>
   </choice>
   <choice>
    <reg>
     их
    </reg>
   </choice>
   .
  </p>
  <p rend="left emptyline" uuid="8009c8a7-87de-4eda-b34b-6fc3f5879cb1">
   <pb n="106"/>
  </p>
  <p rend="centerline" uuid="1b216ad1-7f7f-4ccf-acd1-a7e28b62e170">
   — 96 —
  </p>
  <p rend="Azbuka left" uuid="0c68e890-c7e6-452a-83f8-2c9abb62b74a">
   <hi rend="big">
    <choice>
     <reg>
      В
     </reg>
    </choice>
   </hi>
   <choice>
    <reg>
     средине
    </reg>
   </choice>
   зимы
   <hi rend="big">
    у
   </hi>
   <choice>
    <reg>
     Эскимосов
    </reg>
   </choice>
   <choice>
    <reg>
     бывает
    </reg>
   </choice>
   три м
   <hi rend="big">
    ѣ
   </hi>
   сяца темно. A л
   <hi rend="big">
    ѣ
   </hi>
   <choice>
    <reg>
     том
    </reg>
   </choice>
   солнце
   <choice>
    <reg>
     совсем
    </reg>
   </choice>
   не садится, и ночей
   <choice>
    <reg>
     совсем
    </reg>
   </choice>
   не
   <choice>
    <reg>
     бывает
    </reg>
   </choice>
   .
  </p>
 </div>
</TEI>