<?xml version="1.0" encoding="utf-8"?>
<TEI xmlns="http://www.tei-c.org/ns/1.0" xmlns:xi="http://www.w3.org/2001/XInclude">
 <teiHeader>
  <fileDesc>
   <titleStmt>
    <title>
     Азбука. Книга I
    </title>
    <author>
     Толстой Л.Н.
    </author>
    <respStmt>
     <resp>
      подготовка TEI/XML
     </resp>
     <name>
      Мария Картышева, Евгений Можаев, Даниил Скоринкин, Елена Сидорова, Вероника Файнберг, Кирилл Милинцевич
     </name>
    </respStmt>
    <respStmt>
     <name>
      Анастасия Бонч-Осмоловская, Фёкла Толстая, Борис Орехов
     </name>
     <resp>
      Идея, постановка задач, руководство
     </resp>
    </respStmt>
   </titleStmt>
   <publicationStmt>
    <idno>
     Азбука  | Книга I
    </idno>
    <publisher>
     <orgName>
      Школа лингвистики НИУ ВШЭ
     </orgName>
    </publisher>
    <availability>
     <p>
      Тексты и метатекстовая разметка доступны для свободного использования и распространения по лицензии Creative Commons Attribution Share-Alike (cc by-sa)
     </p>
    </availability>
   </publicationStmt>
   <sourceDesc>
    <biblStruct>
     <analytic>
      <author>
       Толстой Л.Н.
      </author>
      <title level="a">
       Азбука. Книга I
      </title>
     </analytic>
     <monogr>
      <title level="m">
       Полное собрание сочинений. Том 22
      </title>
      <imprint>
       <pubPlace>
        Москва
       </pubPlace>
       <publisher>
        Государственное издательство "Художественная литература"
       </publisher>
       <date when="1871-1872"/>
      </imprint>
     </monogr>
     <series>
      <title level="s">
       Л.Н. Толстой. Полное собрание сочинений
      </title>
      <biblScope unit="vol">
       22
      </biblScope>
     </series>
    </biblStruct>
   </sourceDesc>
  </fileDesc>
  <encodingDesc>
   <classDecl>
    <xi:include href="taxonomy.xml"/>
   </classDecl>
  </encodingDesc>
  <profileDesc>
   <creation>
    <date notAfter="1872" notBefore="1871">
     1871-1872
    </date>
    <rs/>
   </creation>
   <textClass>
    <catRef target="#fiction" type="sphere"/>
    <catRef target="#произведения для детей" type="type"/>
    <catRef target="#works" type="works_letters_diaries"/>
    <catRef target="#азбука" type="ninetyDef"/>
    <catRef target="#Основное" type="main_var"/>
    <catRef target="#азбука" type="type_short"/>
    <catRef target="None" type="translation"/>
    <catRef target="None" type="translation_origin"/>
    <catRef target="#да" type="tolstoy_or_not"/>
    <catRef target="None" type="name_status"/>
   </textClass>
   <preparedness>
    finished
   </preparedness>
   <settingDesc>
    <time>
     XIX век
    </time>
   </settingDesc>
  </profileDesc>
  <xenoData>
   <cyclusName/>
   <p>
    Проект
    <title>
     Толстой.Digital
    </title>
    разрабатывается сотрудниками и студентами
    <orgName>
     Высшей школы экономики
    </orgName>
    в сотрудничестве с
    <orgName>
     Государственным музеем Л.Н. Толстого
    </orgName>
    . Источник текстов –
    <bibl>
     90-томное собрание сочинений Л.Н.Толстого
    </bibl>
    . Разметка основана на стандарте
    <ref target="http://www.tei-c.org">
     TEI (Text Encoding Initiative)
    </ref>
    .
   </p>
   <versionNumber/>
   <isFinished/>
   <isEdited/>
   <fullBibliographicDescription/>
  </xenoData>
 </teiHeader>
 <p rend="left emptyline">
  <pb n="392"/>
 </p>
 <div type="section" xml:id="ref184">
  <head rend="center">
   <hi rend="strong">
    СОЛДАТКИНО ЖИТЬЕ.
   </hi>
  </head>
  <p rend="left" uuid="398fdeff-ef4c-43b4-960d-6954cfb89fd5">
   Мы жили
   <choice>
    <reg>
     бедно
    </reg>
   </choice>
   на краю деревни. Была у меня мать, нянька (старшая сестра) и бабушка. Бабушка ходила
   <choice>
    <reg>
     в
    </reg>
   </choice>
   <choice>
    <reg>
     старом
    </reg>
   </choice>
   <choice>
    <reg>
     чупруне
    </reg>
   </choice>
   и худенькой
   <choice>
    <reg>
     панёве
    </reg>
   </choice>
   , а голову завязывала какой-то ветошкой, и
   <choice>
    <reg>
     под
    </reg>
   </choice>
   <choice>
    <reg>
     горлом
    </reg>
   </choice>
   у ней
   <choice>
    <reg>
     висел
    </reg>
   </choice>
   <choice>
    <reg>
     мешочек
    </reg>
   </choice>
   . Бабушка любила и
   <choice>
    <reg>
     жалела
    </reg>
   </choice>
   меня больше матери.
   <choice>
    <reg>
     Отец
    </reg>
   </choice>
   мой
   <choice>
    <reg>
     был
    </reg>
   </choice>
   <choice>
    <reg>
     в
    </reg>
   </choice>
   <choice>
    <reg>
     солдатах
    </reg>
   </choice>
   . Говорили про него, что
   <choice>
    <reg>
     он
    </reg>
   </choice>
   много
   <choice>
    <reg>
     пил
    </reg>
   </choice>
   и за то его отдали
   <choice>
    <reg>
     в
    </reg>
   </choice>
   солдаты. Я
   <choice>
    <reg>
     как
    </reg>
   </choice>
   сквозь
   <choice>
    <reg>
     сон
    </reg>
   </choice>
   помню —
   <choice>
    <reg>
     он
    </reg>
   </choice>
   <choice>
    <reg>
     приходил
    </reg>
   </choice>
   <choice>
    <reg>
     к
    </reg>
   </choice>
   <choice>
    <reg>
     нам
    </reg>
   </choice>
   на побывку. Изба наша была
   <choice>
    <reg>
     тесная
    </reg>
   </choice>
   и подпертая
   <choice>
    <reg>
     в
    </reg>
   </choice>
   <choice>
    <reg>
     середине
    </reg>
   </choice>
   рогулиной, и я помню,
   <choice>
    <reg>
     как
    </reg>
   </choice>
   я
   <choice>
    <reg>
     лазил
    </reg>
   </choice>
   на эту подпорку, оборвался и
   <choice>
    <reg>
     разбил
    </reg>
   </choice>
   <choice>
    <reg>
     себе
    </reg>
   </choice>
   <choice>
    <reg>
     лоб
    </reg>
   </choice>
   <choice>
    <reg>
     об
    </reg>
   </choice>
   лавку. И до
   <choice>
    <reg>
     сих
    </reg>
   </choice>
   <choice>
    <reg>
     пор
    </reg>
   </choice>
   <choice>
    <reg>
     метина
    </reg>
   </choice>
   эта осталась у меня на лбу.
  </p>
  <p rend="left" uuid="1c655f21-9cb9-4c12-8e29-aaba16edae4a">
   <choice>
    <reg>
     В
    </reg>
   </choice>
   <choice>
    <reg>
     избе
    </reg>
   </choice>
   были два
   <choice>
    <reg>
     маленькия
    </reg>
   </choice>
   окна и одно всегда было заткнуто ветошкой.
   <choice>
    <reg>
     Двор
    </reg>
   </choice>
   <choice>
    <reg>
     наш
    </reg>
   </choice>
   <choice>
    <reg>
     был
    </reg>
   </choice>
   <choice>
    <reg>
     тесный
    </reg>
   </choice>
   и раскрытый.
   <choice>
    <reg>
     В
    </reg>
   </choice>
   <choice>
    <reg>
     середине
    </reg>
   </choice>
   стояло старое корыто. На
   <choice>
    <reg>
     дворе
    </reg>
   </choice>
   была только одна старая, кособокая лошадёнка; коровы у
   <choice>
    <reg>
     нас
    </reg>
   </choice>
   не было, были
   <choice>
    <reg>
     две
    </reg>
   </choice>
   <choice>
    <reg>
     плохенькия
    </reg>
   </choice>
   овчёнки и
   <choice>
    <reg>
     один
    </reg>
   </choice>
   <choice>
    <reg>
     ягнёнок
    </reg>
   </choice>
   . Я всегда
   <choice>
    <reg>
     спал
    </reg>
   </choice>
   <choice>
    <reg>
     с
    </reg>
   </choice>
   <choice>
    <reg>
     этим
    </reg>
   </choice>
   <choice>
    <reg>
     ягнёнком
    </reg>
   </choice>
   .
   <choice>
    <reg>
     Ели
    </reg>
   </choice>
   мы
   <choice>
    <reg>
     хлеб
    </reg>
   </choice>
   <choice>
    <reg>
     с
    </reg>
   </choice>
   водою. Работать у
   <choice>
    <reg>
     нас
    </reg>
   </choice>
   было некому, мать моя всегда жаловалась
   <choice>
    <reg>
     от
    </reg>
   </choice>
   живота, а бабушка
   <choice>
    <reg>
     от
    </reg>
   </choice>
   головы и всегда была около печки. Работала только одна моя нянька, и то
   <choice>
    <reg>
     в
    </reg>
   </choice>
   свою долю, а не
   <choice>
    <reg>
     в
    </reg>
   </choice>
   семью, покупала
   <choice>
    <reg>
     себе
    </reg>
   </choice>
   наряды и собиралась
   <choice>
    <reg>
     замуж
    </reg>
   </choice>
   .
  </p>
  <p rend="left" uuid="5e9f6754-2c9c-4882-a800-89025568fc05">
   Помню я — мать стала
   <choice>
    <reg>
     больнее
    </reg>
   </choice>
   и
   <choice>
    <reg>
     потом
    </reg>
   </choice>
   родился у ней
   <choice>
    <reg>
     мальчик
    </reg>
   </choice>
   . Мамушку положили
   <choice>
    <reg>
     в
    </reg>
   </choice>
   <choice>
    <reg>
     сени
    </reg>
   </choice>
   . Бабушка заняла у
   <choice>
    <reg>
     соседа
    </reg>
   </choice>
   <choice>
    <reg>
     крупиц
    </reg>
   </choice>
   и послала дядю Нефеда за
   <choice>
    <reg>
     попом
    </reg>
   </choice>
   . А сестра пошла собирать
   <choice>
    <reg>
     народ
    </reg>
   </choice>
   на крестины.
  </p>
  <lb/>
  <p rend="left emptyline">
   <pb n="393"/>
  </p>
  <p rend="centerline" uuid="0257bd36-dd4e-4e1e-8e79-387e4baa6e0b">
   — 25 —
  </p>
  <p rend="left" uuid="3ecf374f-0073-44f5-9b72-97f8299dafd6">
   Собрался
   <choice>
    <reg>
     народ
    </reg>
   </choice>
   , принесли три ковриги
   <choice>
    <reg>
     хлеба
    </reg>
   </choice>
   . Родня стала
   <choice>
    <reg>
     расставлять
    </reg>
   </choice>
   столы и покрывать скатертями.
   <choice>
    <reg>
     Потом
    </reg>
   </choice>
   принесли скамейки и
   <choice>
    <reg>
     ушат
    </reg>
   </choice>
   <choice>
    <reg>
     с
    </reg>
   </choice>
   водой. И
   <choice>
    <reg>
     все
    </reg>
   </choice>
   <choice>
    <reg>
     сели
    </reg>
   </choice>
   по
   <choice>
    <reg>
     местам
    </reg>
   </choice>
   . Когда
   <choice>
    <reg>
     приехал
    </reg>
   </choice>
   <choice>
    <reg>
     священник
    </reg>
   </choice>
   ,
   <choice>
    <reg>
     кум
    </reg>
   </choice>
   <choice>
    <reg>
     с
    </reg>
   </choice>
   кумой стали впереди, а позади стала тетка Акулина
   <choice>
    <reg>
     с
    </reg>
   </choice>
   <choice>
    <reg>
     мальчиком
    </reg>
   </choice>
   . Стали молиться.
   <choice>
    <reg>
     Потом
    </reg>
   </choice>
   вынули мальчика и
   <choice>
    <reg>
     священник
    </reg>
   </choice>
   <choice>
    <reg>
     взял
    </reg>
   </choice>
   его и
   <choice>
    <reg>
     опустил
    </reg>
   </choice>
   <choice>
    <reg>
     в
    </reg>
   </choice>
   воду. Я испугался и
   <choice>
    <reg>
     закричал
    </reg>
   </choice>
   : «дай мальчика сюда!» Но бабушка
   <choice>
    <reg>
     рассердилась
    </reg>
   </choice>
   на меня и сказала: «молчи, а то побью»
  </p>
  <p rend="left" uuid="4d493a4b-2a15-499e-aaae-dd9ff373b6dd">
   <choice>
    <reg>
     Священник
    </reg>
   </choice>
   <choice>
    <reg>
     окунул
    </reg>
   </choice>
   его три раза и
   <choice>
    <reg>
     отдал
    </reg>
   </choice>
   <choice>
    <reg>
     тётке
    </reg>
   </choice>
   <choice>
    <reg>
     Акулине
    </reg>
   </choice>
   . Тётка завернула его
   <choice>
    <reg>
     в
    </reg>
   </choice>
   миткаль и отнесла
   <choice>
    <reg>
     к
    </reg>
   </choice>
   матери
   <choice>
    <reg>
     в
    </reg>
   </choice>
   <choice>
    <reg>
     сени
    </reg>
   </choice>
   .
  </p>
  <p rend="left" uuid="11218795-3129-48a6-a344-d49123718df3">
   <choice>
    <reg>
     Потом
    </reg>
   </choice>
   <choice>
    <reg>
     все
    </reg>
   </choice>
   <choice>
    <reg>
     сели
    </reg>
   </choice>
   за столы, бабушка наложила каши
   <choice>
    <reg>
     две
    </reg>
   </choice>
   чашки, налила постное масло и подала народу. Когда
   <choice>
    <reg>
     все
    </reg>
   </choice>
   <choice>
    <reg>
     наелись
    </reg>
   </choice>
   , —
   <choice>
    <reg>
     вылезли
    </reg>
   </choice>
   <choice>
    <reg>
     из
    </reg>
   </choice>
   за
   <choice>
    <reg>
     столов
    </reg>
   </choice>
   , поблагодарили бабушку и ушли.
  </p>
  <p rend="left" uuid="90a3c056-e0e1-4b45-a73d-761438f85fd6">
   Я
   <choice>
    <reg>
     пошёл
    </reg>
   </choice>
   <choice>
    <reg>
     к
    </reg>
   </choice>
   матери и говорю:
  </p>
  <p rend="left" uuid="ae550223-015e-42cb-965b-50d3bc9cc524">
   — «Ma,
   <choice>
    <reg>
     как
    </reg>
   </choice>
   его
   <choice>
    <reg>
     зовут
    </reg>
   </choice>
   ?» Мать
   <choice>
    <reg>
     говорит
    </reg>
   </choice>
   : «такъже,
   <choice>
    <reg>
     как
    </reg>
   </choice>
   тебя»
  </p>
  <p rend="left" uuid="c6707124-2365-4f38-aae1-574e468db955">
   <choice>
    <reg>
     Мальчик
    </reg>
   </choice>
   <choice>
    <reg>
     был
    </reg>
   </choice>
   худой; ножки, ручки у него были
   <choice>
    <reg>
     тоненькия
    </reg>
   </choice>
   , и
   <choice>
    <reg>
     он
    </reg>
   </choice>
   всё
   <choice>
    <reg>
     кричал
    </reg>
   </choice>
   . Когда ни проснёшься ночью,
   <choice>
    <reg>
     он
    </reg>
   </choice>
   всё
   <choice>
    <reg>
     кричит
    </reg>
   </choice>
   , а мамушка всё
   <choice>
    <reg>
     баюкает
    </reg>
   </choice>
   ,
   <choice>
    <reg>
     припевает
    </reg>
   </choice>
   . Сама
   <choice>
    <reg>
     кряхтит
    </reg>
   </choice>
   , а всё
   <choice>
    <reg>
     поёт
    </reg>
   </choice>
   .
  </p>
  <p rend="left" uuid="67ad264c-7018-4d4c-adfb-6bd6b2d009ec">
   <choice>
    <reg>
     Один
    </reg>
   </choice>
   <choice>
    <reg>
     раз
    </reg>
   </choice>
   ночью я проснулся и слышу — мать
   <choice>
    <reg>
     плачет
    </reg>
   </choice>
   . Бабушка встала и
   <choice>
    <reg>
     говорит
    </reg>
   </choice>
   : «чтó ты,
   <choice>
    <reg>
     Христос
    </reg>
   </choice>
   <choice>
    <reg>
     с
    </reg>
   </choice>
   тобой!» Мать
   <choice>
    <reg>
     говорит
    </reg>
   </choice>
   : «
   <choice>
    <reg>
     мальчик
    </reg>
   </choice>
   <choice>
    <reg>
     помер
    </reg>
   </choice>
   ». Бабушка зажгла огонь, обмыла мальчика,
   <choice>
    <reg>
     надела
    </reg>
   </choice>
   чистую рубашечку подпоясала и положила
   <choice>
    <reg>
     под
    </reg>
   </choice>
   святое. Когда
   <choice>
    <reg>
     рассвело
    </reg>
   </choice>
   , бабушка вышла
   <choice>
    <reg>
     из
    </reg>
   </choice>
   избы и привела дядю Нефеда. Дядя
   <choice>
    <reg>
     принес
    </reg>
   </choice>
   <choice>
    <reg>
     две
    </reg>
   </choice>
   <choice>
    <reg>
     старенькия
    </reg>
   </choice>
   тесинки и
   <choice>
    <reg>
     стал
    </reg>
   </choice>
  </p>
  <p rend="left emptyline" uuid="4d432787-ed7f-409c-ace3-91e59abc36a6">
   <pb n="394"/>
  </p>
  <p rend="centerline" uuid="9335e2e2-d5a9-4fff-b45c-88e9f5521354">
   — 26 —
  </p>
  <p rend="notindent" uuid="93f66964-9c3e-4c24-8d49-64d73c277ce6">
   <choice>
    <reg>
     делать
    </reg>
   </choice>
   <choice>
    <reg>
     гробик
    </reg>
   </choice>
   .
   <choice>
    <reg>
     Сделал
    </reg>
   </choice>
   маленькое домовище и
   <choice>
    <reg>
     положил
    </reg>
   </choice>
   мальчика туда.
   <choice>
    <reg>
     Потом
    </reg>
   </choice>
   мать
   <choice>
    <reg>
     села
    </reg>
   </choice>
   <choice>
    <reg>
     к
    </reg>
   </choice>
   гробику и
   <choice>
    <reg>
     тонким
    </reg>
   </choice>
   <choice>
    <reg>
     голосом
    </reg>
   </choice>
   стала причитать и завыла.
   <choice>
    <reg>
     Потом
    </reg>
   </choice>
   дядя
   <choice>
    <reg>
     Нефед
    </reg>
   </choice>
   <choice>
    <reg>
     взял
    </reg>
   </choice>
   <choice>
    <reg>
     гробик
    </reg>
   </choice>
   <choice>
    <reg>
     под
    </reg>
   </choice>
   мышку и
   <choice>
    <reg>
     понёс
    </reg>
   </choice>
   хоронить.
  </p>
  <p rend="left" uuid="e176cd4e-36f4-467b-80f4-ce8d0288285c">
   Только у
   <choice>
    <reg>
     нас
    </reg>
   </choice>
   и было радости,
   <choice>
    <reg>
     как
    </reg>
   </choice>
   мы няньку отдавали
   <choice>
    <reg>
     замуж
    </reg>
   </choice>
   .
   <choice>
    <reg>
     Приехали
    </reg>
   </choice>
   <choice>
    <reg>
     к
    </reg>
   </choice>
   <choice>
    <reg>
     нам
    </reg>
   </choice>
   <choice>
    <reg>
     раз
    </reg>
   </choice>
   мужики и принесли
   <choice>
    <reg>
     с
    </reg>
   </choice>
   собой ковригу
   <choice>
    <reg>
     хлеба
    </reg>
   </choice>
   и вина. И стали подносить своё вино матери. Мать выпила. Дядя
   <choice>
    <reg>
     Иван
    </reg>
   </choice>
   <choice>
    <reg>
     отрезал
    </reg>
   </choice>
   ломоть
   <choice>
    <reg>
     хлеба
    </reg>
   </choice>
   и
   <choice>
    <reg>
     подал
    </reg>
   </choice>
   ей. Я
   <choice>
    <reg>
     стоял
    </reg>
   </choice>
   <choice>
    <reg>
     подле
    </reg>
   </choice>
   стола и
   <choice>
    <reg>
     мне
    </reg>
   </choice>
   <choice>
    <reg>
     захотелось
    </reg>
   </choice>
   <choice>
    <reg>
     хлебушка
    </reg>
   </choice>
   . Я
   <choice>
    <reg>
     нагнул
    </reg>
   </choice>
   мать и
   <choice>
    <reg>
     сказал
    </reg>
   </choice>
   ей на ухо. Мать
   <choice>
    <reg>
     засмеялась
    </reg>
   </choice>
   , а дядя
   <choice>
    <reg>
     Иван
    </reg>
   </choice>
   <choice>
    <reg>
     говорит
    </reg>
   </choice>
   : «что
   <choice>
    <reg>
     он
    </reg>
   </choice>
   ?
   <choice>
    <reg>
     хлебца
    </reg>
   </choice>
   ?» и
   <choice>
    <reg>
     отрезал
    </reg>
   </choice>
   <choice>
    <reg>
     мне
    </reg>
   </choice>
   большой ломоть. Я
   <choice>
    <reg>
     взял
    </reg>
   </choice>
   <choice>
    <reg>
     хлеб
    </reg>
   </choice>
   и
   <choice>
    <reg>
     ушёл
    </reg>
   </choice>
   <choice>
    <reg>
     в
    </reg>
   </choice>
   <choice>
    <reg>
     чулан
    </reg>
   </choice>
   . А нянька
   <choice>
    <reg>
     сидела
    </reg>
   </choice>
   <choice>
    <reg>
     в
    </reg>
   </choice>
   <choice>
    <reg>
     чулане
    </reg>
   </choice>
   . Она стала меня спрашивать: «чтó
   <choice>
    <reg>
     там
    </reg>
   </choice>
   мужики
   <choice>
    <reg>
     говорят
    </reg>
   </choice>
   ?» Я
   <choice>
    <reg>
     сказал
    </reg>
   </choice>
   : «вино
   <choice>
    <reg>
     пьют
    </reg>
   </choice>
   ». Она
   <choice>
    <reg>
     засмеялась
    </reg>
   </choice>
   и
   <choice>
    <reg>
     говорит
    </reg>
   </choice>
   : «это они меня
   <choice>
    <reg>
     сватают
    </reg>
   </choice>
   за Кондрашку».
  </p>
  <p rend="left" uuid="d414c07d-ec59-410b-990a-65aaff2625c0">
   <choice>
    <reg>
     Потом
    </reg>
   </choice>
   собрались играть свадьбу.
   <choice>
    <reg>
     Все
    </reg>
   </choice>
   встали рано. Бабушка топила печку, мать
   <choice>
    <reg>
     месила
    </reg>
   </choice>
   пироги, а тётка Акулина мыла говядину.
  </p>
  <p rend="left" uuid="cbffa3c0-2daf-4e8c-8dd6-693fed95ae86">
   Нянька нарядилась
   <choice>
    <reg>
     в
    </reg>
   </choice>
   новые коты,
   <choice>
    <reg>
     надела
    </reg>
   </choice>
   <choice>
    <reg>
     сарафан
    </reg>
   </choice>
   красный и
   <choice>
    <reg>
     платок
    </reg>
   </choice>
   <choice>
    <reg>
     хороший
    </reg>
   </choice>
   и ничего не
   <choice>
    <reg>
     делала
    </reg>
   </choice>
   .
   <choice>
    <reg>
     Потом
    </reg>
   </choice>
   , когда истопили избу, мать тоже нарядилась, и пришло
   <choice>
    <reg>
     к
    </reg>
   </choice>
   <choice>
    <reg>
     нам
    </reg>
   </choice>
   много народу, — полная изба
  </p>
  <p rend="left" uuid="ef721af9-5018-4982-ab1d-971c5c2de6a1">
   <choice>
    <reg>
     Потом
    </reg>
   </choice>
   <choice>
    <reg>
     подъехали
    </reg>
   </choice>
   <choice>
    <reg>
     к
    </reg>
   </choice>
   нашему двору три пары
   <choice>
    <reg>
     с
    </reg>
   </choice>
   колоколами. И на задней
   <choice>
    <reg>
     паре
    </reg>
   </choice>
   <choice>
    <reg>
     сидел
    </reg>
   </choice>
   <choice>
    <reg>
     жених
    </reg>
   </choice>
   Koндрашка
   <choice>
    <reg>
     в
    </reg>
   </choice>
   <choice>
    <reg>
     новом
    </reg>
   </choice>
   <choice>
    <reg>
     кафтане
    </reg>
   </choice>
   и
   <choice>
    <reg>
     в
    </reg>
   </choice>
   высокой
   <choice>
    <reg>
     шапке
    </reg>
   </choice>
   .
   <choice>
    <reg>
     Жених
    </reg>
   </choice>
   <choice>
    <reg>
     слез
    </reg>
   </choice>
   <choice>
    <reg>
     с
    </reg>
   </choice>
   <choice>
    <reg>
     телеги
    </reg>
   </choice>
   и
   <choice>
    <reg>
     пошёл
    </reg>
   </choice>
   <choice>
    <reg>
     в
    </reg>
   </choice>
   избу.
   <choice>
    <reg>
     Надели
    </reg>
   </choice>
   на няньку новую шубу и вывели её
   <choice>
    <reg>
     к
    </reg>
   </choice>
   жениху. Посадили жениха
   <choice>
    <reg>
     с
    </reg>
   </choice>
   <choice>
    <reg>
     невестой
    </reg>
   </choice>
   за
   <choice>
    <reg>
     стол
    </reg>
   </choice>
   и бабы стали
   <choice>
    <reg>
     их
    </reg>
   </choice>
   величать.
  </p>
  <p rend="left emptyline" uuid="78dd1225-3d50-43f0-819f-e1b840aa4be1">
   <pb n="395"/>
  </p>
  <p rend="centerline" uuid="35dbc899-49c9-46ff-8653-403bf761a6bd">
   — 27 —
  </p>
  <p rend="left" uuid="15a0a098-f0b4-452d-9dbc-3331beeb7e58">
   <choice>
    <reg>
     Потом
    </reg>
   </choice>
   <choice>
    <reg>
     вылезли
    </reg>
   </choice>
   <choice>
    <reg>
     из
    </reg>
   </choice>
   за стола, помолились Богу и вышли на
   <choice>
    <reg>
     двор
    </reg>
   </choice>
   . Кондрашка
   <choice>
    <reg>
     посадил
    </reg>
   </choice>
   няньку
   <choice>
    <reg>
     в
    </reg>
   </choice>
   <choice>
    <reg>
     телегу
    </reg>
   </choice>
   , а
   <choice>
    <reg>
     сам
    </reg>
   </choice>
   <choice>
    <reg>
     сел
    </reg>
   </choice>
   <choice>
    <reg>
     в
    </reg>
   </choice>
   другую.
   <choice>
    <reg>
     Все
    </reg>
   </choice>
   посажались
   <choice>
    <reg>
     в
    </reg>
   </choice>
   <choice>
    <reg>
     телеги
    </reg>
   </choice>
   , перекрестились и
   <choice>
    <reg>
     поехали
    </reg>
   </choice>
   . Я вернулся
   <choice>
    <reg>
     в
    </reg>
   </choice>
   избу и
   <choice>
    <reg>
     сел
    </reg>
   </choice>
   <choice>
    <reg>
     к
    </reg>
   </choice>
   окну ждать, когда свадьба вернётся. Мать дала
   <choice>
    <reg>
     мне
    </reg>
   </choice>
   <choice>
    <reg>
     кусочек
    </reg>
   </choice>
   <choice>
    <reg>
     хлебца
    </reg>
   </choice>
   , я
   <choice>
    <reg>
     поел
    </reg>
   </choice>
   , да
   <choice>
    <reg>
     тут
    </reg>
   </choice>
   и
   <choice>
    <reg>
     заснул
    </reg>
   </choice>
   .
   <choice>
    <reg>
     Потом
    </reg>
   </choice>
   меня разбудила мать,
   <choice>
    <reg>
     говорит
    </reg>
   </choice>
   : «
   <choice>
    <reg>
     едут
    </reg>
   </choice>
   »! дала
   <choice>
    <reg>
     мне
    </reg>
   </choice>
   скалку и
   <choice>
    <reg>
     велела
    </reg>
   </choice>
   <choice>
    <reg>
     сесть
    </reg>
   </choice>
   за
   <choice>
    <reg>
     стол
    </reg>
   </choice>
   . Кондрашка
   <choice>
    <reg>
     с
    </reg>
   </choice>
   нянькой вошли
   <choice>
    <reg>
     в
    </reg>
   </choice>
   избу и за ними много народа, больше
   <choice>
    <reg>
     прежнего
    </reg>
   </choice>
   . И на
   <choice>
    <reg>
     улице
    </reg>
   </choice>
   <choice>
    <reg>
     был
    </reg>
   </choice>
   <choice>
    <reg>
     народ
    </reg>
   </choice>
   и
   <choice>
    <reg>
     все
    </reg>
   </choice>
   <choice>
    <reg>
     смотрели
    </reg>
   </choice>
   <choice>
    <reg>
     к
    </reg>
   </choice>
   <choice>
    <reg>
     нам
    </reg>
   </choice>
   <choice>
    <reg>
     в
    </reg>
   </choice>
   окна. Дядя
   <choice>
    <reg>
     Герасим
    </reg>
   </choice>
   <choice>
    <reg>
     был
    </reg>
   </choice>
   дружкою;
   <choice>
    <reg>
     он
    </reg>
   </choice>
   <choice>
    <reg>
     подошёл
    </reg>
   </choice>
   ко
   <choice>
    <reg>
     мне
    </reg>
   </choice>
   и
   <choice>
    <reg>
     говорит
    </reg>
   </choice>
   : «
   <choice>
    <reg>
     вылезай
    </reg>
   </choice>
   ». Я испугался и
   <choice>
    <reg>
     хотел
    </reg>
   </choice>
   <choice>
    <reg>
     лезть
    </reg>
   </choice>
   , а бабушка
   <choice>
    <reg>
     говорит
    </reg>
   </choice>
   : «ты покажи скалку и скажи: а это что?» Я
   <choice>
    <reg>
     так
    </reg>
   </choice>
   и
   <choice>
    <reg>
     сделал
    </reg>
   </choice>
   . Дядя
   <choice>
    <reg>
     Герасим
    </reg>
   </choice>
   <choice>
    <reg>
     положил
    </reg>
   </choice>
   <choice>
    <reg>
     денег
    </reg>
   </choice>
   <choice>
    <reg>
     в
    </reg>
   </choice>
   <choice>
    <reg>
     стакан
    </reg>
   </choice>
   и
   <choice>
    <reg>
     налил
    </reg>
   </choice>
   вина и
   <choice>
    <reg>
     подал
    </reg>
   </choice>
   <choice>
    <reg>
     мне
    </reg>
   </choice>
   . Я
   <choice>
    <reg>
     взял
    </reg>
   </choice>
   <choice>
    <reg>
     стакан
    </reg>
   </choice>
   и
   <choice>
    <reg>
     подал
    </reg>
   </choice>
   <choice>
    <reg>
     бабушке
    </reg>
   </choice>
   . Тогда мы
   <choice>
    <reg>
     вылезли
    </reg>
   </choice>
   , а они
   <choice>
    <reg>
     сели
    </reg>
   </choice>
   .
  </p>
  <p rend="left" uuid="b35e7d7a-7918-4736-becd-69125ea68fd0">
   <choice>
    <reg>
     Потом
    </reg>
   </choice>
   стали подносить вино, студень, говядину; стали
   <choice>
    <reg>
     петь
    </reg>
   </choice>
   <choice>
    <reg>
     песни
    </reg>
   </choice>
   и плясать.
   <choice>
    <reg>
     Дяде
    </reg>
   </choice>
   Герасиму поднесли вина;
   <choice>
    <reg>
     он
    </reg>
   </choice>
   <choice>
    <reg>
     выпил
    </reg>
   </choice>
   немного и
   <choice>
    <reg>
     говорит
    </reg>
   </choice>
   : «что-то вино горько». Тогда нянька взяла Кондрашку за уши и стала его
   <choice>
    <reg>
     целовать
    </reg>
   </choice>
   . Долго играли
   <choice>
    <reg>
     песнй
    </reg>
   </choice>
   и плясали, а
   <choice>
    <reg>
     потом
    </reg>
   </choice>
   <choice>
    <reg>
     все
    </reg>
   </choice>
   ушли и Кондрашка
   <choice>
    <reg>
     повёл
    </reg>
   </choice>
   няньку
   <choice>
    <reg>
     к
    </reg>
   </choice>
   <choice>
    <reg>
     себе
    </reg>
   </choice>
   домой.
  </p>
  <p rend="left" uuid="7fd6de0e-b600-4841-99d6-6606ef7a79b9">
   <choice>
    <reg>
     После
    </reg>
   </choice>
   этого мы стали ещё
   <choice>
    <reg>
     беднее
    </reg>
   </choice>
   жить. Продали лошадь и
   <choice>
    <reg>
     последних
    </reg>
   </choice>
   <choice>
    <reg>
     овец
    </reg>
   </choice>
   , и
   <choice>
    <reg>
     хлеба
    </reg>
   </choice>
   у
   <choice>
    <reg>
     нас
    </reg>
   </choice>
   часто не было. Мать ходила занимать у
   <choice>
    <reg>
     родных
    </reg>
   </choice>
   .
   <choice>
    <reg>
     Вскоре
    </reg>
   </choice>
   и бабушка померла. Помню я,
   <choice>
    <reg>
     как
    </reg>
   </choice>
   матушка по ней выла и причитала: «Уже родимая моя матушка! на кого ты меня оставила горькую горемычную? на кого покинула свое дитятко
   <choice>
    <reg>
     бессчастное
    </reg>
   </choice>
   ?
   <choice>
    <reg>
     где
    </reg>
   </choice>
   я ума-разума возьму?
  </p>
  <p rend="left emptyline" uuid="9eb3f96b-23c4-4226-88f2-c6dae169bb6e">
   <pb n="396"/>
  </p>
  <p rend="centerline" uuid="cb49949f-15bd-408e-9ecf-327024a05cb9">
   — 28 —
  </p>
  <p rend="notindent" uuid="e86a4e18-2887-4936-8373-b1f5e82df028">
   <choice>
    <reg>
     как
    </reg>
   </choice>
   <choice>
    <reg>
     мне
    </reg>
   </choice>
   <choice>
    <reg>
     век
    </reg>
   </choice>
   прожить?» И
   <choice>
    <reg>
     так
    </reg>
   </choice>
   она долго плакала и причитала.
  </p>
  <p rend="left" uuid="b052bfb6-ae34-4d84-a5a0-e384e52dd676">
   <choice>
    <reg>
     Один
    </reg>
   </choice>
   <choice>
    <reg>
     раз
    </reg>
   </choice>
   <choice>
    <reg>
     пошёл
    </reg>
   </choice>
   я
   <choice>
    <reg>
     с
    </reg>
   </choice>
   ребятами на большую дорогу лошадей стеречь и вижу —
   <choice>
    <reg>
     идёт
    </reg>
   </choice>
   <choice>
    <reg>
     солдат
    </reg>
   </choice>
   <choice>
    <reg>
     с
    </reg>
   </choice>
   сумочкой за плечами.
   <choice>
    <reg>
     Он
    </reg>
   </choice>
   <choice>
    <reg>
     подошёл
    </reg>
   </choice>
   <choice>
    <reg>
     к
    </reg>
   </choice>
   <choice>
    <reg>
     ребятам
    </reg>
   </choice>
   и
   <choice>
    <reg>
     говорит
    </reg>
   </choice>
   : «Вы
   <choice>
    <reg>
     из
    </reg>
   </choice>
   какой деревни, ребята?» «Мы —
   <choice>
    <reg>
     говорим
    </reg>
   </choice>
   —
   <choice>
    <reg>
     из
    </reg>
   </choice>
   <choice>
    <reg>
     Никольского
    </reg>
   </choice>
   ». — «А что,
   <choice>
    <reg>
     живёт
    </reg>
   </choice>
   у
   <choice>
    <reg>
     вас
    </reg>
   </choice>
   солдатка Матрёна?» А я говорю: «жива, она
   <choice>
    <reg>
     мне
    </reg>
   </choice>
   матушка».
   <choice>
    <reg>
     Солдат
    </reg>
   </choice>
   <choice>
    <reg>
     поглядел
    </reg>
   </choice>
   на меня и
   <choice>
    <reg>
     говорит
    </reg>
   </choice>
   : «а отца своего
   <choice>
    <reg>
     видал
    </reg>
   </choice>
   ?» Я говорю: «
   <choice>
    <reg>
     он
    </reg>
   </choice>
   <choice>
    <reg>
     в
    </reg>
   </choice>
   <choice>
    <reg>
     солдатах
    </reg>
   </choice>
   , не
   <choice>
    <reg>
     видал
    </reg>
   </choice>
   ».
   <choice>
    <reg>
     Солдат
    </reg>
   </choice>
   и
   <choice>
    <reg>
     говорит
    </reg>
   </choice>
   : «ну,
   <choice>
    <reg>
     пойдём
    </reg>
   </choice>
   , проводи меня
   <choice>
    <reg>
     к
    </reg>
   </choice>
   <choice>
    <reg>
     Матрёне
    </reg>
   </choice>
   , я ей письмо
   <choice>
    <reg>
     от
    </reg>
   </choice>
   отца
   <choice>
    <reg>
     привёз
    </reg>
   </choice>
   ». Я говорю: какое письмо? А
   <choice>
    <reg>
     он
    </reg>
   </choice>
   <choice>
    <reg>
     говорит
    </reg>
   </choice>
   :
   <choice>
    <reg>
     вот
    </reg>
   </choice>
   <choice>
    <reg>
     пойдём
    </reg>
   </choice>
   , увидишь.
  </p>
  <p rend="left" uuid="c5b119c7-c291-4ea2-9fb6-b25fb893303a">
   «Ну
   <choice>
    <reg>
     чтож
    </reg>
   </choice>
   ,
   <choice>
    <reg>
     пойдём
    </reg>
   </choice>
   ».
  </p>
  <p rend="left" uuid="e1b648ef-ba21-420a-95b6-d362d324be9d">
   <choice>
    <reg>
     Солдат
    </reg>
   </choice>
   <choice>
    <reg>
     пошёл
    </reg>
   </choice>
   со мной, да
   <choice>
    <reg>
     так
    </reg>
   </choice>
   скоро, что я
   <choice>
    <reg>
     бегом
    </reg>
   </choice>
   за
   <choice>
    <reg>
     ним
    </reg>
   </choice>
   не
   <choice>
    <reg>
     поспевал
    </reg>
   </choice>
   .
   <choice>
    <reg>
     Вот
    </reg>
   </choice>
   пришли мы
   <choice>
    <reg>
     в
    </reg>
   </choice>
   свой
   <choice>
    <reg>
     дом
    </reg>
   </choice>
   .
   <choice>
    <reg>
     Солдат
    </reg>
   </choice>
   помолился Богу и
   <choice>
    <reg>
     говорит
    </reg>
   </choice>
   : «здравствуйте!»
   <choice>
    <reg>
     Потом
    </reg>
   </choice>
   <choice>
    <reg>
     разделся
    </reg>
   </choice>
   ,
   <choice>
    <reg>
     сел
    </reg>
   </choice>
   на
   <choice>
    <reg>
     конник
    </reg>
   </choice>
   и
   <choice>
    <reg>
     стал
    </reg>
   </choice>
   оглядывать избу, и
   <choice>
    <reg>
     говорит
    </reg>
   </choice>
   : «
   <choice>
    <reg>
     чтож
    </reg>
   </choice>
   , у
   <choice>
    <reg>
     вас
    </reg>
   </choice>
   семьи только-то?» Мать
   <choice>
    <reg>
     оробела
    </reg>
   </choice>
   и ничего не
   <choice>
    <reg>
     говорит
    </reg>
   </choice>
   , только
   <choice>
    <reg>
     смотрит
    </reg>
   </choice>
   на солдата.
   <choice>
    <reg>
     Он
    </reg>
   </choice>
   и
   <choice>
    <reg>
     говорит
    </reg>
   </choice>
   : «
   <choice>
    <reg>
     гдеж
    </reg>
   </choice>
   матушка? — а
   <choice>
    <reg>
     сам
    </reg>
   </choice>
   <choice>
    <reg>
     заплакал
    </reg>
   </choice>
   .
   <choice>
    <reg>
     Тут
    </reg>
   </choice>
   мать
   <choice>
    <reg>
     подбежала
    </reg>
   </choice>
   <choice>
    <reg>
     к
    </reg>
   </choice>
   отцу и стала его
   <choice>
    <reg>
     целовать
    </reg>
   </choice>
   . И я тоже
   <choice>
    <reg>
     влез
    </reg>
   </choice>
   <choice>
    <reg>
     к
    </reg>
   </choice>
   нему на
   <choice>
    <reg>
     колени
    </reg>
   </choice>
   и
   <choice>
    <reg>
     стал
    </reg>
   </choice>
   его обшаривать руками. А
   <choice>
    <reg>
     он
    </reg>
   </choice>
   <choice>
    <reg>
     перестал
    </reg>
   </choice>
   плакать и
   <choice>
    <reg>
     стал
    </reg>
   </choice>
   <choice>
    <reg>
     смеяться
    </reg>
   </choice>
   .
  </p>
  <p rend="left" uuid="72c2a36c-603c-4cd2-a5fb-247377fd2e7d">
   <choice>
    <reg>
     Потом
    </reg>
   </choice>
   <choice>
    <reg>
     пришёл
    </reg>
   </choice>
   <choice>
    <reg>
     народ
    </reg>
   </choice>
   , и
   <choice>
    <reg>
     отец
    </reg>
   </choice>
   со
   <choice>
    <reg>
     всеми
    </reg>
   </choice>
   здоровался и
   <choice>
    <reg>
     рассказывал
    </reg>
   </choice>
   , что
   <choice>
    <reg>
     он
    </reg>
   </choice>
   теперь
   <choice>
    <reg>
     совсем
    </reg>
   </choice>
   по билету
   <choice>
    <reg>
     вышел
    </reg>
   </choice>
   .
  </p>
  <p rend="left" uuid="c5a3b54c-a7b6-4c65-a616-6e1dfc2353a1">
   <choice>
    <reg>
     Как
    </reg>
   </choice>
   пригнали скотину, пришла и нянька и
   <choice>
    <reg>
     поцеловалась
    </reg>
   </choice>
   <choice>
    <reg>
     с
    </reg>
   </choice>
   <choice>
    <reg>
     отцом
    </reg>
   </choice>
   . А
   <choice>
    <reg>
     отец
    </reg>
   </choice>
   и
   <choice>
    <reg>
     говорит
    </reg>
   </choice>
   : «это чья же молодая бабочка?» А мать
   <choice>
    <reg>
     засмеялась
    </reg>
   </choice>
   и
   <choice>
    <reg>
     говорит
    </reg>
   </choice>
   :
  </p>
  <p rend="left emptyline" uuid="cc94d2fa-17a5-40d9-9a67-d1b372117512">
   <pb n="397"/>
  </p>
  <p rend="centerline" uuid="3c81ba94-7b25-45d4-a3d5-8e3af1df150d">
   — 29 —
  </p>
  <p rend="left" uuid="93a56002-30c3-4a2e-8dd0-bc7a84c344c6">
   «свою дочь не
   <choice>
    <reg>
     узнал
    </reg>
   </choice>
   ».
   <choice>
    <reg>
     Отец
    </reg>
   </choice>
   <choice>
    <reg>
     позвал
    </reg>
   </choice>
   её ещё
   <choice>
    <reg>
     к
    </reg>
   </choice>
   <choice>
    <reg>
     себе
    </reg>
   </choice>
   и
   <choice>
    <reg>
     поцеловал
    </reg>
   </choice>
   и
   <choice>
    <reg>
     спрашивал
    </reg>
   </choice>
   ,
   <choice>
    <reg>
     как
    </reg>
   </choice>
   она
   <choice>
    <reg>
     живет
    </reg>
   </choice>
   ?
   <choice>
    <reg>
     Потом
    </reg>
   </choice>
   мать ушла варить яичницу, а няньку послала за
   <choice>
    <reg>
     вином
    </reg>
   </choice>
   . Нянька принесла
   <choice>
    <reg>
     штофик
    </reg>
   </choice>
   <choice>
    <reg>
     заткнут
    </reg>
   </choice>
   бумажкой и поставила на
   <choice>
    <reg>
     стол
    </reg>
   </choice>
   .
   <choice>
    <reg>
     Отец
    </reg>
   </choice>
   и
   <choice>
    <reg>
     говорит
    </reg>
   </choice>
   : «это что?» А мать
   <choice>
    <reg>
     говорит
    </reg>
   </choice>
   : «
   <choice>
    <reg>
     тебе
    </reg>
   </choice>
   вина». А
   <choice>
    <reg>
     он
    </reg>
   </choice>
   <choice>
    <reg>
     говорит
    </reg>
   </choice>
   : «
   <choice>
    <reg>
     нет
    </reg>
   </choice>
   ,
   <choice>
    <reg>
     уж
    </reg>
   </choice>
   пятый
   <choice>
    <reg>
     год
    </reg>
   </choice>
   не пью; а
   <choice>
    <reg>
     вот
    </reg>
   </choice>
   яичницу подавай!»
   <choice>
    <reg>
     Он
    </reg>
   </choice>
   помолился Богу,
   <choice>
    <reg>
     сел
    </reg>
   </choice>
   за
   <choice>
    <reg>
     стол
    </reg>
   </choice>
   и
   <choice>
    <reg>
     стал
    </reg>
   </choice>
   <choice>
    <reg>
     есть
    </reg>
   </choice>
   .
   <choice>
    <reg>
     Потом
    </reg>
   </choice>
   <choice>
    <reg>
     он
    </reg>
   </choice>
   <choice>
    <reg>
     говорит
    </reg>
   </choice>
   : «кабы я не
   <choice>
    <reg>
     бросил
    </reg>
   </choice>
   пить, я бы и
   <choice>
    <reg>
     унтер-офицером
    </reg>
   </choice>
   не
   <choice>
    <reg>
     был
    </reg>
   </choice>
   , и домой бы ничего не
   <choice>
    <reg>
     принёс
    </reg>
   </choice>
   , — а теперь слава Богу».
   <choice>
    <reg>
     Он
    </reg>
   </choice>
   <choice>
    <reg>
     достал
    </reg>
   </choice>
   <choice>
    <reg>
     в
    </reg>
   </choice>
   <choice>
    <reg>
     сумке
    </reg>
   </choice>
   кошель
   <choice>
    <reg>
     с
    </reg>
   </choice>
   деньгами и
   <choice>
    <reg>
     отдал
    </reg>
   </choice>
   матери. Мать обрадовалась, заторопилась и понесла хоронить.
  </p>
  <p rend="left" uuid="bc749632-5d02-4220-9798-00c43dbf89f3">
   <choice>
    <reg>
     Потом
    </reg>
   </choice>
   , когда
   <choice>
    <reg>
     все
    </reg>
   </choice>
   разошлись,
   <choice>
    <reg>
     отец
    </reg>
   </choice>
   <choice>
    <reg>
     лёг
    </reg>
   </choice>
   спать на задней
   <choice>
    <reg>
     лавке
    </reg>
   </choice>
   и меня
   <choice>
    <reg>
     положил
    </reg>
   </choice>
   <choice>
    <reg>
     с
    </reg>
   </choice>
   собой, а мать легла у
   <choice>
    <reg>
     нас
    </reg>
   </choice>
   <choice>
    <reg>
     в
    </reg>
   </choice>
   <choice>
    <reg>
     ногах
    </reg>
   </choice>
   . И долго они разговаривали, почти до полуночи.
   <choice>
    <reg>
     Потом
    </reg>
   </choice>
   я
   <choice>
    <reg>
     уснул
    </reg>
   </choice>
   .
  </p>
  <p rend="left" uuid="49241420-83a6-4a68-8ca1-1cbebe1cab78">
   Поутру мать
   <choice>
    <reg>
     говорит
    </reg>
   </choice>
   : «
   <choice>
    <reg>
     ох
    </reg>
   </choice>
   ,
   <choice>
    <reg>
     дров-то
    </reg>
   </choice>
   <choice>
    <reg>
     нет
    </reg>
   </choice>
   у меня!» А
   <choice>
    <reg>
     отец
    </reg>
   </choice>
   <choice>
    <reg>
     говорит
    </reg>
   </choice>
   : «
   <choice>
    <reg>
     топор
    </reg>
   </choice>
   есть?» — «Есть, да щербатый, плохой».
   <choice>
    <reg>
     Отец
    </reg>
   </choice>
   обулся,
   <choice>
    <reg>
     взял
    </reg>
   </choice>
   <choice>
    <reg>
     топор
    </reg>
   </choice>
   и
   <choice>
    <reg>
     вышел
    </reg>
   </choice>
   на
   <choice>
    <reg>
     двор
    </reg>
   </choice>
   . Я
   <choice>
    <reg>
     побежал
    </reg>
   </choice>
   за
   <choice>
    <reg>
     ним
    </reg>
   </choice>
   .
  </p>
  <p rend="left" uuid="b4175194-99e8-4038-85b0-0189d91f6337">
   <choice>
    <reg>
     Отец
    </reg>
   </choice>
   <choice>
    <reg>
     сдёрнул
    </reg>
   </choice>
   <choice>
    <reg>
     с
    </reg>
   </choice>
   крыши жердь,
   <choice>
    <reg>
     положил
    </reg>
   </choice>
   на колоду,
   <choice>
    <reg>
     взмахнул
    </reg>
   </choice>
   <choice>
    <reg>
     топором
    </reg>
   </choice>
   , живо
   <choice>
    <reg>
     перерубил
    </reg>
   </choice>
   и
   <choice>
    <reg>
     принёс
    </reg>
   </choice>
   <choice>
    <reg>
     в
    </reg>
   </choice>
   избу, и
   <choice>
    <reg>
     говорит
    </reg>
   </choice>
   : «ну
   <choice>
    <reg>
     вот
    </reg>
   </choice>
   <choice>
    <reg>
     тебе
    </reg>
   </choice>
   и дрова, топи печь; а я нынче пойду
   <choice>
    <reg>
     приищу
    </reg>
   </choice>
   купить избу, да
   <choice>
    <reg>
     лесу
    </reg>
   </choice>
   на
   <choice>
    <reg>
     двор
    </reg>
   </choice>
   . Корову также купить надо». Мать
   <choice>
    <reg>
     говорит
    </reg>
   </choice>
   :
  </p>
  <p rend="left" uuid="7648229d-1994-43b2-942a-ebbdac97f685">
   «
   <choice>
    <reg>
     Ох
    </reg>
   </choice>
   ,
   <choice>
    <reg>
     денег
    </reg>
   </choice>
   много на всё надо».
  </p>
  <p rend="left" uuid="2a037715-b5f8-41f7-aead-490363bea5b4">
   А
   <choice>
    <reg>
     отец
    </reg>
   </choice>
   <choice>
    <reg>
     говорит
    </reg>
   </choice>
   : «а работать
   <choice>
    <reg>
     будем
    </reg>
   </choice>
   .
   <choice>
    <reg>
     Вон
    </reg>
   </choice>
   <choice>
    <reg>
     мужик-то
    </reg>
   </choice>
   <choice>
    <reg>
     растёт
    </reg>
   </choice>
   !»
   <choice>
    <reg>
     Отец
    </reg>
   </choice>
   <choice>
    <reg>
     показал
    </reg>
   </choice>
   на меня.
  </p>
  <p rend="left" uuid="1af09afa-8ed8-4813-b967-f73d310b0389">
   <choice>
    <reg>
     Вот
    </reg>
   </choice>
   <choice>
    <reg>
     отец
    </reg>
   </choice>
   помолился Богу,
   <choice>
    <reg>
     поел
    </reg>
   </choice>
   <choice>
    <reg>
     хлебца
    </reg>
   </choice>
   ,
   <choice>
    <reg>
     оделся
    </reg>
   </choice>
   и
  </p>
  <p rend="left emptyline" uuid="0a0a8b0d-9b34-4c98-8d18-c4dc265e9f2c">
   <pb n="398"/>
  </p>
  <p rend="centerline" uuid="b8583cd0-718b-49f6-8498-2fb9f0d10527">
   — 30 —
  </p>
  <p rend="notindent" uuid="2c67b7c9-74a9-4ac7-810d-0256c56543e7">
   <choice>
    <reg>
     говорит
    </reg>
   </choice>
   матери: «а есть яички
   <choice>
    <reg>
     свежия
    </reg>
   </choice>
   ,
   <choice>
    <reg>
     так
    </reg>
   </choice>
   испеки
   <choice>
    <reg>
     в
    </reg>
   </choice>
   <choice>
    <reg>
     золе
    </reg>
   </choice>
   <choice>
    <reg>
     к
    </reg>
   </choice>
   <choice>
    <reg>
     обеду
    </reg>
   </choice>
   ». И
   <choice>
    <reg>
     пошёл
    </reg>
   </choice>
   со двора.
  </p>
  <p rend="left" uuid="87e82714-b6a1-4a6c-ae1b-0f8f039ea6f5">
   <choice>
    <reg>
     Отец
    </reg>
   </choice>
   долго не ворочался. Я
   <choice>
    <reg>
     стал
    </reg>
   </choice>
   проситься у матери за
   <choice>
    <reg>
     отцом
    </reg>
   </choice>
   . Она не пускала. Я
   <choice>
    <reg>
     хотел
    </reg>
   </choice>
   уйти, а мать не пустила меня и побила. Я
   <choice>
    <reg>
     сел
    </reg>
   </choice>
   на печку и
   <choice>
    <reg>
     стал
    </reg>
   </choice>
   плакать.
   <choice>
    <reg>
     Тут
    </reg>
   </choice>
   <choice>
    <reg>
     отец
    </reg>
   </choice>
   <choice>
    <reg>
     вошёл
    </reg>
   </choice>
   <choice>
    <reg>
     в
    </reg>
   </choice>
   избу и
   <choice>
    <reg>
     говорит
    </reg>
   </choice>
   : «о
   <choice>
    <reg>
     чём
    </reg>
   </choice>
   плачешь?» Я говорю: «я
   <choice>
    <reg>
     хотел
    </reg>
   </choice>
   за тобой
   <choice>
    <reg>
     бечь
    </reg>
   </choice>
   , а мать меня не пустила, да ещё побила», и ещё пуще
   <choice>
    <reg>
     заплакал
    </reg>
   </choice>
   .
   <choice>
    <reg>
     Отец
    </reg>
   </choice>
   <choice>
    <reg>
     засмеялся
    </reg>
   </choice>
   ,
   <choice>
    <reg>
     подошёл
    </reg>
   </choice>
   <choice>
    <reg>
     к
    </reg>
   </choice>
   матери и
   <choice>
    <reg>
     стал
    </reg>
   </choice>
   её бить нарочно, а
   <choice>
    <reg>
     сам
    </reg>
   </choice>
   <choice>
    <reg>
     приговаривает
    </reg>
   </choice>
   : «не бей
   <choice>
    <reg>
     Федьку
    </reg>
   </choice>
   , не бей
   <choice>
    <reg>
     Федьку
    </reg>
   </choice>
   !» Мать нарочно будто заплакала,
   <choice>
    <reg>
     отец
    </reg>
   </choice>
   <choice>
    <reg>
     засмеялся
    </reg>
   </choice>
   и
   <choice>
    <reg>
     говорит
    </reg>
   </choice>
   : «
   <choice>
    <reg>
     вот
    </reg>
   </choice>
   вы
   <choice>
    <reg>
     с
    </reg>
   </choice>
   <choice>
    <reg>
     Федькой
    </reg>
   </choice>
   <choice>
    <reg>
     какие
    </reg>
   </choice>
   на слёзы слабые,
   <choice>
    <reg>
     сейчас
    </reg>
   </choice>
   и плакать».
   <choice>
    <reg>
     Потом
    </reg>
   </choice>
   <choice>
    <reg>
     отец
    </reg>
   </choice>
   <choice>
    <reg>
     сел
    </reg>
   </choice>
   за
   <choice>
    <reg>
     стол
    </reg>
   </choice>
   ,
   <choice>
    <reg>
     посадил
    </reg>
   </choice>
   меня
   <choice>
    <reg>
     с
    </reg>
   </choice>
   собой
   <choice>
    <reg>
     рядом
    </reg>
   </choice>
   и
   <choice>
    <reg>
     закричал
    </reg>
   </choice>
   : «ну, теперь давай
   <choice>
    <reg>
     нам
    </reg>
   </choice>
   , мать,
   <choice>
    <reg>
     с
    </reg>
   </choice>
   <choice>
    <reg>
     Федюшкой
    </reg>
   </choice>
   <choice>
    <reg>
     обедать
    </reg>
   </choice>
   ; мы
   <choice>
    <reg>
     есть
    </reg>
   </choice>
   <choice>
    <reg>
     хотим
    </reg>
   </choice>
   ».
  </p>
  <p rend="left" uuid="1b9d1c11-393e-472a-b213-a19c168a9c36">
   Мать дала
   <choice>
    <reg>
     нам
    </reg>
   </choice>
   каши и
   <choice>
    <reg>
     яиц
    </reg>
   </choice>
   , и мы стали
   <choice>
    <reg>
     есть
    </reg>
   </choice>
   . А мать
   <choice>
    <reg>
     говорит
    </reg>
   </choice>
   : «ну
   <choice>
    <reg>
     что же
    </reg>
   </choice>
   , —
   <choice>
    <reg>
     иструб
    </reg>
   </choice>
   ?» А
   <choice>
    <reg>
     отец
    </reg>
   </choice>
   <choice>
    <reg>
     говорит
    </reg>
   </choice>
   : «
   <choice>
    <reg>
     купил
    </reg>
   </choice>
   , 80
   <choice>
    <reg>
     целковых
    </reg>
   </choice>
   , липовый,
   <choice>
    <reg>
     белый
    </reg>
   </choice>
   ,
   <choice>
    <reg>
     как
    </reg>
   </choice>
   стекло.
   <choice>
    <reg>
     Вот
    </reg>
   </choice>
   дай
   <choice>
    <reg>
     срок
    </reg>
   </choice>
   ,
   <choice>
    <reg>
     мужикам
    </reg>
   </choice>
   <choice>
    <reg>
     купим
    </reg>
   </choice>
   винца, они
   <choice>
    <reg>
     мне
    </reg>
   </choice>
   и
   <choice>
    <reg>
     свезут
    </reg>
   </choice>
   <choice>
    <reg>
     воскресным
    </reg>
   </choice>
   <choice>
    <reg>
     делом
    </reg>
   </choice>
   ».
  </p>
  <p rend="left" uuid="f921974d-8e80-4fc8-8ec6-37d29967efbe">
   <choice>
    <reg>
     С
    </reg>
   </choice>
   <choice>
    <reg>
     тех
    </reg>
   </choice>
   <choice>
    <reg>
     пор
    </reg>
   </choice>
   мы стали хорошо жить.
  </p>
 </div>
</TEI>