<?xml version="1.0" encoding="utf-8"?>
<TEI xmlns="http://www.tei-c.org/ns/1.0" xmlns:xi="http://www.w3.org/2001/XInclude">
 <teiHeader>
  <fileDesc>
   <titleStmt>
    <title>
     Азбука. Книга I
    </title>
    <author>
     Толстой Л.Н.
    </author>
    <respStmt>
     <resp>
      подготовка TEI/XML
     </resp>
     <name>
      Мария Картышева, Евгений Можаев, Даниил Скоринкин, Елена Сидорова, Вероника Файнберг, Кирилл Милинцевич
     </name>
    </respStmt>
    <respStmt>
     <name>
      Анастасия Бонч-Осмоловская, Фёкла Толстая, Борис Орехов
     </name>
     <resp>
      Идея, постановка задач, руководство
     </resp>
    </respStmt>
   </titleStmt>
   <publicationStmt>
    <idno>
     Азбука  | Книга I
    </idno>
    <publisher>
     <orgName>
      Школа лингвистики НИУ ВШЭ
     </orgName>
    </publisher>
    <availability>
     <p>
      Тексты и метатекстовая разметка доступны для свободного использования и распространения по лицензии Creative Commons Attribution Share-Alike (cc by-sa)
     </p>
    </availability>
   </publicationStmt>
   <sourceDesc>
    <biblStruct>
     <analytic>
      <author>
       Толстой Л.Н.
      </author>
      <title level="a">
       Азбука. Книга I
      </title>
     </analytic>
     <monogr>
      <title level="m">
       Полное собрание сочинений. Том 22
      </title>
      <imprint>
       <pubPlace>
        Москва
       </pubPlace>
       <publisher>
        Государственное издательство "Художественная литература"
       </publisher>
       <date when="1871-1872"/>
      </imprint>
     </monogr>
     <series>
      <title level="s">
       Л.Н. Толстой. Полное собрание сочинений
      </title>
      <biblScope unit="vol">
       22
      </biblScope>
     </series>
    </biblStruct>
   </sourceDesc>
  </fileDesc>
  <encodingDesc>
   <classDecl>
    <xi:include href="taxonomy.xml"/>
   </classDecl>
  </encodingDesc>
  <profileDesc>
   <creation>
    <date notAfter="1872" notBefore="1871">
     1871-1872
    </date>
    <rs/>
   </creation>
   <textClass>
    <catRef target="#fiction" type="sphere"/>
    <catRef target="#произведения для детей" type="type"/>
    <catRef target="#works" type="works_letters_diaries"/>
    <catRef target="#азбука" type="ninetyDef"/>
    <catRef target="#Основное" type="main_var"/>
    <catRef target="#азбука" type="type_short"/>
    <catRef target="None" type="translation"/>
    <catRef target="None" type="translation_origin"/>
    <catRef target="#да" type="tolstoy_or_not"/>
    <catRef target="None" type="name_status"/>
   </textClass>
   <preparedness>
    finished
   </preparedness>
   <settingDesc>
    <time>
     XIX век
    </time>
   </settingDesc>
  </profileDesc>
  <xenoData>
   <cyclusName/>
   <p>
    Проект
    <title>
     Толстой.Digital
    </title>
    разрабатывается сотрудниками и студентами
    <orgName>
     Высшей школы экономики
    </orgName>
    в сотрудничестве с
    <orgName>
     Государственным музеем Л.Н. Толстого
    </orgName>
    . Источник текстов –
    <bibl>
     90-томное собрание сочинений Л.Н.Толстого
    </bibl>
    . Разметка основана на стандарте
    <ref target="http://www.tei-c.org">
     TEI (Text Encoding Initiative)
    </ref>
    .
   </p>
   <versionNumber/>
   <isFinished/>
   <isEdited/>
   <fullBibliographicDescription/>
  </xenoData>
 </teiHeader>
 <p rend="left emptyline">
  <pb n="564"/>
 </p>
 <div type="section" xml:id="ref239">
  <head rend="center">
   <hi rend="strong">
    ЦАРЬ И СЛОНЫ.
   </hi>
  </head>
  <p rend="left" uuid="7c3188b3-bad3-422a-b0ea-b495febde605">
   <choice>
    <reg>
     Один
    </reg>
    <orig>
     Одинъ
    </orig>
   </choice>
   <choice>
    <reg>
     индейский
    </reg>
    <orig>
     индѣйскiй
    </orig>
   </choice>
   Царь
   <choice>
    <reg>
     велел
    </reg>
    <orig>
     велѣлъ
    </orig>
   </choice>
   собрать
   <choice>
    <reg>
     всех
    </reg>
    <orig>
     всѣхъ
    </orig>
   </choice>
   <choice>
    <reg>
     слепых
    </reg>
    <orig>
     слѣпыхъ
    </orig>
   </choice>
   , и когда они пришли,
   <choice>
    <reg>
     велел
    </reg>
    <orig>
     велѣлъ
    </orig>
   </choice>
   <choice>
    <reg>
     им
    </reg>
    <orig>
     имъ
    </orig>
   </choice>
   показать
   <choice>
    <reg>
     своих
    </reg>
    <orig>
     своихъ
    </orig>
   </choice>
   <choice>
    <reg>
     слонов
    </reg>
    <orig>
     слоновъ
    </orig>
   </choice>
   .
   <choice>
    <reg>
     Слепые
    </reg>
    <orig>
     Слѣпые
    </orig>
   </choice>
   пошли
   <choice>
    <reg>
     в
    </reg>
    <orig>
     въ
    </orig>
   </choice>
   конюшню и стали щупать
   <choice>
    <reg>
     слонов
    </reg>
    <orig>
     слоновъ
    </orig>
   </choice>
   .
   <choice>
    <reg>
     Один
    </reg>
    <orig>
     Одинъ
    </orig>
   </choice>
   <choice>
    <reg>
     ощупал
    </reg>
    <orig>
     ощупалъ
    </orig>
   </choice>
   — ногу, другой —
   <choice>
    <reg>
     хвост
    </reg>
    <orig>
     хвостъ
    </orig>
   </choice>
   ,
   <choice>
    <reg>
     третий
    </reg>
    <orig>
     третiй
    </orig>
   </choice>
   —
   <choice>
    <reg>
     репицу
    </reg>
    <orig>
     рѣпицу
    </orig>
   </choice>
   <note n="n9">
    <div type="section footnote" xml:id="n9">
     <head>
      <ref target="#backn9">
       9
      </ref>
     </head>
     <p rend="left" uuid="a17d8e27-24f5-4784-bcfb-f5fc69345256">
      <choice>
       <reg>
        Репица
       </reg>
      </choice>
      — та часть хвоста,
      <choice>
       <reg>
        где
       </reg>
      </choice>
      на нем есть мясо.
     </p>
    </div>
   </note>
   , четвертый — брюхо, пятый — спину, шестой — уши, седьмой — клыки, осьмой —
   <choice>
    <reg>
     хобот
    </reg>
    <orig>
     хоботъ
    </orig>
   </choice>
   .
   <choice>
    <reg>
     Потом
    </reg>
    <orig>
     Потомъ
    </orig>
   </choice>
   Царь позваль
   <choice>
    <reg>
     слепых
    </reg>
    <orig>
     слѣпыхъ
    </orig>
   </choice>
   <choice>
    <reg>
     к
    </reg>
    <orig>
     къ
    </orig>
   </choice>
   <choice>
    <reg>
     себе
    </reg>
    <orig>
     себѣ
    </orig>
   </choice>
   и
   <choice>
    <reg>
     спросил
    </reg>
    <orig>
     спросилъ
    </orig>
   </choice>
   : каковы мои слоны?
   <choice>
    <reg>
     Один
    </reg>
    <orig>
     Одинъ
    </orig>
   </choice>
   <choice>
    <reg>
     слепой
    </reg>
    <orig>
     слѣпой
    </orig>
   </choice>
   <choice>
    <reg>
     сказал
    </reg>
    <orig>
     сказалъ
    </orig>
   </choice>
   : слоны твои похожи на столбы;
   <choice>
    <reg>
     этот
    </reg>
    <orig>
     этотъ
    </orig>
   </choice>
   <choice>
    <reg>
     слепой
    </reg>
    <orig>
     слѣпой
    </orig>
   </choice>
   <choice>
    <reg>
     щупал
    </reg>
    <orig>
     щупалъ
    </orig>
   </choice>
   ноги. Другой
   <choice>
    <reg>
     слепой
    </reg>
    <orig>
     слѣпой
    </orig>
   </choice>
   <choice>
    <reg>
     сказал
    </reg>
    <orig>
     сказалъ
    </orig>
   </choice>
   : они похожи на
   <choice>
    <reg>
     веники
    </reg>
    <orig>
     вѣники
    </orig>
   </choice>
   ;
   <choice>
    <reg>
     этот
    </reg>
    <orig>
     этотъ
    </orig>
   </choice>
   <choice>
    <reg>
     щупал
    </reg>
    <orig>
     щупалъ
    </orig>
   </choice>
   <choice>
    <reg>
     хвост
    </reg>
    <orig>
     хвостъ
    </orig>
   </choice>
   .
   <choice>
    <reg>
     Третий
    </reg>
    <orig>
     Третiй
    </orig>
   </choice>
   <choice>
    <reg>
     сказал
    </reg>
    <orig>
     сказалъ
    </orig>
   </choice>
   : они похожи на сучья;
   <choice>
    <reg>
     этот
    </reg>
    <orig>
     этотъ
    </orig>
   </choice>
   <choice>
    <reg>
     щупал
    </reg>
    <orig>
     щупалъ
    </orig>
   </choice>
   <choice>
    <reg>
     репицу
    </reg>
    <orig>
     рѣпицу
    </orig>
   </choice>
   .
   <choice>
    <reg>
     Тот
    </reg>
    <orig>
     Тотъ
    </orig>
   </choice>
   , что
   <choice>
    <reg>
     щупал
    </reg>
    <orig>
     щупалъ
    </orig>
   </choice>
   <choice>
    <reg>
     живот
    </reg>
    <orig>
     животъ
    </orig>
   </choice>
   ,
   <choice>
    <reg>
     сказал
    </reg>
    <orig>
     сказалъ
    </orig>
   </choice>
   : слоны похожи на кучу земли;
   <choice>
    <reg>
     тот
    </reg>
    <orig>
     тотъ
    </orig>
   </choice>
   что
   <choice>
    <reg>
     щупал
    </reg>
    <orig>
     щупалъ
    </orig>
   </choice>
   бока,
   <choice>
    <reg>
     сказал
    </reg>
    <orig>
     сказалъ
    </orig>
   </choice>
   : они похожи на
   <choice>
    <reg>
     стену
    </reg>
    <orig>
     стѣну
    </orig>
   </choice>
   ;
   <choice>
    <reg>
     тот
    </reg>
    <orig>
     тотъ
    </orig>
   </choice>
   , что
   <choice>
    <reg>
     щупал
    </reg>
    <orig>
     щупалъ
    </orig>
   </choice>
   спину,
   <choice>
    <reg>
     сказал
    </reg>
    <orig>
     сказалъ
    </orig>
   </choice>
   : они похожи на гору;
   <choice>
    <reg>
     тот
    </reg>
    <orig>
     тотъ
    </orig>
   </choice>
   , что
   <choice>
    <reg>
     щупал
    </reg>
    <orig>
     щупалъ
    </orig>
   </choice>
   уши,
   <choice>
    <reg>
     сказал
    </reg>
    <orig>
     сказалъ
    </orig>
   </choice>
   : они похожи на платки; тоть, что
   <choice>
    <reg>
     щупал
    </reg>
    <orig>
     щупалъ
    </orig>
   </choice>
   голову,
   <choice>
    <reg>
     сказал
    </reg>
    <orig>
     сказалъ
    </orig>
   </choice>
   : они похожи на ступу;
   <choice>
    <reg>
     тот
    </reg>
    <orig>
     тотъ
    </orig>
   </choice>
   , что
   <choice>
    <reg>
     щупал
    </reg>
    <orig>
     щупалъ
    </orig>
   </choice>
   клыки,
   <choice>
    <reg>
     сказал
    </reg>
    <orig>
     сказалъ
    </orig>
   </choice>
   : они похожи на рога;
   <choice>
    <reg>
     тот
    </reg>
    <orig>
     тотъ
    </orig>
   </choice>
   , что
   <choice>
    <reg>
     щупал
    </reg>
    <orig>
     щупалъ
    </orig>
   </choice>
   <choice>
    <reg>
     хобот
    </reg>
    <orig>
     хоботъ
    </orig>
   </choice>
   ,
   <choice>
    <reg>
     сказал
    </reg>
    <orig>
     сказалъ
    </orig>
   </choice>
   , что они похожи на толстую веревку.
  </p>
  <p rend="left" uuid="7363fd60-ed7a-4927-b58d-7a22fbbdd975">
   И
   <choice>
    <reg>
     все
    </reg>
   </choice>
   <choice>
    <reg>
     слепые
    </reg>
   </choice>
   стали спорить и ссориться.
  </p>
 </div>
</TEI>