<?xml version="1.0" encoding="utf-8"?>
<TEI xmlns="http://www.tei-c.org/ns/1.0" xmlns:xi="http://www.w3.org/2001/XInclude">
 <teiHeader>
  <fileDesc>
   <titleStmt>
    <title>
     Азбука. Книга I
    </title>
    <author>
     Толстой Л.Н.
    </author>
    <respStmt>
     <resp>
      подготовка TEI/XML
     </resp>
     <name>
      Мария Картышева, Евгений Можаев, Даниил Скоринкин, Елена Сидорова, Вероника Файнберг, Кирилл Милинцевич
     </name>
    </respStmt>
    <respStmt>
     <name>
      Анастасия Бонч-Осмоловская, Фёкла Толстая, Борис Орехов
     </name>
     <resp>
      Идея, постановка задач, руководство
     </resp>
    </respStmt>
   </titleStmt>
   <publicationStmt>
    <idno>
     Азбука  | Книга I
    </idno>
    <publisher>
     <orgName>
      Школа лингвистики НИУ ВШЭ
     </orgName>
    </publisher>
    <availability>
     <p>
      Тексты и метатекстовая разметка доступны для свободного использования и распространения по лицензии Creative Commons Attribution Share-Alike (cc by-sa)
     </p>
    </availability>
   </publicationStmt>
   <sourceDesc>
    <biblStruct>
     <analytic>
      <author>
       Толстой Л.Н.
      </author>
      <title level="a">
       Азбука. Книга I
      </title>
     </analytic>
     <monogr>
      <title level="m">
       Полное собрание сочинений. Том 22
      </title>
      <imprint>
       <pubPlace>
        Москва
       </pubPlace>
       <publisher>
        Государственное издательство "Художественная литература"
       </publisher>
       <date when="1871-1872"/>
      </imprint>
     </monogr>
     <series>
      <title level="s">
       Л.Н. Толстой. Полное собрание сочинений
      </title>
      <biblScope unit="vol">
       22
      </biblScope>
     </series>
    </biblStruct>
   </sourceDesc>
  </fileDesc>
  <encodingDesc>
   <classDecl>
    <xi:include href="taxonomy.xml"/>
   </classDecl>
  </encodingDesc>
  <profileDesc>
   <creation>
    <date notAfter="1872" notBefore="1871">
     1871-1872
    </date>
    <rs/>
   </creation>
   <textClass>
    <catRef target="#fiction" type="sphere"/>
    <catRef target="#произведения для детей" type="type"/>
    <catRef target="#works" type="works_letters_diaries"/>
    <catRef target="#азбука" type="ninetyDef"/>
    <catRef target="#Основное" type="main_var"/>
    <catRef target="#азбука" type="type_short"/>
    <catRef target="None" type="translation"/>
    <catRef target="None" type="translation_origin"/>
    <catRef target="#да" type="tolstoy_or_not"/>
    <catRef target="None" type="name_status"/>
   </textClass>
   <preparedness>
    finished
   </preparedness>
   <settingDesc>
    <time>
     XIX век
    </time>
   </settingDesc>
  </profileDesc>
  <xenoData>
   <cyclusName/>
   <p>
    Проект
    <title>
     Толстой.Digital
    </title>
    разрабатывается сотрудниками и студентами
    <orgName>
     Высшей школы экономики
    </orgName>
    в сотрудничестве с
    <orgName>
     Государственным музеем Л.Н. Толстого
    </orgName>
    . Источник текстов –
    <bibl>
     90-томное собрание сочинений Л.Н.Толстого
    </bibl>
    . Разметка основана на стандарте
    <ref target="http://www.tei-c.org">
     TEI (Text Encoding Initiative)
    </ref>
    .
   </p>
   <versionNumber/>
   <isFinished/>
   <isEdited/>
   <fullBibliographicDescription/>
  </xenoData>
 </teiHeader>
 <p rend="left emptyline">
  <pb n="233"/>
 </p>
 <div type="section" xml:id="ref115">
  <head rend="center">
   <hi rend="strong">
    <choice>
     <reg>
      УЖ
     </reg>
    </choice>
    .
   </hi>
  </head>
  <p rend="left" uuid="9e533307-0fc5-4b09-b3c6-2b241b8d5630">
   У одной женщины была дочь Маша. Маша пошла
   <choice>
    <reg>
     с
    </reg>
   </choice>
   подругами купаться.
   <choice>
    <reg>
     Девочки
    </reg>
   </choice>
   сняли рубашки, положили на
   <choice>
    <reg>
     берег
    </reg>
   </choice>
   и попрыгали
   <choice>
    <reg>
     в
    </reg>
   </choice>
   воду.
  </p>
  <p rend="left" uuid="e91d524a-8bc2-47b7-ad95-8a3b14c4494b">
   <choice>
    <reg>
     Из
    </reg>
   </choice>
   воды
   <choice>
    <reg>
     выполз
    </reg>
   </choice>
   большой
   <choice>
    <reg>
     уж
    </reg>
   </choice>
   и свернувшись
   <choice>
    <reg>
     лёг
    </reg>
   </choice>
   на машину рубашку.
   <choice>
    <reg>
     Девочки
    </reg>
   </choice>
   <choice>
    <reg>
     вылезли
    </reg>
   </choice>
   <choice>
    <reg>
     из
    </reg>
   </choice>
   воды,
   <choice>
    <reg>
     надели
    </reg>
   </choice>
   свои рубашки и
   <choice>
    <reg>
     побежали
    </reg>
   </choice>
   домой. Когда Маша подошла
   <choice>
    <reg>
     к
    </reg>
   </choice>
   своей
   <choice>
    <reg>
     рубашке
    </reg>
   </choice>
   и увидала, что на ней
   <choice>
    <reg>
     лежит
    </reg>
   </choice>
   <choice>
    <reg>
     ужак
    </reg>
   </choice>
   , она взяла палку и
   <choice>
    <reg>
     хотела
    </reg>
   </choice>
   согнать его, но
   <choice>
    <reg>
     уж
    </reg>
   </choice>
   <choice>
    <reg>
     поднял
    </reg>
   </choice>
   голову и
   <choice>
    <reg>
     засипел
    </reg>
   </choice>
   <choice>
    <reg>
     человечьим
    </reg>
   </choice>
   <choice>
    <reg>
     голосом
    </reg>
   </choice>
   .
  </p>
  <p rend="left" uuid="31f4397b-525a-4166-9bb3-551b8cc9b30e">
   «Маша, Маша,
   <choice>
    <reg>
     обещай
    </reg>
   </choice>
   за меня
   <choice>
    <reg>
     замуж
    </reg>
   </choice>
   ».
  </p>
  <p rend="left" uuid="7bef15b9-b398-4737-946d-0da77cc9c632">
   Маша заплакала и сказала «только отдай
   <choice>
    <reg>
     мне
    </reg>
   </choice>
   рубашку, а я всё
   <choice>
    <reg>
     сделаю
    </reg>
   </choice>
   ».
  </p>
  <p rend="left" uuid="6bbadc4c-0118-4056-b5c8-21e8112247ef">
   «Пойдёшь ли
   <choice>
    <reg>
     замуж
    </reg>
   </choice>
   ?»
  </p>
  <p rend="left" uuid="c8e32753-510d-44db-a051-4072801ebec0">
   Маша сказала: «пойду» И
   <choice>
    <reg>
     уж
    </reg>
   </choice>
   <choice>
    <reg>
     сполз
    </reg>
   </choice>
   <choice>
    <reg>
     с
    </reg>
   </choice>
   рубашки и
   <choice>
    <reg>
     ушел
    </reg>
   </choice>
   <choice>
    <reg>
     в
    </reg>
   </choice>
   воду.
  </p>
  <p rend="left" uuid="bd07c9c1-c5ed-4a11-90ab-d52b75fce135">
   Маша
   <choice>
    <reg>
     надела
    </reg>
   </choice>
   рубашку и
   <choice>
    <reg>
     побежала
    </reg>
   </choice>
   домой. Дома она сказала матери: «матушка,
   <choice>
    <reg>
     ужак
    </reg>
   </choice>
   <choice>
    <reg>
     лег
    </reg>
   </choice>
   на мою рубашку и
   <choice>
    <reg>
     сказал
    </reg>
   </choice>
   : иди за меня
   <choice>
    <reg>
     замуж
    </reg>
   </choice>
   , а то не
   <choice>
    <reg>
     отдам
    </reg>
   </choice>
   рубашки. Я ему
   <choice>
    <reg>
     обещала
    </reg>
   </choice>
   »
  </p>
  <p rend="left" uuid="4c99d6b1-593f-4651-b632-379e9da4e1d7">
   Мать
   <choice>
    <reg>
     посмеялась
    </reg>
   </choice>
   и сказала: «это
   <choice>
    <reg>
     тебе
    </reg>
   </choice>
   приснилось».
  </p>
  <p rend="left emptyline" uuid="ec6ee91e-ebaf-45ee-82e0-7680804c4e6f">
   <pb n="234"/>
  </p>
  <p rend="centerline" uuid="355e8405-9af8-4ced-ab2d-80ccff708365">
   — 32 —
  </p>
  <p rend="left" uuid="f4781e11-78f7-4642-b8c0-3deb7b27b284">
   <choice>
    <reg>
     Через
    </reg>
   </choice>
   <choice>
    <reg>
     неделю
    </reg>
   </choice>
   <choice>
    <reg>
     целое
    </reg>
   </choice>
   стадо ужей приползло кь машиному дому.
  </p>
  <p rend="left" uuid="e61c5c8e-d683-4492-b344-f0b957b0fbe7">
   Маша увидала ужей, испугалась и сказала: «матушка, за мной ужи приползли»
  </p>
  <p rend="left" uuid="f80b70bb-ab20-48fd-b95e-6bf3730efcac">
   Мать не
   <choice>
    <reg>
     поверила
    </reg>
   </choice>
   , но
   <choice>
    <reg>
     как
    </reg>
   </choice>
   увидала, сама испугалась и заперла
   <choice>
    <reg>
     сени
    </reg>
   </choice>
   и дверь
   <choice>
    <reg>
     в
    </reg>
   </choice>
   избу. Ужи проползли
   <choice>
    <reg>
     под
    </reg>
   </choice>
   ворота и вползли
   <choice>
    <reg>
     в
    </reg>
   </choice>
   <choice>
    <reg>
     сени
    </reg>
   </choice>
   , но не могли пройти
   <choice>
    <reg>
     в
    </reg>
   </choice>
   избу. Тогда они выползли
   <choice>
    <reg>
     назад
    </reg>
   </choice>
   ,
   <choice>
    <reg>
     все
    </reg>
   </choice>
   <choice>
    <reg>
     вместе
    </reg>
   </choice>
   свернулись
   <choice>
    <reg>
     клубком
    </reg>
   </choice>
   и бросились
   <choice>
    <reg>
     в
    </reg>
   </choice>
   окно. Они разбили стекло, упали на
   <choice>
    <reg>
     пол
    </reg>
   </choice>
   <choice>
    <reg>
     в
    </reg>
   </choice>
   избу я поползли по
   <choice>
    <reg>
     лавкам
    </reg>
   </choice>
   ,
   <choice>
    <reg>
     столам
    </reg>
   </choice>
   и на печку. Маша забилась
   <choice>
    <reg>
     в
    </reg>
   </choice>
   <choice>
    <reg>
     угол
    </reg>
   </choice>
   на печи, по ужи нашли её, стащили оттуда и повели
   <choice>
    <reg>
     к
    </reg>
   </choice>
   <choice>
    <reg>
     воде
    </reg>
   </choice>
   .
  </p>
  <p rend="left" uuid="1c0e976a-2428-465e-8a86-31398e79272e">
   Мать плакала и
   <choice>
    <reg>
     бежала
    </reg>
   </choice>
   за ними, но не догнала. Ужи
   <choice>
    <reg>
     вместе
    </reg>
   </choice>
   <choice>
    <reg>
     с
    </reg>
   </choice>
   Машей бросились
   <choice>
    <reg>
     в
    </reg>
   </choice>
   воду.
  </p>
  <p rend="left" uuid="dac23ed8-3184-452a-8cba-1c87717f0cf7">
   Мать плакала о дочери и думала, что она умерла.
  </p>
  <p rend="left" uuid="2c7a004a-e2ad-4fdb-90b5-24b664631814">
   Одинъ разъ мать сидѣла у окна и смотрѣла на улицу. Вдругъ она увидала, что къ ней идётъ ея Маша и ведетъ за руку маленькаго мальчика, а на рукахъ несётъ дѣвочку.
  </p>
  <p rend="left" uuid="96b97203-cb76-4706-b0f5-2f0c328b2683">
   Мать обрадовалась и стала цѣловать Машу и спрашивать её, гдѣ она была и чьи это дѣти? Маша сказала, что это ея дѣти, что ужъ взялъ её замужъ, и что она живётъ съ нимъ въ водяномъ царствѣ.
  </p>
  <p rend="left" uuid="a56a0fbf-d4ae-45e2-b772-91fae4bb5f8f">
   Мать спросила дочь, хорошо ли ей жить
   <choice>
    <reg>
     в
    </reg>
   </choice>
   <choice>
    <reg>
     водяном
    </reg>
   </choice>
   <choice>
    <reg>
     царстве
    </reg>
   </choice>
   , и дочь сказала, что лучше,
   <choice>
    <reg>
     чем
    </reg>
   </choice>
   на
   <choice>
    <reg>
     земле
    </reg>
   </choice>
   .
  </p>
  <p rend="left" uuid="8e121e31-3b4e-49f8-a823-f6830c6404ac">
   Мать просила Машу,
   <choice>
    <reg>
     чтоб
    </reg>
   </choice>
   она осталась
   <choice>
    <reg>
     с
    </reg>
   </choice>
   нею, но Маша не согласилась. Она сказала, что
   <choice>
    <reg>
     обещала
    </reg>
   </choice>
   мужу вернуться.
  </p>
  <p rend="left" uuid="d4abd807-bb57-4e41-96c8-7fd811906f98">
   Тогда мать спросила дочь:
  </p>
  <p rend="left emptyline" uuid="0ba95ddd-c149-43d4-8edc-88336c9e034e">
   <pb n="235"/>
  </p>
  <p rend="centerline" uuid="4cd2f3e3-295f-4e81-b6a3-e07254b7be21">
   — 33 —
  </p>
  <p rend="left" uuid="489bfd0f-4aaf-4dd8-9d7d-0221b1c06d13">
   «А
   <choice>
    <reg>
     как
    </reg>
   </choice>
   же ты домой пойдёшь?»
  </p>
  <p rend="left" uuid="a7500c23-ee96-4ec4-859d-ed3b96dead2f">
   «Пойду, покличу: «
   <choice>
    <reg>
     Осип
    </reg>
   </choice>
   ,
   <choice>
    <reg>
     Осип
    </reg>
   </choice>
   , выйди сюда и возьми меня»;
   <choice>
    <reg>
     он
    </reg>
   </choice>
   и
   <choice>
    <reg>
     выйдет
    </reg>
   </choice>
   на
   <choice>
    <reg>
     берег
    </reg>
   </choice>
   и
   <choice>
    <reg>
     возьмёт
    </reg>
   </choice>
   меня».
  </p>
  <p rend="left" uuid="b97935af-c015-49b5-8ae5-8499e3a8bead">
   Мать сказала тогда
   <choice>
    <reg>
     Маше
    </reg>
   </choice>
   : «ну, хорошо, только переночуй у меня».
  </p>
  <p rend="left" uuid="1283ba61-4eaa-43c3-a7db-0ef708728d98">
   Маша легла и заснула, а мать взяла
   <choice>
    <reg>
     топор
    </reg>
   </choice>
   и пошла
   <choice>
    <reg>
     к
    </reg>
   </choice>
   <choice>
    <reg>
     воде
    </reg>
   </choice>
   .
  </p>
  <p rend="left" uuid="6f262b0d-9d02-44f2-b3bb-70ce688fcd73">
   Она пришла
   <choice>
    <reg>
     к
    </reg>
   </choice>
   <choice>
    <reg>
     воде
    </reg>
   </choice>
   и стала звать: «
   <choice>
    <reg>
     Осип
    </reg>
   </choice>
   ,
   <choice>
    <reg>
     Осип
    </reg>
   </choice>
   , выйди сюда».
  </p>
  <p rend="left" uuid="5b0308b9-e9b8-4c2b-bf9a-2782e1956ccb">
   <choice>
    <reg>
     Уж
    </reg>
   </choice>
   <choice>
    <reg>
     выплыл
    </reg>
   </choice>
   на
   <choice>
    <reg>
     берег
    </reg>
   </choice>
   . Тогда мать ударила его
   <choice>
    <reg>
     топором
    </reg>
   </choice>
   и отрубила голову. Вода
   <choice>
    <reg>
     сделалась
    </reg>
   </choice>
   красною
   <choice>
    <reg>
     от
    </reg>
   </choice>
   крови.
  </p>
  <p rend="left" uuid="36bf01f9-1b0b-4a2f-b5e1-de16636bb8d7">
   Мать пришла домой, а дочь проснулась и говорить: «я пойду домой, матушка;
   <choice>
    <reg>
     мне
    </reg>
   </choice>
   скучно стало» и она пошла.
  </p>
  <p rend="left" uuid="4272cadc-d1f9-447d-b3ba-0eb265dd0046">
   Маша взяла
   <choice>
    <reg>
     девочку
    </reg>
   </choice>
   на руки, а мальчика повела за руку.
  </p>
  <p rend="left" uuid="c2cb122a-683d-4a3a-a08e-a8ec658e37a0">
   Когда она пришла
   <choice>
    <reg>
     к
    </reg>
   </choice>
   <choice>
    <reg>
     воде
    </reg>
   </choice>
   , она стала кликать: «
   <choice>
    <reg>
     Осип
    </reg>
   </choice>
   ,
   <choice>
    <reg>
     Осип
    </reg>
   </choice>
   , выйди ко
   <choice>
    <reg>
     мне
    </reg>
   </choice>
   ». Но никто не
   <choice>
    <reg>
     выходил
    </reg>
   </choice>
   .
  </p>
  <p rend="left" uuid="3f973669-2596-4f0d-a54a-da5297b2be3a">
   Тогда она
   <choice>
    <reg>
     посмотрела
    </reg>
   </choice>
   на воду и увидала, что вода красная и ужовая голова
   <choice>
    <reg>
     плавает
    </reg>
   </choice>
   по ней.
  </p>
  <p rend="left" uuid="7519a6e0-d7c8-4110-9f72-8ea16a3d4e26">
   Тогда Маша
   <choice>
    <reg>
     поделовала
    </reg>
   </choice>
   дочь и сына, и сказала
   <choice>
    <reg>
     им
    </reg>
   </choice>
   : «
   <choice>
    <reg>
     Нет
    </reg>
   </choice>
   у
   <choice>
    <reg>
     вас
    </reg>
   </choice>
   батюшки, не
   <choice>
    <reg>
     будет
    </reg>
   </choice>
   у
   <choice>
    <reg>
     вас
    </reg>
   </choice>
   и матушки. Ты, дочка, будь птичкой ласточкой, летай
   <choice>
    <reg>
     над
    </reg>
   </choice>
   водой; ты,
   <choice>
    <reg>
     сынок
    </reg>
   </choice>
   , будь
   <choice>
    <reg>
     соловейчиком
    </reg>
   </choice>
   ,
   <choice>
    <reg>
     распевай
    </reg>
   </choice>
   по
   <choice>
    <reg>
     зарям
    </reg>
   </choice>
   ; а я буду кукушечкой, буду куковать по убитому по своему мужу». И они
   <choice>
    <reg>
     все
    </reg>
   </choice>
   <choice>
    <reg>
     разлетелись
    </reg>
   </choice>
   <choice>
    <reg>
     в
    </reg>
   </choice>
   <choice>
    <reg>
     разные
    </reg>
   </choice>
   стороны.
  </p>
  <p rend="left emptyline" uuid="9625d95f-dcfc-4c4b-829f-9e8052ed5827">
   <pb n="236"/>
  </p>
  <p rend="centerline" uuid="da24e175-1224-4ad6-8775-b66d2aab6c56">
   — 34 —
  </p>
 </div>
</TEI>