<?xml version="1.0" encoding="utf-8"?>
<TEI xmlns="http://www.tei-c.org/ns/1.0" xmlns:xi="http://www.w3.org/2001/XInclude">
 <teiHeader>
  <fileDesc>
   <titleStmt>
    <title>
     Азбука. Книга I
    </title>
    <author>
     Толстой Л.Н.
    </author>
    <respStmt>
     <resp>
      подготовка TEI/XML
     </resp>
     <name>
      Мария Картышева, Евгений Можаев, Даниил Скоринкин, Елена Сидорова, Вероника Файнберг, Кирилл Милинцевич
     </name>
    </respStmt>
    <respStmt>
     <name>
      Анастасия Бонч-Осмоловская, Фёкла Толстая, Борис Орехов
     </name>
     <resp>
      Идея, постановка задач, руководство
     </resp>
    </respStmt>
   </titleStmt>
   <publicationStmt>
    <idno>
     Азбука  | Книга I
    </idno>
    <publisher>
     <orgName>
      Школа лингвистики НИУ ВШЭ
     </orgName>
    </publisher>
    <availability>
     <p>
      Тексты и метатекстовая разметка доступны для свободного использования и распространения по лицензии Creative Commons Attribution Share-Alike (cc by-sa)
     </p>
    </availability>
   </publicationStmt>
   <sourceDesc>
    <biblStruct>
     <analytic>
      <author>
       Толстой Л.Н.
      </author>
      <title level="a">
       Азбука. Книга I
      </title>
     </analytic>
     <monogr>
      <title level="m">
       Полное собрание сочинений. Том 22
      </title>
      <imprint>
       <pubPlace>
        Москва
       </pubPlace>
       <publisher>
        Государственное издательство "Художественная литература"
       </publisher>
       <date when="1871-1872"/>
      </imprint>
     </monogr>
     <series>
      <title level="s">
       Л.Н. Толстой. Полное собрание сочинений
      </title>
      <biblScope unit="vol">
       22
      </biblScope>
     </series>
    </biblStruct>
   </sourceDesc>
  </fileDesc>
  <encodingDesc>
   <classDecl>
    <xi:include href="taxonomy.xml"/>
   </classDecl>
  </encodingDesc>
  <profileDesc>
   <creation>
    <date notAfter="1872" notBefore="1871">
     1871-1872
    </date>
    <rs/>
   </creation>
   <textClass>
    <catRef target="#fiction" type="sphere"/>
    <catRef target="#произведения для детей" type="type"/>
    <catRef target="#works" type="works_letters_diaries"/>
    <catRef target="#азбука" type="ninetyDef"/>
    <catRef target="#Основное" type="main_var"/>
    <catRef target="#азбука" type="type_short"/>
    <catRef target="None" type="translation"/>
    <catRef target="None" type="translation_origin"/>
    <catRef target="#да" type="tolstoy_or_not"/>
    <catRef target="None" type="name_status"/>
   </textClass>
   <preparedness>
    finished
   </preparedness>
   <settingDesc>
    <time>
     XIX век
    </time>
   </settingDesc>
  </profileDesc>
  <xenoData>
   <cyclusName/>
   <p>
    Проект
    <title>
     Толстой.Digital
    </title>
    разрабатывается сотрудниками и студентами
    <orgName>
     Высшей школы экономики
    </orgName>
    в сотрудничестве с
    <orgName>
     Государственным музеем Л.Н. Толстого
    </orgName>
    . Источник текстов –
    <bibl>
     90-томное собрание сочинений Л.Н.Толстого
    </bibl>
    . Разметка основана на стандарте
    <ref target="http://www.tei-c.org">
     TEI (Text Encoding Initiative)
    </ref>
    .
   </p>
   <versionNumber/>
   <isFinished/>
   <isEdited/>
   <fullBibliographicDescription/>
  </xenoData>
 </teiHeader>
 <p rend="left emptyline">
  <pb n="568"/>
 </p>
 <div type="section" xml:id="ref246">
  <head rend="center">
   <hi rend="strong">
    ЦАРЬ И РУБАШКА.
   </hi>
  </head>
  <p rend="left" uuid="78cdab2f-f563-4076-a8a9-9e45ae36d000">
   <choice>
    <reg>
     Один
    </reg>
   </choice>
   Царь
   <choice>
    <reg>
     был
    </reg>
   </choice>
   <choice>
    <reg>
     болен
    </reg>
   </choice>
   и
   <choice>
    <reg>
     сказал
    </reg>
   </choice>
   : «половину царства
   <choice>
    <reg>
     отдам
    </reg>
   </choice>
   тому, кто меня
   <choice>
    <reg>
     вылечит
    </reg>
   </choice>
   ». Тогда собрались
   <choice>
    <reg>
     все
    </reg>
   </choice>
   мудрецы и стали судить,
   <choice>
    <reg>
     как
    </reg>
   </choice>
   Царя
   <choice>
    <reg>
     вылечить
    </reg>
   </choice>
   . Никто не
   <choice>
    <reg>
     знал
    </reg>
   </choice>
   .
   <choice>
    <reg>
     Один
    </reg>
   </choice>
   только
   <choice>
    <reg>
     мудрец
    </reg>
   </choice>
   <choice>
    <reg>
     сказал
    </reg>
   </choice>
   , что Царя можно
   <choice>
    <reg>
     вылечить
    </reg>
   </choice>
   .
   <choice>
    <reg>
     Он
    </reg>
   </choice>
   <choice>
    <reg>
     сказал
    </reg>
   </choice>
   : если найти
   <choice>
    <reg>
     счастливого
    </reg>
   </choice>
   <choice>
    <reg>
     человека
    </reg>
   </choice>
   , снять
   <choice>
    <reg>
     с
    </reg>
   </choice>
   него рубашку и
   <choice>
    <reg>
     надеть
    </reg>
   </choice>
   на Царя, — Царь
   <choice>
    <reg>
     выздоровеет
    </reg>
   </choice>
   . Царь и
   <choice>
    <reg>
     послал
    </reg>
   </choice>
   искать по своему царству
   <choice>
    <reg>
     счастливого
    </reg>
   </choice>
   <choice>
    <reg>
     человека
    </reg>
   </choice>
   ; но послы Царя долго
   <choice>
    <reg>
     ездили
    </reg>
   </choice>
   по всему царству и не могли найти
   <choice>
    <reg>
     счастливого
    </reg>
   </choice>
   <choice>
    <reg>
     человека
    </reg>
   </choice>
   . Не было ни одного такого, чтобы
   <choice>
    <reg>
     всем
    </reg>
   </choice>
   <choice>
    <reg>
     был
    </reg>
   </choice>
   <choice>
    <reg>
     доволен
    </reg>
   </choice>
   . Кто
   <choice>
    <reg>
     богат
    </reg>
   </choice>
   , да
   <choice>
    <reg>
     хворает
    </reg>
   </choice>
   ; кто
   <choice>
    <reg>
     здоров
    </reg>
   </choice>
   , да
   <choice>
    <reg>
     беден
    </reg>
   </choice>
   , кто и
   <choice>
    <reg>
     здоров
    </reg>
   </choice>
   и
   <choice>
    <reg>
     богат
    </reg>
   </choice>
   , да жена не хороша; а у кого
   <choice>
    <reg>
     дети
    </reg>
   </choice>
   не хороши —
   <choice>
    <reg>
     все
    </reg>
   </choice>
   на что-нибудь да жалуются.
   <choice>
    <reg>
     Один
    </reg>
   </choice>
   <choice>
    <reg>
     раз
    </reg>
   </choice>
   <choice>
    <reg>
     идет
    </reg>
   </choice>
   поздно
   <choice>
    <reg>
     вечером
    </reg>
   </choice>
   <choice>
    <reg>
     царский
    </reg>
   </choice>
   <choice>
    <reg>
     сын
    </reg>
   </choice>
   мимо избушки, и слышно ему — кто-то
   <choice>
    <reg>
     говорит
    </reg>
   </choice>
   : «
   <choice>
    <reg>
     вот
    </reg>
   </choice>
   , слава Богу; наработался,
   <choice>
    <reg>
     наелся
    </reg>
   </choice>
   и спать лягу; чего
   <choice>
    <reg>
     мне
    </reg>
   </choice>
   еще нужно?»
   <choice>
    <reg>
     Царский
    </reg>
   </choice>
   <choice>
    <reg>
     сын
    </reg>
   </choice>
   обрадовался,
   <choice>
    <reg>
     велел
    </reg>
   </choice>
   снять
   <choice>
    <reg>
     с
    </reg>
   </choice>
   этого
   <choice>
    <reg>
     человека
    </reg>
   </choice>
   рубашку, а ему дать за это
   <choice>
    <reg>
     денег
    </reg>
   </choice>
   , сколько
   <choice>
    <reg>
     он
    </reg>
   </choice>
   <choice>
    <reg>
     захочет
    </reg>
   </choice>
   , а рубашку отнести
   <choice>
    <reg>
     к
    </reg>
   </choice>
   Царю. Посланные пришли
   <choice>
    <reg>
     к
    </reg>
   </choice>
   счастливому
   <choice>
    <reg>
     человеку
    </reg>
   </choice>
   и
   <choice>
    <reg>
     хотели
    </reg>
   </choice>
   <choice>
    <reg>
     с
    </reg>
   </choice>
   него снять рубашку;
  </p>
  <p rend="left emptyline" uuid="88d79fc4-08a5-42f0-9cea-dabcc21fc063">
   <pb n="569"/>
  </p>
  <p rend="centerline" uuid="8257e66e-9aee-4c3e-869e-911baefb806c">
   — 9 —
  </p>
  <p rend="notindent" uuid="44897d14-f461-43fd-bce9-646f9dd6fe18">
   но счастливый
   <choice>
    <reg>
     был
    </reg>
   </choice>
   <choice>
    <reg>
     так
    </reg>
   </choice>
   <choice>
    <reg>
     беден
    </reg>
   </choice>
   , что на
   <choice>
    <reg>
     нем
    </reg>
   </choice>
   не было рубашки.
  </p>
 </div>
</TEI>