<?xml version="1.0" encoding="utf-8"?>
<TEI xmlns="http://www.tei-c.org/ns/1.0" xmlns:xi="http://www.w3.org/2001/XInclude">
 <teiHeader>
  <fileDesc>
   <titleStmt>
    <title>
     Азбука. Книга I
    </title>
    <author>
     Толстой Л.Н.
    </author>
    <respStmt>
     <resp>
      подготовка TEI/XML
     </resp>
     <name>
      Мария Картышева, Евгений Можаев, Даниил Скоринкин, Елена Сидорова, Вероника Файнберг, Кирилл Милинцевич
     </name>
    </respStmt>
    <respStmt>
     <name>
      Анастасия Бонч-Осмоловская, Фёкла Толстая, Борис Орехов
     </name>
     <resp>
      Идея, постановка задач, руководство
     </resp>
    </respStmt>
   </titleStmt>
   <publicationStmt>
    <idno>
     Азбука  | Книга I
    </idno>
    <publisher>
     <orgName>
      Школа лингвистики НИУ ВШЭ
     </orgName>
    </publisher>
    <availability>
     <p>
      Тексты и метатекстовая разметка доступны для свободного использования и распространения по лицензии Creative Commons Attribution Share-Alike (cc by-sa)
     </p>
    </availability>
   </publicationStmt>
   <sourceDesc>
    <biblStruct>
     <analytic>
      <author>
       Толстой Л.Н.
      </author>
      <title level="a">
       Азбука. Книга I
      </title>
     </analytic>
     <monogr>
      <title level="m">
       Полное собрание сочинений. Том 22
      </title>
      <imprint>
       <pubPlace>
        Москва
       </pubPlace>
       <publisher>
        Государственное издательство "Художественная литература"
       </publisher>
       <date when="1871-1872"/>
      </imprint>
     </monogr>
     <series>
      <title level="s">
       Л.Н. Толстой. Полное собрание сочинений
      </title>
      <biblScope unit="vol">
       22
      </biblScope>
     </series>
    </biblStruct>
   </sourceDesc>
  </fileDesc>
  <encodingDesc>
   <classDecl>
    <xi:include href="taxonomy.xml"/>
   </classDecl>
  </encodingDesc>
  <profileDesc>
   <creation>
    <date notAfter="1872" notBefore="1871">
     1871-1872
    </date>
    <rs/>
   </creation>
   <textClass>
    <catRef target="#fiction" type="sphere"/>
    <catRef target="#произведения для детей" type="type"/>
    <catRef target="#works" type="works_letters_diaries"/>
    <catRef target="#азбука" type="ninetyDef"/>
    <catRef target="#Основное" type="main_var"/>
    <catRef target="#азбука" type="type_short"/>
    <catRef target="None" type="translation"/>
    <catRef target="None" type="translation_origin"/>
    <catRef target="#да" type="tolstoy_or_not"/>
    <catRef target="None" type="name_status"/>
   </textClass>
   <preparedness>
    finished
   </preparedness>
   <settingDesc>
    <time>
     XIX век
    </time>
   </settingDesc>
  </profileDesc>
  <xenoData>
   <cyclusName/>
   <p>
    Проект
    <title>
     Толстой.Digital
    </title>
    разрабатывается сотрудниками и студентами
    <orgName>
     Высшей школы экономики
    </orgName>
    в сотрудничестве с
    <orgName>
     Государственным музеем Л.Н. Толстого
    </orgName>
    . Источник текстов –
    <bibl>
     90-томное собрание сочинений Л.Н.Толстого
    </bibl>
    . Разметка основана на стандарте
    <ref target="http://www.tei-c.org">
     TEI (Text Encoding Initiative)
    </ref>
    .
   </p>
   <versionNumber/>
   <isFinished/>
   <isEdited/>
   <fullBibliographicDescription/>
  </xenoData>
 </teiHeader>
 <p rend="left emptyline">
  <pb n="205"/>
 </p>
 <div type="section" xml:id="ref86">
  <head rend="center">
   <hi rend="strong">
    <choice>
     <reg>
      САДОВНИК
     </reg>
    </choice>
    И СЫНОВЬЯ.
   </hi>
  </head>
  <p rend="left" uuid="d6f5076d-1024-4ac9-bdaa-47431d9743d2">
   <choice>
    <reg>
     Хотел
    </reg>
   </choice>
   <choice>
    <reg>
     садовник
    </reg>
   </choice>
   сыновей
   <choice>
    <reg>
     приучить
    </reg>
   </choice>
   <choice>
    <reg>
     к
    </reg>
   </choice>
   садовому
   <choice>
    <reg>
     делу
    </reg>
   </choice>
   . Когда
   <choice>
    <reg>
     он
    </reg>
   </choice>
   <choice>
    <reg>
     стал
    </reg>
   </choice>
   умирать,
   <choice>
    <reg>
     позвал
    </reg>
   </choice>
   <choice>
    <reg>
     их
    </reg>
   </choice>
   и
   <choice>
    <reg>
     сказал
    </reg>
   </choice>
   :
  </p>
  <p rend="left" uuid="8e7d4337-be70-4d51-a366-5266ec51a9a9">
   «
   <choice>
    <reg>
     Вот
    </reg>
   </choice>
   <choice>
    <reg>
     дети
    </reg>
   </choice>
   , когда я умру, вы
   <choice>
    <reg>
     в
    </reg>
   </choice>
   <choice>
    <reg>
     виноградном
    </reg>
   </choice>
   саду поищите, чтó
   <choice>
    <reg>
     там
    </reg>
   </choice>
   спрятано».
  </p>
  <p rend="left emptyline" uuid="e0168e3f-340f-4411-b900-b6919a90cc28">
   <pb n="206"/>
  </p>
  <p rend="centerline" uuid="3db70143-504a-48d7-99c0-b37f3e225c0c">
   — 4 —
  </p>
  <p rend="left" uuid="74e43345-65e6-42ae-b446-684fd7a17a61">
   <choice>
    <reg>
     Дети
    </reg>
   </choice>
   подумали, что
   <choice>
    <reg>
     там
    </reg>
   </choice>
   <choice>
    <reg>
     клад
    </reg>
   </choice>
   , и когда
   <choice>
    <reg>
     отец
    </reg>
   </choice>
   <choice>
    <reg>
     умер
    </reg>
   </choice>
   , стали рыть и всю землю перекопали. Клада не нашли, а землю
   <choice>
    <reg>
     в
    </reg>
   </choice>
   <choice>
    <reg>
     винограднике
    </reg>
   </choice>
   <choice>
    <reg>
     так
    </reg>
   </choice>
   хорошо перекопали, что стало плода родиться много больше.
  </p>
 </div>
</TEI>