<?xml version="1.0" encoding="utf-8"?>
<TEI xmlns="http://www.tei-c.org/ns/1.0" xmlns:xi="http://www.w3.org/2001/XInclude">
 <teiHeader>
  <fileDesc>
   <titleStmt>
    <title>
     Азбука. Книга I
    </title>
    <author>
     Толстой Л.Н.
    </author>
    <respStmt>
     <resp>
      подготовка TEI/XML
     </resp>
     <name>
      Мария Картышева, Евгений Можаев, Даниил Скоринкин, Елена Сидорова, Вероника Файнберг, Кирилл Милинцевич
     </name>
    </respStmt>
    <respStmt>
     <name>
      Анастасия Бонч-Осмоловская, Фёкла Толстая, Борис Орехов
     </name>
     <resp>
      Идея, постановка задач, руководство
     </resp>
    </respStmt>
   </titleStmt>
   <publicationStmt>
    <idno>
     Азбука  | Книга I
    </idno>
    <publisher>
     <orgName>
      Школа лингвистики НИУ ВШЭ
     </orgName>
    </publisher>
    <availability>
     <p>
      Тексты и метатекстовая разметка доступны для свободного использования и распространения по лицензии Creative Commons Attribution Share-Alike (cc by-sa)
     </p>
    </availability>
   </publicationStmt>
   <sourceDesc>
    <biblStruct>
     <analytic>
      <author>
       Толстой Л.Н.
      </author>
      <title level="a">
       Азбука. Книга I
      </title>
     </analytic>
     <monogr>
      <title level="m">
       Полное собрание сочинений. Том 22
      </title>
      <imprint>
       <pubPlace>
        Москва
       </pubPlace>
       <publisher>
        Государственное издательство "Художественная литература"
       </publisher>
       <date when="1871-1872"/>
      </imprint>
     </monogr>
     <series>
      <title level="s">
       Л.Н. Толстой. Полное собрание сочинений
      </title>
      <biblScope unit="vol">
       22
      </biblScope>
     </series>
    </biblStruct>
   </sourceDesc>
  </fileDesc>
  <encodingDesc>
   <classDecl>
    <xi:include href="taxonomy.xml"/>
   </classDecl>
  </encodingDesc>
  <profileDesc>
   <creation>
    <date notAfter="1872" notBefore="1871">
     1871-1872
    </date>
    <rs/>
   </creation>
   <textClass>
    <catRef target="#fiction" type="sphere"/>
    <catRef target="#произведения для детей" type="type"/>
    <catRef target="#works" type="works_letters_diaries"/>
    <catRef target="#азбука" type="ninetyDef"/>
    <catRef target="#Основное" type="main_var"/>
    <catRef target="#азбука" type="type_short"/>
    <catRef target="None" type="translation"/>
    <catRef target="None" type="translation_origin"/>
    <catRef target="#да" type="tolstoy_or_not"/>
    <catRef target="None" type="name_status"/>
   </textClass>
   <preparedness>
    finished
   </preparedness>
   <settingDesc>
    <time>
     XIX век
    </time>
   </settingDesc>
  </profileDesc>
  <xenoData>
   <cyclusName/>
   <p>
    Проект
    <title>
     Толстой.Digital
    </title>
    разрабатывается сотрудниками и студентами
    <orgName>
     Высшей школы экономики
    </orgName>
    в сотрудничестве с
    <orgName>
     Государственным музеем Л.Н. Толстого
    </orgName>
    . Источник текстов –
    <bibl>
     90-томное собрание сочинений Л.Н.Толстого
    </bibl>
    . Разметка основана на стандарте
    <ref target="http://www.tei-c.org">
     TEI (Text Encoding Initiative)
    </ref>
    .
   </p>
   <versionNumber/>
   <isFinished/>
   <isEdited/>
   <fullBibliographicDescription/>
  </xenoData>
 </teiHeader>
 <p rend="left emptyline">
  <pb n="642"/>
 </p>
 <div type="section" xml:id="ref264">
  <head rend="center">
   <hi rend="strong">
    <choice>
     <reg>
      РАССКАЗ
     </reg>
    </choice>
    АЭРОНАВТА.
   </hi>
  </head>
  <p rend="left" uuid="21eb9957-cc43-4960-93e2-0d926ff2e42f">
   <choice>
    <reg>
     Народ
    </reg>
   </choice>
   собрался
   <choice>
    <reg>
     смотреть
    </reg>
   </choice>
   на то,
   <choice>
    <reg>
     как
    </reg>
   </choice>
   я полечу.
   <choice>
    <reg>
     Шар
    </reg>
   </choice>
   <choice>
    <reg>
     был
    </reg>
   </choice>
   <choice>
    <reg>
     готов
    </reg>
   </choice>
   .
   <choice>
    <reg>
     Он
    </reg>
   </choice>
   <choice>
    <reg>
     подрагивал
    </reg>
   </choice>
   , рвался
   <choice>
    <reg>
     вверх
    </reg>
   </choice>
   на
   <choice>
    <reg>
     четырех
    </reg>
   </choice>
   <choice>
    <reg>
     канатах
    </reg>
   </choice>
   и то морщился, то надувался. Я простился
   <choice>
    <reg>
     с
    </reg>
   </choice>
   своими,
   <choice>
    <reg>
     сел
    </reg>
   </choice>
   <choice>
    <reg>
     в
    </reg>
   </choice>
   лодку,
   <choice>
    <reg>
     осмотрел
    </reg>
   </choice>
   ,
   <choice>
    <reg>
     все
    </reg>
   </choice>
   ли мои припасы были по
   <choice>
    <reg>
     местам
    </reg>
   </choice>
   , и
   <choice>
    <reg>
     закричал
    </reg>
   </choice>
   : «пускай!» Канаты
   <choice>
    <reg>
     подрезали
    </reg>
   </choice>
   , и
   <choice>
    <reg>
     шар
    </reg>
   </choice>
   поднялся кверху сначала тихо, —
   <choice>
    <reg>
     как
    </reg>
   </choice>
   <choice>
    <reg>
     жеребец
    </reg>
   </choice>
   сорвался
   <choice>
    <reg>
     с
    </reg>
   </choice>
   привязи и оглядывался, — и
   <choice>
    <reg>
     вдруг
    </reg>
   </choice>
   <choice>
    <reg>
     дернул
    </reg>
   </choice>
   кверху и
   <choice>
    <reg>
     полетел
    </reg>
   </choice>
   <choice>
    <reg>
     так
    </reg>
   </choice>
   , что дрогнула и закачалась лодка. Внизу захлопали
   <choice>
    <reg>
     в
    </reg>
   </choice>
   ладоши, закричали и замахали платками и шляпами. Я
   <choice>
    <reg>
     взмахнул
    </reg>
   </choice>
   <choice>
    <reg>
     им
    </reg>
   </choice>
   шляпой, и не
   <choice>
    <reg>
     успел
    </reg>
   </choice>
   опять
   <choice>
    <reg>
     надеть
    </reg>
   </choice>
   её,
   <choice>
    <reg>
     как
    </reg>
   </choice>
   <choice>
    <reg>
     уж
    </reg>
   </choice>
   я
   <choice>
    <reg>
     был
    </reg>
   </choice>
   <choice>
    <reg>
     так
    </reg>
   </choice>
   высоко, что
   <choice>
    <reg>
     с
    </reg>
   </choice>
   <choice>
    <reg>
     трудом
    </reg>
   </choice>
   <choice>
    <reg>
     мог
    </reg>
   </choice>
   разобрать людей. Первую минуту
   <choice>
    <reg>
     мне
    </reg>
   </choice>
   стало жутко, и
   <choice>
    <reg>
     мороз
    </reg>
   </choice>
   <choice>
    <reg>
     пробежал
    </reg>
   </choice>
   по
   <choice>
    <reg>
     жилам
    </reg>
   </choice>
   ; но
   <choice>
    <reg>
     потом
    </reg>
   </choice>
   <choice>
    <reg>
     вдруг
    </reg>
   </choice>
   <choice>
    <reg>
     так
    </reg>
   </choice>
   стало весело на
   <choice>
    <reg>
     душе
    </reg>
   </choice>
   , что я
   <choice>
    <reg>
     забыл
    </reg>
   </choice>
   бояться.
   <choice>
    <reg>
     Мне
    </reg>
   </choice>
   <choice>
    <reg>
     уж
    </reg>
   </choice>
   чуть
   <choice>
    <reg>
     слышен
    </reg>
   </choice>
   <choice>
    <reg>
     был
    </reg>
   </choice>
   <choice>
    <reg>
     шум
    </reg>
   </choice>
   <choice>
    <reg>
     в
    </reg>
   </choice>
   <choice>
    <reg>
     городе
    </reg>
   </choice>
   .
   <choice>
    <reg>
     Как
    </reg>
   </choice>
   пчелы
   <choice>
    <reg>
     шумел
    </reg>
   </choice>
   <choice>
    <reg>
     народ
    </reg>
   </choice>
   внизу. Улицы, дома,
   <choice>
    <reg>
     река
    </reg>
   </choice>
   , сады
   <choice>
    <reg>
     в
    </reg>
   </choice>
   <choice>
    <reg>
     городе
    </reg>
   </choice>
   <choice>
    <reg>
     виднелись
    </reg>
   </choice>
   <choice>
    <reg>
     мне
    </reg>
   </choice>
   внизу
   <choice>
    <reg>
     как
    </reg>
   </choice>
   на
   <choice>
    <reg>
     картинке
    </reg>
   </choice>
   .
  </p>
  <p rend="left emptyline" uuid="e26855de-0ede-4154-a0c3-e53f1e175710">
   <pb n="643"/>
  </p>
  <p rend="centerline" uuid="20fb2a93-181e-49ee-9bfe-894af4e9f932">
   — 83 —
  </p>
  <p rend="left" uuid="1da43ca8-00a2-4b39-9fa4-9583f3a5fa68">
   <choice>
    <reg>
     Мне
    </reg>
   </choice>
   казалось, что я царь
   <choice>
    <reg>
     над
    </reg>
   </choice>
   <choice>
    <reg>
     всем
    </reg>
   </choice>
   <choice>
    <reg>
     городом
    </reg>
   </choice>
   и
   <choice>
    <reg>
     народом
    </reg>
   </choice>
   , —
   <choice>
    <reg>
     так
    </reg>
   </choice>
   <choice>
    <reg>
     мне
    </reg>
   </choice>
   весело было на верху. Я шибко поднимался кверху, — только подрагивали веревки
   <choice>
    <reg>
     в
    </reg>
   </choice>
   <choice>
    <reg>
     лодке
    </reg>
   </choice>
   , да
   <choice>
    <reg>
     раз
    </reg>
   </choice>
   <choice>
    <reg>
     налетел
    </reg>
   </choice>
   на меня
   <choice>
    <reg>
     ветер
    </reg>
   </choice>
   ,
   <choice>
    <reg>
     перевернул
    </reg>
   </choice>
   меня два раза на
   <choice>
    <reg>
     месте
    </reg>
   </choice>
   ; но
   <choice>
    <reg>
     потом
    </reg>
   </choice>
   опять не слыхать было, лечу ли я, или стою на
   <choice>
    <reg>
     месте
    </reg>
   </choice>
   . Я только потому
   <choice>
    <reg>
     замечал
    </reg>
   </choice>
   , что лечу кверху, что все меньше и меньше становилась подо мной картинка города, и дальше становилось видно. Земля точно росла подо мной, становилась шире и шире, и
   <choice>
    <reg>
     вдруг
    </reg>
   </choice>
   я
   <choice>
    <reg>
     заметил
    </reg>
   </choice>
   , что земля подо мной стала
   <choice>
    <reg>
     как
    </reg>
   </choice>
   чашка. Края были выпуклые, — на
   <choice>
    <reg>
     дне
    </reg>
   </choice>
   чашки
   <choice>
    <reg>
     был
    </reg>
   </choice>
   <choice>
    <reg>
     город
    </reg>
   </choice>
   .
   <choice>
    <reg>
     Мне
    </reg>
   </choice>
   <choice>
    <reg>
     веселее
    </reg>
   </choice>
   и
   <choice>
    <reg>
     веселее
    </reg>
   </choice>
   становилось. Весело и легко было дышать и
   <choice>
    <reg>
     хотелось
    </reg>
   </choice>
   <choice>
    <reg>
     петь
    </reg>
   </choice>
   . Я
   <choice>
    <reg>
     запел
    </reg>
   </choice>
   , но
   <choice>
    <reg>
     голос
    </reg>
   </choice>
   мой
   <choice>
    <reg>
     был
    </reg>
   </choice>
   такой слабый, что я удивился и испугался своему голосу.
  </p>
  <p rend="left" uuid="ea941a6f-4640-4f83-aba6-7273e5a3b920">
   Солнце еще стояло высоко, но на
   <choice>
    <reg>
     закате
    </reg>
   </choice>
   тянулась туча, — и
   <choice>
    <reg>
     вдруг
    </reg>
   </choice>
   она закрыла солнце.
   <choice>
    <reg>
     Мне
    </reg>
   </choice>
   опять стало жутко, и я,
   <choice>
    <reg>
     чтоб
    </reg>
   </choice>
   заняться
   <choice>
    <reg>
     чем
    </reg>
   </choice>
   нибудь,
   <choice>
    <reg>
     достал
    </reg>
   </choice>
   <choice>
    <reg>
     барометр
    </reg>
   </choice>
   и
   <choice>
    <reg>
     посмотрел
    </reg>
   </choice>
   на него, и по
   <choice>
    <reg>
     нем
    </reg>
   </choice>
   <choice>
    <reg>
     узнал
    </reg>
   </choice>
   , что я поднялся уже на 4 версты. Когда я
   <choice>
    <reg>
     клал
    </reg>
   </choice>
   на
   <choice>
    <reg>
     место
    </reg>
   </choice>
   <choice>
    <reg>
     барометр
    </reg>
   </choice>
   , что-то затрепыхалось около меня, и я
   <choice>
    <reg>
     увидал
    </reg>
   </choice>
   голубкà. Я
   <choice>
    <reg>
     вспомнил
    </reg>
   </choice>
   , что
   <choice>
    <reg>
     взял
    </reg>
   </choice>
   голубкà
   <choice>
    <reg>
     затем
    </reg>
   </choice>
   , чтобы спустить его
   <choice>
    <reg>
     с
    </reg>
   </choice>
   записочкой
   <choice>
    <reg>
     вниз
    </reg>
   </choice>
   . Я
   <choice>
    <reg>
     написал
    </reg>
   </choice>
   на
   <choice>
    <reg>
     бумажке
    </reg>
   </choice>
   , что я
   <choice>
    <reg>
     жив
    </reg>
   </choice>
   и
   <choice>
    <reg>
     здоров
    </reg>
   </choice>
   , на
   <choice>
    <reg>
     4-х
    </reg>
   </choice>
   <choice>
    <reg>
     верстах
    </reg>
   </choice>
   высоты, и
   <choice>
    <reg>
     привязал
    </reg>
   </choice>
   бумажку
   <choice>
    <reg>
     к
    </reg>
   </choice>
   <choice>
    <reg>
     шее
    </reg>
   </choice>
   голубя. Голубь
   <choice>
    <reg>
     сидел
    </reg>
   </choice>
   на краю лодки и
   <choice>
    <reg>
     смотрел
    </reg>
   </choice>
   на меня своими красноватыми глазами.
   <choice>
    <reg>
     Мне
    </reg>
   </choice>
   казалось, что
   <choice>
    <reg>
     он
    </reg>
   </choice>
   <choice>
    <reg>
     просил
    </reg>
   </choice>
   меня, чтобы я не
   <choice>
    <reg>
     сталкивал
    </reg>
   </choice>
   его.
   <choice>
    <reg>
     С
    </reg>
   </choice>
   <choice>
    <reg>
     тех
    </reg>
   </choice>
   <choice>
    <reg>
     пор
    </reg>
   </choice>
   <choice>
    <reg>
     как
    </reg>
   </choice>
   стало пасмурно, внизу ничего не было видно Но нечего
   <choice>
    <reg>
     делать
    </reg>
   </choice>
   , надо было послать
   <choice>
    <reg>
     вниз
    </reg>
   </choice>
   голубя.
   <choice>
    <reg>
     Он
    </reg>
   </choice>
   <choice>
    <reg>
     дрожал
    </reg>
   </choice>
   <choice>
    <reg>
     всеми
    </reg>
   </choice>
   перушками, когда я
   <choice>
    <reg>
     взял
    </reg>
   </choice>
   его
   <choice>
    <reg>
     в
    </reg>
   </choice>
   руку.
  </p>
  <p rend="left emptyline" uuid="9653e6b7-5bed-45ea-a122-aebeb8ee66d9">
   <pb n="644"/>
  </p>
  <p rend="centerline" uuid="bf61eb03-8102-4e2c-bc80-b1cc408b57b4">
   — 84 —
  </p>
  <p rend="left" uuid="4845eff6-6c2d-4af8-8bf2-d9a818a68c66">
   Я
   <choice>
    <reg>
     отвел
    </reg>
   </choice>
   руку и
   <choice>
    <reg>
     бросил
    </reg>
   </choice>
   его.
   <choice>
    <reg>
     Он
    </reg>
   </choice>
   , часто махая крыльями,
   <choice>
    <reg>
     полетел
    </reg>
   </choice>
   <choice>
    <reg>
     боком
    </reg>
   </choice>
   <choice>
    <reg>
     как
    </reg>
   </choice>
   камень книзу. Я
   <choice>
    <reg>
     посмотрел
    </reg>
   </choice>
   на
   <choice>
    <reg>
     барометр
    </reg>
   </choice>
   . Теперь я уже
   <choice>
    <reg>
     был
    </reg>
   </choice>
   на пять
   <choice>
    <reg>
     верст
    </reg>
   </choice>
   <choice>
    <reg>
     над
    </reg>
   </choice>
   землею и
   <choice>
    <reg>
     чувствовал
    </reg>
   </choice>
   , что
   <choice>
    <reg>
     мне
    </reg>
   </choice>
   воздуха мало, и я часто
   <choice>
    <reg>
     стал
    </reg>
   </choice>
   дышать. Я
   <choice>
    <reg>
     потянул
    </reg>
   </choice>
   за веревку, чтобы выпустить
   <choice>
    <reg>
     газ
    </reg>
   </choice>
   и спускаться, но
   <choice>
    <reg>
     ослабел
    </reg>
   </choice>
   ли я, или сломалось что-нибудь —
   <choice>
    <reg>
     клапан
    </reg>
   </choice>
   не открывался. Я
   <choice>
    <reg>
     обмер
    </reg>
   </choice>
   .
   <choice>
    <reg>
     Мне
    </reg>
   </choice>
   не слыхать было, чтобы я поднимался, — ничто не, шевелилось; но дышать
   <choice>
    <reg>
     мне
    </reg>
   </choice>
   становилось все
   <choice>
    <reg>
     тяжелее
    </reg>
   </choice>
   и
   <choice>
    <reg>
     тяжелее
    </reg>
   </choice>
   . «Если я не остановлю
   <choice>
    <reg>
     шар
    </reg>
   </choice>
   »,
   <choice>
    <reg>
     подумал
    </reg>
   </choice>
   я, «то
   <choice>
    <reg>
     он
    </reg>
   </choice>
   <choice>
    <reg>
     лопнет
    </reg>
   </choice>
   , и я
   <choice>
    <reg>
     пропал
    </reg>
   </choice>
   ». Чтобы узнать, поднимаюсь ли я или стою на
   <choice>
    <reg>
     месте
    </reg>
   </choice>
   , — я
   <choice>
    <reg>
     выбросил
    </reg>
   </choice>
   бумажку
   <choice>
    <reg>
     из
    </reg>
   </choice>
   лодки. Бумажки точно камни
   <choice>
    <reg>
     летели
    </reg>
   </choice>
   книзу.
   <choice>
    <reg>
     Значит
    </reg>
   </choice>
   я
   <choice>
    <reg>
     как
    </reg>
   </choice>
   <choice>
    <reg>
     стрела
    </reg>
   </choice>
   <choice>
    <reg>
     летел
    </reg>
   </choice>
   кверху. Я изо
   <choice>
    <reg>
     всех
    </reg>
   </choice>
   <choice>
    <reg>
     сил
    </reg>
   </choice>
   ухватился за веревку и
   <choice>
    <reg>
     потянул
    </reg>
   </choice>
   . Слава Богу —
   <choice>
    <reg>
     клапан
    </reg>
   </choice>
   открылся, засвистало что-то. Я
   <choice>
    <reg>
     выбросил
    </reg>
   </choice>
   еще бумажку — бумажка
   <choice>
    <reg>
     полетела
    </reg>
   </choice>
   около меня и поднялась.
   <choice>
    <reg>
     Значит
    </reg>
   </choice>
   я опускался. Внизу все еще ничего не было видно. Только
   <choice>
    <reg>
     как
    </reg>
   </choice>
   море тумана
   <choice>
    <reg>
     расстилалось
    </reg>
   </choice>
   надо мной. Я спустился
   <choice>
    <reg>
     в
    </reg>
   </choice>
   тумань. Это были тучи.
   <choice>
    <reg>
     Потом
    </reg>
   </choice>
   <choice>
    <reg>
     подул
    </reg>
   </choice>
   <choice>
    <reg>
     ветер
    </reg>
   </choice>
   ,
   <choice>
    <reg>
     понес
    </reg>
   </choice>
   меня куда-то, и скоро выглянуло солнце, и я
   <choice>
    <reg>
     увидал
    </reg>
   </choice>
   <choice>
    <reg>
     под
    </reg>
   </choice>
   собой опять чашку земли. Но не было нашего города, a
   <choice>
    <reg>
     какие-то
    </reg>
   </choice>
   <choice>
    <reg>
     леса
    </reg>
   </choice>
   и
   <choice>
    <reg>
     две
    </reg>
   </choice>
   <choice>
    <reg>
     синия
    </reg>
   </choice>
   полосы —
   <choice>
    <reg>
     реки
    </reg>
   </choice>
   . Опять
   <choice>
    <reg>
     мне
    </reg>
   </choice>
   стало радостно на
   <choice>
    <reg>
     душе
    </reg>
   </choice>
   и не
   <choice>
    <reg>
     хотелось
    </reg>
   </choice>
   спускаться; но
   <choice>
    <reg>
     вдруг
    </reg>
   </choice>
   что-то
   <choice>
    <reg>
     зашумело
    </reg>
   </choice>
   <choice>
    <reg>
     подле
    </reg>
   </choice>
   меня, и я
   <choice>
    <reg>
     увидел
    </reg>
   </choice>
   орла.
  </p>
  <p rend="left" uuid="76ec6a4b-77ba-42bc-8111-3de274f904ef">
   <choice>
    <reg>
     Он
    </reg>
   </choice>
   удивленными глазами
   <choice>
    <reg>
     поглядел
    </reg>
   </choice>
   на меня и остановился на
   <choice>
    <reg>
     крыльях
    </reg>
   </choice>
   . Я
   <choice>
    <reg>
     как
    </reg>
   </choice>
   камень
   <choice>
    <reg>
     летел
    </reg>
   </choice>
   <choice>
    <reg>
     вниз
    </reg>
   </choice>
   . Я
   <choice>
    <reg>
     стал
    </reg>
   </choice>
   скидывать
   <choice>
    <reg>
     баласт
    </reg>
   </choice>
   ,
   <choice>
    <reg>
     чтоб
    </reg>
   </choice>
   задержаться.
  </p>
  <p rend="left" uuid="c9b695b1-5d8d-409c-8b9e-8f3585e4c140">
   Скоро
   <choice>
    <reg>
     мне
    </reg>
   </choice>
   стали видны поля,
   <choice>
    <reg>
     лес
    </reg>
   </choice>
   , и у
   <choice>
    <reg>
     леса
    </reg>
   </choice>
   деревня, и
   <choice>
    <reg>
     к
    </reg>
   </choice>
   <choice>
    <reg>
     деревне
    </reg>
   </choice>
   <choice>
    <reg>
     идет
    </reg>
   </choice>
   стадо. Я
   <choice>
    <reg>
     слышал
    </reg>
   </choice>
   голоса
  </p>
  <p rend="left emptyline" uuid="55679bae-43e9-4ffe-840d-d8f847fdc10d">
   <pb n="645"/>
  </p>
  <p rend="centerline" uuid="1a7b55dc-2f38-4191-bcc6-9f506595fbf9">
   — 85 —
  </p>
  <p rend="notindent" uuid="b7a43f77-bda9-4f13-86e7-52f763222720">
   народа и стада.
   <choice>
    <reg>
     Шар
    </reg>
   </choice>
   мой спускался тихо. Меня увидали. Я
   <choice>
    <reg>
     закричал
    </reg>
   </choice>
   и
   <choice>
    <reg>
     бросил
    </reg>
   </choice>
   <choice>
    <reg>
     им
    </reg>
   </choice>
   веревки.
   <choice>
    <reg>
     Сбежался
    </reg>
   </choice>
   <choice>
    <reg>
     народ
    </reg>
   </choice>
   . Я
   <choice>
    <reg>
     видел
    </reg>
   </choice>
   ,
   <choice>
    <reg>
     как
    </reg>
   </choice>
   <choice>
    <reg>
     мальчик
    </reg>
   </choice>
   первый
   <choice>
    <reg>
     поймал
    </reg>
   </choice>
   веревку.
   <choice>
    <reg>
     Другие
    </reg>
   </choice>
   подхватили, прикрутили
   <choice>
    <reg>
     шар
    </reg>
   </choice>
   <choice>
    <reg>
     к
    </reg>
   </choice>
   дереву и я
   <choice>
    <reg>
     вышел
    </reg>
   </choice>
   . Я
   <choice>
    <reg>
     летал
    </reg>
   </choice>
   только 3 часа. Деревня эта была за 250
   <choice>
    <reg>
     верст
    </reg>
   </choice>
   <choice>
    <reg>
     от
    </reg>
   </choice>
   моего города.
  </p>
 </div>
</TEI>