<?xml version="1.0" encoding="utf-8"?>
<TEI xmlns="http://www.tei-c.org/ns/1.0" xmlns:xi="http://www.w3.org/2001/XInclude">
 <teiHeader>
  <fileDesc>
   <titleStmt>
    <title>
     Азбука. Книга I
    </title>
    <author>
     Толстой Л.Н.
    </author>
    <respStmt>
     <resp>
      подготовка TEI/XML
     </resp>
     <name>
      Мария Картышева, Евгений Можаев, Даниил Скоринкин, Елена Сидорова, Вероника Файнберг, Кирилл Милинцевич
     </name>
    </respStmt>
    <respStmt>
     <name>
      Анастасия Бонч-Осмоловская, Фёкла Толстая, Борис Орехов
     </name>
     <resp>
      Идея, постановка задач, руководство
     </resp>
    </respStmt>
   </titleStmt>
   <publicationStmt>
    <idno>
     Азбука  | Книга I
    </idno>
    <publisher>
     <orgName>
      Школа лингвистики НИУ ВШЭ
     </orgName>
    </publisher>
    <availability>
     <p>
      Тексты и метатекстовая разметка доступны для свободного использования и распространения по лицензии Creative Commons Attribution Share-Alike (cc by-sa)
     </p>
    </availability>
   </publicationStmt>
   <sourceDesc>
    <biblStruct>
     <analytic>
      <author>
       Толстой Л.Н.
      </author>
      <title level="a">
       Азбука. Книга I
      </title>
     </analytic>
     <monogr>
      <title level="m">
       Полное собрание сочинений. Том 22
      </title>
      <imprint>
       <pubPlace>
        Москва
       </pubPlace>
       <publisher>
        Государственное издательство "Художественная литература"
       </publisher>
       <date when="1871-1872"/>
      </imprint>
     </monogr>
     <series>
      <title level="s">
       Л.Н. Толстой. Полное собрание сочинений
      </title>
      <biblScope unit="vol">
       22
      </biblScope>
     </series>
    </biblStruct>
   </sourceDesc>
  </fileDesc>
  <encodingDesc>
   <classDecl>
    <xi:include href="taxonomy.xml"/>
   </classDecl>
  </encodingDesc>
  <profileDesc>
   <creation>
    <date notAfter="1872" notBefore="1871">
     1871-1872
    </date>
    <rs/>
   </creation>
   <textClass>
    <catRef target="#fiction" type="sphere"/>
    <catRef target="#произведения для детей" type="type"/>
    <catRef target="#works" type="works_letters_diaries"/>
    <catRef target="#азбука" type="ninetyDef"/>
    <catRef target="#Основное" type="main_var"/>
    <catRef target="#азбука" type="type_short"/>
    <catRef target="None" type="translation"/>
    <catRef target="None" type="translation_origin"/>
    <catRef target="#да" type="tolstoy_or_not"/>
    <catRef target="None" type="name_status"/>
   </textClass>
   <preparedness>
    finished
   </preparedness>
   <settingDesc>
    <time>
     XIX век
    </time>
   </settingDesc>
  </profileDesc>
  <xenoData>
   <cyclusName/>
   <p>
    Проект
    <title>
     Толстой.Digital
    </title>
    разрабатывается сотрудниками и студентами
    <orgName>
     Высшей школы экономики
    </orgName>
    в сотрудничестве с
    <orgName>
     Государственным музеем Л.Н. Толстого
    </orgName>
    . Источник текстов –
    <bibl>
     90-томное собрание сочинений Л.Н.Толстого
    </bibl>
    . Разметка основана на стандарте
    <ref target="http://www.tei-c.org">
     TEI (Text Encoding Initiative)
    </ref>
    .
   </p>
   <versionNumber/>
   <isFinished/>
   <isEdited/>
   <fullBibliographicDescription/>
  </xenoData>
 </teiHeader>
 <p rend="left emptyline">
  <pb n="210"/>
 </p>
 <div type="section" xml:id="ref98">
  <head rend="center">
   <hi rend="strong">
    ШАКАЛЫ И
    <choice>
     <reg>
      СЛОН
     </reg>
    </choice>
    .
   </hi>
  </head>
  <p rend="left" uuid="0c042fbb-9cb9-411c-85ad-75ede9e08291">
   Шакалы
   <choice>
    <reg>
     поели
    </reg>
   </choice>
   всю падаль
   <choice>
    <reg>
     в
    </reg>
   </choice>
   <choice>
    <reg>
     лесу
    </reg>
   </choice>
   , и
   <choice>
    <reg>
     им
    </reg>
   </choice>
   нечего стало
   <choice>
    <reg>
     есть
    </reg>
   </choice>
   .
   <choice>
    <reg>
     Вот
    </reg>
   </choice>
   старый
   <choice>
    <reg>
     шакал
    </reg>
   </choice>
   и
   <choice>
    <reg>
     придумал
    </reg>
   </choice>
   ,
   <choice>
    <reg>
     как
    </reg>
   </choice>
   <choice>
    <reg>
     им
    </reg>
   </choice>
   прокормиться.
   <choice>
    <reg>
     Пошёл
    </reg>
   </choice>
   <choice>
    <reg>
     он
    </reg>
   </choice>
   <choice>
    <reg>
     к
    </reg>
   </choice>
   слону и
   <choice>
    <reg>
     говорит
    </reg>
   </choice>
   :
  </p>
  <p rend="left" uuid="06c819a3-cc25-4174-a321-1cc7a00e8ad2">
   <choice>
    <reg>
     Был
    </reg>
   </choice>
   у
   <choice>
    <reg>
     нас
    </reg>
   </choice>
   царь, да избаловался:
   <choice>
    <reg>
     приказывал
    </reg>
   </choice>
   <choice>
    <reg>
     нам
    </reg>
   </choice>
   <choice>
    <reg>
     делать
    </reg>
   </choice>
   <choice>
    <reg>
     такие
    </reg>
   </choice>
   <choice>
    <reg>
     дела
    </reg>
   </choice>
   ,
   <choice>
    <reg>
     каких
    </reg>
   </choice>
   нельзя исполнить;
   <choice>
    <reg>
     хотим
    </reg>
   </choice>
   мы
   <choice>
    <reg>
     другого
    </reg>
   </choice>
   царя выбрать, — и
   <choice>
    <reg>
     послал
    </reg>
   </choice>
   меня
  </p>
  <p rend="left emptyline" uuid="a228a1a6-3659-4a65-8665-3105f291c65d">
   <pb n="211"/>
  </p>
  <p rend="centerline" uuid="66dd14d7-d26e-46a0-999f-f99941e93a32">
   — 9 —
  </p>
  <p rend="notindent" uuid="ce00335a-13a0-4684-b9a4-bc92a48c7570">
   <choice>
    <reg>
     наш
    </reg>
   </choice>
   <choice>
    <reg>
     народ
    </reg>
   </choice>
   просить тебя
   <choice>
    <reg>
     в
    </reg>
   </choice>
   цари. У
   <choice>
    <reg>
     нас
    </reg>
   </choice>
   житьё хорошее: — что велишь, всё то
   <choice>
    <reg>
     будем
    </reg>
   </choice>
   <choice>
    <reg>
     делать
    </reg>
   </choice>
   , и почитать тебя во
   <choice>
    <reg>
     всём
    </reg>
   </choice>
   <choice>
    <reg>
     будем
    </reg>
   </choice>
   .
   <choice>
    <reg>
     Пойдём
    </reg>
   </choice>
   <choice>
    <reg>
     в
    </reg>
   </choice>
   наше царство.»
   <choice>
    <reg>
     Слон
    </reg>
   </choice>
   согласился и
   <choice>
    <reg>
     пошёл
    </reg>
   </choice>
   за
   <choice>
    <reg>
     шакалом
    </reg>
   </choice>
   .
   <choice>
    <reg>
     Шакал
    </reg>
   </choice>
   <choice>
    <reg>
     привёл
    </reg>
   </choice>
   его
   <choice>
    <reg>
     в
    </reg>
   </choice>
   болото. Когда
   <choice>
    <reg>
     слон
    </reg>
   </choice>
   <choice>
    <reg>
     завяз
    </reg>
   </choice>
   ,
   <choice>
    <reg>
     шакал
    </reg>
   </choice>
   и
   <choice>
    <reg>
     говорит
    </reg>
   </choice>
   :
  </p>
  <p rend="left" uuid="874c4e9a-98be-45cb-a189-35d00bd91add">
   «Теперь приказывай; что велишь, то и
   <choice>
    <reg>
     будем
    </reg>
   </choice>
   <choice>
    <reg>
     делать
    </reg>
   </choice>
   .»
  </p>
  <p rend="left" uuid="622725c0-7e1c-470f-b609-2fa80f73e412">
   <choice>
    <reg>
     Слон
    </reg>
   </choice>
   <choice>
    <reg>
     сказал
    </reg>
   </choice>
   :
  </p>
  <p rend="left" uuid="0ad8a532-3d52-46c0-a325-900090798c4b">
   «Я приказываю вытащить меня отсюда.»
  </p>
  <p rend="left" uuid="bff3ff75-5011-46f1-9c6a-5dac7db629e8">
   <choice>
    <reg>
     Шакал
    </reg>
   </choice>
   <choice>
    <reg>
     рассмеялся
    </reg>
   </choice>
   и
   <choice>
    <reg>
     говорит
    </reg>
   </choice>
   : хватайся
   <choice>
    <reg>
     хоботом
    </reg>
   </choice>
   <choice>
    <reg>
     мне
    </reg>
   </choice>
   за
   <choice>
    <reg>
     хвост
    </reg>
   </choice>
   , —
   <choice>
    <reg>
     сейчас
    </reg>
   </choice>
   вытащу.»
  </p>
  <p rend="left" uuid="b1405a54-db55-4320-8e39-1b389bf3a2aa">
   <choice>
    <reg>
     Слон
    </reg>
   </choice>
   <choice>
    <reg>
     говорит
    </reg>
   </choice>
   :
  </p>
  <p rend="left" uuid="9ed0b5aa-6a49-402d-a699-5d37a0416b52">
   «
   <choice>
    <reg>
     Разве
    </reg>
   </choice>
   можно меня
   <choice>
    <reg>
     хвостом
    </reg>
   </choice>
   вытащить?» А
   <choice>
    <reg>
     шакал
    </reg>
   </choice>
   и
   <choice>
    <reg>
     говорит
    </reg>
   </choice>
   : «
   <choice>
    <reg>
     так
    </reg>
   </choice>
   <choice>
    <reg>
     зачем же
    </reg>
   </choice>
   ты приказываешь, чего нельзя
   <choice>
    <reg>
     сделать
    </reg>
   </choice>
   ? Мы и
   <choice>
    <reg>
     первого
    </reg>
   </choice>
   царя за то прогнали, что
   <choice>
    <reg>
     он
    </reg>
   </choice>
   <choice>
    <reg>
     приказывал
    </reg>
   </choice>
   то, чего нельзя
   <choice>
    <reg>
     делать
    </reg>
   </choice>
   »
  </p>
  <p rend="left" uuid="6a1ca162-1422-43c9-b672-8a3351735588">
   Когда
   <choice>
    <reg>
     слон
    </reg>
   </choice>
   <choice>
    <reg>
     издох
    </reg>
   </choice>
   <choice>
    <reg>
     в
    </reg>
   </choice>
   <choice>
    <reg>
     болоте
    </reg>
   </choice>
   , шакалы пришли к
   <choice>
    <reg>
     съели
    </reg>
   </choice>
   его
  </p>
 </div>
</TEI>