<?xml version="1.0" encoding="utf-8"?>
<TEI xmlns="http://www.tei-c.org/ns/1.0" xmlns:xi="http://www.w3.org/2001/XInclude">
 <teiHeader>
  <fileDesc>
   <titleStmt>
    <title>
     Азбука. Книга I
    </title>
    <author>
     Толстой Л.Н.
    </author>
    <respStmt>
     <resp>
      подготовка TEI/XML
     </resp>
     <name>
      Мария Картышева, Евгений Можаев, Даниил Скоринкин, Елена Сидорова, Вероника Файнберг, Кирилл Милинцевич
     </name>
    </respStmt>
    <respStmt>
     <name>
      Анастасия Бонч-Осмоловская, Фёкла Толстая, Борис Орехов
     </name>
     <resp>
      Идея, постановка задач, руководство
     </resp>
    </respStmt>
   </titleStmt>
   <publicationStmt>
    <idno>
     Азбука  | Книга I
    </idno>
    <publisher>
     <orgName>
      Школа лингвистики НИУ ВШЭ
     </orgName>
    </publisher>
    <availability>
     <p>
      Тексты и метатекстовая разметка доступны для свободного использования и распространения по лицензии Creative Commons Attribution Share-Alike (cc by-sa)
     </p>
    </availability>
   </publicationStmt>
   <sourceDesc>
    <biblStruct>
     <analytic>
      <author>
       Толстой Л.Н.
      </author>
      <title level="a">
       Азбука. Книга I
      </title>
     </analytic>
     <monogr>
      <title level="m">
       Полное собрание сочинений. Том 22
      </title>
      <imprint>
       <pubPlace>
        Москва
       </pubPlace>
       <publisher>
        Государственное издательство "Художественная литература"
       </publisher>
       <date when="1871-1872"/>
      </imprint>
     </monogr>
     <series>
      <title level="s">
       Л.Н. Толстой. Полное собрание сочинений
      </title>
      <biblScope unit="vol">
       22
      </biblScope>
     </series>
    </biblStruct>
   </sourceDesc>
  </fileDesc>
  <encodingDesc>
   <classDecl>
    <xi:include href="taxonomy.xml"/>
   </classDecl>
  </encodingDesc>
  <profileDesc>
   <creation>
    <date notAfter="1872" notBefore="1871">
     1871-1872
    </date>
    <rs/>
   </creation>
   <textClass>
    <catRef target="#fiction" type="sphere"/>
    <catRef target="#произведения для детей" type="type"/>
    <catRef target="#works" type="works_letters_diaries"/>
    <catRef target="#азбука" type="ninetyDef"/>
    <catRef target="#Основное" type="main_var"/>
    <catRef target="#азбука" type="type_short"/>
    <catRef target="None" type="translation"/>
    <catRef target="None" type="translation_origin"/>
    <catRef target="#да" type="tolstoy_or_not"/>
    <catRef target="None" type="name_status"/>
   </textClass>
   <preparedness>
    finished
   </preparedness>
   <settingDesc>
    <time>
     XIX век
    </time>
   </settingDesc>
  </profileDesc>
  <xenoData>
   <cyclusName/>
   <p>
    Проект
    <title>
     Толстой.Digital
    </title>
    разрабатывается сотрудниками и студентами
    <orgName>
     Высшей школы экономики
    </orgName>
    в сотрудничестве с
    <orgName>
     Государственным музеем Л.Н. Толстого
    </orgName>
    . Источник текстов –
    <bibl>
     90-томное собрание сочинений Л.Н.Толстого
    </bibl>
    . Разметка основана на стандарте
    <ref target="http://www.tei-c.org">
     TEI (Text Encoding Initiative)
    </ref>
    .
   </p>
   <versionNumber/>
   <isFinished/>
   <isEdited/>
   <fullBibliographicDescription/>
  </xenoData>
 </teiHeader>
 <p rend="left emptyline">
  <pb n="376"/>
 </p>
 <div type="section" xml:id="ref174">
  <head rend="center">
   <hi rend="strong">
    СОБАКА И
    <choice>
     <reg>
      ПОВАР
     </reg>
     <orig>
      ПОВАРЪ
     </orig>
    </choice>
    .
   </hi>
  </head>
  <p rend="left" uuid="a0049777-34be-478d-ad28-e7fc50b81389">
   <choice>
    <reg>
     Повар
    </reg>
    <orig>
     Поваръ
    </orig>
   </choice>
   <choice>
    <reg>
     готовил
    </reg>
    <orig>
     готовилъ
    </orig>
   </choice>
   <choice>
    <reg>
     обед
    </reg>
    <orig>
     обѣдъ
    </orig>
   </choice>
   ; собаки лежали у дверей кухни.
   <choice>
    <reg>
     Повар
    </reg>
    <orig>
     Поваръ
    </orig>
   </choice>
   <choice>
    <reg>
     убил
    </reg>
    <orig>
     убилъ
    </orig>
   </choice>
   телёнка и
   <choice>
    <reg>
     бросил
    </reg>
    <orig>
     бросилъ
    </orig>
   </choice>
   кишки на
   <choice>
    <reg>
     двор
    </reg>
    <orig>
     дворъ
    </orig>
   </choice>
   . Собаки подхватили,
   <choice>
    <reg>
     поели
    </reg>
    <orig>
     поѣли
    </orig>
   </choice>
   и
   <choice>
    <reg>
     говорят
    </reg>
    <orig>
     говорятъ
    </orig>
   </choice>
   : «
   <choice>
    <reg>
     повар
    </reg>
    <orig>
     поваръ
    </orig>
   </choice>
   <choice>
    <reg>
     хороший
    </reg>
    <orig>
     хорошiй
    </orig>
   </choice>
   : хорошо
   <choice>
    <reg>
     стряпает
    </reg>
    <orig>
     стряпаетъ
    </orig>
   </choice>
   ».
  </p>
  <p rend="left" uuid="f5937c4a-c7f4-4a81-8acf-25c147b128a2">
   Немного погодя,
   <choice>
    <reg>
     повар
    </reg>
    <orig>
     поваръ
    </orig>
   </choice>
   <choice>
    <reg>
     стал
    </reg>
    <orig>
     сталъ
    </orig>
   </choice>
   чистить
   <choice>
    <reg>
     горох
    </reg>
    <orig>
     горохъ
    </orig>
   </choice>
   ,
   <choice>
    <reg>
     репу
    </reg>
    <orig>
     рѣпу
    </orig>
   </choice>
   и
   <choice>
    <reg>
     лук
    </reg>
    <orig>
     лукъ
    </orig>
   </choice>
   и
   <choice>
    <reg>
     выбросил
    </reg>
    <orig>
     выбросилъ
    </orig>
   </choice>
   <choice>
    <reg>
     обрезки
    </reg>
    <orig>
     обрѣзки
    </orig>
   </choice>
   . Собаки кинулись, отвернули носы и
   <choice>
    <reg>
     говорят
    </reg>
    <orig>
     говорятъ
    </orig>
   </choice>
   : «испортился
   <choice>
    <reg>
     наш
    </reg>
    <orig>
     нашъ
    </orig>
   </choice>
   <choice>
    <reg>
     повар
    </reg>
    <orig>
     поваръ
    </orig>
   </choice>
   : прежде хорошо
   <choice>
    <reg>
     готовил
    </reg>
    <orig>
     готовилъ
    </orig>
   </choice>
   , а теперь никуда не годится».
  </p>
  <p rend="left" uuid="c90d8318-31e4-49e7-a543-f573cc3c4857">
   Но
   <choice>
    <reg>
     повар
    </reg>
    <orig>
     поваръ
    </orig>
   </choice>
   не слушался
   <choice>
    <reg>
     собак
    </reg>
    <orig>
     собакъ
    </orig>
   </choice>
   , а
   <choice>
    <reg>
     стряпал
    </reg>
    <orig>
     стряпалъ
    </orig>
   </choice>
   <choice>
    <reg>
     обед
    </reg>
    <orig>
     обѣдъ
    </orig>
   </choice>
   по своему.
   <choice>
    <reg>
     Обед
    </reg>
    <orig>
     Обѣдъ
    </orig>
   </choice>
   <choice>
    <reg>
     съели
    </reg>
    <orig>
     съѣли
    </orig>
   </choice>
   и похвалили хозяева, а не собаки.
  </p>
 </div>
</TEI>