<?xml version="1.0" encoding="utf-8"?>
<TEI xmlns="http://www.tei-c.org/ns/1.0" xmlns:xi="http://www.w3.org/2001/XInclude">
 <teiHeader>
  <fileDesc>
   <titleStmt>
    <title>
     Азбука. Книга I
    </title>
    <author>
     Толстой Л.Н.
    </author>
    <respStmt>
     <resp>
      подготовка TEI/XML
     </resp>
     <name>
      Мария Картышева, Евгений Можаев, Даниил Скоринкин, Елена Сидорова, Вероника Файнберг, Кирилл Милинцевич
     </name>
    </respStmt>
    <respStmt>
     <name>
      Анастасия Бонч-Осмоловская, Фёкла Толстая, Борис Орехов
     </name>
     <resp>
      Идея, постановка задач, руководство
     </resp>
    </respStmt>
   </titleStmt>
   <publicationStmt>
    <idno>
     Азбука  | Книга I
    </idno>
    <publisher>
     <orgName>
      Школа лингвистики НИУ ВШЭ
     </orgName>
    </publisher>
    <availability>
     <p>
      Тексты и метатекстовая разметка доступны для свободного использования и распространения по лицензии Creative Commons Attribution Share-Alike (cc by-sa)
     </p>
    </availability>
   </publicationStmt>
   <sourceDesc>
    <biblStruct>
     <analytic>
      <author>
       Толстой Л.Н.
      </author>
      <title level="a">
       Азбука. Книга I
      </title>
     </analytic>
     <monogr>
      <title level="m">
       Полное собрание сочинений. Том 22
      </title>
      <imprint>
       <pubPlace>
        Москва
       </pubPlace>
       <publisher>
        Государственное издательство "Художественная литература"
       </publisher>
       <date when="1871-1872"/>
      </imprint>
     </monogr>
     <series>
      <title level="s">
       Л.Н. Толстой. Полное собрание сочинений
      </title>
      <biblScope unit="vol">
       22
      </biblScope>
     </series>
    </biblStruct>
   </sourceDesc>
  </fileDesc>
  <encodingDesc>
   <classDecl>
    <xi:include href="taxonomy.xml"/>
   </classDecl>
  </encodingDesc>
  <profileDesc>
   <creation>
    <date notAfter="1872" notBefore="1871">
     1871-1872
    </date>
    <rs/>
   </creation>
   <textClass>
    <catRef target="#fiction" type="sphere"/>
    <catRef target="#произведения для детей" type="type"/>
    <catRef target="#works" type="works_letters_diaries"/>
    <catRef target="#азбука" type="ninetyDef"/>
    <catRef target="#Основное" type="main_var"/>
    <catRef target="#азбука" type="type_short"/>
    <catRef target="None" type="translation"/>
    <catRef target="None" type="translation_origin"/>
    <catRef target="#да" type="tolstoy_or_not"/>
    <catRef target="None" type="name_status"/>
   </textClass>
   <preparedness>
    finished
   </preparedness>
   <settingDesc>
    <time>
     XIX век
    </time>
   </settingDesc>
  </profileDesc>
  <xenoData>
   <cyclusName/>
   <p>
    Проект
    <title>
     Толстой.Digital
    </title>
    разрабатывается сотрудниками и студентами
    <orgName>
     Высшей школы экономики
    </orgName>
    в сотрудничестве с
    <orgName>
     Государственным музеем Л.Н. Толстого
    </orgName>
    . Источник текстов –
    <bibl>
     90-томное собрание сочинений Л.Н.Толстого
    </bibl>
    . Разметка основана на стандарте
    <ref target="http://www.tei-c.org">
     TEI (Text Encoding Initiative)
    </ref>
    .
   </p>
   <versionNumber/>
   <isFinished/>
   <isEdited/>
   <fullBibliographicDescription/>
  </xenoData>
 </teiHeader>
 <p rend="left emptyline">
  <pb n="277"/>
 </p>
 <div type="section" xml:id="ref143">
  <head rend="center">
   <hi rend="strong">
    <choice>
     <reg>
      СУХМАН
     </reg>
    </choice>
    .
   </hi>
  </head>
  <div type="poem">
   <div rend="left" type="stanza">
    <p rend="v" uuid="ac82bba4-3acc-48db-9218-482594ab6963">
     <choice>
      <reg>
       Как
      </reg>
     </choice>
     у ласкова
     <choice>
      <reg>
       князь-Владимира
      </reg>
     </choice>
    </p>
    <p rend="v" uuid="4a3ebbdf-a986-4fe3-952a-72456b9432b0">
     Пированье шло,
     <choice>
      <reg>
       шёл
      </reg>
     </choice>
     <choice>
      <reg>
       почестен
      </reg>
     </choice>
     <choice>
      <reg>
       пир
      </reg>
     </choice>
    </p>
    <p rend="v" uuid="07b1ab9a-3ef0-4282-9f4b-f7688dbe1d48">
     На
     <choice>
      <reg>
       бояр
      </reg>
     </choice>
     , князей,
     <choice>
      <reg>
       добрых
      </reg>
     </choice>
     <choice>
      <reg>
       молодцов
      </reg>
     </choice>
     .
    </p>
    <p rend="v" uuid="94dabbc9-78fe-4292-824f-4e76c705de3d">
     На пиру-то
     <choice>
      <reg>
       все
      </reg>
     </choice>
     порасхвастались:
    </p>
    <p rend="v" uuid="c21e3c0d-6b13-4983-9fa0-ff738caf6f21">
     <choice>
      <reg>
       Один
      </reg>
     </choice>
     <choice>
      <reg>
       хвастает
      </reg>
     </choice>
     золотой казной,
    </p>
    <p rend="v" uuid="0e321194-171f-4380-a204-ba3a97d3b479">
     Другой
     <choice>
      <reg>
       хвастает
      </reg>
     </choice>
     что
     <choice>
      <reg>
       добрым
      </reg>
     </choice>
     <choice>
      <reg>
       конём
      </reg>
     </choice>
     ,
    </p>
    <p rend="v" uuid="6557f814-4a01-4c50-a490-e2e2cee38113">
     Сильный
     <choice>
      <reg>
       хвастает
      </reg>
     </choice>
     своей силою,
    </p>
    <p rend="v" uuid="d97dd022-40d6-4f5e-b213-4d9a94979155">
     Глупый
     <choice>
      <reg>
       хвастает
      </reg>
     </choice>
     молодой женой,
    </p>
    <p rend="v" uuid="28aa06f0-900e-45b0-8d3f-56bee27d2526">
     Умный
     <choice>
      <reg>
       хвастает
      </reg>
     </choice>
     старой матерью.
    </p>
    <p rend="v" uuid="beabf5dd-0eb0-4e24-a240-69be24135c03">
     За
     <choice>
      <reg>
       столом
      </reg>
     </choice>
     <choice>
      <reg>
       сидит
      </reg>
     </choice>
     призадумавшись
    </p>
    <p rend="v" uuid="7207fe0a-abb4-41eb-9b51-67a059395992">
     Богатырь
     <choice>
      <reg>
       Сухман
      </reg>
     </choice>
     <choice>
      <reg>
       Одихмантьевич
      </reg>
     </choice>
     ,
    </p>
    <p rend="v" uuid="272b0f4f-0f33-4c95-aa61-76d0e4186cde">
     И
     <choice>
      <reg>
       ничем
      </reg>
     </choice>
     <choice>
      <reg>
       Сухман
      </reg>
     </choice>
     <choice>
      <reg>
       он
      </reg>
     </choice>
     не
     <choice>
      <reg>
       хвастает
      </reg>
     </choice>
     .
    </p>
    <p rend="v" uuid="4c2c8986-34b7-480b-9bc5-18b84c9961ad">
     <choice>
      <reg>
       Тут
      </reg>
     </choice>
     <choice>
      <reg>
       Владимир-князь
      </reg>
     </choice>
     , красно солнышко,
    </p>
    <p rend="v" uuid="ec067c79-7172-49dc-aabf-479ba5f76ef7">
     <choice>
      <reg>
       Сам
      </reg>
     </choice>
     по
     <choice>
      <reg>
       горенке
      </reg>
     </choice>
     <choice>
      <reg>
       он
      </reg>
     </choice>
     похажива(е)
     <choice>
      <reg>
       т
      </reg>
     </choice>
     ,
    </p>
    <p rend="v" uuid="f5310f14-1d39-43dc-a48e-f890437c22d4">
     Желтыми кудрями
     <choice>
      <reg>
       он
      </reg>
     </choice>
     потряхива(е)
     <choice>
      <reg>
       т
      </reg>
     </choice>
     ,
    </p>
    <p rend="v" uuid="a9555890-8501-454a-93e5-9c5d394ddb31">
     Одихмантьичу выговарива(е)
     <choice>
      <reg>
       т
      </reg>
     </choice>
     :
    </p>
    <p rend="v" uuid="3c3c204f-470e-406c-b4eb-511c241c8be1">
     «Что, Сухмантьюшка, ты задумался?
    </p>
    <p rend="v" uuid="8d005826-e942-4bf7-b273-731c095d5080">
     «Что не
     <choice>
      <reg>
       ешь
      </reg>
     </choice>
     , не пьёшь и не кушаешь,
    </p>
    <p rend="v" uuid="ae54cf2c-2160-4e29-8907-573122947c65">
     «
     <choice>
      <reg>
       Белой
      </reg>
     </choice>
     лебеди ты не рушаешь.
    </p>
    <p rend="v" uuid="e3affd43-632d-4fd6-b1d2-095bc8218b70">
     «И
     <choice>
      <reg>
       ничем
      </reg>
     </choice>
     <choice>
      <reg>
       в
      </reg>
     </choice>
     пиру ты не хвастаешь?»
    </p>
    <p rend="v" uuid="b2632422-35e8-4a03-b0c5-7d7385da565c">
     <choice>
      <reg>
       Взговорил
      </reg>
     </choice>
     <choice>
      <reg>
       Сухман
      </reg>
     </choice>
     таковы слова:
    </p>
    <p rend="v" uuid="76206066-4e11-4145-a09b-4e1d68de484f">
     — «Если хвастать
     <choice>
      <reg>
       мне
      </reg>
     </choice>
     ты приказываешь,
    </p>
   </div>
  </div>
  <p rend="left emptyline" uuid="a6aa40f4-c820-4050-9d2e-d0d565984aeb">
   <pb n="278"/>
  </p>
  <p rend="centerline" uuid="037e03b0-9bbc-40ca-bfaa-90adff602943">
   — 76 —
  </p>
  <div type="poem">
   <div rend="left" type="stanza">
    <p rend="v" uuid="e71581df-ea9e-4ca6-ae88-ae7122b1a46e">
     — «
     <choice>
      <reg>
       Привезу-ж
      </reg>
     </choice>
     <choice>
      <reg>
       тебе
      </reg>
     </choice>
     я, похвастаю,
    </p>
    <p rend="v" uuid="8278894a-1961-462e-b442-da613cf31ae5">
     — «Лебедь
     <choice>
      <reg>
       белую
      </reg>
     </choice>
     не кровавлену
    </p>
    <p rend="v" uuid="90580f04-ecc8-4b19-a551-01931c8ed9b5">
     — «И не ранену, a
     <choice>
      <reg>
       живьём
      </reg>
     </choice>
     <choice>
      <reg>
       в
      </reg>
     </choice>
     <choice>
      <reg>
       руках
      </reg>
     </choice>
     »
    </p>
    <p rend="v" uuid="df3bdb1b-2713-4d59-bc50-4179f48528d5">
     И
     <choice>
      <reg>
       вставал
      </reg>
     </choice>
     <choice>
      <reg>
       Сухман
      </reg>
     </choice>
     на
     <choice>
      <reg>
       резвы
      </reg>
     </choice>
     ноги,
    </p>
    <p rend="v" uuid="c21ad0bf-6ca8-4047-8924-51db81340990">
     <choice>
      <reg>
       Он
      </reg>
     </choice>
     <choice>
      <reg>
       седлад
      </reg>
     </choice>
     коня свого
     <choice>
      <reg>
       доброго
      </reg>
     </choice>
     ,
    </p>
    <p rend="v" uuid="140aba5e-a3e3-4632-b79e-c125a1037c59">
     <choice>
      <reg>
       Выезжал
      </reg>
     </choice>
     <choice>
      <reg>
       Сухман
      </reg>
     </choice>
     ко синю морю,
    </p>
    <p rend="v" uuid="cdd3fe98-6844-4bb1-9a15-8a4d32bd59d4">
     Ко синю морю,
     <choice>
      <reg>
       к
      </reg>
     </choice>
     <choice>
      <reg>
       тихим
      </reg>
     </choice>
     <choice>
      <reg>
       заводям
      </reg>
     </choice>
     .
    </p>
    <p rend="v" uuid="9262a845-c8ff-41a2-a957-52537a7b52e8">
     <choice>
      <reg>
       Подъезжал
      </reg>
     </choice>
     <choice>
      <reg>
       Сухман
      </reg>
     </choice>
     <choice>
      <reg>
       к
      </reg>
     </choice>
     первой заводи,
    </p>
    <p rend="v" uuid="22758b96-b5f9-4646-b21c-b9f0a20b84a2">
     Не
     <choice>
      <reg>
       наезживал
      </reg>
     </choice>
     <choice>
      <reg>
       белых
      </reg>
     </choice>
     лебедей.
    </p>
    <p rend="v" uuid="6e073d75-0ee4-4f07-b479-09c83d91ec07">
     <choice>
      <reg>
       Подъезжал
      </reg>
     </choice>
     <choice>
      <reg>
       Сухман
      </reg>
     </choice>
     <choice>
      <reg>
       к
      </reg>
     </choice>
     другой заводи,
    </p>
    <p rend="v" uuid="a967dbd7-d359-4302-87a9-665aa27839f6">
     Не
     <choice>
      <reg>
       нахаживал
      </reg>
     </choice>
     гусей-лебедей.
    </p>
    <p rend="v" uuid="4c492fde-d264-4d87-b4ad-86c14102c630">
     И у
     <choice>
      <reg>
       третией
      </reg>
     </choice>
     тихой заводи —
    </p>
    <p rend="v" uuid="88729058-4b5a-4aa1-91f8-4f6112997373">
     <choice>
      <reg>
       Нет
      </reg>
     </choice>
     <choice>
      <reg>
       серых
      </reg>
     </choice>
     гусей,
     <choice>
      <reg>
       белых
      </reg>
     </choice>
     лебедей.
    </p>
    <p rend="v" uuid="70646504-faae-4dd9-87bc-ebdd8e0afd36">
     <choice>
      <reg>
       Тут
      </reg>
     </choice>
     Сухмантьюшка призадумался:
    </p>
    <p rend="v" uuid="f287c5f6-294a-4010-8d56-d5aba3644650">
     «
     <choice>
      <reg>
       Как
      </reg>
     </choice>
     <choice>
      <reg>
       поеду
      </reg>
     </choice>
     я
     <choice>
      <reg>
       в
      </reg>
     </choice>
     славный
     <choice>
      <reg>
       Киев-град
      </reg>
     </choice>
     ?
    </p>
    <p rend="v" uuid="2e166542-19bb-4ba0-b234-37aa7bc406fd">
     «Чтó сказать
     <choice>
      <reg>
       будет
      </reg>
     </choice>
     <choice>
      <reg>
       князь-Владимиру
      </reg>
     </choice>
     ?»
    </p>
    <p rend="v" uuid="370336ac-17ce-45cc-80d8-bf0fd3d5c73b">
     И
     <choice>
      <reg>
       поехал
      </reg>
     </choice>
     <choice>
      <reg>
       он
      </reg>
     </choice>
     <choice>
      <reg>
       к
      </reg>
     </choice>
     мать
     <choice>
      <reg>
       Непре
      </reg>
     </choice>
     <choice>
      <reg>
       реке
      </reg>
     </choice>
     .
    </p>
    <p rend="v" uuid="86cbda1e-f70d-4da2-aacd-de03d1c2b576">
     Глядь —
     <choice>
      <reg>
       течёт
      </reg>
     </choice>
     <choice>
      <reg>
       Непра
      </reg>
     </choice>
     не по старому,
    </p>
    <p rend="v" uuid="251aff6b-b352-43b8-939f-85d1e6c0a581">
     Не по старому, не по прежнему,
    </p>
    <p rend="v" uuid="4b1c488d-2679-4f97-8419-90666094f867">
     А вода
     <choice>
      <reg>
       с
      </reg>
     </choice>
     <choice>
      <reg>
       песком
      </reg>
     </choice>
     <choice>
      <reg>
       в
      </reg>
     </choice>
     ней смутилася.
    </p>
    <p rend="v" uuid="b4cf1491-2013-4b39-867c-df50379dbf5b">
     <choice>
      <reg>
       Тут
      </reg>
     </choice>
     <choice>
      <reg>
       Непру
      </reg>
     </choice>
     <choice>
      <reg>
       реку
      </reg>
     </choice>
     <choice>
      <reg>
       Сухман
      </reg>
     </choice>
     <choice>
      <reg>
       спрашивал
      </reg>
     </choice>
     :
    </p>
    <p rend="v" uuid="c624e3c9-ae57-4a13-9fbb-73ba44c54bdb">
     «Что течёшь ты
     <choice>
      <reg>
       так
      </reg>
     </choice>
     , мать
     <choice>
      <reg>
       Непра
      </reg>
     </choice>
     <choice>
      <reg>
       река
      </reg>
     </choice>
     ,
    </p>
    <p rend="v" uuid="60e63c8a-c34d-4b76-aa1d-e1b5dd12287d">
     «Не по старому, не по прежнему,
    </p>
    <p rend="v" uuid="e3f9b2b4-4279-4581-9ffe-241142875f50">
     «А вода
     <choice>
      <reg>
       с
      </reg>
     </choice>
     <choice>
      <reg>
       песком
      </reg>
     </choice>
     помутилася?»
    </p>
    <p rend="v" uuid="b7b95c27-1439-4aad-9a0f-87bc6b7f1ea0">
     <choice>
      <reg>
       Испровещится
      </reg>
     </choice>
     мать
     <choice>
      <reg>
       Непра
      </reg>
     </choice>
     <choice>
      <reg>
       река
      </reg>
     </choice>
     :
    </p>
    <p rend="v" uuid="3d96d5be-d1e1-461f-b822-9f14164d18e9">
     «Я
     <choice>
      <reg>
       затем
      </reg>
     </choice>
     теку не по старому,
    </p>
    <p rend="v" uuid="673e986b-3236-4a26-b483-fef4e3e69beb">
     «Не по прежнему, по старинному,
    </p>
    <p rend="v" uuid="a8ab6ad2-00c4-4c41-893e-caf595b8e5d4">
     «Что
     <choice>
      <reg>
       стоят
      </reg>
     </choice>
     за мной, за
     <choice>
      <reg>
       Непрой
      </reg>
     </choice>
     <choice>
      <reg>
       рекой
      </reg>
     </choice>
     ,
    </p>
    <p rend="v" uuid="4e402acd-f7b4-48bf-8deb-6114101b1a33">
     «
     <choice>
      <reg>
       Сорок
      </reg>
     </choice>
     тысячей
     <choice>
      <reg>
       злых
      </reg>
     </choice>
     Татаровей.
    </p>
    <p rend="v" uuid="a32795da-d614-4e3f-a13d-8e2018f36690">
     «Они
     <choice>
      <reg>
       мост
      </reg>
     </choice>
     <choice>
      <reg>
       мостят
      </reg>
     </choice>
     <choice>
      <reg>
       с
      </reg>
     </choice>
     утра до ночи.
    </p>
    <p rend="v" uuid="16f50319-fc90-4dd3-a2e9-b36f2e8ffe91">
     «Чтó
     <choice>
      <reg>
       намостят
      </reg>
     </choice>
     <choice>
      <reg>
       днём
      </reg>
     </choice>
     , то
     <choice>
      <reg>
       в
      </reg>
     </choice>
     ночь вырою,
    </p>
   </div>
  </div>
  <p rend="left emptyline" uuid="8c7126f6-a9ce-4ba5-83f7-9f1e9ade79fb">
   <pb n="279"/>
  </p>
  <p rend="centerline" uuid="0879931e-2ca6-4752-a35c-6bcef8010074">
   — 77 —
  </p>
  <div type="poem">
   <div rend="left" type="stanza">
    <p rend="v" uuid="fecfaf6c-2aec-4b0c-85ca-087121b34d89">
     «Да
     <choice>
      <reg>
       из
      </reg>
     </choice>
     <choice>
      <reg>
       сил
      </reg>
     </choice>
     <choice>
      <reg>
       уж
      </reg>
     </choice>
     я выбиваюся».
    </p>
    <p rend="v" uuid="574838b4-55c2-459c-8960-fa7441641c6e">
     <choice>
      <reg>
       Взговорил
      </reg>
     </choice>
     <choice>
      <reg>
       Сухман
      </reg>
     </choice>
     таковы слова:
    </p>
    <p rend="v" uuid="ac74b13d-9b95-4c9a-9bbc-75704245784a">
     «То не честь-хвала молодецкая
    </p>
    <p rend="v" uuid="9e4eab13-fd90-49ef-ba9f-df39a30d5b77">
     Не
     <choice>
      <reg>
       отведать
      </reg>
     </choice>
     <choice>
      <reg>
       мне
      </reg>
     </choice>
     <choice>
      <reg>
       сил
      </reg>
     </choice>
     <choice>
      <reg>
       татарскиих
      </reg>
     </choice>
     ».
    </p>
    <p rend="v" uuid="0185db02-f20a-4475-b242-87d6da0b0bbc">
     И
     <choice>
      <reg>
       пустил
      </reg>
     </choice>
     коня свого
     <choice>
      <reg>
       доброго
      </reg>
     </choice>
     ,
    </p>
    <p rend="v" uuid="7d530d95-cb55-41b0-be28-92e7d1b7162f">
     <choice>
      <reg>
       Чрез
      </reg>
     </choice>
     <choice>
      <reg>
       Непру
      </reg>
     </choice>
     <choice>
      <reg>
       реку
      </reg>
     </choice>
     <choice>
      <reg>
       перескакивал
      </reg>
     </choice>
     ,
    </p>
    <p rend="v" uuid="ac4c6eee-a93a-48e0-84fa-4e4534569c72">
     Не
     <choice>
      <reg>
       мочил
      </reg>
     </choice>
     <choice>
      <reg>
       копыт
      </reg>
     </choice>
     его добрый конь,
    </p>
    <p rend="v" uuid="c02b78a5-156a-4df0-909e-ce10105059e0">
     <choice>
      <reg>
       Подъезжал
      </reg>
     </choice>
     <choice>
      <reg>
       Сухман
      </reg>
     </choice>
     ко сыру дубу
    </p>
    <p rend="v" uuid="95eea0da-769f-4cf9-b2cb-8280fab7e1b7">
     До сыру дубу, кряковистому,
    </p>
    <p rend="v" uuid="e0fb6775-6725-4f8a-9c85-896a52a83584">
     <choice>
      <reg>
       Дуб
      </reg>
     </choice>
     <choice>
      <reg>
       с
      </reg>
     </choice>
     кореньями
     <choice>
      <reg>
       выворачивал
      </reg>
     </choice>
     .
    </p>
    <p rend="v" uuid="5f29b5ae-82fd-46ff-bfff-6f262b95fe7b">
     А
     <choice>
      <reg>
       с
      </reg>
     </choice>
     комля дуба
     <choice>
      <reg>
       белый
      </reg>
     </choice>
     <choice>
      <reg>
       сок
      </reg>
     </choice>
     <choice>
      <reg>
       бежал
      </reg>
     </choice>
     ;
    </p>
    <p rend="v" uuid="ebfc9f1d-0153-40b4-9060-94ba9168a148">
     Ту дубиночку за вершину
     <choice>
      <reg>
       брал
      </reg>
     </choice>
    </p>
    <p rend="v" uuid="914f259b-aa8a-4e86-835f-42f30b898154">
     И
     <choice>
      <reg>
       пустил
      </reg>
     </choice>
     коня на Татаровей.
    </p>
    <p rend="v" uuid="6e949078-6304-41a4-a42f-cb3536c658f6">
     <choice>
      <reg>
       Стал
      </reg>
     </choice>
     Сухмантьюшка поварачивать,
    </p>
    <p rend="v" uuid="20462df6-bb51-4511-9f9a-1a08125e874e">
     Той дубиночкой
     <choice>
      <reg>
       стал
      </reg>
     </choice>
     помахивать.
    </p>
    <p rend="v" uuid="667dc6e2-0e93-43f8-abf5-18829b96bc50">
     <choice>
      <reg>
       Как
      </reg>
     </choice>
     <choice>
      <reg>
       махнет
      </reg>
     </choice>
     <choice>
      <reg>
       вперед
      </reg>
     </choice>
     ,
     <choice>
      <reg>
       станет
      </reg>
     </choice>
     улица,
    </p>
    <p rend="v" uuid="97a008b8-91e1-466f-a766-c8bcc3dea1d2">
     <choice>
      <reg>
       Отвернёт
      </reg>
     </choice>
     <choice>
      <reg>
       назад
      </reg>
     </choice>
     —
     <choice>
      <reg>
       переулочек
      </reg>
     </choice>
     .
    </p>
    <p rend="v" uuid="d062e23b-886c-48b4-9cff-e54037dd0b83">
     <choice>
      <reg>
       Всех
      </reg>
     </choice>
     <choice>
      <reg>
       побил
      </reg>
     </choice>
     <choice>
      <reg>
       Татар
      </reg>
     </choice>
     <choice>
      <reg>
       Одихмантьевич
      </reg>
     </choice>
     ,
    </p>
    <p rend="v" uuid="b8e7e26a-9290-419e-a4e5-9be697422262">
     <choice>
      <reg>
       Убежало
      </reg>
     </choice>
     ли три Татарченка, —
    </p>
    <p rend="v" uuid="7c4d0344-7dfd-41d8-9732-dc2ba0bbd694">
     <choice>
      <reg>
       Под
      </reg>
     </choice>
     кусточками,
     <choice>
      <reg>
       под
      </reg>
     </choice>
     ракитовыми
    </p>
    <p rend="v" uuid="0fb4b720-5a4d-4731-8df8-f5616748b7f4">
     У
     <choice>
      <reg>
       Непры
      </reg>
     </choice>
     <choice>
      <reg>
       реки
      </reg>
     </choice>
     схоронилися.
    </p>
    <p rend="v" uuid="57bcabd3-dc3c-4826-aa11-944c4818dbab">
     <choice>
      <reg>
       Подъезжал
      </reg>
     </choice>
     <choice>
      <reg>
       Сухман
      </reg>
     </choice>
     <choice>
      <reg>
       к
      </reg>
     </choice>
     <choice>
      <reg>
       мать-Непре
      </reg>
     </choice>
     <choice>
      <reg>
       реке
      </reg>
     </choice>
     ,
    </p>
    <p rend="v" uuid="9798258a-6f71-467e-b4a3-ec8c77bfe786">
     <choice>
      <reg>
       Из
      </reg>
     </choice>
     <choice>
      <reg>
       под
      </reg>
     </choice>
     <choice>
      <reg>
       кустиков
      </reg>
     </choice>
     <choice>
      <reg>
       в
      </reg>
     </choice>
     Одихмантьича
    </p>
    <p rend="v" uuid="1721f963-2170-40dd-8bd4-8dbd2312950e">
     Три Татарченка
     <choice>
      <reg>
       стрелки
      </reg>
     </choice>
     пустили
    </p>
    <p rend="v" uuid="5460d3e6-8ed2-4a03-963e-928798d38155">
     Во его бока,
     <choice>
      <reg>
       в
      </reg>
     </choice>
     <choice>
      <reg>
       тело
      </reg>
     </choice>
     <choice>
      <reg>
       белое
      </reg>
     </choice>
     .
    </p>
    <p rend="v" uuid="da1cf721-9e99-4692-b87e-cee7b625a154">
     <choice>
      <reg>
       Свет-Сухмантьюшка
      </reg>
     </choice>
     <choice>
      <reg>
       стрелки
      </reg>
     </choice>
     <choice>
      <reg>
       выдернул
      </reg>
     </choice>
    </p>
    <p rend="v" uuid="9a78692d-d419-4660-a9b7-221cff738459">
     <choice>
      <reg>
       Из
      </reg>
     </choice>
     <choice>
      <reg>
       своих
      </reg>
     </choice>
     <choice>
      <reg>
       боков
      </reg>
     </choice>
     ,
     <choice>
      <reg>
       из
      </reg>
     </choice>
     <choice>
      <reg>
       кровавых
      </reg>
     </choice>
     <choice>
      <reg>
       ран
      </reg>
     </choice>
     ,
    </p>
    <p rend="v" uuid="942adc5e-8d65-4b9a-9e27-90c3d770e996">
     <choice>
      <reg>
       Листьем
      </reg>
     </choice>
     <choice>
      <reg>
       маковым
      </reg>
     </choice>
     <choice>
      <reg>
       позатыкивал
      </reg>
     </choice>
     ,
    </p>
    <p rend="v" uuid="1b0ec447-db23-4bfe-9aa3-0bb96a94f443">
     И
     <choice>
      <reg>
       спорол
      </reg>
     </choice>
     <choice>
      <reg>
       ножом
      </reg>
     </choice>
     <choice>
      <reg>
       трёх
      </reg>
     </choice>
     <choice>
      <reg>
       Татарченков
      </reg>
     </choice>
     .
    </p>
    <p rend="v" uuid="4fa15a9e-fd0f-49c2-94f3-1c4703161362">
     <choice>
      <reg>
       Приезжал
      </reg>
     </choice>
     <choice>
      <reg>
       Сухман
      </reg>
     </choice>
     <choice>
      <reg>
       к
      </reg>
     </choice>
     <choice>
      <reg>
       князь-Владимиру
      </reg>
     </choice>
     ,
    </p>
    <p rend="v" uuid="32cc3b2b-b490-4481-a71d-8453904fb4fb">
     <choice>
      <reg>
       Привязал
      </reg>
     </choice>
     коня на
     <choice>
      <reg>
       дворе
      </reg>
     </choice>
     <choice>
      <reg>
       к
      </reg>
     </choice>
     столбу,
    </p>
   </div>
  </div>
  <p rend="left emptyline" uuid="880db867-9069-48c8-9ba7-3ea9c9e48cce">
   <pb n="280"/>
  </p>
  <p rend="centerline" uuid="c2a2650c-35bc-4bd8-8d7f-2d3e0f2bd122">
   — 78 —
  </p>
  <div type="poem">
   <div rend="left" type="stanza">
    <p rend="v" uuid="9592a026-1f07-496a-ae54-d5e013cf9c77">
     <choice>
      <reg>
       Сам
      </reg>
     </choice>
     <choice>
      <reg>
       входил
      </reg>
     </choice>
     <choice>
      <reg>
       Сухман
      </reg>
     </choice>
     во столовую.
    </p>
    <p rend="v" uuid="21f0e870-0026-476d-a915-6f71c077ca5a">
     <choice>
      <reg>
       Тут
      </reg>
     </choice>
     <choice>
      <reg>
       Владимир
      </reg>
     </choice>
     князь, красно солнышко,
    </p>
    <p rend="v" uuid="c17097b0-9abf-47b7-8401-4bdc0865b847">
     <choice>
      <reg>
       Сам
      </reg>
     </choice>
     по
     <choice>
      <reg>
       горенке
      </reg>
     </choice>
     <choice>
      <reg>
       он
      </reg>
     </choice>
     <choice>
      <reg>
       похаживает
      </reg>
     </choice>
     ,
    </p>
    <p rend="v" uuid="4d0a2fd2-838b-4907-bf0a-0c6e7060b7ab">
     Одихмантьичу
     <choice>
      <reg>
       выговаривает
      </reg>
     </choice>
     :
    </p>
    <p rend="v" uuid="0dd8fde1-62a2-48f7-93fb-578c2552657d">
     «
     <choice>
      <reg>
       Чтож
      </reg>
     </choice>
     , Сухмантьюшка, не
     <choice>
      <reg>
       привёз
      </reg>
     </choice>
     ты
     <choice>
      <reg>
       мне
      </reg>
     </choice>
    </p>
    <p rend="v" uuid="bca53658-029f-4f09-86fe-49b26dee50cd">
     «Лебедь
     <choice>
      <reg>
       белую
      </reg>
     </choice>
     не кровавлену?»
    </p>
    <p rend="v" uuid="f000564d-43e8-43a4-bdce-a433a97a81c3">
     Взговорить
     <choice>
      <reg>
       Сухман
      </reg>
     </choice>
     таковы слова:
    </p>
    <p rend="v" uuid="9fe67870-d007-41dd-a64b-280eeb432fd1">
     «Гой,
     <choice>
      <reg>
       Владимир
      </reg>
     </choice>
     князь, за
     <choice>
      <reg>
       Непрой
      </reg>
     </choice>
     <choice>
      <reg>
       рекой
      </reg>
     </choice>
    </p>
    <p rend="v" uuid="9e59fca7-3ebb-43e1-8fb3-4cd12c699ca5">
     «Доходило
     <choice>
      <reg>
       мне
      </reg>
     </choice>
     не до лебедей:
    </p>
    <p rend="v" uuid="6cb2c804-b37a-4c73-88cc-676fba577d33">
     «
     <choice>
      <reg>
       Повстречалась
      </reg>
     </choice>
     <choice>
      <reg>
       мне
      </reg>
     </choice>
     за
     <choice>
      <reg>
       Непрой
      </reg>
     </choice>
     <choice>
      <reg>
       рекой
      </reg>
     </choice>
    </p>
    <p rend="v" uuid="6d2ff860-ef53-4090-a22d-fa5e721ca7f3">
     «Сила ратная
     <choice>
      <reg>
       в
      </reg>
     </choice>
     <choice>
      <reg>
       сорок
      </reg>
     </choice>
     тысячей: —
    </p>
    <p rend="v" uuid="81584c38-391b-4233-a23f-ea185eae6392">
     «Шли во
     <choice>
      <reg>
       Киев
      </reg>
     </choice>
     <choice>
      <reg>
       град
      </reg>
     </choice>
     злы Татаровья,
    </p>
    <p rend="v" uuid="8dd091bd-d062-4e7f-9688-b425837b6b8b">
     «
     <choice>
      <reg>
       С
      </reg>
     </choice>
     утра до ночи мосты ладили,
    </p>
    <p rend="v" uuid="67ce4763-1318-42cc-afe9-1774cd4e0d71">
     «А
     <choice>
      <reg>
       Непра
      </reg>
     </choice>
     <choice>
      <reg>
       река
      </reg>
     </choice>
     вырывала
     <choice>
      <reg>
       в
      </reg>
     </choice>
     ночь,
    </p>
    <p rend="v" uuid="21421478-d4ed-464d-81f9-d26a0c4b7683">
     «Да
     <choice>
      <reg>
       из
      </reg>
     </choice>
     <choice>
      <reg>
       сил
      </reg>
     </choice>
     она выбивалася.
    </p>
    <p rend="v" uuid="b8689d50-3e4c-487d-ac04-9512539c3adf">
     «Я
     <choice>
      <reg>
       пустил
      </reg>
     </choice>
     коня на Татаровей,
    </p>
    <p rend="v" uuid="ae4a6772-4ad0-4b99-a1c4-6dd70748f8f7">
     «И
     <choice>
      <reg>
       побил
      </reg>
     </choice>
     <choice>
      <reg>
       их
      </reg>
     </choice>
     <choice>
      <reg>
       всех
      </reg>
     </choice>
     до
     <choice>
      <reg>
       единого
      </reg>
     </choice>
     ».
    </p>
    <p rend="v" uuid="59097556-3a4b-4c57-8a79-155430fd3b2a">
     <choice>
      <reg>
       Володимир
      </reg>
     </choice>
     князь, красно солнышко,
    </p>
    <p rend="v" uuid="dcd7c1ec-b477-4581-b579-10f7aa767dc7">
     <choice>
      <reg>
       Тем
      </reg>
     </choice>
     <choice>
      <reg>
       словам
      </reg>
     </choice>
     его не
     <choice>
      <reg>
       уверовал
      </reg>
     </choice>
     ,
    </p>
    <p rend="v" uuid="1a362d87-a9b4-461b-bd9d-8a0673317a82">
     <choice>
      <reg>
       Приказал
      </reg>
     </choice>
     <choice>
      <reg>
       слугам
      </reg>
     </choice>
     <choice>
      <reg>
       своим
      </reg>
     </choice>
     <choice>
      <reg>
       верныим
      </reg>
     </choice>
    </p>
    <p rend="v" uuid="6eacc9af-7937-4dd8-aa3d-06e6eb490b61">
     Брать
     <choice>
      <reg>
       Сухмантия
      </reg>
     </choice>
     за
     <choice>
      <reg>
       белы
      </reg>
     </choice>
     руки,
    </p>
    <p rend="v" uuid="6715d1a3-7b1d-45c0-8e94-b5198ee7abba">
     <choice>
      <reg>
       В
      </reg>
     </choice>
     погреба сажать во
     <choice>
      <reg>
       глубокие
      </reg>
     </choice>
     ;
    </p>
    <p rend="v" uuid="b7b7983d-8671-471c-a9ac-689eae84c12b">
     А Добрынюшку
     <choice>
      <reg>
       посылал
      </reg>
     </choice>
     <choice>
      <reg>
       к
      </reg>
     </choice>
     <choice>
      <reg>
       Непре
      </reg>
     </choice>
    </p>
    <p rend="v" uuid="ada82823-8649-4244-a76b-19d5367c41ec">
     Про Сухмантьевы
     <choice>
      <reg>
       сведать
      </reg>
     </choice>
     заработки.
    </p>
    <p rend="v" uuid="bb1329eb-425a-4a18-8452-8b6a17583d78">
     <choice>
      <reg>
       Встал
      </reg>
     </choice>
     Добрынюшка на
     <choice>
      <reg>
       резвы
      </reg>
     </choice>
     ноги,
    </p>
    <p rend="v" uuid="c334b7c8-6b39-410e-983c-e1511f6531f7">
     <choice>
      <reg>
       Он
      </reg>
     </choice>
     <choice>
      <reg>
       седлал
      </reg>
     </choice>
     коня свого
     <choice>
      <reg>
       доброго
      </reg>
     </choice>
     ,
    </p>
    <p rend="v" uuid="9bd74876-8761-4494-bf1c-b2f5dc5adb94">
     <choice>
      <reg>
       Выезжал
      </reg>
     </choice>
     <choice>
      <reg>
       в
      </reg>
     </choice>
     поле,
     <choice>
      <reg>
       к
      </reg>
     </choice>
     <choice>
      <reg>
       мать-Непре
      </reg>
     </choice>
     <choice>
      <reg>
       реке
      </reg>
     </choice>
     .
    </p>
    <p rend="v" uuid="fdb150d8-a699-4bab-aa10-715b0cec3d58">
     <choice>
      <reg>
       Увидал
      </reg>
     </choice>
     , —
     <choice>
      <reg>
       лежит
      </reg>
     </choice>
     сила ратная,
    </p>
    <p rend="v" uuid="f7a066b3-328b-4f23-a4a2-21af3f680ff1">
     <choice>
      <reg>
       В
      </reg>
     </choice>
     <choice>
      <reg>
       сорок
      </reg>
     </choice>
     тысячей, вся побитая,
    </p>
    <p rend="v" uuid="3ca0bdac-7dcb-40c3-a862-873b68a017ea">
     И валяется
     <choice>
      <reg>
       дуб
      </reg>
     </choice>
     <choice>
      <reg>
       с
      </reg>
     </choice>
     кореньями,
    </p>
    <p rend="v" uuid="d289029d-7df8-4ecd-999f-27a843258eb4">
     На лучиночки весь исщепанный.
    </p>
   </div>
  </div>
  <p rend="left emptyline" uuid="ba8839a6-0770-4570-a3ab-3960ff38215d">
   <pb n="281"/>
  </p>
  <p rend="centerline" uuid="67ab2391-a20b-4662-98f8-ebf9d3435a10">
   — 79 —
  </p>
  <div type="poem">
   <div rend="left" type="stanza">
    <p rend="v" uuid="7d62c4d5-d8b2-46a2-8e8c-68a8fedd5591">
     <choice>
      <reg>
       Дуб
      </reg>
     </choice>
     Добрынюшка
     <choice>
      <reg>
       поднимал
      </reg>
     </choice>
     <choice>
      <reg>
       с
      </reg>
     </choice>
     земли,
    </p>
    <p rend="v" uuid="2bbd197a-13d6-45f2-a6c1-b07c5392a4d5">
     <choice>
      <reg>
       Привозил
      </reg>
     </choice>
     его ко
     <choice>
      <reg>
       Владимиру
      </reg>
     </choice>
     ,
    </p>
    <p rend="v" uuid="5a97855b-31dd-48f0-8c37-273b2c52cf49">
     <choice>
      <reg>
       Так
      </reg>
     </choice>
     Добрынюшка
     <choice>
      <reg>
       выговаривал
      </reg>
     </choice>
     .
    </p>
    <p rend="v" uuid="139ee893-b4f2-40ff-aec4-758cf2116ccf">
     «Правдой
     <choice>
      <reg>
       хвастает
      </reg>
     </choice>
     <choice>
      <reg>
       Одихмантьевич
      </reg>
     </choice>
     :
    </p>
    <p rend="v" uuid="3ac6be6f-43e8-432d-a013-e6ac0700cee9">
     «За
     <choice>
      <reg>
       Непрой
      </reg>
     </choice>
     <choice>
      <reg>
       рекой
      </reg>
     </choice>
     я
     <choice>
      <reg>
       видал
      </reg>
     </choice>
     —
     <choice>
      <reg>
       лежат
      </reg>
     </choice>
    </p>
    <p rend="v" uuid="fa7f6389-faf2-40e0-b962-165b7ef0f6eb">
     «
     <choice>
      <reg>
       Сорок
      </reg>
     </choice>
     тысячей
     <choice>
      <reg>
       злых
      </reg>
     </choice>
     Татаровей,
    </p>
    <p rend="v" uuid="207a7f41-de43-46bc-a87a-d332aaa04fbf">
     «И дубиночка Одихмантьича,
    </p>
    <p rend="v" uuid="da72e5e3-2147-4db6-8dda-f1f05fe22c7f">
     «На лучиночки вся исщепана».
    </p>
    <p rend="v" uuid="4e442214-90dd-41c6-9f96-9e740d69ebe0">
     <choice>
      <reg>
       Тут
      </reg>
     </choice>
     <choice>
      <reg>
       велел
      </reg>
     </choice>
     <choice>
      <reg>
       слугам
      </reg>
     </choice>
     <choice>
      <reg>
       Володимир
      </reg>
     </choice>
     князь
    </p>
    <p rend="v" uuid="5c32d0cb-79d9-486f-bcb9-82acd167c13a">
     <choice>
      <reg>
       В
      </reg>
     </choice>
     погреба идти во
     <choice>
      <reg>
       глубокие
      </reg>
     </choice>
     ,
    </p>
    <p rend="v" uuid="d13ff3c1-657d-4e94-b292-e61175b767e1">
     Выводить
     <choice>
      <reg>
       скорей
      </reg>
     </choice>
     Одихмантьича,
    </p>
    <p rend="v" uuid="286b96be-e11f-4890-96cf-ff73c891fe93">
     Приводить
     <choice>
      <reg>
       к
      </reg>
     </choice>
     <choice>
      <reg>
       себе
      </reg>
     </choice>
     на ясны очи,
    </p>
    <p rend="v" uuid="3d28813b-9041-4534-bef4-40be9dfcb6c8">
     Таковы слова
     <choice>
      <reg>
       выговаривал
      </reg>
     </choice>
     :
    </p>
    <p rend="v" uuid="1191889f-37ec-4ee8-a2db-9cec7b70089f">
     «За услуги
     <choice>
      <reg>
       те
      </reg>
     </choice>
     за
     <choice>
      <reg>
       великия
      </reg>
     </choice>
    </p>
    <p rend="v" uuid="0f6b9145-02d0-48e7-bdcd-010a2f231f87">
     «Добра молодца буду миловать,
    </p>
    <p rend="v" uuid="b396007c-41a5-48d6-beca-ab1e3a26d01a">
     «Буду жаловать его до люби
    </p>
    <p rend="v" uuid="e5b1ef46-8063-44c3-a064-c732d030411f">
     «Городами ли
     <choice>
      <reg>
       с
      </reg>
     </choice>
     пригородками,
    </p>
    <p rend="v" uuid="8b2cc35b-ec89-405d-8443-0e833b1e9ecd">
     «Еще сёлами да
     <choice>
      <reg>
       с
      </reg>
     </choice>
     присёлками,
    </p>
    <p rend="v" uuid="711ef623-5a14-436a-874a-711e15e8600d">
     «Золотой казной да безсчётною»
    </p>
    <p rend="v" uuid="113e03a0-6c5c-40dc-9fc6-9af6f070c155">
     <choice>
      <reg>
       В
      </reg>
     </choice>
     погреба
     <choice>
      <reg>
       идут
      </reg>
     </choice>
     во
     <choice>
      <reg>
       глубокие
      </reg>
     </choice>
    </p>
    <p rend="v" uuid="fa47e048-f903-4c19-b6ba-db49edf7acf4">
     <choice>
      <reg>
       К
      </reg>
     </choice>
     Одихмантьичу слуги
     <choice>
      <reg>
       верные
      </reg>
     </choice>
     ,
    </p>
    <p rend="v" uuid="7da30aef-531c-435c-a786-86ddb8466fcd">
     <choice>
      <reg>
       Говорят
      </reg>
     </choice>
     ему таковы слова:
    </p>
    <p rend="v" uuid="0982ee22-7bc7-4110-8f79-e4d4a9a4d84a">
     «Выходи,
     <choice>
      <reg>
       Сухман
      </reg>
     </choice>
     , ты
     <choice>
      <reg>
       из
      </reg>
     </choice>
     погреба:
    </p>
    <p rend="v" uuid="605da486-00d2-4e0e-a23d-3e344a4e6b6a">
     «
     <choice>
      <reg>
       Володимир
      </reg>
     </choice>
     князь тебя
     <choice>
      <reg>
       милует
      </reg>
     </choice>
     ,
    </p>
    <p rend="v" uuid="4e57f1ad-2c68-43b9-9ed7-6d703fb85d52">
     «За твои, труды за
     <choice>
      <reg>
       великие
      </reg>
     </choice>
    </p>
    <p rend="v" uuid="b1440152-bb23-49c0-ae26-8876e7339df4">
     «
     <choice>
      <reg>
       Хочет
      </reg>
     </choice>
     солнышко тебя жаловать
    </p>
    <p rend="v" uuid="a543a53d-a28e-4ef8-a4de-ec5700b2db08">
     «Городами ли
     <choice>
      <reg>
       с
      </reg>
     </choice>
     пригородками,
    </p>
    <p rend="v" uuid="e1fd3c61-5b25-4b4e-9e48-2b5bb21670f2">
     «Еще сёлами да
     <choice>
      <reg>
       с
      </reg>
     </choice>
     присёлками,
    </p>
    <p rend="v" uuid="cf1afb6c-8fef-4f5e-a8f6-f53ef4d95183">
     «Золотой казной да безсчётною».
    </p>
    <p rend="v" uuid="bce17bca-2e76-462c-a7bc-dad254150618">
     <choice>
      <reg>
       Выходил
      </reg>
     </choice>
     <choice>
      <reg>
       Сухман
      </reg>
     </choice>
     во чисто поле,
    </p>
    <p rend="v" uuid="da1ce9df-99f5-4d79-aa4f-89c5b0a60d78">
     <choice>
      <reg>
       Говорил
      </reg>
     </choice>
     <choice>
      <reg>
       Сухман
      </reg>
     </choice>
     таковы слова:
    </p>
   </div>
  </div>
  <p rend="left emptyline" uuid="0ba5ac27-e750-4a92-b7de-270cffe2448b">
   <pb n="282"/>
  </p>
  <p rend="centerline" uuid="ff7ff261-1e52-4f29-9e32-7db80a624fe8">
   — 80 —
  </p>
  <div type="poem">
   <div rend="left" type="stanza">
    <p rend="v" uuid="a6fb38d9-64e9-4f29-8504-53b7986b1b74">
     «Гой,
     <choice>
      <reg>
       Владимир
      </reg>
     </choice>
     князь, ласково солнышко
    </p>
    <p rend="v" uuid="e7ca8b29-62b3-4eb6-93eb-165ebab0e0b3">
     «Не
     <choice>
      <reg>
       умел
      </reg>
     </choice>
     меня
     <choice>
      <reg>
       в
      </reg>
     </choice>
     пору миловать,
    </p>
    <p rend="v" uuid="effdf5e9-8589-477a-9f5a-d8f6608209a3">
     «Не
     <choice>
      <reg>
       умел
      </reg>
     </choice>
     жe ты
     <choice>
      <reg>
       в
      </reg>
     </choice>
     пору жаловать,
    </p>
    <p rend="v" uuid="eda12147-bee0-4c15-a12f-bcc0b72b3b85">
     «А теперь
     <choice>
      <reg>
       тебе
      </reg>
     </choice>
     не видать
     <choice>
      <reg>
       будет
      </reg>
     </choice>
     ,
    </p>
    <p rend="v" uuid="9a869d9b-ac2e-434d-86f2-3dde39f0a145">
     «Не видать меня во ясны очи.
    </p>
    <p rend="v" uuid="6a45cec6-d3a3-495d-8939-0594b299a629">
     И
     <choice>
      <reg>
       выдёргивал
      </reg>
     </choice>
     <choice>
      <reg>
       Одихмантьевич
      </reg>
     </choice>
    </p>
    <p rend="v" uuid="54604244-a12f-4b06-8981-f05ebc82c55c">
     <choice>
      <reg>
       Из
      </reg>
     </choice>
     <choice>
      <reg>
       кровавых
      </reg>
     </choice>
     <choice>
      <reg>
       ран
      </reg>
     </choice>
     листье маково,
    </p>
    <p rend="v" uuid="f6dc602f-d5af-48fd-a899-14bcb2109604">
     <choice>
      <reg>
       Свет-Сухмантьюшка
      </reg>
     </choice>
     <choice>
      <reg>
       приговаривал
      </reg>
     </choice>
     .
    </p>
    <p rend="v" uuid="68db969f-5120-4b9b-bd15-1b9bb187a2ae">
     «Потеки
     <choice>
      <reg>
       река
      </reg>
     </choice>
     <choice>
      <reg>
       от
      </reg>
     </choice>
     моей крови,
    </p>
    <p rend="v" uuid="b199947b-f8f2-4627-b8ed-6735b43f855b">
     «
     <choice>
      <reg>
       От
      </reg>
     </choice>
     моей крови
     <choice>
      <reg>
       от
      </reg>
     </choice>
     <choice>
      <reg>
       горючия
      </reg>
     </choice>
     ,
    </p>
    <p rend="v" uuid="f3737f30-f402-4447-9af2-7963c0124541">
     «
     <choice>
      <reg>
       От
      </reg>
     </choice>
     <choice>
      <reg>
       горючия
      </reg>
     </choice>
     ,
     <choice>
      <reg>
       от
      </reg>
     </choice>
     <choice>
      <reg>
       напрасные
      </reg>
     </choice>
     ,
    </p>
    <p rend="v" uuid="7493110a-0f3e-4792-a8a9-2c909bbe5f1f">
     «Потеки
     <choice>
      <reg>
       Сухман
      </reg>
     </choice>
     ,
     <choice>
      <reg>
       ах
      </reg>
     </choice>
     <choice>
      <reg>
       Сухман
      </reg>
     </choice>
     <choice>
      <reg>
       река
      </reg>
     </choice>
     ,
    </p>
    <p rend="v" uuid="5f1d3caf-8d9d-4aeb-92f3-50ba97bf9ea1">
     «Будь
     <choice>
      <reg>
       Непре
      </reg>
     </choice>
     <choice>
      <reg>
       реке
      </reg>
     </choice>
     ты родна сестра.»
    </p>
   </div>
  </div>
  <p rend="left emptyline" uuid="4daa976a-e448-4d6e-a082-72ee70c6963d">
   <pb n="283"/>
  </p>
 </div>
</TEI>