<?xml version="1.0" encoding="utf-8"?>
<TEI xmlns="http://www.tei-c.org/ns/1.0" xmlns:xi="http://www.w3.org/2001/XInclude">
 <teiHeader>
  <fileDesc>
   <titleStmt>
    <title>
     Азбука. Книга I
    </title>
    <author>
     Толстой Л.Н.
    </author>
    <respStmt>
     <resp>
      подготовка TEI/XML
     </resp>
     <name>
      Мария Картышева, Евгений Можаев, Даниил Скоринкин, Елена Сидорова, Вероника Файнберг, Кирилл Милинцевич
     </name>
    </respStmt>
    <respStmt>
     <name>
      Анастасия Бонч-Осмоловская, Фёкла Толстая, Борис Орехов
     </name>
     <resp>
      Идея, постановка задач, руководство
     </resp>
    </respStmt>
   </titleStmt>
   <publicationStmt>
    <idno>
     Азбука  | Книга I
    </idno>
    <publisher>
     <orgName>
      Школа лингвистики НИУ ВШЭ
     </orgName>
    </publisher>
    <availability>
     <p>
      Тексты и метатекстовая разметка доступны для свободного использования и распространения по лицензии Creative Commons Attribution Share-Alike (cc by-sa)
     </p>
    </availability>
   </publicationStmt>
   <sourceDesc>
    <biblStruct>
     <analytic>
      <author>
       Толстой Л.Н.
      </author>
      <title level="a">
       Азбука. Книга I
      </title>
     </analytic>
     <monogr>
      <title level="m">
       Полное собрание сочинений. Том 22
      </title>
      <imprint>
       <pubPlace>
        Москва
       </pubPlace>
       <publisher>
        Государственное издательство "Художественная литература"
       </publisher>
       <date when="1871-1872"/>
      </imprint>
     </monogr>
     <series>
      <title level="s">
       Л.Н. Толстой. Полное собрание сочинений
      </title>
      <biblScope unit="vol">
       22
      </biblScope>
     </series>
    </biblStruct>
   </sourceDesc>
  </fileDesc>
  <encodingDesc>
   <classDecl>
    <xi:include href="taxonomy.xml"/>
   </classDecl>
  </encodingDesc>
  <profileDesc>
   <creation>
    <date notAfter="1872" notBefore="1871">
     1871-1872
    </date>
    <rs/>
   </creation>
   <textClass>
    <catRef target="#fiction" type="sphere"/>
    <catRef target="#произведения для детей" type="type"/>
    <catRef target="#works" type="works_letters_diaries"/>
    <catRef target="#азбука" type="ninetyDef"/>
    <catRef target="#Основное" type="main_var"/>
    <catRef target="#азбука" type="type_short"/>
    <catRef target="None" type="translation"/>
    <catRef target="None" type="translation_origin"/>
    <catRef target="#да" type="tolstoy_or_not"/>
    <catRef target="None" type="name_status"/>
   </textClass>
   <preparedness>
    finished
   </preparedness>
   <settingDesc>
    <time>
     XIX век
    </time>
   </settingDesc>
  </profileDesc>
  <xenoData>
   <cyclusName/>
   <p>
    Проект
    <title>
     Толстой.Digital
    </title>
    разрабатывается сотрудниками и студентами
    <orgName>
     Высшей школы экономики
    </orgName>
    в сотрудничестве с
    <orgName>
     Государственным музеем Л.Н. Толстого
    </orgName>
    . Источник текстов –
    <bibl>
     90-томное собрание сочинений Л.Н.Толстого
    </bibl>
    . Разметка основана на стандарте
    <ref target="http://www.tei-c.org">
     TEI (Text Encoding Initiative)
    </ref>
    .
   </p>
   <versionNumber/>
   <isFinished/>
   <isEdited/>
   <fullBibliographicDescription/>
  </xenoData>
 </teiHeader>
 <p rend="left emptyline">
  <pb n="402"/>
 </p>
 <div type="section" xml:id="ref187">
  <head rend="center">
   <hi rend="strong">
    ФАЗАНЫ.
   </hi>
  </head>
  <p rend="left" uuid="004a8e19-354c-4dd0-aabf-99a3018cbb50">
   На Кавказѣ дикихъ куръ зовутъ фазанами. Ихъ такъ много, что онѣ тамъ дешевле домашней курицы. За фазанами охотятся
   <hi rend="italic">
    <choice>
     <reg>
      с
     </reg>
    </choice>
    кобылкой,
    <choice>
     <reg>
      с
     </reg>
    </choice>
    подсаду
   </hi>
   и
   <hi rend="italic">
    <choice>
     <reg>
      из
     </reg>
    </choice>
   </hi>
  </p>
  <p rend="left emptyline" uuid="4444f399-fa0c-4b38-a0b4-bade248284f5">
   <pb n="403"/>
  </p>
  <p rend="centerline" uuid="dc942fab-ad4b-486e-8634-dc34ef812056">
   — 35 —
  </p>
  <p rend="left" uuid="e5b921ad-032c-4446-bea0-b3dd9cc47caf">
   <hi rend="italic">
    <choice>
     <reg>
      под
     </reg>
    </choice>
    собаки.
   </hi>
   <choice>
    <reg>
     С
    </reg>
   </choice>
   кобылкой
   <choice>
    <reg>
     вот
    </reg>
   </choice>
   <choice>
    <reg>
     как
    </reg>
   </choice>
   охотятся:
   <choice>
    <reg>
     возьмут
    </reg>
   </choice>
   парусины,
   <choice>
    <reg>
     натянут
    </reg>
   </choice>
   на рамку,
   <choice>
    <reg>
     в
    </reg>
   </choice>
   <choice>
    <reg>
     середине
    </reg>
   </choice>
   рамки
   <choice>
    <reg>
     сделают
    </reg>
   </choice>
   перекладину. А
   <choice>
    <reg>
     в
    </reg>
   </choice>
   <choice>
    <reg>
     парусине
    </reg>
   </choice>
   <choice>
    <reg>
     сделают
    </reg>
   </choice>
   <choice>
    <reg>
     прорешку
    </reg>
   </choice>
   . Эта рамка
   <choice>
    <reg>
     с
    </reg>
   </choice>
   парусиной называется кобылкой.
   <choice>
    <reg>
     С
    </reg>
   </choice>
   этой кобылкой и
   <choice>
    <reg>
     с
    </reg>
   </choice>
   <choice>
    <reg>
     ружьём
    </reg>
   </choice>
   , на
   <choice>
    <reg>
     заре
    </reg>
   </choice>
   <choice>
    <reg>
     выходят
    </reg>
   </choice>
   <choice>
    <reg>
     с
    </reg>
   </choice>
   <choice>
    <reg>
     лес
    </reg>
   </choice>
   . Кобылку
   <choice>
    <reg>
     несут
    </reg>
   </choice>
   <choice>
    <reg>
     перед
    </reg>
   </choice>
   собою и
   <choice>
    <reg>
     высматривают
    </reg>
   </choice>
   <choice>
    <reg>
     в
    </reg>
   </choice>
   <choice>
    <reg>
     прорешку
    </reg>
   </choice>
   <choice>
    <reg>
     фазанов
    </reg>
   </choice>
   . Фазаны по
   <choice>
    <reg>
     зарям
    </reg>
   </choice>
   кормятся на
   <choice>
    <reg>
     полянках
    </reg>
   </choice>
   . Иногда
   <choice>
    <reg>
     целый
    </reg>
   </choice>
   <choice>
    <reg>
     выводок
    </reg>
   </choice>
   —
   <choice>
    <reg>
     наседка
    </reg>
   </choice>
   <choice>
    <reg>
     с
    </reg>
   </choice>
   цыплятами, иногда
   <choice>
    <reg>
     петух
    </reg>
   </choice>
   <choice>
    <reg>
     с
    </reg>
   </choice>
   курицей, иногда
   <choice>
    <reg>
     несколько
    </reg>
   </choice>
   <choice>
    <reg>
     петухов
    </reg>
   </choice>
   <choice>
    <reg>
     вместе
    </reg>
   </choice>
   .
  </p>
  <p rend="left" uuid="6d1273b4-6a65-4727-89f6-b9de80c2b542">
   Фазаны не
   <choice>
    <reg>
     вѝдят
    </reg>
   </choice>
   <choice>
    <reg>
     человека
    </reg>
   </choice>
   , а не боятся парусины и
   <choice>
    <reg>
     подпускают
    </reg>
   </choice>
   <choice>
    <reg>
     к
    </reg>
   </choice>
   <choice>
    <reg>
     себе
    </reg>
   </choice>
   близко. Тогда
   <choice>
    <reg>
     охотник
    </reg>
   </choice>
   <choice>
    <reg>
     ставит
    </reg>
   </choice>
   кобылку,
   <choice>
    <reg>
     высовывает
    </reg>
   </choice>
   ружьё
   <choice>
    <reg>
     в
    </reg>
   </choice>
   <choice>
    <reg>
     прореху
    </reg>
   </choice>
   и
   <choice>
    <reg>
     стреляет
    </reg>
   </choice>
   по выбору
  </p>
  <p rend="left" uuid="d2e22a52-4400-436e-a5c0-4a109a56e60d">
   <hi rend="italic">
    <choice>
     <reg>
      С
     </reg>
    </choice>
    подсаду
   </hi>
   охотятся вотъ какъ: пустятъ дворную собачёнку въ лѣсъ и ходятъ за ней. Когда собака найдётъ фазана, она бросится за нимъ. Фазанъ влетитъ на дерево и тогда собачёнка начинаетъ на него лаять. Охотникъ подходитъ на лай и стрѣляетъ фазана на деревѣ. Охота эта была бы легка, если бы фазанъ садился на дерево на чистомъ мѣстѣ и сидѣлъ бы прямо на деревѣ, такъ что его бы видно было. Но фазаны всегда садятся на густыя деревья въ чащѣ, и какъ завидятъ охотника, такъ прячутся въ сучкахъ. И бываетъ трудно пролѣзть въ чащѣ къ дереву, гдѣ сидитъ фазанъ, и трудно разсмотрѣть его. Когда собака одна лаетъ на фазана, онъ не боится ея; сидитъ на сучкѣ и ещё пѣтушится на неё и хлопаетъ крыльями. Но какъ только онъ увидитъ человѣка, то сейчасъ же вытягивается по сучку, такъ что только привычный охотникъ различитъ его, а непривычный будетъ стоять подлѣ и ничего не увидитъ.
  </p>
  <p rend="left emptyline" uuid="fc44e7de-9c3d-4f58-b234-ff5249bef004">
   <pb n="404"/>
  </p>
  <p rend="centerline" uuid="9174806a-8e7d-444d-9db7-dc3387cd0be7">
   — 36 —
  </p>
  <p rend="left" uuid="32a685e1-3590-4001-adaf-2eb17bcb6e7c">
   Когда казаки подкрадываются
   <choice>
    <reg>
     к
    </reg>
   </choice>
   <choice>
    <reg>
     фазанам
    </reg>
   </choice>
   , то они
   <choice>
    <reg>
     надвигают
    </reg>
   </choice>
   шапку на своё лицо и не
   <choice>
    <reg>
     глядят
    </reg>
   </choice>
   <choice>
    <reg>
     вверх
    </reg>
   </choice>
   , потому что
   <choice>
    <reg>
     фазан
    </reg>
   </choice>
   боится
   <choice>
    <reg>
     человека
    </reg>
   </choice>
   <choice>
    <reg>
     с
    </reg>
   </choice>
   <choice>
    <reg>
     ружьём
    </reg>
   </choice>
   , а больше всего боится его
   <choice>
    <reg>
     глаз
    </reg>
   </choice>
   .
  </p>
  <p rend="left" uuid="84df936a-509b-4a76-949e-3ef27cc53e50">
   <hi rend="italic">
    <choice>
     <reg>
      Из
     </reg>
    </choice>
    <choice>
     <reg>
      под
     </reg>
    </choice>
    собаки
   </hi>
   охотятся
   <choice>
    <reg>
     вот
    </reg>
   </choice>
   <choice>
    <reg>
     как
    </reg>
   </choice>
   :
   <choice>
    <reg>
     берут
    </reg>
   </choice>
   лягавую собаку и
   <choice>
    <reg>
     ходят
    </reg>
   </choice>
   за ней по
   <choice>
    <reg>
     лесу
    </reg>
   </choice>
   . Собака
   <choice>
    <reg>
     чутьем
    </reg>
   </choice>
   <choice>
    <reg>
     услышит
    </reg>
   </choice>
   ,
   <choice>
    <reg>
     где
    </reg>
   </choice>
   на
   <choice>
    <reg>
     заре
    </reg>
   </choice>
   ходили и кормились фазаны, и
   <choice>
    <reg>
     станет
    </reg>
   </choice>
   разбирать
   <choice>
    <reg>
     их
    </reg>
   </choice>
   <choice>
    <reg>
     следы
    </reg>
   </choice>
   . И сколько бы ни напутали фазаны, хорошая собака всегда
   <choice>
    <reg>
     найдёт
    </reg>
   </choice>
   <choice>
    <reg>
     последний
    </reg>
   </choice>
   <choice>
    <reg>
     след
    </reg>
   </choice>
   ,
   <choice>
    <reg>
     выход
    </reg>
   </choice>
   <choice>
    <reg>
     с
    </reg>
   </choice>
   того
   <choice>
    <reg>
     места
    </reg>
   </choice>
   ,
   <choice>
    <reg>
     где
    </reg>
   </choice>
   кормились.
   <choice>
    <reg>
     Чем
    </reg>
   </choice>
   дальше
   <choice>
    <reg>
     будет
    </reg>
   </choice>
   идти собака по
   <choice>
    <reg>
     следу
    </reg>
   </choice>
   ,
   <choice>
    <reg>
     тем
    </reg>
   </choice>
   <choice>
    <reg>
     сильнее
    </reg>
   </choice>
   ей
   <choice>
    <reg>
     будет
    </reg>
   </choice>
   пахнуть, и
   <choice>
    <reg>
     так
    </reg>
   </choice>
   она
   <choice>
    <reg>
     дойдёт
    </reg>
   </choice>
   до того
   <choice>
    <reg>
     места
    </reg>
   </choice>
   ,
   <choice>
    <reg>
     где
    </reg>
   </choice>
   <choice>
    <reg>
     днём
    </reg>
   </choice>
   <choice>
    <reg>
     сидит
    </reg>
   </choice>
   <choice>
    <reg>
     в
    </reg>
   </choice>
   <choice>
    <reg>
     траве
    </reg>
   </choice>
   или
   <choice>
    <reg>
     ходит
    </reg>
   </choice>
   <choice>
    <reg>
     фазан
    </reg>
   </choice>
   . Когда она
   <choice>
    <reg>
     подойдёт
    </reg>
   </choice>
   близко, тогда ей
   <choice>
    <reg>
     будет
    </reg>
   </choice>
   казаться, что
   <choice>
    <reg>
     фазан
    </reg>
   </choice>
   <choice>
    <reg>
     уж
    </reg>
   </choice>
   <choice>
    <reg>
     тут
    </reg>
   </choice>
   , прямо
   <choice>
    <reg>
     перед
    </reg>
   </choice>
   ней, и она всё
   <choice>
    <reg>
     будет
    </reg>
   </choice>
   идти
   <choice>
    <reg>
     осторожнее
    </reg>
   </choice>
   , чтобы не спугнуть его, и
   <choice>
    <reg>
     будет
    </reg>
   </choice>
   останавливаться, чтобы сразу прыгнуть и поймать его. Когда собака
   <choice>
    <reg>
     подойдёт
    </reg>
   </choice>
   <choice>
    <reg>
     совсем
    </reg>
   </choice>
   близко, тогда
   <choice>
    <reg>
     фазан
    </reg>
   </choice>
   <choice>
    <reg>
     вылетает
    </reg>
   </choice>
   и
   <choice>
    <reg>
     охотник
    </reg>
   </choice>
   <choice>
    <reg>
     стреляет
    </reg>
   </choice>
   .
  </p>
 </div>
</TEI>