<?xml version="1.0" encoding="utf-8"?>
<TEI xmlns="http://www.tei-c.org/ns/1.0" xmlns:xi="http://www.w3.org/2001/XInclude">
 <teiHeader>
  <fileDesc>
   <titleStmt>
    <title>
     Азбука. Книга I
    </title>
    <author>
     Толстой Л.Н.
    </author>
    <respStmt>
     <resp>
      подготовка TEI/XML
     </resp>
     <name>
      Мария Картышева, Евгений Можаев, Даниил Скоринкин, Елена Сидорова, Вероника Файнберг, Кирилл Милинцевич
     </name>
    </respStmt>
    <respStmt>
     <name>
      Анастасия Бонч-Осмоловская, Фёкла Толстая, Борис Орехов
     </name>
     <resp>
      Идея, постановка задач, руководство
     </resp>
    </respStmt>
   </titleStmt>
   <publicationStmt>
    <idno>
     Азбука  | Книга I
    </idno>
    <publisher>
     <orgName>
      Школа лингвистики НИУ ВШЭ
     </orgName>
    </publisher>
    <availability>
     <p>
      Тексты и метатекстовая разметка доступны для свободного использования и распространения по лицензии Creative Commons Attribution Share-Alike (cc by-sa)
     </p>
    </availability>
   </publicationStmt>
   <sourceDesc>
    <biblStruct>
     <analytic>
      <author>
       Толстой Л.Н.
      </author>
      <title level="a">
       Азбука. Книга I
      </title>
     </analytic>
     <monogr>
      <title level="m">
       Полное собрание сочинений. Том 22
      </title>
      <imprint>
       <pubPlace>
        Москва
       </pubPlace>
       <publisher>
        Государственное издательство "Художественная литература"
       </publisher>
       <date when="1871-1872"/>
      </imprint>
     </monogr>
     <series>
      <title level="s">
       Л.Н. Толстой. Полное собрание сочинений
      </title>
      <biblScope unit="vol">
       22
      </biblScope>
     </series>
    </biblStruct>
   </sourceDesc>
  </fileDesc>
  <encodingDesc>
   <classDecl>
    <xi:include href="taxonomy.xml"/>
   </classDecl>
  </encodingDesc>
  <profileDesc>
   <creation>
    <date notAfter="1872" notBefore="1871">
     1871-1872
    </date>
    <rs/>
   </creation>
   <textClass>
    <catRef target="#fiction" type="sphere"/>
    <catRef target="#произведения для детей" type="type"/>
    <catRef target="#works" type="works_letters_diaries"/>
    <catRef target="#азбука" type="ninetyDef"/>
    <catRef target="#Основное" type="main_var"/>
    <catRef target="#азбука" type="type_short"/>
    <catRef target="None" type="translation"/>
    <catRef target="None" type="translation_origin"/>
    <catRef target="#да" type="tolstoy_or_not"/>
    <catRef target="None" type="name_status"/>
   </textClass>
   <preparedness>
    finished
   </preparedness>
   <settingDesc>
    <time>
     XIX век
    </time>
   </settingDesc>
  </profileDesc>
  <xenoData>
   <cyclusName/>
   <p>
    Проект
    <title>
     Толстой.Digital
    </title>
    разрабатывается сотрудниками и студентами
    <orgName>
     Высшей школы экономики
    </orgName>
    в сотрудничестве с
    <orgName>
     Государственным музеем Л.Н. Толстого
    </orgName>
    . Источник текстов –
    <bibl>
     90-томное собрание сочинений Л.Н.Толстого
    </bibl>
    . Разметка основана на стандарте
    <ref target="http://www.tei-c.org">
     TEI (Text Encoding Initiative)
    </ref>
    .
   </p>
   <versionNumber/>
   <isFinished/>
   <isEdited/>
   <fullBibliographicDescription/>
  </xenoData>
 </teiHeader>
 <p rend="left emptyline">
  <pb n="113"/>
 </p>
 <div type="section" xml:id="ref53">
  <head rend="center">
   <hi rend="strong">
    <choice>
     <reg>
      СВЯТОГОР
     </reg>
     <orig>
      СВЯТОГОРЪ
     </orig>
    </choice>
    БОГАТЫРЬ.
   </hi>
  </head>
  <div type="poem">
   <div rend="left" type="stanza">
    <p rend="v" uuid="bf36ef30-d627-4701-87c0-4c00afa62bec">
     <choice>
      <reg>
       Выезжàл ли
      </reg>
      <orig>
       Выѣзжàлъ-ли
      </orig>
     </choice>
     <choice>
      <reg>
       Святогор
      </reg>
      <orig>
       Святогоръ
      </orig>
     </choice>
     гулять
     <choice>
      <reg>
       в
      </reg>
      <orig>
       въ
      </orig>
     </choice>
     чистò поле,
    </p>
    <p rend="v" uuid="41cbb974-e36f-4324-ab6a-c1dfd9ad4941">
     Никогò-то
     <choice>
      <reg>
       Святогор
      </reg>
      <orig>
       Святогоръ
      </orig>
     </choice>
     <choice>
      <reg>
       он
      </reg>
      <orig>
       онъ
      </orig>
     </choice>
     не
     <choice>
      <reg>
       нахàживал
      </reg>
      <orig>
       нахàживалъ
      </orig>
     </choice>
     ,
    </p>
    <p rend="v" uuid="170933c2-c9a2-478d-8e1b-c2e0fced093f">
     <choice>
      <reg>
       С
      </reg>
      <orig>
       Съ
      </orig>
     </choice>
     <choice>
      <reg>
       кем
      </reg>
      <orig>
       кѣмъ
      </orig>
     </choice>
     бы сѝлой богатырскою
     <choice>
      <reg>
       померяться
      </reg>
      <orig>
       помѣряться
      </orig>
     </choice>
     ;
    </p>
    <p rend="v" uuid="28cac062-8edd-40c5-af06-a5a0551494d7">
     А
     <choice>
      <reg>
       сам
      </reg>
      <orig>
       самъ
      </orig>
     </choice>
     <choice>
      <reg>
       чу̀ет
      </reg>
      <orig>
       чу̀етъ
      </orig>
     </choice>
     <choice>
      <reg>
       в
      </reg>
      <orig>
       въ
      </orig>
     </choice>
     <choice>
      <reg>
       себе
      </reg>
      <orig>
       себѣ
      </orig>
     </choice>
     силу
     <choice>
      <reg>
       он
      </reg>
      <orig>
       онъ
      </orig>
     </choice>
     велѝкую,
    </p>
    <p rend="v" uuid="4cbacf6c-96a3-4d96-a057-28fedf872196">
     <choice>
      <reg>
       Чует
      </reg>
      <orig>
       Чуетъ
      </orig>
     </choice>
     —
     <choice>
      <reg>
       жѝвчиком
      </reg>
      <orig>
       жѝвчикомъ
      </orig>
     </choice>
     по
     <choice>
      <reg>
       жилкам
      </reg>
      <orig>
       жилкамъ
      </orig>
     </choice>
     разливàется,
    </p>
    <p rend="v" uuid="2876792e-8969-4b9a-848f-b28bf22913b6">
     Грузно
     <choice>
      <reg>
       с
      </reg>
      <orig>
       съ
      </orig>
     </choice>
     сѝлы Святогору,
     <choice>
      <reg>
       как
      </reg>
      <orig>
       какъ
      </orig>
     </choice>
     <choice>
      <reg>
       от
      </reg>
      <orig>
       отъ
      </orig>
     </choice>
     брèмени.
    </p>
    <p rend="v" uuid="82fa01e3-ce8e-4aa3-b4ce-a564c896dbde">
     И
     <choice>
      <reg>
       промòлвил
      </reg>
      <orig>
       промòлвилъ
      </orig>
     </choice>
     <choice>
      <reg>
       Святогор-свет
      </reg>
      <orig>
       Святогоръ-свѣтъ
      </orig>
     </choice>
     похваля̀ючись:
    </p>
    <p rend="v" uuid="285da06c-a728-43bb-a705-4ba6faf966d9">
     «По моèй ли да по
     <choice>
      <reg>
       силе
      </reg>
      <orig>
       силѣ
      </orig>
     </choice>
     богаты̀рскоей
    </p>
    <p rend="v" uuid="c613ab05-a101-46d6-8d23-143e04dd4586">
     «
     <choice>
      <reg>
       Каб
      </reg>
      <orig>
       Кабъ
      </orig>
     </choice>
     держàву
     <choice>
      <reg>
       мне
      </reg>
      <orig>
       мнѣ
      </orig>
     </choice>
     найти, всю землю
     <choice>
      <reg>
       пòднял
      </reg>
      <orig>
       пòднялъ
      </orig>
     </choice>
     бы.»
    </p>
    <p rend="v" uuid="36ed0c75-16ea-4306-ba84-fa90877c0726">
     Со
     <choice>
      <reg>
       тех
      </reg>
      <orig>
       тѣхъ
      </orig>
     </choice>
     <choice>
      <reg>
       слòв
      </reg>
      <orig>
       слòвъ
      </orig>
     </choice>
     <choice>
      <reg>
       увидел
      </reg>
      <orig>
       увидѣлъ
      </orig>
     </choice>
     <choice>
      <reg>
       Святогор
      </reg>
      <orig>
       Святогоръ
      </orig>
     </choice>
     <choice>
      <reg>
       прохòжего
      </reg>
      <orig>
       прохòжаго
      </orig>
     </choice>
     , —
    </p>
    <p rend="v" uuid="5e42e1a1-9dcb-4cdf-acb5-0e8dbbb0b5c1">
     Сдалекà
     <choice>
      <reg>
       в
      </reg>
      <orig>
       въ
      </orig>
     </choice>
     степи
     <choice>
      <reg>
       идёт
      </reg>
      <orig>
       идётъ
      </orig>
     </choice>
     <choice>
      <reg>
       прохожий
      </reg>
      <orig>
       прохожiй
      </orig>
     </choice>
     <choice>
      <reg>
       с
      </reg>
      <orig>
       съ
      </orig>
     </choice>
     су̀мочкой, —
    </p>
    <p rend="v" uuid="a205dfc3-82b8-4e24-854a-e00054f1313e">
     И
     <choice>
      <reg>
       поѐхал
      </reg>
      <orig>
       поѣ̀халъ
      </orig>
     </choice>
     <choice>
      <reg>
       Святогор
      </reg>
      <orig>
       Святогоръ
      </orig>
     </choice>
     <choice>
      <reg>
       к
      </reg>
      <orig>
       къ
      </orig>
     </choice>
     тому прохòжему.
    </p>
    <p rend="v" uuid="6fa598f1-c2f0-47de-9c41-e46163a2849a">
     <choice>
      <reg>
       Едет
      </reg>
      <orig>
       Ѣдетъ
      </orig>
     </choice>
     ры̀сью, всё
     <choice>
      <reg>
       прохожий
      </reg>
      <orig>
       прохожiй
      </orig>
     </choice>
     <choice>
      <reg>
       идёт
      </reg>
      <orig>
       идётъ
      </orig>
     </choice>
     <choice>
      <reg>
       пèредом
      </reg>
      <orig>
       пèредомъ
      </orig>
     </choice>
     , —
    </p>
    <p rend="v" uuid="f4f83e7d-3b9d-4158-8db7-9fcb11a6feea">
     Во всю пры̀ть не
     <choice>
      <reg>
       может
      </reg>
      <orig>
       можетъ
      </orig>
     </choice>
     <choice>
      <reg>
       он
      </reg>
      <orig>
       онъ
      </orig>
     </choice>
     догнать
     <choice>
      <reg>
       прохòжего
      </reg>
      <orig>
       прохòжаго
      </orig>
     </choice>
     .
    </p>
    <p rend="v" uuid="4fe41390-eb82-49db-bb42-a48cd3eba977">
     <choice>
      <reg>
       Закричàл
      </reg>
      <orig>
       Закричàлъ
      </orig>
     </choice>
     <choice>
      <reg>
       тут
      </reg>
      <orig>
       тутъ
      </orig>
     </choice>
     <choice>
      <reg>
       Святогор
      </reg>
      <orig>
       Святогоръ
      </orig>
     </choice>
     да
     <choice>
      <reg>
       громким
      </reg>
      <orig>
       громкимъ
      </orig>
     </choice>
     <choice>
      <reg>
       гòлосом
      </reg>
      <orig>
       гòлосомъ
      </orig>
     </choice>
     :
    </p>
    <p rend="v" uuid="e32b3ca6-c1e4-45c3-8e16-f797c5087032">
     «Гой,
     <choice>
      <reg>
       прохòжий
      </reg>
      <orig>
       прохòжiй
      </orig>
     </choice>
     <choice>
      <reg>
       человек
      </reg>
      <orig>
       человѣкъ
      </orig>
     </choice>
     , пожди немнòжечко,
    </p>
    <p rend="v" uuid="3060a5f4-7bf7-4b13-aec5-cfb9be9e2a11">
     «Не могу̀ догнать тебя я на
     <choice>
      <reg>
       добрòм
      </reg>
      <orig>
       добрòмъ
      </orig>
     </choice>
     <choice>
      <reg>
       коне
      </reg>
      <orig>
       конѣ
      </orig>
     </choice>
     ».
    </p>
    <p rend="v" uuid="734b91b2-1091-49f6-a9b6-c649fd7d11a4">
     Сдалекà
     <choice>
      <reg>
       прохожий
      </reg>
      <orig>
       прохожiй
      </orig>
     </choice>
     Святогора слу̀шался,
    </p>
    <p rend="v" uuid="7d7fa8d1-21ae-4983-97b1-a949e4b809a0">
     Становѝлся,
     <choice>
      <reg>
       с
      </reg>
      <orig>
       съ
      </orig>
     </choice>
     <choice>
      <reg>
       плеч
      </reg>
      <orig>
       плечъ
      </orig>
     </choice>
     на землю
     <choice>
      <reg>
       бросал
      </reg>
      <orig>
       бросалъ
      </orig>
     </choice>
     су̀мочку.
    </p>
   </div>
  </div>
  <p rend="left emptyline" uuid="a71ef3d6-ceba-43a5-91c9-4e260bc45601">
   <pb n="114"/>
  </p>
  <p rend="centerline" uuid="c6ede6d2-768e-4b45-9705-4bb32b88fe7a">
   — 104 —
  </p>
  <div type="poem">
   <div rend="left" type="stanza">
    <p rend="v" uuid="8d20b838-8c08-4e41-a3c9-751cf88083b9">
     <choice>
      <reg>
       Наезжàет
      </reg>
      <orig>
       Наѣзжàетъ
      </orig>
     </choice>
     <choice>
      <reg>
       Святогор
      </reg>
      <orig>
       Святогоръ
      </orig>
     </choice>
     на эту су̀мочку,
    </p>
    <p rend="v" uuid="d4fb3d6f-24c4-47a3-bbb6-a9cd3622e332">
     Своей плёточкой
     <choice>
      <reg>
       он
      </reg>
      <orig>
       онъ
      </orig>
     </choice>
     сумочку
     <choice>
      <reg>
       пощу̀пывал
      </reg>
      <orig>
       пощу̀пывалъ
      </orig>
     </choice>
     , —
    </p>
    <p rend="v" uuid="bc69ad4b-6eec-4c81-b7d4-cc90ae521bab">
     <choice>
      <reg>
       Как
      </reg>
      <orig>
       Какъ
      </orig>
     </choice>
     урòслая та сумочка не трòнется.
    </p>
    <p rend="v" uuid="4a2d618d-853b-4d96-b5c5-01091038200f">
     <choice>
      <reg>
       Святогòр
      </reg>
      <orig>
       Святогòръ
      </orig>
     </choice>
     <choice>
      <reg>
       с
      </reg>
      <orig>
       съ
      </orig>
     </choice>
     коня
     <choice>
      <reg>
       перстом
      </reg>
      <orig>
       перстомъ
      </orig>
     </choice>
     её
     <choice>
      <reg>
       потрòгивал
      </reg>
      <orig>
       потрòгивалъ
      </orig>
     </choice>
     , —
    </p>
    <p rend="v" uuid="1b9bed3e-2ce7-4ac2-b2d7-04b2c8bcb32a">
     Не сворòхнется та сумка, не шевèльнется.
    </p>
    <p rend="v" uuid="abf9040b-797b-4478-a27b-8dfc9e088adb">
     <choice>
      <reg>
       Святогòр
      </reg>
      <orig>
       Святогòръ
      </orig>
     </choice>
     <choice>
      <reg>
       с
      </reg>
      <orig>
       съ
      </orig>
     </choice>
     коня
     <choice>
      <reg>
       хватал
      </reg>
      <orig>
       хваталъ
      </orig>
     </choice>
     рукой,
     <choice>
      <reg>
       потя̀гивал
      </reg>
      <orig>
       потя̀гивалъ
      </orig>
     </choice>
     , —
    </p>
    <p rend="v" uuid="8f2a2757-24e0-4e8a-9f08-56df87eb8460">
     <choice>
      <reg>
       Как
      </reg>
      <orig>
       Какъ
      </orig>
     </choice>
     урòслая та сумка не поднѝмется.
    </p>
    <p rend="v" uuid="1777302c-64dd-458b-8cbb-779f05440868">
     <choice>
      <reg>
       Слез
      </reg>
      <orig>
       Слѣзъ
      </orig>
     </choice>
     <choice>
      <reg>
       с
      </reg>
      <orig>
       съ
      </orig>
     </choice>
     коня̀
     <choice>
      <reg>
       тут
      </reg>
      <orig>
       тутъ
      </orig>
     </choice>
     <choice>
      <reg>
       Святогор
      </reg>
      <orig>
       Святогоръ
      </orig>
     </choice>
     , взялся за су̀мочку,
    </p>
    <p rend="v" uuid="cca75fc0-9c0e-47dd-b022-4d2b49ca3f8f">
     <choice>
      <reg>
       Он
      </reg>
      <orig>
       Онъ
      </orig>
     </choice>
     прилàдился, взялся руками
     <choice>
      <reg>
       обѐими
      </reg>
      <orig>
       обѣ̀ими
      </orig>
     </choice>
     ,
    </p>
    <p rend="v" uuid="4deb1527-064d-4e3e-a69d-98c98ca5866a">
     Во всю сѝлу богатырску принату̀жился, —
    </p>
    <p rend="v" uuid="0eede50b-1c2f-4be6-9af8-ce76957b8f62">
     <choice>
      <reg>
       От
      </reg>
      <orig>
       Отъ
      </orig>
     </choice>
     нату̀ги по
     <choice>
      <reg>
       белу
      </reg>
      <orig>
       бѣлу
      </orig>
     </choice>
     лицу аль крòвь пошла,
    </p>
    <p rend="v" uuid="213daf58-b432-449f-8478-a5f4e1142faa">
     А
     <choice>
      <reg>
       подня̀л
      </reg>
      <orig>
       подня̀лъ
      </orig>
     </choice>
     суму
     <choice>
      <reg>
       от
      </reg>
      <orig>
       отъ
      </orig>
     </choice>
     земи только нà
     <choice>
      <reg>
       волос
      </reg>
      <orig>
       волосъ
      </orig>
     </choice>
     ,
    </p>
    <p rend="v" uuid="d7721de6-865c-4abf-a32e-e7e022b7ad79">
     По
     <choice>
      <reg>
       колена
      </reg>
      <orig>
       колѣна
      </orig>
     </choice>
     <choice>
      <reg>
       ж
      </reg>
      <orig>
       жъ
      </orig>
     </choice>
     <choice>
      <reg>
       сам
      </reg>
      <orig>
       самъ
      </orig>
     </choice>
     <choice>
      <reg>
       он
      </reg>
      <orig>
       онъ
      </orig>
     </choice>
     <choice>
      <reg>
       в
      </reg>
      <orig>
       въ
      </orig>
     </choice>
     мать сыру землю̀
     <choice>
      <reg>
       угряз
      </reg>
      <orig>
       угрязъ
      </orig>
     </choice>
    </p>
    <p rend="v" uuid="346cbbde-e0d0-4686-8d42-b5675a077a7c">
     <choice>
      <reg>
       Взговорѝт
      </reg>
      <orig>
       Взговорѝтъ
      </orig>
     </choice>
     ли
     <choice>
      <reg>
       Святогор
      </reg>
      <orig>
       Святогоръ
      </orig>
     </choice>
     <choice>
      <reg>
       тут
      </reg>
      <orig>
       тутъ
      </orig>
     </choice>
     <choice>
      <reg>
       громким
      </reg>
      <orig>
       громкимъ
      </orig>
     </choice>
     <choice>
      <reg>
       гòлосом
      </reg>
      <orig>
       гòлосомъ
      </orig>
     </choice>
     :
    </p>
    <p rend="v" uuid="27364acf-0f55-47a6-95f2-6ba19079866a">
     «Ты скажи же
     <choice>
      <reg>
       мне
      </reg>
      <orig>
       мнѣ
      </orig>
     </choice>
     ,
     <choice>
      <reg>
       прохожий
      </reg>
      <orig>
       прохожiй
      </orig>
     </choice>
     , правду ѝстинну;
    </p>
    <p rend="v" uuid="445f6953-c56e-4927-bab6-332359b959f5">
     «А и чтò, скажи ты,
     <choice>
      <reg>
       в
      </reg>
      <orig>
       въ
      </orig>
     </choice>
     <choice>
      <reg>
       сумочке
      </reg>
      <orig>
       сумочкѣ
      </orig>
     </choice>
     наклàдено?»
    </p>
    <p rend="v" uuid="5878e715-43cf-4ae1-8469-3f327d8b80a2">
     <choice>
      <reg>
       Взговорѝт
      </reg>
      <orig>
       Взговорѝтъ
      </orig>
     </choice>
     ему
     <choice>
      <reg>
       прохожий
      </reg>
      <orig>
       прохожiй
      </orig>
     </choice>
     да на
     <choice>
      <reg>
       тѐ
      </reg>
      <orig>
       тѣ̀
      </orig>
     </choice>
     слова:
    </p>
    <p rend="v" uuid="f8189b42-459d-487c-9723-683cacfd83fd">
     «Тяга
     <choice>
      <reg>
       в
      </reg>
      <orig>
       въ
      </orig>
     </choice>
     <choice>
      <reg>
       су̀мочке
      </reg>
      <orig>
       су̀мочкѣ
      </orig>
     </choice>
     <choice>
      <reg>
       от
      </reg>
      <orig>
       отъ
      </orig>
     </choice>
     матери сырòй земли».
    </p>
    <p rend="v" uuid="89b7a64b-1a9d-4989-acaf-541ed8c5f1f2">
     <choice>
      <reg>
       Взговорѝт
      </reg>
      <orig>
       Взговорѝтъ
      </orig>
     </choice>
     <choice>
      <reg>
       тут
      </reg>
      <orig>
       тутъ
      </orig>
     </choice>
     <choice>
      <reg>
       Святогор
      </reg>
      <orig>
       Святогоръ
      </orig>
     </choice>
     да ко прохòжему:
    </p>
    <p rend="v" uuid="6a3b6bb7-f98f-4631-bf94-8adf918ea7c9">
     «А ты
     <choice>
      <reg>
       сàм
      </reg>
      <orig>
       сàмъ
      </orig>
     </choice>
     кто есть,
     <choice>
      <reg>
       как
      </reg>
      <orig>
       какъ
      </orig>
     </choice>
     звать тебя по ѝмени?»
    </p>
    <p rend="v" uuid="de3d76cd-30a3-4a3b-bded-ad7e38524d0b">
     <choice>
      <reg>
       Взговорѝт
      </reg>
      <orig>
       Взговорѝтъ
      </orig>
     </choice>
     ему
     <choice>
      <reg>
       прохожий
      </reg>
      <orig>
       прохожiй
      </orig>
     </choice>
     ли на
     <choice>
      <reg>
       тѐ
      </reg>
      <orig>
       тѣ̀
      </orig>
     </choice>
     слова:
    </p>
    <p rend="v" uuid="f1de81ba-b47b-46fd-b8df-e465b731582a">
     «Я Мику̀ла есмь,
     <choice>
      <reg>
       мужик
      </reg>
      <orig>
       мужикъ
      </orig>
     </choice>
     я
     <choice>
      <reg>
       Селянѝнович
      </reg>
      <orig>
       Селянѝновичъ
      </orig>
     </choice>
     ,
    </p>
    <p rend="v" uuid="9100b6fb-74ad-41fd-b872-baa9f6c2cb5c">
     «Я Мику̀ла, — меня
     <choice>
      <reg>
       любит
      </reg>
      <orig>
       любитъ
      </orig>
     </choice>
     мать сырà земля».
    </p>
   </div>
  </div>
  <p rend="left emptyline" uuid="96457163-36ff-4da9-b8ef-21df32ab7ad3">
   <pb n="115"/>
  </p>
 </div>
</TEI>