<?xml version="1.0" encoding="utf-8"?>
<TEI xmlns="http://www.tei-c.org/ns/1.0" xmlns:xi="http://www.w3.org/2001/XInclude">
 <teiHeader>
  <fileDesc>
   <titleStmt>
    <title>
     Азбука. Книга I
    </title>
    <author>
     Толстой Л.Н.
    </author>
    <respStmt>
     <resp>
      подготовка TEI/XML
     </resp>
     <name>
      Мария Картышева, Евгений Можаев, Даниил Скоринкин, Елена Сидорова, Вероника Файнберг, Кирилл Милинцевич
     </name>
    </respStmt>
    <respStmt>
     <name>
      Анастасия Бонч-Осмоловская, Фёкла Толстая, Борис Орехов
     </name>
     <resp>
      Идея, постановка задач, руководство
     </resp>
    </respStmt>
   </titleStmt>
   <publicationStmt>
    <idno>
     Азбука  | Книга I
    </idno>
    <publisher>
     <orgName>
      Школа лингвистики НИУ ВШЭ
     </orgName>
    </publisher>
    <availability>
     <p>
      Тексты и метатекстовая разметка доступны для свободного использования и распространения по лицензии Creative Commons Attribution Share-Alike (cc by-sa)
     </p>
    </availability>
   </publicationStmt>
   <sourceDesc>
    <biblStruct>
     <analytic>
      <author>
       Толстой Л.Н.
      </author>
      <title level="a">
       Азбука. Книга I
      </title>
     </analytic>
     <monogr>
      <title level="m">
       Полное собрание сочинений. Том 22
      </title>
      <imprint>
       <pubPlace>
        Москва
       </pubPlace>
       <publisher>
        Государственное издательство "Художественная литература"
       </publisher>
       <date when="1871-1872"/>
      </imprint>
     </monogr>
     <series>
      <title level="s">
       Л.Н. Толстой. Полное собрание сочинений
      </title>
      <biblScope unit="vol">
       22
      </biblScope>
     </series>
    </biblStruct>
   </sourceDesc>
  </fileDesc>
  <encodingDesc>
   <classDecl>
    <xi:include href="taxonomy.xml"/>
   </classDecl>
  </encodingDesc>
  <profileDesc>
   <creation>
    <date notAfter="1872" notBefore="1871">
     1871-1872
    </date>
    <rs/>
   </creation>
   <textClass>
    <catRef target="#fiction" type="sphere"/>
    <catRef target="#произведения для детей" type="type"/>
    <catRef target="#works" type="works_letters_diaries"/>
    <catRef target="#азбука" type="ninetyDef"/>
    <catRef target="#Основное" type="main_var"/>
    <catRef target="#азбука" type="type_short"/>
    <catRef target="None" type="translation"/>
    <catRef target="None" type="translation_origin"/>
    <catRef target="#да" type="tolstoy_or_not"/>
    <catRef target="None" type="name_status"/>
   </textClass>
   <preparedness>
    finished
   </preparedness>
   <settingDesc>
    <time>
     XIX век
    </time>
   </settingDesc>
  </profileDesc>
  <xenoData>
   <cyclusName/>
   <p>
    Проект
    <title>
     Толстой.Digital
    </title>
    разрабатывается сотрудниками и студентами
    <orgName>
     Высшей школы экономики
    </orgName>
    в сотрудничестве с
    <orgName>
     Государственным музеем Л.Н. Толстого
    </orgName>
    . Источник текстов –
    <bibl>
     90-томное собрание сочинений Л.Н.Толстого
    </bibl>
    . Разметка основана на стандарте
    <ref target="http://www.tei-c.org">
     TEI (Text Encoding Initiative)
    </ref>
    .
   </p>
   <versionNumber/>
   <isFinished/>
   <isEdited/>
   <fullBibliographicDescription/>
  </xenoData>
 </teiHeader>
 <p rend="left emptyline">
  <pb n="82"/>
 </p>
 <div type="section" xml:id="ref32">
  <head rend="Azbuka left">
   <hi rend="strong">
    <choice>
     <reg>
      Слепой
     </reg>
    </choice>
    и глухой.
   </hi>
  </head>
  <p rend="Azbuka left" uuid="20732f15-f231-4e0e-88ce-fa21ae9a8a43">
   Сл
   <hi rend="big">
    ѣ
   </hi>
   пой и глухой пошли
   <choice>
    <reg>
     в
    </reg>
   </choice>
   чужое поле за
   <choice>
    <reg>
     горохом
    </reg>
   </choice>
   <hi rend="big">
    .
   </hi>
   Глухой
   <choice>
    <reg>
     сказал
    </reg>
   </choice>
   сл
   <hi rend="big">
    ѣ
   </hi>
   пому: „ты слушай и
   <choice>
    <reg>
     мне
    </reg>
   </choice>
   сказывай, а я буду
   <choice>
    <reg>
     смотреть
    </reg>
   </choice>
   —
   <choice>
    <reg>
     тебе
    </reg>
   </choice>
   скажу“
  </p>
  <p rend="left emptyline" uuid="c0b1ebbd-c17d-4f4a-9284-a5786b98db3d">
   <pb n="83"/>
  </p>
  <p rend="centerline" uuid="43e90e3f-f5c9-481d-857e-96026588774b">
   — 73 —
  </p>
  <p rend="Azbuka left" uuid="72e9aea9-843d-4264-baea-3e9a31f398ed">
   <choice>
    <reg>
     Вот
    </reg>
   </choice>
   они зашли
   <choice>
    <reg>
     в
    </reg>
   </choice>
   <choice>
    <reg>
     горох
    </reg>
   </choice>
   и
   <choice>
    <reg>
     сели
    </reg>
   </choice>
   <hi rend="big">
    .
   </hi>
   <choice>
    <reg>
     Слепой
    </reg>
   </choice>
   <choice>
    <reg>
     ощупал
    </reg>
   </choice>
   <choice>
    <reg>
     горох
    </reg>
   </choice>
   и
   <choice>
    <reg>
     говорит
    </reg>
   </choice>
   :
   <choice>
    <reg>
     „стручист
    </reg>
   </choice>
   <hi rend="big">
    .
   </hi>
   “ А глухой
   <choice>
    <reg>
     говорит
    </reg>
   </choice>
   :
   <choice>
    <reg>
     „где
    </reg>
   </choice>
   <choice>
    <reg>
     стучит
    </reg>
   </choice>
   ?“
   <choice>
    <reg>
     Слепой
    </reg>
   </choice>
   спотыкнулся на межу и
   <choice>
    <reg>
     упал
    </reg>
   </choice>
   <hi rend="big">
    .
   </hi>
   Глухой
   <choice>
    <reg>
     спросил
    </reg>
   </choice>
   : „что ты?“
   <choice>
    <reg>
     Слепой
    </reg>
   </choice>
   <choice>
    <reg>
     говорит
    </reg>
   </choice>
   : „межа!“ Глухой
   <choice>
    <reg>
     говорит
    </reg>
   </choice>
   :
   <choice>
    <reg>
     „бежать
    </reg>
   </choice>
   ?“ — и
   <choice>
    <reg>
     побежал
    </reg>
   </choice>
   <hi rend="big">
    .
   </hi>
   А
   <choice>
    <reg>
     слепой
    </reg>
   </choice>
   за
   <choice>
    <reg>
     ним
    </reg>
   </choice>
   <hi rend="big">
    .
   </hi>
  </p>
 </div>
</TEI>