<?xml version="1.0" encoding="utf-8"?>
<TEI xmlns="http://www.tei-c.org/ns/1.0" xmlns:xi="http://www.w3.org/2001/XInclude">
 <teiHeader>
  <fileDesc>
   <titleStmt>
    <title>
     Азбука. Книга I
    </title>
    <author>
     Толстой Л.Н.
    </author>
    <respStmt>
     <resp>
      подготовка TEI/XML
     </resp>
     <name>
      Мария Картышева, Евгений Можаев, Даниил Скоринкин, Елена Сидорова, Вероника Файнберг, Кирилл Милинцевич
     </name>
    </respStmt>
    <respStmt>
     <name>
      Анастасия Бонч-Осмоловская, Фёкла Толстая, Борис Орехов
     </name>
     <resp>
      Идея, постановка задач, руководство
     </resp>
    </respStmt>
   </titleStmt>
   <publicationStmt>
    <idno>
     Азбука  | Книга I
    </idno>
    <publisher>
     <orgName>
      Школа лингвистики НИУ ВШЭ
     </orgName>
    </publisher>
    <availability>
     <p>
      Тексты и метатекстовая разметка доступны для свободного использования и распространения по лицензии Creative Commons Attribution Share-Alike (cc by-sa)
     </p>
    </availability>
   </publicationStmt>
   <sourceDesc>
    <biblStruct>
     <analytic>
      <author>
       Толстой Л.Н.
      </author>
      <title level="a">
       Азбука. Книга I
      </title>
     </analytic>
     <monogr>
      <title level="m">
       Полное собрание сочинений. Том 22
      </title>
      <imprint>
       <pubPlace>
        Москва
       </pubPlace>
       <publisher>
        Государственное издательство "Художественная литература"
       </publisher>
       <date when="1871-1872"/>
      </imprint>
     </monogr>
     <series>
      <title level="s">
       Л.Н. Толстой. Полное собрание сочинений
      </title>
      <biblScope unit="vol">
       22
      </biblScope>
     </series>
    </biblStruct>
   </sourceDesc>
  </fileDesc>
  <encodingDesc>
   <classDecl>
    <xi:include href="taxonomy.xml"/>
   </classDecl>
  </encodingDesc>
  <profileDesc>
   <creation>
    <date notAfter="1872" notBefore="1871">
     1871-1872
    </date>
    <rs/>
   </creation>
   <textClass>
    <catRef target="#fiction" type="sphere"/>
    <catRef target="#произведения для детей" type="type"/>
    <catRef target="#works" type="works_letters_diaries"/>
    <catRef target="#азбука" type="ninetyDef"/>
    <catRef target="#Основное" type="main_var"/>
    <catRef target="#азбука" type="type_short"/>
    <catRef target="None" type="translation"/>
    <catRef target="None" type="translation_origin"/>
    <catRef target="#да" type="tolstoy_or_not"/>
    <catRef target="None" type="name_status"/>
   </textClass>
   <preparedness>
    finished
   </preparedness>
   <settingDesc>
    <time>
     XIX век
    </time>
   </settingDesc>
  </profileDesc>
  <xenoData>
   <cyclusName/>
   <p>
    Проект
    <title>
     Толстой.Digital
    </title>
    разрабатывается сотрудниками и студентами
    <orgName>
     Высшей школы экономики
    </orgName>
    в сотрудничестве с
    <orgName>
     Государственным музеем Л.Н. Толстого
    </orgName>
    . Источник текстов –
    <bibl>
     90-томное собрание сочинений Л.Н.Толстого
    </bibl>
    . Разметка основана на стандарте
    <ref target="http://www.tei-c.org">
     TEI (Text Encoding Initiative)
    </ref>
    .
   </p>
   <versionNumber/>
   <isFinished/>
   <isEdited/>
   <fullBibliographicDescription/>
  </xenoData>
 </teiHeader>
 <p rend="left emptyline">
  <pb n="370"/>
 </p>
 <div type="section" xml:id="ref162">
  <head rend="center">
   <hi rend="strong">
    СОБАКА И
    <choice>
     <reg>
      ВОЛК
     </reg>
    </choice>
    .
   </hi>
  </head>
  <p rend="left" uuid="21d2d48a-f430-447b-b6c2-8fe4528b1151">
   Собака заснула за
   <choice>
    <reg>
     двором
    </reg>
   </choice>
   . Голодный
   <choice>
    <reg>
     волк
    </reg>
   </choice>
   <choice>
    <reg>
     набежал
    </reg>
   </choice>
   и
   <choice>
    <reg>
     хотел
    </reg>
   </choice>
   <choice>
    <reg>
     съесть
    </reg>
   </choice>
   её. Собака и
   <choice>
    <reg>
     говорит
    </reg>
   </choice>
   : «
   <choice>
    <reg>
     Волк
    </reg>
   </choice>
   ! подожди меня
   <choice>
    <reg>
     есть
    </reg>
   </choice>
   , — теперь я костлява, худа. А
   <choice>
    <reg>
     вот
    </reg>
   </choice>
   дай
   <choice>
    <reg>
     срок
    </reg>
   </choice>
   , хозяева
   <choice>
    <reg>
     будут
    </reg>
   </choice>
   свадьбу играть, тогда
   <choice>
    <reg>
     мне
    </reg>
   </choice>
   <choice>
    <reg>
     еды
    </reg>
   </choice>
   <choice>
    <reg>
     будет
    </reg>
   </choice>
   вволю, я
   <choice>
    <reg>
     разжирею
    </reg>
   </choice>
   , — лучше тогда меня
   <choice>
    <reg>
     съесть
    </reg>
   </choice>
   ».
   <choice>
    <reg>
     Волк
    </reg>
   </choice>
   <choice>
    <reg>
     поверил
    </reg>
   </choice>
   и
   <choice>
    <reg>
     ушёл
    </reg>
   </choice>
   .
   <choice>
    <reg>
     Вот
    </reg>
   </choice>
   <choice>
    <reg>
     приходит
    </reg>
   </choice>
   <choice>
    <reg>
     он
    </reg>
   </choice>
   <choice>
    <reg>
     в
    </reg>
   </choice>
   другой
   <choice>
    <reg>
     раз
    </reg>
   </choice>
   и
   <choice>
    <reg>
     видит
    </reg>
   </choice>
   — собака
   <choice>
    <reg>
     лежит
    </reg>
   </choice>
   на
   <choice>
    <reg>
     крыше
    </reg>
   </choice>
   .
   <choice>
    <reg>
     Волк
    </reg>
   </choice>
   и
   <choice>
    <reg>
     говорит
    </reg>
   </choice>
   : «
   <choice>
    <reg>
     чтож
    </reg>
   </choice>
   , — была
   <choice>
    <reg>
     свадьба
    </reg>
   </choice>
   ?» А собака
   <choice>
    <reg>
     говорит
    </reg>
   </choice>
   : «
   <choice>
    <reg>
     Вот
    </reg>
   </choice>
   что,
   <choice>
    <reg>
     волк
    </reg>
   </choice>
   : коли другой
   <choice>
    <reg>
     раз
    </reg>
   </choice>
   застанешь меня сонную
   <choice>
    <reg>
     перед
    </reg>
   </choice>
   <choice>
    <reg>
     двором
    </reg>
   </choice>
   , не дожидайся больше
   <choice>
    <reg>
     свадьбы
    </reg>
   </choice>
   .»
  </p>
 </div>
</TEI>