<?xml version="1.0" encoding="utf-8"?>
<TEI xmlns="http://www.tei-c.org/ns/1.0" xmlns:xi="http://www.w3.org/2001/XInclude">
 <teiHeader>
  <fileDesc>
   <titleStmt>
    <title>
     Азбука. Книга I
    </title>
    <author>
     Толстой Л.Н.
    </author>
    <respStmt>
     <resp>
      подготовка TEI/XML
     </resp>
     <name>
      Мария Картышева, Евгений Можаев, Даниил Скоринкин, Елена Сидорова, Вероника Файнберг, Кирилл Милинцевич
     </name>
    </respStmt>
    <respStmt>
     <name>
      Анастасия Бонч-Осмоловская, Фёкла Толстая, Борис Орехов
     </name>
     <resp>
      Идея, постановка задач, руководство
     </resp>
    </respStmt>
   </titleStmt>
   <publicationStmt>
    <idno>
     Азбука  | Книга I
    </idno>
    <publisher>
     <orgName>
      Школа лингвистики НИУ ВШЭ
     </orgName>
    </publisher>
    <availability>
     <p>
      Тексты и метатекстовая разметка доступны для свободного использования и распространения по лицензии Creative Commons Attribution Share-Alike (cc by-sa)
     </p>
    </availability>
   </publicationStmt>
   <sourceDesc>
    <biblStruct>
     <analytic>
      <author>
       Толстой Л.Н.
      </author>
      <title level="a">
       Азбука. Книга I
      </title>
     </analytic>
     <monogr>
      <title level="m">
       Полное собрание сочинений. Том 22
      </title>
      <imprint>
       <pubPlace>
        Москва
       </pubPlace>
       <publisher>
        Государственное издательство "Художественная литература"
       </publisher>
       <date when="1871-1872"/>
      </imprint>
     </monogr>
     <series>
      <title level="s">
       Л.Н. Толстой. Полное собрание сочинений
      </title>
      <biblScope unit="vol">
       22
      </biblScope>
     </series>
    </biblStruct>
   </sourceDesc>
  </fileDesc>
  <encodingDesc>
   <classDecl>
    <xi:include href="taxonomy.xml"/>
   </classDecl>
  </encodingDesc>
  <profileDesc>
   <creation>
    <date notAfter="1872" notBefore="1871">
     1871-1872
    </date>
    <rs/>
   </creation>
   <textClass>
    <catRef target="#fiction" type="sphere"/>
    <catRef target="#произведения для детей" type="type"/>
    <catRef target="#works" type="works_letters_diaries"/>
    <catRef target="#азбука" type="ninetyDef"/>
    <catRef target="#Основное" type="main_var"/>
    <catRef target="#азбука" type="type_short"/>
    <catRef target="None" type="translation"/>
    <catRef target="None" type="translation_origin"/>
    <catRef target="#да" type="tolstoy_or_not"/>
    <catRef target="None" type="name_status"/>
   </textClass>
   <preparedness>
    finished
   </preparedness>
   <settingDesc>
    <time>
     XIX век
    </time>
   </settingDesc>
  </profileDesc>
  <xenoData>
   <cyclusName/>
   <p>
    Проект
    <title>
     Толстой.Digital
    </title>
    разрабатывается сотрудниками и студентами
    <orgName>
     Высшей школы экономики
    </orgName>
    в сотрудничестве с
    <orgName>
     Государственным музеем Л.Н. Толстого
    </orgName>
    . Источник текстов –
    <bibl>
     90-томное собрание сочинений Л.Н.Толстого
    </bibl>
    . Разметка основана на стандарте
    <ref target="http://www.tei-c.org">
     TEI (Text Encoding Initiative)
    </ref>
    .
   </p>
   <versionNumber/>
   <isFinished/>
   <isEdited/>
   <fullBibliographicDescription/>
  </xenoData>
 </teiHeader>
 <p rend="left emptyline">
  <pb n="71"/>
 </p>
 <div type="section" xml:id="ref11">
  <head rend="Azbuka left">
   <hi rend="strong">
    <choice>
     <reg>
      Хорёк
     </reg>
    </choice>
    .
   </hi>
  </head>
  <p rend="Azbuka left" uuid="9f4df98a-7bca-4eaf-8720-93d63f50dc60">
   Х
   <hi rend="italic">
    о
   </hi>
   <choice>
    <reg>
     рёк
    </reg>
   </choice>
   заш
   <hi rend="italic">
    е
   </hi>
   <choice>
    <reg>
     л
    </reg>
   </choice>
   <choice>
    <reg>
     к
    </reg>
   </choice>
   <choice>
    <reg>
     меднику
    </reg>
   </choice>
   и
   <choice>
    <reg>
     стал
    </reg>
   </choice>
   лизать п
   <hi rend="italic">
    од
   </hi>
   <choice>
    <reg>
     пилок
    </reg>
   </choice>
   .
   <choice>
    <reg>
     Из
    </reg>
   </choice>
   <hi rend="italic">
    я
   </hi>
   зыка п
   <hi rend="italic">
    о
   </hi>
   шла кро
   <hi rend="italic">
    в
   </hi>
   ь, а х
   <hi rend="italic">
    о
   </hi>
   <choice>
    <reg>
     рёк
    </reg>
   </choice>
   рад
   <hi rend="italic">
    о
   </hi>
   валс
   <hi rend="italic">
    я
   </hi>
   ,
   <choice>
    <reg>
     лизал
    </reg>
   </choice>
   , —
   <choice>
    <reg>
     думал
    </reg>
   </choice>
   ,
   <hi rend="italic">
    ч
   </hi>
   то и
   <hi rend="italic">
    з
   </hi>
   ъ
   <choice>
    <reg>
     железа
    </reg>
   </choice>
   кро
   <hi rend="italic">
    в
   </hi>
   ь
   <choice>
    <reg>
     идёт
    </reg>
   </choice>
   , и п
   <hi rend="italic">
    о
   </hi>
   <choice>
    <reg>
     губил
    </reg>
   </choice>
   весь
   <hi rend="italic">
    я
   </hi>
   <choice>
    <reg>
     зык
    </reg>
   </choice>
   .
  </p>
  <p rend="left emptyline" uuid="cf26ba16-6b2c-4b9b-bb57-da5af1da5462">
   <pb n="72"/>
  </p>
  <p rend="centerline" uuid="a6fb3ebd-0a88-4340-b9eb-de477e4c1184">
   — 62 —
  </p>
 </div>
</TEI>