<?xml version="1.0" encoding="utf-8"?>
<TEI xmlns="http://www.tei-c.org/ns/1.0" xmlns:xi="http://www.w3.org/2001/XInclude">
 <teiHeader>
  <fileDesc>
   <titleStmt>
    <title>
     Азбука. Книга I
    </title>
    <author>
     Толстой Л.Н.
    </author>
    <respStmt>
     <resp>
      подготовка TEI/XML
     </resp>
     <name>
      Мария Картышева, Евгений Можаев, Даниил Скоринкин, Елена Сидорова, Вероника Файнберг, Кирилл Милинцевич
     </name>
    </respStmt>
    <respStmt>
     <name>
      Анастасия Бонч-Осмоловская, Фёкла Толстая, Борис Орехов
     </name>
     <resp>
      Идея, постановка задач, руководство
     </resp>
    </respStmt>
   </titleStmt>
   <publicationStmt>
    <idno>
     Азбука  | Книга I
    </idno>
    <publisher>
     <orgName>
      Школа лингвистики НИУ ВШЭ
     </orgName>
    </publisher>
    <availability>
     <p>
      Тексты и метатекстовая разметка доступны для свободного использования и распространения по лицензии Creative Commons Attribution Share-Alike (cc by-sa)
     </p>
    </availability>
   </publicationStmt>
   <sourceDesc>
    <biblStruct>
     <analytic>
      <author>
       Толстой Л.Н.
      </author>
      <title level="a">
       Азбука. Книга I
      </title>
     </analytic>
     <monogr>
      <title level="m">
       Полное собрание сочинений. Том 22
      </title>
      <imprint>
       <pubPlace>
        Москва
       </pubPlace>
       <publisher>
        Государственное издательство "Художественная литература"
       </publisher>
       <date when="1871-1872"/>
      </imprint>
     </monogr>
     <series>
      <title level="s">
       Л.Н. Толстой. Полное собрание сочинений
      </title>
      <biblScope unit="vol">
       22
      </biblScope>
     </series>
    </biblStruct>
   </sourceDesc>
  </fileDesc>
  <encodingDesc>
   <classDecl>
    <xi:include href="taxonomy.xml"/>
   </classDecl>
  </encodingDesc>
  <profileDesc>
   <creation>
    <date notAfter="1872" notBefore="1871">
     1871-1872
    </date>
    <rs/>
   </creation>
   <textClass>
    <catRef target="#fiction" type="sphere"/>
    <catRef target="#произведения для детей" type="type"/>
    <catRef target="#works" type="works_letters_diaries"/>
    <catRef target="#азбука" type="ninetyDef"/>
    <catRef target="#Основное" type="main_var"/>
    <catRef target="#азбука" type="type_short"/>
    <catRef target="None" type="translation"/>
    <catRef target="None" type="translation_origin"/>
    <catRef target="#да" type="tolstoy_or_not"/>
    <catRef target="None" type="name_status"/>
   </textClass>
   <preparedness>
    finished
   </preparedness>
   <settingDesc>
    <time>
     XIX век
    </time>
   </settingDesc>
  </profileDesc>
  <xenoData>
   <cyclusName/>
   <p>
    Проект
    <title>
     Толстой.Digital
    </title>
    разрабатывается сотрудниками и студентами
    <orgName>
     Высшей школы экономики
    </orgName>
    в сотрудничестве с
    <orgName>
     Государственным музеем Л.Н. Толстого
    </orgName>
    . Источник текстов –
    <bibl>
     90-томное собрание сочинений Л.Н.Толстого
    </bibl>
    . Разметка основана на стандарте
    <ref target="http://www.tei-c.org">
     TEI (Text Encoding Initiative)
    </ref>
    .
   </p>
   <versionNumber/>
   <isFinished/>
   <isEdited/>
   <fullBibliographicDescription/>
  </xenoData>
 </teiHeader>
 <p rend="left emptyline">
  <pb n="209"/>
 </p>
 <div type="section" xml:id="ref95">
  <head rend="center">
   <hi rend="strong">
    САМЫЯ ЛУЧШІЯ ГРУШИ.
   </hi>
  </head>
  <p rend="left" uuid="933afa6f-8a53-4437-8d91-5787169d1128">
   <choice>
    <reg>
     Один
    </reg>
    <orig>
     Одинъ
    </orig>
   </choice>
   <choice>
    <reg>
     барин
    </reg>
    <orig>
     баринъ
    </orig>
   </choice>
   <choice>
    <reg>
     послал
    </reg>
    <orig>
     послалъ
    </orig>
   </choice>
   слугу купить
   <choice>
    <reg>
     самых
    </reg>
    <orig>
     самыхъ
    </orig>
   </choice>
   <choice>
    <reg>
     вкусных
    </reg>
    <orig>
     вкусныхъ
    </orig>
   </choice>
   <choice>
    <reg>
     груш
    </reg>
    <orig>
     грушъ
    </orig>
   </choice>
   . Слуга
   <choice>
    <reg>
     пришёл
    </reg>
    <orig>
     пришёлъ
    </orig>
   </choice>
   <choice>
    <reg>
     в
    </reg>
    <orig>
     въ
    </orig>
   </choice>
   лавку и
   <choice>
    <reg>
     спросил
    </reg>
    <orig>
     спросилъ
    </orig>
   </choice>
   <choice>
    <reg>
     груш
    </reg>
    <orig>
     грушъ
    </orig>
   </choice>
   .
   <choice>
    <reg>
     Купец
    </reg>
    <orig>
     Купецъ
    </orig>
   </choice>
   <choice>
    <reg>
     подал
    </reg>
    <orig>
     подалъ
    </orig>
   </choice>
   ему; но слуга
   <choice>
    <reg>
     сказал
    </reg>
    <orig>
     сказалъ
    </orig>
   </choice>
   :
  </p>
  <p rend="left" uuid="2d301c9e-09fe-4c5f-a40d-2658501f63a8">
   «
   <choice>
    <reg>
     Нет
    </reg>
    <orig>
     Нѣтъ
    </orig>
   </choice>
   , дай
   <choice>
    <reg>
     мне
    </reg>
    <orig>
     мнѣ
    </orig>
   </choice>
   <choice>
    <reg>
     самых
    </reg>
    <orig>
     самыхъ
    </orig>
   </choice>
   <choice>
    <reg>
     лучших
    </reg>
    <orig>
     лучшихъ
    </orig>
   </choice>
   »
  </p>
  <p rend="left" uuid="edd90c60-4f83-474d-aa87-f9ad700ce709">
   <choice>
    <reg>
     Купец
    </reg>
    <orig>
     Купецъ
    </orig>
   </choice>
   <choice>
    <reg>
     сказал
    </reg>
    <orig>
     сказалъ
    </orig>
   </choice>
   :
  </p>
  <p rend="left" uuid="c31c846d-c0c5-43fb-a4b9-06be72bc6195">
   «Отвѣдай одну; ты увидишь, что онѣ вкусны».
  </p>
  <p rend="left" uuid="211ee141-60b9-451b-9c70-b747b242f1a6">
   «Какъ я узнаю», сказалъ слуга, «что онѣ всѣ вкусны, если отвѣдаю только одну?»
  </p>
  <p rend="left" uuid="a4c7af13-fa15-428b-aad2-b2ea62cf9577">
   <choice>
    <reg>
     Он
    </reg>
    <orig>
     Онъ
    </orig>
   </choice>
   <choice>
    <reg>
     откусил
    </reg>
    <orig>
     откусилъ
    </orig>
   </choice>
   по немногу
   <choice>
    <reg>
     от
    </reg>
    <orig>
     отъ
    </orig>
   </choice>
   каждой груши и
   <choice>
    <reg>
     принёс
    </reg>
    <orig>
     принёсъ
    </orig>
   </choice>
   <choice>
    <reg>
     их
    </reg>
    <orig>
     ихъ
    </orig>
   </choice>
   барину. Тогда
   <choice>
    <reg>
     барин
    </reg>
    <orig>
     баринъ
    </orig>
   </choice>
   <choice>
    <reg>
     прогнал
    </reg>
    <orig>
     прогналъ
    </orig>
   </choice>
   его.
  </p>
 </div>
</TEI>