<?xml version="1.0" encoding="utf-8"?>
<TEI xmlns="http://www.tei-c.org/ns/1.0" xmlns:xi="http://www.w3.org/2001/XInclude">
 <teiHeader>
  <fileDesc>
   <titleStmt>
    <title>
     Азбука. Книга I
    </title>
    <author>
     Толстой Л.Н.
    </author>
    <respStmt>
     <resp>
      подготовка TEI/XML
     </resp>
     <name>
      Мария Картышева, Евгений Можаев, Даниил Скоринкин, Елена Сидорова, Вероника Файнберг, Кирилл Милинцевич
     </name>
    </respStmt>
    <respStmt>
     <name>
      Анастасия Бонч-Осмоловская, Фёкла Толстая, Борис Орехов
     </name>
     <resp>
      Идея, постановка задач, руководство
     </resp>
    </respStmt>
   </titleStmt>
   <publicationStmt>
    <idno>
     Азбука  | Книга I
    </idno>
    <publisher>
     <orgName>
      Школа лингвистики НИУ ВШЭ
     </orgName>
    </publisher>
    <availability>
     <p>
      Тексты и метатекстовая разметка доступны для свободного использования и распространения по лицензии Creative Commons Attribution Share-Alike (cc by-sa)
     </p>
    </availability>
   </publicationStmt>
   <sourceDesc>
    <biblStruct>
     <analytic>
      <author>
       Толстой Л.Н.
      </author>
      <title level="a">
       Азбука. Книга I
      </title>
     </analytic>
     <monogr>
      <title level="m">
       Полное собрание сочинений. Том 22
      </title>
      <imprint>
       <pubPlace>
        Москва
       </pubPlace>
       <publisher>
        Государственное издательство "Художественная литература"
       </publisher>
       <date when="1871-1872"/>
      </imprint>
     </monogr>
     <series>
      <title level="s">
       Л.Н. Толстой. Полное собрание сочинений
      </title>
      <biblScope unit="vol">
       22
      </biblScope>
     </series>
    </biblStruct>
   </sourceDesc>
  </fileDesc>
  <encodingDesc>
   <classDecl>
    <xi:include href="taxonomy.xml"/>
   </classDecl>
  </encodingDesc>
  <profileDesc>
   <creation>
    <date notAfter="1872" notBefore="1871">
     1871-1872
    </date>
    <rs/>
   </creation>
   <textClass>
    <catRef target="#fiction" type="sphere"/>
    <catRef target="#произведения для детей" type="type"/>
    <catRef target="#works" type="works_letters_diaries"/>
    <catRef target="#азбука" type="ninetyDef"/>
    <catRef target="#Основное" type="main_var"/>
    <catRef target="#азбука" type="type_short"/>
    <catRef target="None" type="translation"/>
    <catRef target="None" type="translation_origin"/>
    <catRef target="#да" type="tolstoy_or_not"/>
    <catRef target="None" type="name_status"/>
   </textClass>
   <preparedness>
    finished
   </preparedness>
   <settingDesc>
    <time>
     XIX век
    </time>
   </settingDesc>
  </profileDesc>
  <xenoData>
   <cyclusName/>
   <p>
    Проект
    <title>
     Толстой.Digital
    </title>
    разрабатывается сотрудниками и студентами
    <orgName>
     Высшей школы экономики
    </orgName>
    в сотрудничестве с
    <orgName>
     Государственным музеем Л.Н. Толстого
    </orgName>
    . Источник текстов –
    <bibl>
     90-томное собрание сочинений Л.Н.Толстого
    </bibl>
    . Разметка основана на стандарте
    <ref target="http://www.tei-c.org">
     TEI (Text Encoding Initiative)
    </ref>
    .
   </p>
   <versionNumber/>
   <isFinished/>
   <isEdited/>
   <fullBibliographicDescription/>
  </xenoData>
 </teiHeader>
 <p rend="left emptyline">
  <pb n="72"/>
 </p>
 <div type="section" xml:id="ref12">
  <head rend="Azbuka left">
   <hi rend="strong">
    <choice>
     <reg>
      Тонкия
     </reg>
     <orig>
      Тонкiя
     </orig>
    </choice>
    нитки.
   </hi>
  </head>
  <p rend="Azbuka left" uuid="5fff0328-c564-4c9c-9061-f972b1837410">
   <hi rend="italic">
    О
   </hi>
   <choice>
    <reg>
     дин
    </reg>
    <orig>
     динъ
    </orig>
   </choice>
   чел
   <hi rend="italic">
    о
   </hi>
   в
   <hi rend="big">
    ѣ
   </hi>
   <choice>
    <reg>
     к
    </reg>
    <orig>
     къ
    </orig>
   </choice>
   <choice>
    <reg>
     заказал
    </reg>
    <orig>
     заказалъ
    </orig>
   </choice>
   <choice>
    <reg>
     пряхе
    </reg>
    <orig>
     пряхѣ
    </orig>
   </choice>
   <choice>
    <reg>
     тонкия
    </reg>
    <orig>
     тонкiя
    </orig>
   </choice>
   нитки. Пряха спряла
   <choice>
    <reg>
     тонкия
    </reg>
    <orig>
     тонкiя
    </orig>
   </choice>
   нитки, но чел
   <hi rend="italic">
    о
   </hi>
   в
   <hi rend="big">
    ѣ
   </hi>
   <choice>
    <reg>
     к
    </reg>
    <orig>
     къ
    </orig>
   </choice>
   <choice>
    <reg>
     сказал
    </reg>
    <orig>
     сказалъ
    </orig>
   </choice>
   ,
   <hi rend="italic">
    ч
   </hi>
   то нитки не х
   <hi rend="italic">
    о
   </hi>
   р
   <hi rend="italic">
    о
   </hi>
   ши и
   <hi rend="italic">
    ч
   </hi>
   то ему нужны нитки
   <choice>
    <reg>
     самые
    </reg>
    <orig>
     самыя
    </orig>
   </choice>
   <choice>
    <reg>
     тонкия
    </reg>
    <orig>
     тонкiя
    </orig>
   </choice>
   . Пряха сказала: „если
   <choice>
    <reg>
     тебе
    </reg>
    <orig>
     тебѣ
    </orig>
   </choice>
   эти не тонки,
   <choice>
    <reg>
     так
    </reg>
    <orig>
     такъ
    </orig>
   </choice>
   <choice>
    <reg>
     вот
    </reg>
    <orig>
     вотъ
    </orig>
   </choice>
   <choice>
    <reg>
     тебе
    </reg>
    <orig>
     тебѣ
    </orig>
   </choice>
   <choice>
    <reg>
     другия“
    </reg>
    <orig>
     другiя“
    </orig>
   </choice>
   ; и
   <hi rend="italic">
    о
   </hi>
   на п
   <hi rend="italic">
    о
   </hi>
   казала на пустое м
   <hi rend="big">
    ѣ
   </hi>
   сто.
   <choice>
    <reg>
     Он
    </reg>
    <orig>
     Онъ
    </orig>
   </choice>
   <choice>
    <reg>
     сказал
    </reg>
    <orig>
     сказалъ
    </orig>
   </choice>
   ,
   <hi rend="italic">
    ч
   </hi>
   то не
   <choice>
    <reg>
     видит
    </reg>
    <orig>
     видитъ
    </orig>
   </choice>
   . Пряха сказала: „
   <hi rend="italic">
    о
   </hi>
   тт
   <hi rend="italic">
    ог
   </hi>
   о и не видишь,
   <hi rend="italic">
    ч
   </hi>
   то
   <hi rend="italic">
    о
   </hi>
   <choice>
    <reg>
     не
    </reg>
    <orig>
     нѣ
    </orig>
   </choice>
   очень тонки; я и сама не вижу“.
  </p>
  <p rend="Azbuka left" uuid="81277038-0556-43af-9180-21af400d0d75">
   <choice>
    <reg>
     Дурак
    </reg>
    <orig>
     Дуракъ
    </orig>
   </choice>
   <hi rend="italic">
    о
   </hi>
   брад
   <hi rend="italic">
    о
   </hi>
   валс
   <hi rend="italic">
    я
   </hi>
   и
   <choice>
    <reg>
     заказал
    </reg>
    <orig>
     заказалъ
    </orig>
   </choice>
   <choice>
    <reg>
     себе
    </reg>
    <orig>
     себѣ
    </orig>
   </choice>
   ещё
   <choice>
    <reg>
     таких
    </reg>
    <orig>
     такихъ
    </orig>
   </choice>
   нит
   <hi rend="italic">
    о
   </hi>
   <choice>
    <reg>
     к
    </reg>
    <orig>
     къ
    </orig>
   </choice>
   , а за эти
   <choice>
    <reg>
     заплатил
    </reg>
    <orig>
     заплатилъ
    </orig>
   </choice>
   деньги.
  </p>
 </div>
</TEI>