<?xml version="1.0" encoding="utf-8"?>
<TEI xmlns="http://www.tei-c.org/ns/1.0" xmlns:xi="http://www.w3.org/2001/XInclude">
 <teiHeader>
  <fileDesc>
   <titleStmt>
    <title>
     Азбука. Книга I
    </title>
    <author>
     Толстой Л.Н.
    </author>
    <respStmt>
     <resp>
      подготовка TEI/XML
     </resp>
     <name>
      Мария Картышева, Евгений Можаев, Даниил Скоринкин, Елена Сидорова, Вероника Файнберг, Кирилл Милинцевич
     </name>
    </respStmt>
    <respStmt>
     <name>
      Анастасия Бонч-Осмоловская, Фёкла Толстая, Борис Орехов
     </name>
     <resp>
      Идея, постановка задач, руководство
     </resp>
    </respStmt>
   </titleStmt>
   <publicationStmt>
    <idno>
     Азбука  | Книга I
    </idno>
    <publisher>
     <orgName>
      Школа лингвистики НИУ ВШЭ
     </orgName>
    </publisher>
    <availability>
     <p>
      Тексты и метатекстовая разметка доступны для свободного использования и распространения по лицензии Creative Commons Attribution Share-Alike (cc by-sa)
     </p>
    </availability>
   </publicationStmt>
   <sourceDesc>
    <biblStruct>
     <analytic>
      <author>
       Толстой Л.Н.
      </author>
      <title level="a">
       Азбука. Книга I
      </title>
     </analytic>
     <monogr>
      <title level="m">
       Полное собрание сочинений. Том 22
      </title>
      <imprint>
       <pubPlace>
        Москва
       </pubPlace>
       <publisher>
        Государственное издательство "Художественная литература"
       </publisher>
       <date when="1871-1872"/>
      </imprint>
     </monogr>
     <series>
      <title level="s">
       Л.Н. Толстой. Полное собрание сочинений
      </title>
      <biblScope unit="vol">
       22
      </biblScope>
     </series>
    </biblStruct>
   </sourceDesc>
  </fileDesc>
  <encodingDesc>
   <classDecl>
    <xi:include href="taxonomy.xml"/>
   </classDecl>
  </encodingDesc>
  <profileDesc>
   <creation>
    <date notAfter="1872" notBefore="1871">
     1871-1872
    </date>
    <rs/>
   </creation>
   <textClass>
    <catRef target="#fiction" type="sphere"/>
    <catRef target="#произведения для детей" type="type"/>
    <catRef target="#works" type="works_letters_diaries"/>
    <catRef target="#азбука" type="ninetyDef"/>
    <catRef target="#Основное" type="main_var"/>
    <catRef target="#азбука" type="type_short"/>
    <catRef target="None" type="translation"/>
    <catRef target="None" type="translation_origin"/>
    <catRef target="#да" type="tolstoy_or_not"/>
    <catRef target="None" type="name_status"/>
   </textClass>
   <preparedness>
    finished
   </preparedness>
   <settingDesc>
    <time>
     XIX век
    </time>
   </settingDesc>
  </profileDesc>
  <xenoData>
   <cyclusName/>
   <p>
    Проект
    <title>
     Толстой.Digital
    </title>
    разрабатывается сотрудниками и студентами
    <orgName>
     Высшей школы экономики
    </orgName>
    в сотрудничестве с
    <orgName>
     Государственным музеем Л.Н. Толстого
    </orgName>
    . Источник текстов –
    <bibl>
     90-томное собрание сочинений Л.Н.Толстого
    </bibl>
    . Разметка основана на стандарте
    <ref target="http://www.tei-c.org">
     TEI (Text Encoding Initiative)
    </ref>
    .
   </p>
   <versionNumber/>
   <isFinished/>
   <isEdited/>
   <fullBibliographicDescription/>
  </xenoData>
 </teiHeader>
 <p rend="left emptyline">
  <pb n="101"/>
 </p>
 <div type="section" xml:id="ref45">
  <head rend="Azbuka left">
   <hi rend="strong">
    <choice>
     <reg>
      Слон
     </reg>
    </choice>
    .
   </hi>
  </head>
  <p rend="Azbuka left" uuid="9014f75c-bf28-40ee-ba1b-281973c5f281">
   <hi rend="big">
    У
   </hi>
   одного Инд
   <hi rend="big">
    ѣ
   </hi>
   йца
   <choice>
    <reg>
     был
    </reg>
   </choice>
   <choice>
    <reg>
     слон
    </reg>
   </choice>
   .
   <choice>
    <reg>
     Хозяин
    </reg>
   </choice>
   дурно
   <choice>
    <reg>
     кормил
    </reg>
   </choice>
   его и
   <choice>
    <reg>
     заставлял
    </reg>
   </choice>
   много работать.
   <choice>
    <reg>
     Один
    </reg>
   </choice>
   <choice>
    <reg>
     раз
    </reg>
   </choice>
   <choice>
    <reg>
     слон
    </reg>
   </choice>
   <choice>
    <reg>
     рассердился
    </reg>
   </choice>
   и
   <choice>
    <reg>
     наступил
    </reg>
   </choice>
   ногою
   <hi rend="big">
    на
   </hi>
   своего хозяина. Инд
   <hi rend="big">
    ѣ
   </hi>
   <choice>
    <reg>
     ец
    </reg>
   </choice>
   <choice>
    <reg>
     умер
    </reg>
   </choice>
   . Тогда жена инд
   <hi rend="big">
    ѣ
   </hi>
   йца заплакала, принесла
   <choice>
    <reg>
     своих
    </reg>
   </choice>
   д
   <hi rend="big">
    ѣ
   </hi>
   тей
   <hi rend="big">
    <choice>
     <reg>
      к
     </reg>
    </choice>
   </hi>
   слону и бросила
   <choice>
    <reg>
     их
    </reg>
   </choice>
   слону
   <hi rend="big">
    <choice>
     <reg>
      под
     </reg>
    </choice>
   </hi>
   ноги. Она сказала:
   <choice>
    <reg>
     „слон
    </reg>
   </choice>
   ! ты
   <choice>
    <reg>
     убил
    </reg>
   </choice>
   отца, убей и ихъ“.
   <choice>
    <reg>
     Слон
    </reg>
   </choice>
   <choice>
    <reg>
     посмотрел
    </reg>
   </choice>
   <hi rend="big">
    на
   </hi>
   д
   <hi rend="big">
    ѣ
   </hi>
   тей,
   <choice>
    <reg>
     взял
    </reg>
   </choice>
   <choice>
    <reg>
     хоботом
    </reg>
   </choice>
   <choice>
    <reg>
     старшего
    </reg>
   </choice>
   , потихоньку
   <choice>
    <reg>
     поднял
    </reg>
   </choice>
   и
   <choice>
    <reg>
     посадил
    </reg>
   </choice>
   его
   <choice>
    <reg>
     себе
    </reg>
   </choice>
   <hi rend="big">
    на
   </hi>
   шею. И
   <choice>
    <reg>
     слон
    </reg>
   </choice>
   <choice>
    <reg>
     стал
    </reg>
   </choice>
   слушаться этого мальчика и работать
   <hi rend="big">
    для
   </hi>
   него.
  </p>
 </div>
</TEI>