<?xml version="1.0" encoding="utf-8"?>
<TEI xmlns="http://www.tei-c.org/ns/1.0" xmlns:xi="http://www.w3.org/2001/XInclude">
 <teiHeader>
  <fileDesc>
   <titleStmt>
    <title>
     Азбука. Книга I
    </title>
    <author>
     Толстой Л.Н.
    </author>
    <respStmt>
     <resp>
      подготовка TEI/XML
     </resp>
     <name>
      Мария Картышева, Евгений Можаев, Даниил Скоринкин, Елена Сидорова, Вероника Файнберг, Кирилл Милинцевич
     </name>
    </respStmt>
    <respStmt>
     <name>
      Анастасия Бонч-Осмоловская, Фёкла Толстая, Борис Орехов
     </name>
     <resp>
      Идея, постановка задач, руководство
     </resp>
    </respStmt>
   </titleStmt>
   <publicationStmt>
    <idno>
     Азбука  | Книга I
    </idno>
    <publisher>
     <orgName>
      Школа лингвистики НИУ ВШЭ
     </orgName>
    </publisher>
    <availability>
     <p>
      Тексты и метатекстовая разметка доступны для свободного использования и распространения по лицензии Creative Commons Attribution Share-Alike (cc by-sa)
     </p>
    </availability>
   </publicationStmt>
   <sourceDesc>
    <biblStruct>
     <analytic>
      <author>
       Толстой Л.Н.
      </author>
      <title level="a">
       Азбука. Книга I
      </title>
     </analytic>
     <monogr>
      <title level="m">
       Полное собрание сочинений. Том 22
      </title>
      <imprint>
       <pubPlace>
        Москва
       </pubPlace>
       <publisher>
        Государственное издательство "Художественная литература"
       </publisher>
       <date when="1871-1872"/>
      </imprint>
     </monogr>
     <series>
      <title level="s">
       Л.Н. Толстой. Полное собрание сочинений
      </title>
      <biblScope unit="vol">
       22
      </biblScope>
     </series>
    </biblStruct>
   </sourceDesc>
  </fileDesc>
  <encodingDesc>
   <classDecl>
    <xi:include href="taxonomy.xml"/>
   </classDecl>
  </encodingDesc>
  <profileDesc>
   <creation>
    <date notAfter="1872" notBefore="1871">
     1871-1872
    </date>
    <rs/>
   </creation>
   <textClass>
    <catRef target="#fiction" type="sphere"/>
    <catRef target="#произведения для детей" type="type"/>
    <catRef target="#works" type="works_letters_diaries"/>
    <catRef target="#азбука" type="ninetyDef"/>
    <catRef target="#Основное" type="main_var"/>
    <catRef target="#азбука" type="type_short"/>
    <catRef target="None" type="translation"/>
    <catRef target="None" type="translation_origin"/>
    <catRef target="#да" type="tolstoy_or_not"/>
    <catRef target="None" type="name_status"/>
   </textClass>
   <preparedness>
    finished
   </preparedness>
   <settingDesc>
    <time>
     XIX век
    </time>
   </settingDesc>
  </profileDesc>
  <xenoData>
   <cyclusName/>
   <p>
    Проект
    <title>
     Толстой.Digital
    </title>
    разрабатывается сотрудниками и студентами
    <orgName>
     Высшей школы экономики
    </orgName>
    в сотрудничестве с
    <orgName>
     Государственным музеем Л.Н. Толстого
    </orgName>
    . Источник текстов –
    <bibl>
     90-томное собрание сочинений Л.Н.Толстого
    </bibl>
    . Разметка основана на стандарте
    <ref target="http://www.tei-c.org">
     TEI (Text Encoding Initiative)
    </ref>
    .
   </p>
   <versionNumber/>
   <isFinished/>
   <isEdited/>
   <fullBibliographicDescription/>
  </xenoData>
 </teiHeader>
 <p rend="left emptyline">
  <pb n="236"/>
 </p>
 <div type="section" xml:id="ref116">
  <head rend="center">
   <hi rend="strong">
    УДАЧА.
   </hi>
  </head>
  <p rend="left" uuid="134b7842-d86a-4836-a48d-79de1e0d381b">
   <choice>
    <reg>
     Приехали
    </reg>
   </choice>
   люди на
   <choice>
    <reg>
     остров
    </reg>
   </choice>
   ,
   <choice>
    <reg>
     где
    </reg>
   </choice>
   было много
   <choice>
    <reg>
     дорогих
    </reg>
   </choice>
   <choice>
    <reg>
     каменьев
    </reg>
   </choice>
   . Люди старались найти больше; они мало
   <choice>
    <reg>
     ели
    </reg>
   </choice>
   , мало спали, а всё работали.
   <choice>
    <reg>
     Один
    </reg>
   </choice>
   только
   <choice>
    <reg>
     из
    </reg>
   </choice>
   <choice>
    <reg>
     них
    </reg>
   </choice>
   ничего не
   <choice>
    <reg>
     делал
    </reg>
   </choice>
   : a
   <choice>
    <reg>
     сидел
    </reg>
   </choice>
   на
   <choice>
    <reg>
     месте
    </reg>
   </choice>
   :
   <choice>
    <reg>
     ел
    </reg>
   </choice>
   ,
   <choice>
    <reg>
     пил
    </reg>
   </choice>
   и
   <choice>
    <reg>
     спал
    </reg>
   </choice>
   . Когда стали собираться домой, они разбудили этого
   <choice>
    <reg>
     человека
    </reg>
   </choice>
   и сказали: «ты
   <choice>
    <reg>
     с
    </reg>
   </choice>
   <choice>
    <reg>
     чем же
    </reg>
   </choice>
   домой
   <choice>
    <reg>
     поедешь
    </reg>
   </choice>
   ?»
   <choice>
    <reg>
     Он
    </reg>
   </choice>
   <choice>
    <reg>
     взял
    </reg>
   </choice>
   <choice>
    <reg>
     поднял
    </reg>
   </choice>
   горсть земли
   <choice>
    <reg>
     под
    </reg>
   </choice>
   ногами и
   <choice>
    <reg>
     положил
    </reg>
   </choice>
   <choice>
    <reg>
     в
    </reg>
   </choice>
   сумку.
  </p>
  <p rend="left" uuid="e0611f45-f452-4809-a4fd-4d863f86bca0">
   Когда
   <choice>
    <reg>
     все
    </reg>
   </choice>
   <choice>
    <reg>
     приехали
    </reg>
   </choice>
   домой,
   <choice>
    <reg>
     этот
    </reg>
   </choice>
   <choice>
    <reg>
     человек
    </reg>
   </choice>
   <choice>
    <reg>
     достал
    </reg>
   </choice>
   свою землю
   <choice>
    <reg>
     из
    </reg>
   </choice>
   сумки и
   <choice>
    <reg>
     в
    </reg>
   </choice>
   ней
   <choice>
    <reg>
     нашёл
    </reg>
   </choice>
   камень,
   <choice>
    <reg>
     драгоценнее
    </reg>
   </choice>
   <choice>
    <reg>
     всех
    </reg>
   </choice>
   <choice>
    <reg>
     других
    </reg>
   </choice>
   <choice>
    <reg>
     вместе
    </reg>
   </choice>
   .
  </p>
 </div>
</TEI>