<?xml version="1.0" encoding="utf-8"?>
<TEI xmlns="http://www.tei-c.org/ns/1.0" xmlns:xi="http://www.w3.org/2001/XInclude">
 <teiHeader>
  <fileDesc>
   <titleStmt>
    <title>
     Азбука. Книга I
    </title>
    <author>
     Толстой Л.Н.
    </author>
    <respStmt>
     <resp>
      подготовка TEI/XML
     </resp>
     <name>
      Мария Картышева, Евгений Можаев, Даниил Скоринкин, Елена Сидорова, Вероника Файнберг, Кирилл Милинцевич
     </name>
    </respStmt>
    <respStmt>
     <name>
      Анастасия Бонч-Осмоловская, Фёкла Толстая, Борис Орехов
     </name>
     <resp>
      Идея, постановка задач, руководство
     </resp>
    </respStmt>
   </titleStmt>
   <publicationStmt>
    <idno>
     Азбука  | Книга I
    </idno>
    <publisher>
     <orgName>
      Школа лингвистики НИУ ВШЭ
     </orgName>
    </publisher>
    <availability>
     <p>
      Тексты и метатекстовая разметка доступны для свободного использования и распространения по лицензии Creative Commons Attribution Share-Alike (cc by-sa)
     </p>
    </availability>
   </publicationStmt>
   <sourceDesc>
    <biblStruct>
     <analytic>
      <author>
       Толстой Л.Н.
      </author>
      <title level="a">
       Азбука. Книга I
      </title>
     </analytic>
     <monogr>
      <title level="m">
       Полное собрание сочинений. Том 22
      </title>
      <imprint>
       <pubPlace>
        Москва
       </pubPlace>
       <publisher>
        Государственное издательство "Художественная литература"
       </publisher>
       <date when="1871-1872"/>
      </imprint>
     </monogr>
     <series>
      <title level="s">
       Л.Н. Толстой. Полное собрание сочинений
      </title>
      <biblScope unit="vol">
       22
      </biblScope>
     </series>
    </biblStruct>
   </sourceDesc>
  </fileDesc>
  <encodingDesc>
   <classDecl>
    <xi:include href="taxonomy.xml"/>
   </classDecl>
  </encodingDesc>
  <profileDesc>
   <creation>
    <date notAfter="1872" notBefore="1871">
     1871-1872
    </date>
    <rs/>
   </creation>
   <textClass>
    <catRef target="#fiction" type="sphere"/>
    <catRef target="#произведения для детей" type="type"/>
    <catRef target="#works" type="works_letters_diaries"/>
    <catRef target="#азбука" type="ninetyDef"/>
    <catRef target="#Основное" type="main_var"/>
    <catRef target="#азбука" type="type_short"/>
    <catRef target="None" type="translation"/>
    <catRef target="None" type="translation_origin"/>
    <catRef target="#да" type="tolstoy_or_not"/>
    <catRef target="None" type="name_status"/>
   </textClass>
   <preparedness>
    finished
   </preparedness>
   <settingDesc>
    <time>
     XIX век
    </time>
   </settingDesc>
  </profileDesc>
  <xenoData>
   <cyclusName/>
   <p>
    Проект
    <title>
     Толстой.Digital
    </title>
    разрабатывается сотрудниками и студентами
    <orgName>
     Высшей школы экономики
    </orgName>
    в сотрудничестве с
    <orgName>
     Государственным музеем Л.Н. Толстого
    </orgName>
    . Источник текстов –
    <bibl>
     90-томное собрание сочинений Л.Н.Толстого
    </bibl>
    . Разметка основана на стандарте
    <ref target="http://www.tei-c.org">
     TEI (Text Encoding Initiative)
    </ref>
    .
   </p>
   <versionNumber/>
   <isFinished/>
   <isEdited/>
   <fullBibliographicDescription/>
  </xenoData>
 </teiHeader>
 <p rend="left emptyline">
  <pb n="240"/>
 </p>
 <div type="section" xml:id="ref119">
  <head rend="center">
   <hi rend="strong">
    ТРИ ВОРА.
   </hi>
  </head>
  <p rend="left" uuid="ff5ee21e-c7d6-4040-99a0-5c687b768b3d">
   <choice>
    <reg>
     Один
    </reg>
   </choice>
   <choice>
    <reg>
     мужик
    </reg>
   </choice>
   <choice>
    <reg>
     вёл
    </reg>
   </choice>
   <choice>
    <reg>
     в
    </reg>
   </choice>
   <choice>
    <reg>
     город
    </reg>
   </choice>
   продавать осла и козу. На
   <choice>
    <reg>
     козе
    </reg>
   </choice>
   <choice>
    <reg>
     был
    </reg>
   </choice>
   <choice>
    <reg>
     привязан
    </reg>
   </choice>
   <choice>
    <reg>
     бубенчик
    </reg>
   </choice>
   .
  </p>
  <p rend="left" uuid="bac7c930-5f24-4427-9934-69db578442df">
   Три вора увидали мужика, и
   <choice>
    <reg>
     один
    </reg>
   </choice>
   <choice>
    <reg>
     сказал
    </reg>
   </choice>
   : «я украду козу,
   <choice>
    <reg>
     так
    </reg>
   </choice>
   что
   <choice>
    <reg>
     мужик
    </reg>
   </choice>
   и не
   <choice>
    <reg>
     заметит
    </reg>
   </choice>
   ».
  </p>
  <p rend="left" uuid="f636131d-c487-4477-98c0-bd0c9a90adfb">
   Другой
   <choice>
    <reg>
     вор
    </reg>
   </choice>
   <choice>
    <reg>
     сказал
    </reg>
   </choice>
   : «а я
   <choice>
    <reg>
     из
    </reg>
   </choice>
   <choice>
    <reg>
     рук
    </reg>
   </choice>
   у мужика украду осла».
  </p>
  <p rend="left" uuid="587785ec-83cd-4da4-b57d-7976736a83a8">
   <choice>
    <reg>
     Третий
    </reg>
   </choice>
   <choice>
    <reg>
     сказал
    </reg>
   </choice>
   : «и это не трудно; а я
   <choice>
    <reg>
     так
    </reg>
   </choice>
   всё платье
   <choice>
    <reg>
     с
    </reg>
   </choice>
   мужика украду».
  </p>
  <p rend="left" uuid="ed8bf296-3cf5-415c-9751-db0e2e84743b">
   Первый воръ подкрался къ козѣ; снялъ съ нея бубенчикъ и привѣсилъ къ хвосту осла, а козу увёлъ въ поле.
  </p>
  <p rend="left" uuid="1bdd0fd9-bdf1-42e3-bc86-2ff4ff9d6963">
   <choice>
    <reg>
     Мужик
    </reg>
   </choice>
   на
   <choice>
    <reg>
     повороте
    </reg>
   </choice>
   оглянулся,
   <choice>
    <reg>
     увидал
    </reg>
   </choice>
   , что козы
   <choice>
    <reg>
     нет
    </reg>
   </choice>
   ,
   <choice>
    <reg>
     стал
    </reg>
   </choice>
   искать.
  </p>
  <p rend="left" uuid="d37c9c4e-9d99-403e-ae2e-f8f11b79d41f">
   Тогда
   <choice>
    <reg>
     к
    </reg>
   </choice>
   нему
   <choice>
    <reg>
     подошёл
    </reg>
   </choice>
   второй
   <choice>
    <reg>
     вор
    </reg>
   </choice>
   и
   <choice>
    <reg>
     спросил
    </reg>
   </choice>
   , чего
   <choice>
    <reg>
     он
    </reg>
   </choice>
   <choice>
    <reg>
     ищет
    </reg>
   </choice>
   ?
  </p>
  <p rend="left" uuid="a61b7d08-8f1d-4b59-a591-1d3f7e441d79">
   <choice>
    <reg>
     Мужик
    </reg>
   </choice>
   <choice>
    <reg>
     сказал
    </reg>
   </choice>
   , что у него украли козу. Второй
   <choice>
    <reg>
     вор
    </reg>
   </choice>
   <choice>
    <reg>
     сказал
    </reg>
   </choice>
   : «я
   <choice>
    <reg>
     видел
    </reg>
   </choice>
   твою козу:
   <choice>
    <reg>
     вот
    </reg>
   </choice>
   <choice>
    <reg>
     сейчас
    </reg>
   </choice>
   только
   <choice>
    <reg>
     в
    </reg>
   </choice>
   <choice>
    <reg>
     этот
    </reg>
   </choice>
   <choice>
    <reg>
     лес
    </reg>
   </choice>
   <choice>
    <reg>
     пробежал
    </reg>
   </choice>
   <choice>
    <reg>
     человек
    </reg>
   </choice>
   <choice>
    <reg>
     с
    </reg>
   </choice>
   козою. Его можно поймать».
  </p>
  <p rend="left" uuid="b4fdda18-2be8-4a66-914d-c445de4edbcc">
   <choice>
    <reg>
     Мужик
    </reg>
   </choice>
   <choice>
    <reg>
     побежал
    </reg>
   </choice>
   догонять козу и
   <choice>
    <reg>
     попросил
    </reg>
   </choice>
   вора подержать осла. Второй
   <choice>
    <reg>
     вор
    </reg>
   </choice>
   <choice>
    <reg>
     увёл
    </reg>
   </choice>
   осла.
  </p>
  <p rend="left emptyline" uuid="d30a9ad8-2ec3-468d-b286-4ae6bf1e1fb1">
   <pb n="241"/>
  </p>
  <p rend="centerline" uuid="d6f5d3bf-93f9-4c59-b33b-4cfcb500a7c4">
   — 39 —
  </p>
  <p rend="left" uuid="54f37b15-42e6-42e8-a633-56464902fdb8">
   Когда
   <choice>
    <reg>
     мужик
    </reg>
   </choice>
   вернулся
   <choice>
    <reg>
     из
    </reg>
   </choice>
   <choice>
    <reg>
     лесу
    </reg>
   </choice>
   и
   <choice>
    <reg>
     увидал
    </reg>
   </choice>
   , что и осла его
   <choice>
    <reg>
     нет
    </reg>
   </choice>
   ,
   <choice>
    <reg>
     он
    </reg>
   </choice>
   <choice>
    <reg>
     заплакал
    </reg>
   </choice>
   и
   <choice>
    <reg>
     пошёл
    </reg>
   </choice>
   по
   <choice>
    <reg>
     дороге
    </reg>
   </choice>
   .
  </p>
  <p rend="left" uuid="50bf6487-4caf-4beb-96a2-66045270921b">
   На
   <choice>
    <reg>
     дороге
    </reg>
   </choice>
   , у пруда
   <choice>
    <reg>
     увидал
    </reg>
   </choice>
   <choice>
    <reg>
     он
    </reg>
   </choice>
   —
   <choice>
    <reg>
     сидит
    </reg>
   </choice>
   <choice>
    <reg>
     человек
    </reg>
   </choice>
   и
   <choice>
    <reg>
     плачет
    </reg>
   </choice>
   <choice>
    <reg>
     Мужик
    </reg>
   </choice>
   <choice>
    <reg>
     спросил
    </reg>
   </choice>
   , чтό
   <choice>
    <reg>
     с
    </reg>
   </choice>
   <choice>
    <reg>
     ним
    </reg>
   </choice>
   ?
  </p>
  <p rend="left" uuid="d38a1138-6098-48d5-8c76-8fb96b2cf50b">
   <choice>
    <reg>
     Человек
    </reg>
   </choice>
   <choice>
    <reg>
     сказал
    </reg>
   </choice>
   , что ему
   <choice>
    <reg>
     велели
    </reg>
   </choice>
   отнести
   <choice>
    <reg>
     в
    </reg>
   </choice>
   <choice>
    <reg>
     город
    </reg>
   </choice>
   <choice>
    <reg>
     мешок
    </reg>
   </choice>
   <choice>
    <reg>
     с
    </reg>
   </choice>
   <choice>
    <reg>
     золотом
    </reg>
   </choice>
   и что
   <choice>
    <reg>
     он
    </reg>
   </choice>
   <choice>
    <reg>
     сел
    </reg>
   </choice>
   отдохнуть у пруда,
   <choice>
    <reg>
     заснул
    </reg>
   </choice>
   и во
   <choice>
    <reg>
     сне
    </reg>
   </choice>
   <choice>
    <reg>
     столкнул
    </reg>
   </choice>
   <choice>
    <reg>
     мешок
    </reg>
   </choice>
   <choice>
    <reg>
     в
    </reg>
   </choice>
   воду.
  </p>
  <p rend="left" uuid="dbef286e-86bc-45e6-a5ce-5c40db442485">
   <choice>
    <reg>
     Мужик
    </reg>
   </choice>
   <choice>
    <reg>
     спросил
    </reg>
   </choice>
   — отчего
   <choice>
    <reg>
     он
    </reg>
   </choice>
   не
   <choice>
    <reg>
     лезет
    </reg>
   </choice>
   доставать его?
  </p>
  <p rend="left" uuid="9686f00d-e876-4d57-8fa7-c405a7ac1b88">
   <choice>
    <reg>
     Человек
    </reg>
   </choice>
   <choice>
    <reg>
     сказал
    </reg>
   </choice>
   : «я боюсь воды и не
   <choice>
    <reg>
     умею
    </reg>
   </choice>
   плавать; но я
   <choice>
    <reg>
     дам
    </reg>
   </choice>
   20
   <choice>
    <reg>
     золотых
    </reg>
   </choice>
   тому, кто
   <choice>
    <reg>
     достанет
    </reg>
   </choice>
   <choice>
    <reg>
     мешок
    </reg>
   </choice>
   ».
   <choice>
    <reg>
     Мужик
    </reg>
   </choice>
   обрадовался и
   <choice>
    <reg>
     подумал
    </reg>
   </choice>
   :
   <choice>
    <reg>
     мне
    </reg>
   </choice>
   <choice>
    <reg>
     Бог
    </reg>
   </choice>
   <choice>
    <reg>
     дал
    </reg>
   </choice>
   счастье за то, что у меня украли козу и осла.
   <choice>
    <reg>
     Он
    </reg>
   </choice>
   <choice>
    <reg>
     разделся
    </reg>
   </choice>
   ,
   <choice>
    <reg>
     полез
    </reg>
   </choice>
   <choice>
    <reg>
     в
    </reg>
   </choice>
   воду, но
   <choice>
    <reg>
     мешка
    </reg>
   </choice>
   <choice>
    <reg>
     с
    </reg>
   </choice>
   <choice>
    <reg>
     золотом
    </reg>
   </choice>
   не
   <choice>
    <reg>
     нашёл
    </reg>
   </choice>
   ; а когда
   <choice>
    <reg>
     он
    </reg>
   </choice>
   <choice>
    <reg>
     вылез
    </reg>
   </choice>
   <choice>
    <reg>
     из
    </reg>
   </choice>
   воды, его платья уже не было.
  </p>
  <p rend="left" uuid="ddaf15b3-d408-44ff-8719-b8e338a495b4">
   Это
   <choice>
    <reg>
     был
    </reg>
   </choice>
   <choice>
    <reg>
     третий
    </reg>
   </choice>
   <choice>
    <reg>
     вор
    </reg>
   </choice>
   :
   <choice>
    <reg>
     он
    </reg>
   </choice>
   <choice>
    <reg>
     украл
    </reg>
   </choice>
   и платье.
  </p>
 </div>
</TEI>