<?xml version="1.0" encoding="utf-8"?>
<TEI xmlns="http://www.tei-c.org/ns/1.0" xmlns:xi="http://www.w3.org/2001/XInclude">
 <teiHeader>
  <fileDesc>
   <titleStmt>
    <title>
     Азбука. Книга I
    </title>
    <author>
     Толстой Л.Н.
    </author>
    <respStmt>
     <resp>
      подготовка TEI/XML
     </resp>
     <name>
      Мария Картышева, Евгений Можаев, Даниил Скоринкин, Елена Сидорова, Вероника Файнберг, Кирилл Милинцевич
     </name>
    </respStmt>
    <respStmt>
     <name>
      Анастасия Бонч-Осмоловская, Фёкла Толстая, Борис Орехов
     </name>
     <resp>
      Идея, постановка задач, руководство
     </resp>
    </respStmt>
   </titleStmt>
   <publicationStmt>
    <idno>
     Азбука  | Книга I
    </idno>
    <publisher>
     <orgName>
      Школа лингвистики НИУ ВШЭ
     </orgName>
    </publisher>
    <availability>
     <p>
      Тексты и метатекстовая разметка доступны для свободного использования и распространения по лицензии Creative Commons Attribution Share-Alike (cc by-sa)
     </p>
    </availability>
   </publicationStmt>
   <sourceDesc>
    <biblStruct>
     <analytic>
      <author>
       Толстой Л.Н.
      </author>
      <title level="a">
       Азбука. Книга I
      </title>
     </analytic>
     <monogr>
      <title level="m">
       Полное собрание сочинений. Том 22
      </title>
      <imprint>
       <pubPlace>
        Москва
       </pubPlace>
       <publisher>
        Государственное издательство "Художественная литература"
       </publisher>
       <date when="1871-1872"/>
      </imprint>
     </monogr>
     <series>
      <title level="s">
       Л.Н. Толстой. Полное собрание сочинений
      </title>
      <biblScope unit="vol">
       22
      </biblScope>
     </series>
    </biblStruct>
   </sourceDesc>
  </fileDesc>
  <encodingDesc>
   <classDecl>
    <xi:include href="taxonomy.xml"/>
   </classDecl>
  </encodingDesc>
  <profileDesc>
   <creation>
    <date notAfter="1872" notBefore="1871">
     1871-1872
    </date>
    <rs/>
   </creation>
   <textClass>
    <catRef target="#fiction" type="sphere"/>
    <catRef target="#произведения для детей" type="type"/>
    <catRef target="#works" type="works_letters_diaries"/>
    <catRef target="#азбука" type="ninetyDef"/>
    <catRef target="#Основное" type="main_var"/>
    <catRef target="#азбука" type="type_short"/>
    <catRef target="None" type="translation"/>
    <catRef target="None" type="translation_origin"/>
    <catRef target="#да" type="tolstoy_or_not"/>
    <catRef target="None" type="name_status"/>
   </textClass>
   <preparedness>
    finished
   </preparedness>
   <settingDesc>
    <time>
     XIX век
    </time>
   </settingDesc>
  </profileDesc>
  <xenoData>
   <cyclusName/>
   <p>
    Проект
    <title>
     Толстой.Digital
    </title>
    разрабатывается сотрудниками и студентами
    <orgName>
     Высшей школы экономики
    </orgName>
    в сотрудничестве с
    <orgName>
     Государственным музеем Л.Н. Толстого
    </orgName>
    . Источник текстов –
    <bibl>
     90-томное собрание сочинений Л.Н.Толстого
    </bibl>
    . Разметка основана на стандарте
    <ref target="http://www.tei-c.org">
     TEI (Text Encoding Initiative)
    </ref>
    .
   </p>
   <versionNumber/>
   <isFinished/>
   <isEdited/>
   <fullBibliographicDescription/>
  </xenoData>
 </teiHeader>
 <p rend="left emptyline">
  <pb n="209"/>
 </p>
 <div type="section" xml:id="ref96">
  <head rend="center">
   <hi rend="strong">
    <choice>
     <reg>
      ТЕЛЕНОК
     </reg>
    </choice>
    НА ЛЬДУ.
   </hi>
  </head>
  <p rend="left" uuid="c78b9804-1c0c-400f-8859-d32eecdd0e25">
   <choice>
    <reg>
     Телёнок
    </reg>
   </choice>
   <choice>
    <reg>
     скакал
    </reg>
   </choice>
   по
   <choice>
    <reg>
     закуте
    </reg>
   </choice>
   и выучился
   <choice>
    <reg>
     делать
    </reg>
   </choice>
   круги и повороты. Когда пришла зима, телёнка выпустили
   <choice>
    <reg>
     с
    </reg>
   </choice>
   другою скотиною на
   <choice>
    <reg>
     лёд
    </reg>
   </choice>
   <choice>
    <reg>
     к
    </reg>
   </choice>
   ; водопою.
   <choice>
    <reg>
     Все
    </reg>
   </choice>
   коровы осторожно подошли
   <choice>
    <reg>
     к
    </reg>
   </choice>
   корыту, а
   <choice>
    <reg>
     телёнок
    </reg>
   </choice>
   <choice>
    <reg>
     разбежался
    </reg>
   </choice>
   на
   <choice>
    <reg>
     лёд
    </reg>
   </choice>
   ,
   <choice>
    <reg>
     загнул
    </reg>
   </choice>
   <choice>
    <reg>
     хвост
    </reg>
   </choice>
   ,
   <choice>
    <reg>
     приложил
    </reg>
   </choice>
   уши и
   <choice>
    <reg>
     стал
    </reg>
   </choice>
   кружить. На
   <choice>
    <reg>
     первом
    </reg>
   </choice>
   же кругу нога его раскатилась, и
   <choice>
    <reg>
     он
    </reg>
   </choice>
   ударился головою о корыто.
  </p>
  <p rend="left" uuid="71183b0f-3223-4ce2-8f25-50cce3351028">
   <choice>
    <reg>
     Он
    </reg>
   </choice>
   <choice>
    <reg>
     заревел
    </reg>
   </choice>
   :
  </p>
  <p rend="left emptyline" uuid="82309f27-f004-488f-bd41-9de75f5c46e8">
   <pb n="210"/>
  </p>
  <p rend="centerline" uuid="772638ba-cb7e-4956-aa2a-bc50096ef96d">
   — 8 —
  </p>
  <p rend="left" uuid="15197dfa-91f7-4069-ae28-6e3ebea0b5f3">
   «Несчастный я! По
   <choice>
    <reg>
     колено
    </reg>
   </choice>
   <choice>
    <reg>
     в
    </reg>
   </choice>
   <choice>
    <reg>
     соломе
    </reg>
   </choice>
   <choice>
    <reg>
     скакал
    </reg>
   </choice>
   — не
   <choice>
    <reg>
     падал
    </reg>
   </choice>
   , а
   <choice>
    <reg>
     тут
    </reg>
   </choice>
   на
   <choice>
    <reg>
     гладком
    </reg>
   </choice>
   поскользнулся».
  </p>
  <p rend="left" uuid="99de2003-dbfe-4b87-aa23-41ea943e37db">
   Старая корова сказала.
  </p>
  <p rend="left" uuid="a19e5954-994d-43fd-a6d0-871edeead40f">
   «Кабы ты
   <choice>
    <reg>
     был
    </reg>
   </choice>
   не
   <choice>
    <reg>
     телёнок
    </reg>
   </choice>
   , ты бы
   <choice>
    <reg>
     знал
    </reg>
   </choice>
   , что
   <choice>
    <reg>
     где
    </reg>
   </choice>
   легче скакать,
   <choice>
    <reg>
     там
    </reg>
   </choice>
   <choice>
    <reg>
     труднее
    </reg>
   </choice>
   держаться»
  </p>
 </div>
</TEI>