<?xml version="1.0" encoding="utf-8"?>
<TEI xmlns="http://www.tei-c.org/ns/1.0" xmlns:xi="http://www.w3.org/2001/XInclude">
 <teiHeader>
  <fileDesc>
   <titleStmt>
    <title>
     Азбука. Книга I
    </title>
    <author>
     Толстой Л.Н.
    </author>
    <respStmt>
     <resp>
      подготовка TEI/XML
     </resp>
     <name>
      Мария Картышева, Евгений Можаев, Даниил Скоринкин, Елена Сидорова, Вероника Файнберг, Кирилл Милинцевич
     </name>
    </respStmt>
    <respStmt>
     <name>
      Анастасия Бонч-Осмоловская, Фёкла Толстая, Борис Орехов
     </name>
     <resp>
      Идея, постановка задач, руководство
     </resp>
    </respStmt>
   </titleStmt>
   <publicationStmt>
    <idno>
     Азбука  | Книга I
    </idno>
    <publisher>
     <orgName>
      Школа лингвистики НИУ ВШЭ
     </orgName>
    </publisher>
    <availability>
     <p>
      Тексты и метатекстовая разметка доступны для свободного использования и распространения по лицензии Creative Commons Attribution Share-Alike (cc by-sa)
     </p>
    </availability>
   </publicationStmt>
   <sourceDesc>
    <biblStruct>
     <analytic>
      <author>
       Толстой Л.Н.
      </author>
      <title level="a">
       Азбука. Книга I
      </title>
     </analytic>
     <monogr>
      <title level="m">
       Полное собрание сочинений. Том 22
      </title>
      <imprint>
       <pubPlace>
        Москва
       </pubPlace>
       <publisher>
        Государственное издательство "Художественная литература"
       </publisher>
       <date when="1871-1872"/>
      </imprint>
     </monogr>
     <series>
      <title level="s">
       Л.Н. Толстой. Полное собрание сочинений
      </title>
      <biblScope unit="vol">
       22
      </biblScope>
     </series>
    </biblStruct>
   </sourceDesc>
  </fileDesc>
  <encodingDesc>
   <classDecl>
    <xi:include href="taxonomy.xml"/>
   </classDecl>
  </encodingDesc>
  <profileDesc>
   <creation>
    <date notAfter="1872" notBefore="1871">
     1871-1872
    </date>
    <rs/>
   </creation>
   <textClass>
    <catRef target="#fiction" type="sphere"/>
    <catRef target="#произведения для детей" type="type"/>
    <catRef target="#works" type="works_letters_diaries"/>
    <catRef target="#азбука" type="ninetyDef"/>
    <catRef target="#Основное" type="main_var"/>
    <catRef target="#азбука" type="type_short"/>
    <catRef target="None" type="translation"/>
    <catRef target="None" type="translation_origin"/>
    <catRef target="#да" type="tolstoy_or_not"/>
    <catRef target="None" type="name_status"/>
   </textClass>
   <preparedness>
    finished
   </preparedness>
   <settingDesc>
    <time>
     XIX век
    </time>
   </settingDesc>
  </profileDesc>
  <xenoData>
   <cyclusName/>
   <p>
    Проект
    <title>
     Толстой.Digital
    </title>
    разрабатывается сотрудниками и студентами
    <orgName>
     Высшей школы экономики
    </orgName>
    в сотрудничестве с
    <orgName>
     Государственным музеем Л.Н. Толстого
    </orgName>
    . Источник текстов –
    <bibl>
     90-томное собрание сочинений Л.Н.Толстого
    </bibl>
    . Разметка основана на стандарте
    <ref target="http://www.tei-c.org">
     TEI (Text Encoding Initiative)
    </ref>
    .
   </p>
   <versionNumber/>
   <isFinished/>
   <isEdited/>
   <fullBibliographicDescription/>
  </xenoData>
 </teiHeader>
 <p rend="left emptyline">
  <pb n="76"/>
 </p>
 <div type="section" xml:id="ref21">
  <head rend="Azbuka left">
   <hi rend="strong">
    С
    <hi rend="italic">
     о
    </hi>
    бака,
    <choice>
     <reg>
      петух
     </reg>
    </choice>
    и лисица.
   </hi>
  </head>
  <p rend="Azbuka left" uuid="4e84fd50-2fe9-4a0c-a391-9c73880e5eed">
   С
   <hi rend="italic">
    о
   </hi>
   бака и п
   <hi rend="big">
    ѣ
   </hi>
   <choice>
    <reg>
     тух
    </reg>
   </choice>
   п
   <hi rend="italic">
    о
   </hi>
   шли
   <choice>
    <reg>
     в
    </reg>
   </choice>
   т
   <hi rend="italic">
    о
   </hi>
   <choice>
    <reg>
     варищах
    </reg>
   </choice>
   странств
   <hi rend="italic">
    о
   </hi>
   вать. Ввечеру п
   <hi rend="big">
    ѣ
   </hi>
   <choice>
    <reg>
     тух
    </reg>
   </choice>
   <choice>
    <reg>
     уснул
    </reg>
   </choice>
   на
   <choice>
    <reg>
     дереве
    </reg>
   </choice>
   , а с
   <hi rend="italic">
    о
   </hi>
   бака пристроилась у то
   <hi rend="italic">
    г
   </hi>
   о-же дерева пр
   <hi rend="italic">
    о
   </hi>
   ме
   <hi rend="italic">
    ж
   </hi>
   ь к
   <hi rend="italic">
    о
   </hi>
   <choice>
    <reg>
     реньев
    </reg>
   </choice>
   .
   <choice>
    <reg>
     Как
    </reg>
   </choice>
   пришло врем
   <hi rend="italic">
    я
   </hi>
   , п
   <hi rend="big">
    ѣ
   </hi>
   <choice>
    <reg>
     тух
    </reg>
   </choice>
   зап
   <hi rend="big">
    ѣ
   </hi>
   <choice>
    <reg>
     л
    </reg>
   </choice>
   . Лисица услыхала п
   <hi rend="big">
    ѣ
   </hi>
   туха, приб
   <hi rend="big">
    ѣ
   </hi>
   жала и стала снизу пр
   <hi rend="italic">
    о
   </hi>
   сить,
   <hi rend="italic">
    ч
   </hi>
   тобы
   <choice>
    <reg>
     он
    </reg>
   </choice>
   с
   <hi rend="italic">
    о
   </hi>
   <choice>
    <reg>
     шел
    </reg>
   </choice>
   <choice>
    <reg>
     к
    </reg>
   </choice>
   ней, бу
   <hi rend="italic">
    д
   </hi>
   то ей хоче
   <hi rend="italic">
    тся о
   </hi>
   казать п
   <hi rend="italic">
    о
   </hi>
   чтенье ему за то,
   <hi rend="italic">
    ч
   </hi>
   то у не
   <hi rend="italic">
    г
   </hi>
   о гол
   <hi rend="italic">
    о
   </hi>
   <choice>
    <reg>
     с
    </reg>
   </choice>
   х
   <hi rend="italic">
    о
   </hi>
   <choice>
    <reg>
     рош
    </reg>
   </choice>
   . П
   <hi rend="big">
    ѣ
   </hi>
   <choice>
    <reg>
     тух
    </reg>
   </choice>
   <choice>
    <reg>
     сказал
    </reg>
   </choice>
   : „над
   <hi rend="italic">
    о
   </hi>
  </p>
  <p rend="left emptyline" uuid="a5726901-72d4-4c16-96e5-a71d1844ea12">
   <pb n="77"/>
  </p>
  <p rend="centerline" uuid="6470f67b-79f2-42d7-98dc-81f2d5bd2388">
   — 67 —
  </p>
  <p rend="Azbuka notindent" uuid="702136c1-929c-4e92-b19f-b875329fd4f5">
   прежде разбудить дворника,
   <choice>
    <reg>
     он
    </reg>
   </choice>
   <choice>
    <reg>
     спит
    </reg>
   </choice>
   пр
   <hi rend="italic">
    о
   </hi>
   ме
   <hi rend="italic">
    ж
   </hi>
   ь к
   <hi rend="italic">
    о
   </hi>
   реньевь. Пусть
   <hi rend="italic">
    о
   </hi>
   т
   <hi rend="italic">
    о
   </hi>
   <choice>
    <reg>
     прёт
    </reg>
   </choice>
   , т
   <hi rend="italic">
    о
   </hi>
   гда я сойду“. Лисица стала искать дворника и забрехала. С
   <hi rend="italic">
    о
   </hi>
   бака жив
   <hi rend="italic">
    о
   </hi>
   вск
   <hi rend="italic">
    о
   </hi>
   чила и задушила лисицу.
  </p>
 </div>
</TEI>