<?xml version="1.0" encoding="utf-8"?>
<TEI xmlns="http://www.tei-c.org/ns/1.0" xmlns:xi="http://www.w3.org/2001/XInclude">
 <teiHeader>
  <fileDesc>
   <titleStmt>
    <title>
     Азбука. Книга I
    </title>
    <author>
     Толстой Л.Н.
    </author>
    <respStmt>
     <resp>
      подготовка TEI/XML
     </resp>
     <name>
      Мария Картышева, Евгений Можаев, Даниил Скоринкин, Елена Сидорова, Вероника Файнберг, Кирилл Милинцевич
     </name>
    </respStmt>
    <respStmt>
     <name>
      Анастасия Бонч-Осмоловская, Фёкла Толстая, Борис Орехов
     </name>
     <resp>
      Идея, постановка задач, руководство
     </resp>
    </respStmt>
   </titleStmt>
   <publicationStmt>
    <idno>
     Азбука  | Книга I
    </idno>
    <publisher>
     <orgName>
      Школа лингвистики НИУ ВШЭ
     </orgName>
    </publisher>
    <availability>
     <p>
      Тексты и метатекстовая разметка доступны для свободного использования и распространения по лицензии Creative Commons Attribution Share-Alike (cc by-sa)
     </p>
    </availability>
   </publicationStmt>
   <sourceDesc>
    <biblStruct>
     <analytic>
      <author>
       Толстой Л.Н.
      </author>
      <title level="a">
       Азбука. Книга I
      </title>
     </analytic>
     <monogr>
      <title level="m">
       Полное собрание сочинений. Том 22
      </title>
      <imprint>
       <pubPlace>
        Москва
       </pubPlace>
       <publisher>
        Государственное издательство "Художественная литература"
       </publisher>
       <date when="1871-1872"/>
      </imprint>
     </monogr>
     <series>
      <title level="s">
       Л.Н. Толстой. Полное собрание сочинений
      </title>
      <biblScope unit="vol">
       22
      </biblScope>
     </series>
    </biblStruct>
   </sourceDesc>
  </fileDesc>
  <encodingDesc>
   <classDecl>
    <xi:include href="taxonomy.xml"/>
   </classDecl>
  </encodingDesc>
  <profileDesc>
   <creation>
    <date notAfter="1872" notBefore="1871">
     1871-1872
    </date>
    <rs/>
   </creation>
   <textClass>
    <catRef target="#fiction" type="sphere"/>
    <catRef target="#произведения для детей" type="type"/>
    <catRef target="#works" type="works_letters_diaries"/>
    <catRef target="#азбука" type="ninetyDef"/>
    <catRef target="#Основное" type="main_var"/>
    <catRef target="#азбука" type="type_short"/>
    <catRef target="None" type="translation"/>
    <catRef target="None" type="translation_origin"/>
    <catRef target="#да" type="tolstoy_or_not"/>
    <catRef target="None" type="name_status"/>
   </textClass>
   <preparedness>
    finished
   </preparedness>
   <settingDesc>
    <time>
     XIX век
    </time>
   </settingDesc>
  </profileDesc>
  <xenoData>
   <cyclusName/>
   <p>
    Проект
    <title>
     Толстой.Digital
    </title>
    разрабатывается сотрудниками и студентами
    <orgName>
     Высшей школы экономики
    </orgName>
    в сотрудничестве с
    <orgName>
     Государственным музеем Л.Н. Толстого
    </orgName>
    . Источник текстов –
    <bibl>
     90-томное собрание сочинений Л.Н.Толстого
    </bibl>
    . Разметка основана на стандарте
    <ref target="http://www.tei-c.org">
     TEI (Text Encoding Initiative)
    </ref>
    .
   </p>
   <versionNumber/>
   <isFinished/>
   <isEdited/>
   <fullBibliographicDescription/>
  </xenoData>
 </teiHeader>
 <p rend="left emptyline">
  <pb n="405"/>
 </p>
 <div type="section" xml:id="ref189">
  <head rend="center">
   <hi rend="strong">
    ЧЕРЕПАХА.
   </hi>
  </head>
  <p rend="left" uuid="f15250e9-53f8-4d8f-987c-d0c55284713b">
   <choice>
    <reg>
     Один
    </reg>
   </choice>
   <choice>
    <reg>
     раз
    </reg>
   </choice>
   я
   <choice>
    <reg>
     пошёл
    </reg>
   </choice>
   <choice>
    <reg>
     с
    </reg>
   </choice>
   <choice>
    <reg>
     Мильтоном
    </reg>
   </choice>
   на охоту.
   <choice>
    <reg>
     Подле
    </reg>
   </choice>
   <choice>
    <reg>
     леса
    </reg>
   </choice>
   <choice>
    <reg>
     он
    </reg>
   </choice>
   <choice>
    <reg>
     начал
    </reg>
   </choice>
   искать,
   <choice>
    <reg>
     вытянул
    </reg>
   </choice>
   <choice>
    <reg>
     хвост
    </reg>
   </choice>
   ,
   <choice>
    <reg>
     поднял
    </reg>
   </choice>
   уши и
   <choice>
    <reg>
     стал
    </reg>
   </choice>
   принюхиваться. Я
   <choice>
    <reg>
     приготовил
    </reg>
   </choice>
   ружьё
  </p>
  <p rend="left emptyline" uuid="040f42cf-1603-404f-b816-c073e61365b0">
   <pb n="406"/>
  </p>
  <p rend="centerline" uuid="f0441ae2-54bd-4caf-bbaa-a5a0aa549f48">
   — 38 —
  </p>
  <p rend="notindent" uuid="7a7ac844-60c0-46c4-916c-8ae409d27fd5">
   и пошёлъ за нимъ. Я думалъ, что онъ ищетъ куропатку, фазана или зайца. Но Мильтонъ не пошёлъ въ лѣсъ, а въ поле. Я шёлъ за нимъ и глядѣлъ вперёдъ. Вдругъ я увидалъ то, чтó онъ искалъ. Впереди eго бѣжала небольшая черепаха, величиною съ шапку. Голая, темно-сѣрая голова на длинной шеѣ была вытянута, какъ пестикъ; черпаха широко перебирала голыми лапами, а спина ея вся была покрыта корой.
  </p>
  <p rend="left" uuid="1d6a85eb-b4fc-4eed-9490-abd6e8fae858">
   Когда она увидала собаку, она спрятала ноги и голову и опустилась на траву,
   <choice>
    <reg>
     так
    </reg>
   </choice>
   что видна была только одна скорлупа.
   <choice>
    <reg>
     Мильтон
    </reg>
   </choice>
   <choice>
    <reg>
     схватил
    </reg>
   </choice>
   её и
   <choice>
    <reg>
     стал
    </reg>
   </choice>
   грызть; но не
   <choice>
    <reg>
     мог
    </reg>
   </choice>
   прокусить её, потому что у черепахи на
   <choice>
    <reg>
     брюхе
    </reg>
   </choice>
   такая же скорлупа,
   <choice>
    <reg>
     как
    </reg>
   </choice>
   и на
   <choice>
    <reg>
     спине
    </reg>
   </choice>
   . Только спереди, сзади и
   <choice>
    <reg>
     с
    </reg>
   </choice>
   <choice>
    <reg>
     боков
    </reg>
   </choice>
   есть
   <choice>
    <reg>
     отверстия
    </reg>
   </choice>
   , куда она
   <choice>
    <reg>
     пропускает
    </reg>
   </choice>
   голову, ноги и
   <choice>
    <reg>
     хвост
    </reg>
   </choice>
   .
  </p>
  <p rend="left" uuid="2e765462-9cc9-4230-88f5-267ba7b5bc86">
   Я отнялъ черепаху у Мильтона и разсмотрѣлъ, какъ у нея разрисована спина и какая скорлупа и какъ она туда прячется. Когда держишь ее въ рукахъ и смотришь подъ скорлупу, то только внутри, какъ въ подвалѣ, видно что-то чёрное и живое. Я бросилъ черепаху на траву и пошёлъ дальше, но Мильтонъ не хотѣлъ её оставить, а нёсъ въ зубахъ за мною. Вдругъ Мильтонъ взвизгнулъ и пустилъ её. Черепаха у него во рту выпустила лапу и царапнула ему ротъ. Онъ такъ разсердился на неё за это, что сталъ лаять и опять схватилъ её и понесъ за мною. Я опять велѣлъ бросить, но Мильтонъ не слушался меня. Тогда я отнялъ у него черепаху и бросилъ. Но онъ не оставилъ ея. Онъ сталъ торопиться лапами подлѣ нея рыть яму. И когда вырылъ яму, то лапами завалилъ въ яму черепаху и закопалъ землёю.
  </p>
  <p rend="left emptyline" uuid="953b1455-848e-42b6-9490-966eb7ec7598">
   <pb n="407"/>
  </p>
  <p rend="centerline" uuid="0f336979-a39e-4dd3-b997-54d99638d1c9">
   — 39 —
  </p>
  <p rend="left" uuid="cba66251-820f-465c-8bee-d4ea0e493e4f">
   Черепахи
   <choice>
    <reg>
     живут
    </reg>
   </choice>
   и на
   <choice>
    <reg>
     земле
    </reg>
   </choice>
   и
   <choice>
    <reg>
     в
    </reg>
   </choice>
   <choice>
    <reg>
     воде
    </reg>
   </choice>
   ,
   <choice>
    <reg>
     как
    </reg>
   </choice>
   ужи и лягушки.
   <choice>
    <reg>
     Детей
    </reg>
   </choice>
   они
   <choice>
    <reg>
     выводят
    </reg>
   </choice>
   яицами, и яица
   <choice>
    <reg>
     кладут
    </reg>
   </choice>
   на
   <choice>
    <reg>
     земле
    </reg>
   </choice>
   , и не
   <choice>
    <reg>
     высиживают
    </reg>
   </choice>
   <choice>
    <reg>
     их
    </reg>
   </choice>
   , а яица сами,
   <choice>
    <reg>
     как
    </reg>
   </choice>
   рыбья икра, лопаются — и выводятся черепахи. Черепахи
   <choice>
    <reg>
     бывают
    </reg>
   </choice>
   <choice>
    <reg>
     маленькия
    </reg>
   </choice>
   , не больше блюдечка, и
   <choice>
    <reg>
     большия
    </reg>
   </choice>
   ,
   <choice>
    <reg>
     в
    </reg>
   </choice>
   три аршина длины и
   <choice>
    <reg>
     весом
    </reg>
   </choice>
   <choice>
    <reg>
     в
    </reg>
   </choice>
   20
   <choice>
    <reg>
     пудов
    </reg>
   </choice>
   .
   <choice>
    <reg>
     Большия
    </reg>
   </choice>
   черепахи
   <choice>
    <reg>
     живут
    </reg>
   </choice>
   <choice>
    <reg>
     в
    </reg>
   </choice>
   <choice>
    <reg>
     морях
    </reg>
   </choice>
   .
  </p>
  <p rend="left" uuid="846ff738-e1dc-4962-b49e-1e2354ba90b9">
   Одна черепаха въ весну кладётъ сотни яицъ. Скорлупа черепахи — это ея рёбра. Только у людей и у другихъ животныхъ рёбра бываютъ каждое отдѣльно, а у черепахи рёбра срослись въ скорлупу. Главное же то, что у всѣхъ животныхъ ребра бываютъ внутри подъ мясомъ, а у черепахи рёбра сверху, а мясо подъ ними.
  </p>
 </div>
</TEI>