<?xml version="1.0" encoding="utf-8"?>
<TEI xmlns="http://www.tei-c.org/ns/1.0" xmlns:xi="http://www.w3.org/2001/XInclude">
 <teiHeader>
  <fileDesc>
   <titleStmt>
    <title>
     Азбука. Книга I
    </title>
    <author>
     Толстой Л.Н.
    </author>
    <respStmt>
     <resp>
      подготовка TEI/XML
     </resp>
     <name>
      Мария Картышева, Евгений Можаев, Даниил Скоринкин, Елена Сидорова, Вероника Файнберг, Кирилл Милинцевич
     </name>
    </respStmt>
    <respStmt>
     <name>
      Анастасия Бонч-Осмоловская, Фёкла Толстая, Борис Орехов
     </name>
     <resp>
      Идея, постановка задач, руководство
     </resp>
    </respStmt>
   </titleStmt>
   <publicationStmt>
    <idno>
     Азбука  | Книга I
    </idno>
    <publisher>
     <orgName>
      Школа лингвистики НИУ ВШЭ
     </orgName>
    </publisher>
    <availability>
     <p>
      Тексты и метатекстовая разметка доступны для свободного использования и распространения по лицензии Creative Commons Attribution Share-Alike (cc by-sa)
     </p>
    </availability>
   </publicationStmt>
   <sourceDesc>
    <biblStruct>
     <analytic>
      <author>
       Толстой Л.Н.
      </author>
      <title level="a">
       Азбука. Книга I
      </title>
     </analytic>
     <monogr>
      <title level="m">
       Полное собрание сочинений. Том 22
      </title>
      <imprint>
       <pubPlace>
        Москва
       </pubPlace>
       <publisher>
        Государственное издательство "Художественная литература"
       </publisher>
       <date when="1871-1872"/>
      </imprint>
     </monogr>
     <series>
      <title level="s">
       Л.Н. Толстой. Полное собрание сочинений
      </title>
      <biblScope unit="vol">
       22
      </biblScope>
     </series>
    </biblStruct>
   </sourceDesc>
  </fileDesc>
  <encodingDesc>
   <classDecl>
    <xi:include href="taxonomy.xml"/>
   </classDecl>
  </encodingDesc>
  <profileDesc>
   <creation>
    <date notAfter="1872" notBefore="1871">
     1871-1872
    </date>
    <rs/>
   </creation>
   <textClass>
    <catRef target="#fiction" type="sphere"/>
    <catRef target="#произведения для детей" type="type"/>
    <catRef target="#works" type="works_letters_diaries"/>
    <catRef target="#азбука" type="ninetyDef"/>
    <catRef target="#Основное" type="main_var"/>
    <catRef target="#азбука" type="type_short"/>
    <catRef target="None" type="translation"/>
    <catRef target="None" type="translation_origin"/>
    <catRef target="#да" type="tolstoy_or_not"/>
    <catRef target="None" type="name_status"/>
   </textClass>
   <preparedness>
    finished
   </preparedness>
   <settingDesc>
    <time>
     XIX век
    </time>
   </settingDesc>
  </profileDesc>
  <xenoData>
   <cyclusName/>
   <p>
    Проект
    <title>
     Толстой.Digital
    </title>
    разрабатывается сотрудниками и студентами
    <orgName>
     Высшей школы экономики
    </orgName>
    в сотрудничестве с
    <orgName>
     Государственным музеем Л.Н. Толстого
    </orgName>
    . Источник текстов –
    <bibl>
     90-томное собрание сочинений Л.Н.Толстого
    </bibl>
    . Разметка основана на стандарте
    <ref target="http://www.tei-c.org">
     TEI (Text Encoding Initiative)
    </ref>
    .
   </p>
   <versionNumber/>
   <isFinished/>
   <isEdited/>
   <fullBibliographicDescription/>
  </xenoData>
 </teiHeader>
 <p rend="left emptyline">
  <pb n="439"/>
 </p>
   <div type="section" xml:id="ref204">
    <head rend="center">
     <hi rend="strong">
      СЫРОСТЬ.
     </hi>
     <lb/>
     <hi rend="strong">
      I.
     </hi>
    </head>
    <p rend="left" uuid="f1efb499-a446-49a2-95d0-543380926212">
     <choice>
      <reg>
       От
      </reg>
      <orig>
       Отъ
      </orig>
     </choice>
     чего
     <choice>
      <reg>
       паук
      </reg>
      <orig>
       паукъ
      </orig>
     </choice>
     иногда
     <choice>
      <reg>
       делает
      </reg>
      <orig>
       дѣлаетъ
      </orig>
     </choice>
     частую паутину и
     <choice>
      <reg>
       сидит
      </reg>
      <orig>
       сидитъ
      </orig>
     </choice>
     <choice>
      <reg>
       в
      </reg>
      <orig>
       въ
      </orig>
     </choice>
     самой
     <choice>
      <reg>
       середине
      </reg>
      <orig>
       серединѣ
      </orig>
     </choice>
     <choice>
      <reg>
       гнезда
      </reg>
      <orig>
       гнѣзда
      </orig>
     </choice>
     , а иногда
     <choice>
      <reg>
       выходит
      </reg>
      <orig>
       выходитъ
      </orig>
     </choice>
     <choice>
      <reg>
       из
      </reg>
      <orig>
       изъ
      </orig>
     </choice>
     <choice>
      <reg>
       гнезда
      </reg>
      <orig>
       гнѣзда
      </orig>
     </choice>
     и
     <choice>
      <reg>
       выводит
      </reg>
      <orig>
       выводитъ
      </orig>
     </choice>
     новую паутину?
    </p>
    <p rend="left" uuid="60125950-2855-434d-a8f1-f65d81ec0247">
     <choice>
      <reg>
       Паук
      </reg>
      <orig>
       Паукъ
      </orig>
     </choice>
     <choice>
      <reg>
       делает
      </reg>
      <orig>
       дѣлаетъ
      </orig>
     </choice>
     паутину по
     <choice>
      <reg>
       погоде
      </reg>
      <orig>
       погодѣ
      </orig>
     </choice>
     , какая есть и какая
     <choice>
      <reg>
       будет
      </reg>
      <orig>
       будетъ
      </orig>
     </choice>
     . Глядя на паутину, можно узнать, какая
     <choice>
      <reg>
       будет
      </reg>
      <orig>
       будетъ
      </orig>
     </choice>
     погода; если
     <choice>
      <reg>
       паук
      </reg>
      <orig>
       паукъ
      </orig>
     </choice>
     <choice>
      <reg>
       сидит
      </reg>
      <orig>
       сидитъ
      </orig>
     </choice>
     забившись
     <choice>
      <reg>
       в
      </reg>
      <orig>
       въ
      </orig>
     </choice>
     <choice>
      <reg>
       середине
      </reg>
      <orig>
       серединѣ
      </orig>
     </choice>
     паутины и не
     <choice>
      <reg>
       выходит
      </reg>
      <orig>
       выходитъ
      </orig>
     </choice>
     — это
     <choice>
      <reg>
       к
      </reg>
      <orig>
       къ
      </orig>
     </choice>
     дождю. Если
     <choice>
      <reg>
       он
      </reg>
      <orig>
       онъ
      </orig>
     </choice>
     <choice>
      <reg>
       выходит
      </reg>
      <orig>
       выходитъ
      </orig>
     </choice>
     <choice>
      <reg>
       из
      </reg>
      <orig>
       изъ
      </orig>
     </choice>
     <choice>
      <reg>
       гнезда
      </reg>
      <orig>
       гнѣзда
      </orig>
     </choice>
     и
     <choice>
      <reg>
       делает
      </reg>
      <orig>
       дѣлаетъ
      </orig>
     </choice>
     <choice>
      <reg>
       новые
      </reg>
      <orig>
       новыя
      </orig>
     </choice>
     паутины, — то это
     <choice>
      <reg>
       к
      </reg>
      <orig>
       къ
      </orig>
     </choice>
     <choice>
      <reg>
       погоде
      </reg>
      <orig>
       погодѣ
      </orig>
     </choice>
     .
    </p>
    <p rend="left" uuid="8768da15-eb65-48b5-8e3f-8d024922905e">
     <choice>
      <reg>
       Как
      </reg>
      <orig>
       Какъ
      </orig>
     </choice>
     <choice>
      <reg>
       может
      </reg>
      <orig>
       можетъ
      </orig>
     </choice>
     <choice>
      <reg>
       паук
      </reg>
      <orig>
       паукъ
      </orig>
     </choice>
     знать
     <choice>
      <reg>
       вперёд
      </reg>
      <orig>
       вперёдъ
      </orig>
     </choice>
     , какая
     <choice>
      <reg>
       будет
      </reg>
      <orig>
       будетъ
      </orig>
     </choice>
     погода?
    </p>
    <p rend="left" uuid="271d2576-5ff8-4b3c-8e3f-76cdc8f8a6f9">
     Чувства у паука
     <choice>
      <reg>
       так
      </reg>
      <orig>
       такъ
      </orig>
     </choice>
     тонки, что когда
     <choice>
      <reg>
       в
      </reg>
      <orig>
       въ
      </orig>
     </choice>
     <choice>
      <reg>
       воздухе
      </reg>
      <orig>
       воздухѣ
      </orig>
     </choice>
     <choice>
      <reg>
       начнёт
      </reg>
      <orig>
       начнётъ
      </orig>
     </choice>
     только собираться сырость, и мы этой сырости не
     <choice>
      <reg>
       слышим
      </reg>
      <orig>
       слышимъ
      </orig>
     </choice>
     , и для
     <choice>
      <reg>
       нас
      </reg>
      <orig>
       насъ
      </orig>
     </choice>
     погода еще ясная — для паука уже
     <choice>
      <reg>
       идёт
      </reg>
      <orig>
       идётъ
      </orig>
     </choice>
     дождь.
    </p>
    <p rend="left" uuid="7a77bace-80c8-405e-b453-dc061c354cc5">
     Точно такъ же, какъ и человѣкъ раздѣтый сейчасъ почувствуетъ сырость, a одѣтый не замѣтитъ ея, такъ и для паука идётъ дождь, когда для насъ онъ только собирается.
    </p>
   </div>
   <div xml:id="h000012005010008"/>
   <div type="section" xml:id="ref205">
    <head rend="center">
     <hi rend="strong">
      СЫРОСТЬ.
     </hi>
     <lb/>
     <hi rend="strong">
      II.
     </hi>
    </head>
    <p rend="left" uuid="1963271a-951f-46a4-9003-e992d267bd05">
     <choice>
      <reg>
       От
      </reg>
      <orig>
       Отъ
      </orig>
     </choice>
     чего зимою двери
     <choice>
      <reg>
       разбухают
      </reg>
      <orig>
       разбухаютъ
      </orig>
     </choice>
     и не затворяются, a
     <choice>
      <reg>
       летом
      </reg>
      <orig>
       лѣтомъ
      </orig>
     </choice>
     . ссыхаются и притворяются?
    </p>
    <p rend="left emptyline" uuid="17095228-86d1-45ac-a139-0c8eacd8d80c">
     <pb n="440"/>
    </p>
    <p rend="centerline" uuid="767b6e4c-aea5-42e2-9974-15746b7b35fc">
     — 72 —
    </p>
    <p rend="left" uuid="6d08f878-44e2-43e7-b228-c1e5e59561e8">
     <choice>
      <reg>
       От
      </reg>
      <orig>
       Отъ
      </orig>
     </choice>
     того, что осенью и зимой дерево насытится водой,
     <choice>
      <reg>
       как
      </reg>
      <orig>
       какъ
      </orig>
     </choice>
     губка, и его
     <choice>
      <reg>
       разопрёт
      </reg>
      <orig>
       разопрётъ
      </orig>
     </choice>
     , a
     <choice>
      <reg>
       летом
      </reg>
      <orig>
       лѣтомъ
      </orig>
     </choice>
     вода
     <choice>
      <reg>
       выйдет
      </reg>
      <orig>
       выйдетъ
      </orig>
     </choice>
     <choice>
      <reg>
       паром
      </reg>
      <orig>
       паромъ
      </orig>
     </choice>
     и оно съёжится.
    </p>
    <p rend="left" uuid="b4b4ad59-209f-4985-b5ff-e23d2166d85a">
     <choice>
      <reg>
       От
      </reg>
      <orig>
       Отъ
      </orig>
     </choice>
     чего слабое дерево, — осина, больше
     <choice>
      <reg>
       разбухает
      </reg>
      <orig>
       разбухаетъ
      </orig>
     </choice>
     , а
     <choice>
      <reg>
       дуб
      </reg>
      <orig>
       дубъ
      </orig>
     </choice>
     меньше?
    </p>
    <p rend="left" uuid="b4a19c21-ccaa-424d-9693-44126f9a91a6">
     <choice>
      <reg>
       От
      </reg>
      <orig>
       Отъ
      </orig>
     </choice>
     того, что
     <choice>
      <reg>
       в
      </reg>
      <orig>
       въ
      </orig>
     </choice>
     <choice>
      <reg>
       крепком
      </reg>
      <orig>
       крѣпкомъ
      </orig>
     </choice>
     <choice>
      <reg>
       дереве
      </reg>
      <orig>
       деревѣ
      </orig>
     </choice>
     , —
     <choice>
      <reg>
       дубе
      </reg>
      <orig>
       дубѣ
      </orig>
     </choice>
     ,
     <choice>
      <reg>
       пустого
      </reg>
      <orig>
       пустаго
      </orig>
     </choice>
     <choice>
      <reg>
       места
      </reg>
      <orig>
       мѣста
      </orig>
     </choice>
     меньше и
     <choice>
      <reg>
       воде
      </reg>
      <orig>
       водѣ
      </orig>
     </choice>
     некуда набраться; а
     <choice>
      <reg>
       в
      </reg>
      <orig>
       въ
      </orig>
     </choice>
     <choice>
      <reg>
       слабом
      </reg>
      <orig>
       слабомъ
      </orig>
     </choice>
     <choice>
      <reg>
       дереве
      </reg>
      <orig>
       деревѣ
      </orig>
     </choice>
     , —
     <choice>
      <reg>
       осине
      </reg>
      <orig>
       осинѣ
      </orig>
     </choice>
     ,
     <choice>
      <reg>
       пустого
      </reg>
      <orig>
       пустаго
      </orig>
     </choice>
     <choice>
      <reg>
       места
      </reg>
      <orig>
       мѣста
      </orig>
     </choice>
     больше и
     <choice>
      <reg>
       воде
      </reg>
      <orig>
       водѣ
      </orig>
     </choice>
     есть куда набраться.
     <choice>
      <reg>
       В
      </reg>
      <orig>
       Въ
      </orig>
     </choice>
     <choice>
      <reg>
       гнилом
      </reg>
      <orig>
       гниломъ
      </orig>
     </choice>
     <choice>
      <reg>
       дереве
      </reg>
      <orig>
       деревѣ
      </orig>
     </choice>
     еще больше
     <choice>
      <reg>
       пустого
      </reg>
      <orig>
       пустаго
      </orig>
     </choice>
     <choice>
      <reg>
       места
      </reg>
      <orig>
       мѣста
      </orig>
     </choice>
     и
     <choice>
      <reg>
       от
      </reg>
      <orig>
       отъ
      </orig>
     </choice>
     того гнилое дерево больше всего
     <choice>
      <reg>
       разбухает
      </reg>
      <orig>
       разбухаетъ
      </orig>
     </choice>
     и больше садится.
    </p>
    <p rend="left" uuid="bfbab559-39b8-4c64-b808-1d81da24460f">
     Колоды для
     <choice>
      <reg>
       пчёл
      </reg>
      <orig>
       пчёлъ
      </orig>
     </choice>
     <choice>
      <reg>
       делают
      </reg>
      <orig>
       дѣлаютъ
      </orig>
     </choice>
     <choice>
      <reg>
       из
      </reg>
      <orig>
       изъ
      </orig>
     </choice>
     <choice>
      <reg>
       самого
      </reg>
      <orig>
       самаго
      </orig>
     </choice>
     <choice>
      <reg>
       слабого
      </reg>
      <orig>
       слабаго
      </orig>
     </choice>
     и
     <choice>
      <reg>
       гнилого
      </reg>
      <orig>
       гнилаго
      </orig>
     </choice>
     дерева: самые
     <choice>
      <reg>
       лучшие
      </reg>
      <orig>
       лучшiе
      </orig>
     </choice>
     улья
     <choice>
      <reg>
       бывают
      </reg>
      <orig>
       бываютъ
      </orig>
     </choice>
     <choice>
      <reg>
       из
      </reg>
      <orig>
       изъ
      </orig>
     </choice>
     гнилой лозины.
     <choice>
      <reg>
       От
      </reg>
      <orig>
       Отъ
      </orig>
     </choice>
     чего это?
     <choice>
      <reg>
       От
      </reg>
      <orig>
       Отъ
      </orig>
     </choice>
     того, что
     <choice>
      <reg>
       через
      </reg>
      <orig>
       черезъ
      </orig>
     </choice>
     гнилую колоду проходить
     <choice>
      <reg>
       воздух
      </reg>
      <orig>
       воздухъ
      </orig>
     </choice>
     , и для
     <choice>
      <reg>
       пчёл
      </reg>
      <orig>
       пчёлъ
      </orig>
     </choice>
     <choice>
      <reg>
       в
      </reg>
      <orig>
       въ
      </orig>
     </choice>
     такой
     <choice>
      <reg>
       колоде
      </reg>
      <orig>
       колодѣ
      </orig>
     </choice>
     <choice>
      <reg>
       воздух
      </reg>
      <orig>
       воздухъ
      </orig>
     </choice>
     легче.
    </p>
    <p rend="left" uuid="b0369586-3274-4ec7-b63b-15b1f487d4c4">
     <choice>
      <reg>
       От
      </reg>
      <orig>
       Отъ
      </orig>
     </choice>
     чего доски коробятся?
    </p>
    <p rend="left" uuid="dde83e98-0c67-4e7f-bc86-604bd5af46a5">
     <choice>
      <reg>
       От
      </reg>
      <orig>
       Отъ
      </orig>
     </choice>
     того, что неровно сохнуть. Если приставить сырую доску одной стороной
     <choice>
      <reg>
       к
      </reg>
      <orig>
       къ
      </orig>
     </choice>
     <choice>
      <reg>
       печке
      </reg>
      <orig>
       печкѣ
      </orig>
     </choice>
     , вода
     <choice>
      <reg>
       выйдет
      </reg>
      <orig>
       выйдетъ
      </orig>
     </choice>
     и дерево сожмётся
     <choice>
      <reg>
       с
      </reg>
      <orig>
       съ
      </orig>
     </choice>
     этой стороны и
     <choice>
      <reg>
       потянет
      </reg>
      <orig>
       потянетъ
      </orig>
     </choice>
     за собой другую сторону; а сырой
     <choice>
      <reg>
       стороне
      </reg>
      <orig>
       сторонѣ
      </orig>
     </choice>
     сжаться нельзя, потому что
     <choice>
      <reg>
       в
      </reg>
      <orig>
       въ
      </orig>
     </choice>
     ней вода, — и вся доска погнётся.
    </p>
    <p rend="left" uuid="af476d72-cb60-4cce-b38b-a69f4fb17cb8">
     Для того, чтобы не коробились полы,
     <choice>
      <reg>
       их
      </reg>
      <orig>
       ихъ
      </orig>
     </choice>
     <choice>
      <reg>
       режут
      </reg>
      <orig>
       рѣжутъ
      </orig>
     </choice>
     <choice>
      <reg>
       из
      </reg>
      <orig>
       изъ
      </orig>
     </choice>
     <choice>
      <reg>
       сухих
      </reg>
      <orig>
       сухихъ
      </orig>
     </choice>
     <choice>
      <reg>
       досок
      </reg>
      <orig>
       досокъ
      </orig>
     </choice>
     на куски, и куски эти
     <choice>
      <reg>
       вываривают
      </reg>
      <orig>
       вывариваютъ
      </orig>
     </choice>
     <choice>
      <reg>
       в
      </reg>
      <orig>
       въ
      </orig>
     </choice>
     <choice>
      <reg>
       кипятке
      </reg>
      <orig>
       кипяткѣ
      </orig>
     </choice>
     . Когда
     <choice>
      <reg>
       из
      </reg>
      <orig>
       изъ
      </orig>
     </choice>
     <choice>
      <reg>
       них
      </reg>
      <orig>
       нихъ
      </orig>
     </choice>
     вода вся
     <choice>
      <reg>
       выкипит
      </reg>
      <orig>
       выкипитъ
      </orig>
     </choice>
     ,
     <choice>
      <reg>
       их
      </reg>
      <orig>
       ихъ
      </orig>
     </choice>
     <choice>
      <reg>
       клеят
      </reg>
      <orig>
       клеятъ
      </orig>
     </choice>
     , и они уже не коробятся (
     <choice>
      <reg>
       паркет
      </reg>
      <orig>
       паркетъ
      </orig>
     </choice>
     ).
    </p>
   </div>
</TEI>