<?xml version="1.0" encoding="utf-8"?>
<TEI xmlns="http://www.tei-c.org/ns/1.0" xmlns:xi="http://www.w3.org/2001/XInclude">
 <teiHeader>
  <fileDesc>
   <titleStmt>
    <title>
     Азбука. Книга I
    </title>
    <author>
     Толстой Л.Н.
    </author>
    <respStmt>
     <resp>
      подготовка TEI/XML
     </resp>
     <name>
      Мария Картышева, Евгений Можаев, Даниил Скоринкин, Елена Сидорова, Вероника Файнберг, Кирилл Милинцевич
     </name>
    </respStmt>
    <respStmt>
     <name>
      Анастасия Бонч-Осмоловская, Фёкла Толстая, Борис Орехов
     </name>
     <resp>
      Идея, постановка задач, руководство
     </resp>
    </respStmt>
   </titleStmt>
   <publicationStmt>
    <idno>
     Азбука  | Книга I
    </idno>
    <publisher>
     <orgName>
      Школа лингвистики НИУ ВШЭ
     </orgName>
    </publisher>
    <availability>
     <p>
      Тексты и метатекстовая разметка доступны для свободного использования и распространения по лицензии Creative Commons Attribution Share-Alike (cc by-sa)
     </p>
    </availability>
   </publicationStmt>
   <sourceDesc>
    <biblStruct>
     <analytic>
      <author>
       Толстой Л.Н.
      </author>
      <title level="a">
       Азбука. Книга I
      </title>
     </analytic>
     <monogr>
      <title level="m">
       Полное собрание сочинений. Том 22
      </title>
      <imprint>
       <pubPlace>
        Москва
       </pubPlace>
       <publisher>
        Государственное издательство "Художественная литература"
       </publisher>
       <date when="1871-1872"/>
      </imprint>
     </monogr>
     <series>
      <title level="s">
       Л.Н. Толстой. Полное собрание сочинений
      </title>
      <biblScope unit="vol">
       22
      </biblScope>
     </series>
    </biblStruct>
   </sourceDesc>
  </fileDesc>
  <encodingDesc>
   <classDecl>
    <xi:include href="taxonomy.xml"/>
   </classDecl>
  </encodingDesc>
  <profileDesc>
   <creation>
    <date notAfter="1872" notBefore="1871">
     1871-1872
    </date>
    <rs/>
   </creation>
   <textClass>
    <catRef target="#fiction" type="sphere"/>
    <catRef target="#произведения для детей" type="type"/>
    <catRef target="#works" type="works_letters_diaries"/>
    <catRef target="#азбука" type="ninetyDef"/>
    <catRef target="#Основное" type="main_var"/>
    <catRef target="#азбука" type="type_short"/>
    <catRef target="None" type="translation"/>
    <catRef target="None" type="translation_origin"/>
    <catRef target="#да" type="tolstoy_or_not"/>
    <catRef target="None" type="name_status"/>
   </textClass>
   <preparedness>
    finished
   </preparedness>
   <settingDesc>
    <time>
     XIX век
    </time>
   </settingDesc>
  </profileDesc>
  <xenoData>
   <cyclusName/>
   <p>
    Проект
    <title>
     Толстой.Digital
    </title>
    разрабатывается сотрудниками и студентами
    <orgName>
     Высшей школы экономики
    </orgName>
    в сотрудничестве с
    <orgName>
     Государственным музеем Л.Н. Толстого
    </orgName>
    . Источник текстов –
    <bibl>
     90-томное собрание сочинений Л.Н.Толстого
    </bibl>
    . Разметка основана на стандарте
    <ref target="http://www.tei-c.org">
     TEI (Text Encoding Initiative)
    </ref>
    .
   </p>
   <versionNumber/>
   <isFinished/>
   <isEdited/>
   <fullBibliographicDescription/>
  </xenoData>
 </teiHeader>
 <p rend="left emptyline">
  <pb n="409"/>
 </p>
 <div type="section" xml:id="ref191">
  <head rend="center">
   <hi rend="strong">
    ЧТО СЛУЧИЛОСЬ
    <choice>
     <reg>
      С
     </reg>
    </choice>
    БУЛЬКОЙ
    <choice>
     <reg>
      В
     </reg>
    </choice>
    <choice>
     <reg>
      ПЯТИГОРСКЕ
     </reg>
    </choice>
    .
   </hi>
  </head>
  <p rend="left" uuid="fb0e8493-c6d6-401b-8856-306e71d7102d">
   <choice>
    <reg>
     Из
    </reg>
   </choice>
   станицы я
   <choice>
    <reg>
     поехал
    </reg>
   </choice>
   не прямо
   <choice>
    <reg>
     в
    </reg>
   </choice>
   <choice>
    <reg>
     Россию
    </reg>
   </choice>
   , а сначала
   <choice>
    <reg>
     в
    </reg>
   </choice>
   <choice>
    <reg>
     Пятигорск
    </reg>
   </choice>
   , и
   <choice>
    <reg>
     там
    </reg>
   </choice>
   <choice>
    <reg>
     пробыл
    </reg>
   </choice>
   два
   <choice>
    <reg>
     месяца
    </reg>
   </choice>
   .
  </p>
  <p rend="left emptyline" uuid="9db3a97e-d93c-401f-8da6-4217c4f2e38a">
   <pb n="410"/>
  </p>
  <p rend="centerline" uuid="b6661ec2-d88a-42d4-9211-6834461a2db5">
   — 42 —
  </p>
  <p rend="left" uuid="92c1e164-46ec-4160-8b9a-3f25e9a7f309">
   Мильтона я
   <choice>
    <reg>
     подарил
    </reg>
   </choice>
   казаку охотнику, а Бульку
   <choice>
    <reg>
     взял
    </reg>
   </choice>
   <choice>
    <reg>
     с
    </reg>
   </choice>
   собой
   <choice>
    <reg>
     в
    </reg>
   </choice>
   <choice>
    <reg>
     Пятигорск
    </reg>
   </choice>
   .
  </p>
  <p rend="left" uuid="c432454a-c14d-44a2-8bdf-814fb72d05db">
   Пятигорскъ такъ называется отъ того, что онъ стоитъ на горѣ Бешъ-Тау. А Бешъ по-татарски значить пять, Тау — гора. Изъ этой горы течётъ горячая сѣрная вода. Вода эта горяча, какъ кипятокъ, и надъ мѣстомъ, гдѣ идётъ вода изъ горы, всегда стоитъ паръ; какъ надъ самоваромъ. Всё мѣсто, гдѣ стоитъ городъ, — очень весёлое. Изъ горъ текутъ горячіе родники, подъ горой течётъ рѣчка Подкумокъ. По горѣ лѣса, кругомъ поля, а вдалекѣ всегда видны большія, Кавказскія горы. На этихъ горахъ снѣгъ никогда не таетъ, и онѣ всегда бѣлыя, какъ сахаръ. Одна большая гора Эльбрусъ, какъ сахарная бѣлая голова, видна отовсюду, когда ясная погода. На горячіе ключи пріѣзжаютъ лѣчиться и надъ ключами сдѣланы бесѣдки, навѣсы, кругомъ разбиты сады и дорожки. По утрамъ играетъ музыка и народъ пьётъ воду, или купается и гуляетъ.
  </p>
  <p rend="left" uuid="98fe5d99-0cfb-4856-9302-a59d299b63c1">
   Самый
   <choice>
    <reg>
     город
    </reg>
   </choice>
   <choice>
    <reg>
     стоит
    </reg>
   </choice>
   на
   <choice>
    <reg>
     горе
    </reg>
   </choice>
   , а
   <choice>
    <reg>
     под
    </reg>
   </choice>
   горой есть слобода. Я
   <choice>
    <reg>
     жил
    </reg>
   </choice>
   <choice>
    <reg>
     в
    </reg>
   </choice>
   этой
   <choice>
    <reg>
     слободе
    </reg>
   </choice>
   <choice>
    <reg>
     в
    </reg>
   </choice>
   <choice>
    <reg>
     маленьком
    </reg>
   </choice>
   <choice>
    <reg>
     домике
    </reg>
   </choice>
   .
   <choice>
    <reg>
     Домик
    </reg>
   </choice>
   <choice>
    <reg>
     стоял
    </reg>
   </choice>
   на
   <choice>
    <reg>
     дворе
    </reg>
   </choice>
   и
   <choice>
    <reg>
     перед
    </reg>
   </choice>
   окнами
   <choice>
    <reg>
     был
    </reg>
   </choice>
   <choice>
    <reg>
     садик
    </reg>
   </choice>
   , а
   <choice>
    <reg>
     в
    </reg>
   </choice>
   саду стояли
   <choice>
    <reg>
     хозяйския
    </reg>
   </choice>
   пчёлы, не
   <choice>
    <reg>
     в
    </reg>
   </choice>
   <choice>
    <reg>
     колодах
    </reg>
   </choice>
   ,
   <choice>
    <reg>
     как
    </reg>
   </choice>
   <choice>
    <reg>
     в
    </reg>
   </choice>
   <choice>
    <reg>
     России
    </reg>
   </choice>
   , а
   <choice>
    <reg>
     в
    </reg>
   </choice>
   <choice>
    <reg>
     круглых
    </reg>
   </choice>
   <choice>
    <reg>
     плетушках
    </reg>
   </choice>
   . Пчёлы
   <choice>
    <reg>
     там
    </reg>
   </choice>
   <choice>
    <reg>
     так
    </reg>
   </choice>
   смирны, что я всегда по
   <choice>
    <reg>
     утрам
    </reg>
   </choice>
   <choice>
    <reg>
     с
    </reg>
   </choice>
   Булькой
   <choice>
    <reg>
     сиживал
    </reg>
   </choice>
   <choice>
    <reg>
     в
    </reg>
   </choice>
   <choice>
    <reg>
     этом
    </reg>
   </choice>
   <choice>
    <reg>
     садике
    </reg>
   </choice>
   промежду
   <choice>
    <reg>
     ульев
    </reg>
   </choice>
   .
  </p>
  <p rend="left" uuid="bb95c74f-d874-41d4-9934-379b797a09e2">
   Булька ходилъ промежду ульевъ, удивлялся на пчёлъ, нюхалъ, слушалъ, какъ онѣ гудятъ, но такъ осторожно ходилъ около нихъ, что не мѣшалъ имъ, и они его не трогали.
  </p>
  <p rend="left" uuid="79325c6c-4697-4553-ae6b-4d988644d53c">
   <choice>
    <reg>
     Один
    </reg>
   </choice>
   <choice>
    <reg>
     раз
    </reg>
   </choice>
   <choice>
    <reg>
     утром
    </reg>
   </choice>
   я вернулся домой
   <choice>
    <reg>
     с
    </reg>
   </choice>
   <choice>
    <reg>
     вод
    </reg>
   </choice>
   и
   <choice>
    <reg>
     сел
    </reg>
   </choice>
   пить
   <choice>
    <reg>
     кофий
    </reg>
   </choice>
   <choice>
    <reg>
     в
    </reg>
   </choice>
   <choice>
    <reg>
     палисаднике
    </reg>
   </choice>
   . Булька
   <choice>
    <reg>
     стал
    </reg>
   </choice>
   чесать
   <choice>
    <reg>
     себе
    </reg>
   </choice>
  </p>
  <p rend="left emptyline" uuid="b509412d-0d3c-47aa-bb14-1781bf8021bf">
   <pb n="411"/>
  </p>
  <p rend="centerline" uuid="68257618-bba1-40db-bf5e-de86e6f537a2">
   — 43 —
  </p>
  <p rend="notindent" uuid="7ed8916c-f44e-45b8-a16e-7e68463559ec">
   за ушами и
   <choice>
    <reg>
     греметь
    </reg>
   </choice>
   <choice>
    <reg>
     ошейником
    </reg>
   </choice>
   .
   <choice>
    <reg>
     Шум
    </reg>
   </choice>
   <choice>
    <reg>
     тревожил
    </reg>
   </choice>
   <choice>
    <reg>
     пчёл
    </reg>
   </choice>
   , и я
   <choice>
    <reg>
     снял
    </reg>
   </choice>
   <choice>
    <reg>
     с
    </reg>
   </choice>
   Бульки
   <choice>
    <reg>
     ошейник
    </reg>
   </choice>
   . Немного погодя я
   <choice>
    <reg>
     услыхал
    </reg>
   </choice>
   <choice>
    <reg>
     из
    </reg>
   </choice>
   города
   <choice>
    <reg>
     с
    </reg>
   </choice>
   горы странный и страшный
   <choice>
    <reg>
     шум
    </reg>
   </choice>
   . Собаки лаяли, выли, визжали, люди кричали, и
   <choice>
    <reg>
     шум
    </reg>
   </choice>
   <choice>
    <reg>
     этот
    </reg>
   </choice>
   спускался
   <choice>
    <reg>
     с
    </reg>
   </choice>
   горы и
   <choice>
    <reg>
     подходил
    </reg>
   </choice>
   всё ближе и ближе
   <choice>
    <reg>
     к
    </reg>
   </choice>
   нашей
   <choice>
    <reg>
     слободе
    </reg>
   </choice>
   . Булька
   <choice>
    <reg>
     перестал
    </reg>
   </choice>
   чесаться,
   <choice>
    <reg>
     уложил
    </reg>
   </choice>
   свою широкую голову
   <choice>
    <reg>
     с
    </reg>
   </choice>
   <choice>
    <reg>
     белыми
    </reg>
   </choice>
   зубами
   <choice>
    <reg>
     промеж
    </reg>
   </choice>
   <choice>
    <reg>
     передних
    </reg>
   </choice>
   <choice>
    <reg>
     белых
    </reg>
   </choice>
   <choice>
    <reg>
     лапок
    </reg>
   </choice>
   ,
   <choice>
    <reg>
     уложил
    </reg>
   </choice>
   и
   <choice>
    <reg>
     язык
    </reg>
   </choice>
   ,
   <choice>
    <reg>
     как
    </reg>
   </choice>
   ему надо было, и смирно
   <choice>
    <reg>
     лежал
    </reg>
   </choice>
   <choice>
    <reg>
     подле
    </reg>
   </choice>
   меня. Когда
   <choice>
    <reg>
     он
    </reg>
   </choice>
   <choice>
    <reg>
     услыхал
    </reg>
   </choice>
   <choice>
    <reg>
     шум
    </reg>
   </choice>
   ,
   <choice>
    <reg>
     он
    </reg>
   </choice>
   <choice>
    <reg>
     как
    </reg>
   </choice>
   будто
   <choice>
    <reg>
     понял
    </reg>
   </choice>
   , что это такое,
   <choice>
    <reg>
     насторожил
    </reg>
   </choice>
   уши,
   <choice>
    <reg>
     оскалил
    </reg>
   </choice>
   зубы,
   <choice>
    <reg>
     вскочил
    </reg>
   </choice>
   и
   <choice>
    <reg>
     начал
    </reg>
   </choice>
   рычать.
   <choice>
    <reg>
     Шум
    </reg>
   </choice>
   приближался. Точно собаки со всего города выли, визжали и лаяли. Я
   <choice>
    <reg>
     вышел
    </reg>
   </choice>
   <choice>
    <reg>
     к
    </reg>
   </choice>
   <choice>
    <reg>
     воротам
    </reg>
   </choice>
   <choice>
    <reg>
     посмотреть
    </reg>
   </choice>
   , и хозяйка моего дома подошла тоже. Я
   <choice>
    <reg>
     спросил
    </reg>
   </choice>
   : «что это такое?» Она сказала: «это колодники
   <choice>
    <reg>
     из
    </reg>
   </choice>
   острога
   <choice>
    <reg>
     ходят
    </reg>
   </choice>
   <choice>
    <reg>
     собак
    </reg>
   </choice>
   <choice>
    <reg>
     бьют
    </reg>
   </choice>
   . Развелось много
   <choice>
    <reg>
     собак
    </reg>
   </choice>
   , и городское начальство
   <choice>
    <reg>
     велело
    </reg>
   </choice>
   бить
   <choice>
    <reg>
     всех
    </reg>
   </choice>
   <choice>
    <reg>
     собак
    </reg>
   </choice>
   по городу»
  </p>
  <p rend="left" uuid="00571922-9333-49cc-ae6a-032c95161cee">
   —
   <choice>
    <reg>
     Как
    </reg>
   </choice>
   , и Бульку
   <choice>
    <reg>
     убьют
    </reg>
   </choice>
   , если попадётся?
  </p>
  <p rend="left" uuid="6dc9cfc4-7319-4d25-b4b5-144b40851ff2">
   —
   <choice>
    <reg>
     Нет
    </reg>
   </choice>
   ,
   <choice>
    <reg>
     в
    </reg>
   </choice>
   <choice>
    <reg>
     ошейниках
    </reg>
   </choice>
   не
   <choice>
    <reg>
     велят
    </reg>
   </choice>
   бить.
  </p>
  <p rend="left" uuid="c4ffbf15-4e8e-4182-994f-4fbce0d5654a">
   <choice>
    <reg>
     В
    </reg>
   </choice>
   то самое время,
   <choice>
    <reg>
     как
    </reg>
   </choice>
   я
   <choice>
    <reg>
     говорил
    </reg>
   </choice>
   , колодники подошли
   <choice>
    <reg>
     уж
    </reg>
   </choice>
   <choice>
    <reg>
     к
    </reg>
   </choice>
   нашему двору.
  </p>
  <p rend="left" uuid="7110a210-fcdc-4299-8da8-779955ef5e79">
   Впереди шли солдаты, сзади четыре колодника
   <choice>
    <reg>
     в
    </reg>
   </choice>
   <choice>
    <reg>
     цепях
    </reg>
   </choice>
   . У
   <choice>
    <reg>
     двух
    </reg>
   </choice>
   <choice>
    <reg>
     колодников
    </reg>
   </choice>
   <choice>
    <reg>
     в
    </reg>
   </choice>
   <choice>
    <reg>
     руках
    </reg>
   </choice>
   были длинные
   <choice>
    <reg>
     железные
    </reg>
   </choice>
   крючья и у
   <choice>
    <reg>
     двух
    </reg>
   </choice>
   дубины.
   <choice>
    <reg>
     Перед
    </reg>
   </choice>
   нашими воротами
   <choice>
    <reg>
     один
    </reg>
   </choice>
   <choice>
    <reg>
     колодник
    </reg>
   </choice>
   <choice>
    <reg>
     крючком
    </reg>
   </choice>
   <choice>
    <reg>
     зацепил
    </reg>
   </choice>
   дворную собачёнку,
   <choice>
    <reg>
     притянул
    </reg>
   </choice>
   её на середину улицы, а другой
   <choice>
    <reg>
     колодник
    </reg>
   </choice>
   <choice>
    <reg>
     стал
    </reg>
   </choice>
   бить её дубиной. Собачёнка визжала ужасно, а колодники кричали что-то и
   <choice>
    <reg>
     смеялись
    </reg>
   </choice>
   .
   <choice>
    <reg>
     Колодник
    </reg>
   </choice>
   <choice>
    <reg>
     с
    </reg>
   </choice>
   <choice>
    <reg>
     крючком
    </reg>
   </choice>
   <choice>
    <reg>
     перевернул
    </reg>
   </choice>
   собачёнку
  </p>
  <p rend="left emptyline" uuid="692d7545-df27-4885-9626-894517baff2e">
   <pb n="412"/>
  </p>
  <p rend="centerline" uuid="1bd260c6-c7ec-43cf-ab47-e2cf9e521e92">
   — 44 —
  </p>
  <p rend="notindent" uuid="f0aa0607-e5f4-44b7-b3b3-4558483944ee">
   и, когда
   <choice>
    <reg>
     увидал
    </reg>
   </choice>
   , что она издохла,
   <choice>
    <reg>
     он
    </reg>
   </choice>
   <choice>
    <reg>
     вынул
    </reg>
   </choice>
   <choice>
    <reg>
     крючёк
    </reg>
   </choice>
   и
   <choice>
    <reg>
     стал
    </reg>
   </choice>
   оглядываться,
   <choice>
    <reg>
     нет
    </reg>
   </choice>
   ли ещё собаки.
  </p>
  <p rend="left" uuid="7fb8f4c5-d4cc-461c-b731-1db50ba29f8a">
   <choice>
    <reg>
     В
    </reg>
   </choice>
   это время Булька
   <choice>
    <reg>
     стремглав
    </reg>
   </choice>
   ,
   <choice>
    <reg>
     как
    </reg>
   </choice>
   <choice>
    <reg>
     он
    </reg>
   </choice>
   кидался на
   <choice>
    <reg>
     медведя
    </reg>
   </choice>
   , бросился на этого колодника. Я
   <choice>
    <reg>
     вспомнил
    </reg>
   </choice>
   , что
   <choice>
    <reg>
     он
    </reg>
   </choice>
   <choice>
    <reg>
     без
    </reg>
   </choice>
   ошейника и
   <choice>
    <reg>
     закричал
    </reg>
   </choice>
   : «Булька,
   <choice>
    <reg>
     назад
    </reg>
   </choice>
   », и
   <choice>
    <reg>
     кричал
    </reg>
   </choice>
   <choice>
    <reg>
     колодникам
    </reg>
   </choice>
   , чтобы они не били Бульку. Но
   <choice>
    <reg>
     колодник
    </reg>
   </choice>
   <choice>
    <reg>
     увидал
    </reg>
   </choice>
   Бульку,
   <choice>
    <reg>
     захохотал
    </reg>
   </choice>
   и
   <choice>
    <reg>
     крючком
    </reg>
   </choice>
   ловко
   <choice>
    <reg>
     ударил
    </reg>
   </choice>
   <choice>
    <reg>
     в
    </reg>
   </choice>
   Бульку и
   <choice>
    <reg>
     зацепил
    </reg>
   </choice>
   его за ляшку. Булька бросился прочь; но
   <choice>
    <reg>
     колодник
    </reg>
   </choice>
   замахнулся дубиной, и Булька
   <choice>
    <reg>
     был
    </reg>
   </choice>
   бы
   <choice>
    <reg>
     убит
    </reg>
   </choice>
   , но
   <choice>
    <reg>
     он
    </reg>
   </choice>
   рванулся, кожа прорвалась на
   <choice>
    <reg>
     ляшке
    </reg>
   </choice>
   , и
   <choice>
    <reg>
     он
    </reg>
   </choice>
   ,
   <choice>
    <reg>
     поджав
    </reg>
   </choice>
   <choice>
    <reg>
     хвост
    </reg>
   </choice>
   ,
   <choice>
    <reg>
     с
    </reg>
   </choice>
   красной раной на
   <choice>
    <reg>
     ноге
    </reg>
   </choice>
   ,
   <choice>
    <reg>
     стремглав
    </reg>
   </choice>
   <choice>
    <reg>
     влетел
    </reg>
   </choice>
   <choice>
    <reg>
     в
    </reg>
   </choice>
   калитку,
   <choice>
    <reg>
     в
    </reg>
   </choice>
   <choice>
    <reg>
     дом
    </reg>
   </choice>
   и забился
   <choice>
    <reg>
     под
    </reg>
   </choice>
   мою постель.
  </p>
  <p rend="left" uuid="81e28d70-07d9-4387-be0e-cf927a057c74">
   <choice>
    <reg>
     Он
    </reg>
   </choice>
   спасся
   <choice>
    <reg>
     тем
    </reg>
   </choice>
   , что кожа его прорвалась насквозь
   <choice>
    <reg>
     в
    </reg>
   </choice>
   <choice>
    <reg>
     том
    </reg>
   </choice>
   <choice>
    <reg>
     месте
    </reg>
   </choice>
   ,
   <choice>
    <reg>
     где
    </reg>
   </choice>
   <choice>
    <reg>
     был
    </reg>
   </choice>
   <choice>
    <reg>
     крючёк
    </reg>
   </choice>
   .
  </p>
 </div>
</TEI>