<?xml version="1.0" encoding="utf-8"?>
<TEI xmlns="http://www.tei-c.org/ns/1.0" xmlns:xi="http://www.w3.org/2001/XInclude">
 <teiHeader>
  <fileDesc>
   <titleStmt>
    <title>
     Азбука. Книга I
    </title>
    <author>
     Толстой Л.Н.
    </author>
    <respStmt>
     <resp>
      подготовка TEI/XML
     </resp>
     <name>
      Мария Картышева, Евгений Можаев, Даниил Скоринкин, Елена Сидорова, Вероника Файнберг, Кирилл Милинцевич
     </name>
    </respStmt>
    <respStmt>
     <name>
      Анастасия Бонч-Осмоловская, Фёкла Толстая, Борис Орехов
     </name>
     <resp>
      Идея, постановка задач, руководство
     </resp>
    </respStmt>
   </titleStmt>
   <publicationStmt>
    <idno>
     Азбука  | Книга I
    </idno>
    <publisher>
     <orgName>
      Школа лингвистики НИУ ВШЭ
     </orgName>
    </publisher>
    <availability>
     <p>
      Тексты и метатекстовая разметка доступны для свободного использования и распространения по лицензии Creative Commons Attribution Share-Alike (cc by-sa)
     </p>
    </availability>
   </publicationStmt>
   <sourceDesc>
    <biblStruct>
     <analytic>
      <author>
       Толстой Л.Н.
      </author>
      <title level="a">
       Азбука. Книга I
      </title>
     </analytic>
     <monogr>
      <title level="m">
       Полное собрание сочинений. Том 22
      </title>
      <imprint>
       <pubPlace>
        Москва
       </pubPlace>
       <publisher>
        Государственное издательство "Художественная литература"
       </publisher>
       <date when="1871-1872"/>
      </imprint>
     </monogr>
     <series>
      <title level="s">
       Л.Н. Толстой. Полное собрание сочинений
      </title>
      <biblScope unit="vol">
       22
      </biblScope>
     </series>
    </biblStruct>
   </sourceDesc>
  </fileDesc>
  <encodingDesc>
   <classDecl>
    <xi:include href="taxonomy.xml"/>
   </classDecl>
  </encodingDesc>
  <profileDesc>
   <creation>
    <date notAfter="1872" notBefore="1871">
     1871-1872
    </date>
    <rs/>
   </creation>
   <textClass>
    <catRef target="#fiction" type="sphere"/>
    <catRef target="#произведения для детей" type="type"/>
    <catRef target="#works" type="works_letters_diaries"/>
    <catRef target="#азбука" type="ninetyDef"/>
    <catRef target="#Основное" type="main_var"/>
    <catRef target="#азбука" type="type_short"/>
    <catRef target="None" type="translation"/>
    <catRef target="None" type="translation_origin"/>
    <catRef target="#да" type="tolstoy_or_not"/>
    <catRef target="None" type="name_status"/>
   </textClass>
   <preparedness>
    finished
   </preparedness>
   <settingDesc>
    <time>
     XIX век
    </time>
   </settingDesc>
  </profileDesc>
  <xenoData>
   <cyclusName/>
   <p>
    Проект
    <title>
     Толстой.Digital
    </title>
    разрабатывается сотрудниками и студентами
    <orgName>
     Высшей школы экономики
    </orgName>
    в сотрудничестве с
    <orgName>
     Государственным музеем Л.Н. Толстого
    </orgName>
    . Источник текстов –
    <bibl>
     90-томное собрание сочинений Л.Н.Толстого
    </bibl>
    . Разметка основана на стандарте
    <ref target="http://www.tei-c.org">
     TEI (Text Encoding Initiative)
    </ref>
    .
   </p>
   <versionNumber/>
   <isFinished/>
   <isEdited/>
   <fullBibliographicDescription/>
  </xenoData>
 </teiHeader>
 <p rend="left emptyline">
  <pb n="204"/>
 </p>
 <div type="section" xml:id="ref82">
  <head rend="center">
   <hi rend="strong">
    <choice>
     <reg>
      РЫБАК
     </reg>
    </choice>
    и РЫБКА.
   </hi>
  </head>
  <p rend="left" uuid="0949b73f-0273-4033-be69-8decf2a1ef30">
   <choice>
    <reg>
     Поймал
    </reg>
   </choice>
   <choice>
    <reg>
     рыбак
    </reg>
   </choice>
   рыбку. Рыбка и
   <choice>
    <reg>
     говорит
    </reg>
   </choice>
   :
  </p>
  <p rend="left" uuid="5dab0e92-1c97-49de-ace0-86b47a80899a">
   «
   <choice>
    <reg>
     Рыбак
    </reg>
   </choice>
   , пусти меня
   <choice>
    <reg>
     в
    </reg>
   </choice>
   воду; видишь, я мелка:
   <choice>
    <reg>
     тебе
    </reg>
   </choice>
   <choice>
    <reg>
     от
    </reg>
   </choice>
   меня пользы мало
   <choice>
    <reg>
     будет
    </reg>
   </choice>
   . А пустишь, да я выросту, тогда поймаешь —
   <choice>
    <reg>
     тебе
    </reg>
   </choice>
   пользы больше
   <choice>
    <reg>
     будет
    </reg>
   </choice>
   »
  </p>
  <p rend="left" uuid="04cc46ca-78cc-4646-ae21-eb1088962c18">
   <choice>
    <reg>
     Рыбак
    </reg>
   </choice>
   и
   <choice>
    <reg>
     говорит
    </reg>
   </choice>
   :
  </p>
  <p rend="left" uuid="e1c5934a-50b9-455b-b149-cc599f2abff5">
   «
   <choice>
    <reg>
     Дурак
    </reg>
   </choice>
   <choice>
    <reg>
     тот
    </reg>
   </choice>
   <choice>
    <reg>
     будет
    </reg>
   </choice>
   , кто
   <choice>
    <reg>
     станет
    </reg>
   </choice>
   большой пользы ждать, а малую
   <choice>
    <reg>
     из
    </reg>
   </choice>
   <choice>
    <reg>
     рук
    </reg>
   </choice>
   <choice>
    <reg>
     упустит
    </reg>
   </choice>
   .»
  </p>
 </div>
</TEI>