<?xml version="1.0" encoding="utf-8"?>
<TEI xmlns="http://www.tei-c.org/ns/1.0" xmlns:xi="http://www.w3.org/2001/XInclude">
 <teiHeader>
  <fileDesc>
   <titleStmt>
    <title>
     Азбука. Книга I
    </title>
    <author>
     Толстой Л.Н.
    </author>
    <respStmt>
     <resp>
      подготовка TEI/XML
     </resp>
     <name>
      Мария Картышева, Евгений Можаев, Даниил Скоринкин, Елена Сидорова, Вероника Файнберг, Кирилл Милинцевич
     </name>
    </respStmt>
    <respStmt>
     <name>
      Анастасия Бонч-Осмоловская, Фёкла Толстая, Борис Орехов
     </name>
     <resp>
      Идея, постановка задач, руководство
     </resp>
    </respStmt>
   </titleStmt>
   <publicationStmt>
    <idno>
     Азбука  | Книга I
    </idno>
    <publisher>
     <orgName>
      Школа лингвистики НИУ ВШЭ
     </orgName>
    </publisher>
    <availability>
     <p>
      Тексты и метатекстовая разметка доступны для свободного использования и распространения по лицензии Creative Commons Attribution Share-Alike (cc by-sa)
     </p>
    </availability>
   </publicationStmt>
   <sourceDesc>
    <biblStruct>
     <analytic>
      <author>
       Толстой Л.Н.
      </author>
      <title level="a">
       Азбука. Книга I
      </title>
     </analytic>
     <monogr>
      <title level="m">
       Полное собрание сочинений. Том 22
      </title>
      <imprint>
       <pubPlace>
        Москва
       </pubPlace>
       <publisher>
        Государственное издательство "Художественная литература"
       </publisher>
       <date when="1871-1872"/>
      </imprint>
     </monogr>
     <series>
      <title level="s">
       Л.Н. Толстой. Полное собрание сочинений
      </title>
      <biblScope unit="vol">
       22
      </biblScope>
     </series>
    </biblStruct>
   </sourceDesc>
  </fileDesc>
  <encodingDesc>
   <classDecl>
    <xi:include href="taxonomy.xml"/>
   </classDecl>
  </encodingDesc>
  <profileDesc>
   <creation>
    <date notAfter="1872" notBefore="1871">
     1871-1872
    </date>
    <rs/>
   </creation>
   <textClass>
    <catRef target="#fiction" type="sphere"/>
    <catRef target="#произведения для детей" type="type"/>
    <catRef target="#works" type="works_letters_diaries"/>
    <catRef target="#азбука" type="ninetyDef"/>
    <catRef target="#Основное" type="main_var"/>
    <catRef target="#азбука" type="type_short"/>
    <catRef target="None" type="translation"/>
    <catRef target="None" type="translation_origin"/>
    <catRef target="#да" type="tolstoy_or_not"/>
    <catRef target="None" type="name_status"/>
   </textClass>
   <preparedness>
    finished
   </preparedness>
   <settingDesc>
    <time>
     XIX век
    </time>
   </settingDesc>
  </profileDesc>
  <xenoData>
   <cyclusName/>
   <p>
    Проект
    <title>
     Толстой.Digital
    </title>
    разрабатывается сотрудниками и студентами
    <orgName>
     Высшей школы экономики
    </orgName>
    в сотрудничестве с
    <orgName>
     Государственным музеем Л.Н. Толстого
    </orgName>
    . Источник текстов –
    <bibl>
     90-томное собрание сочинений Л.Н.Толстого
    </bibl>
    . Разметка основана на стандарте
    <ref target="http://www.tei-c.org">
     TEI (Text Encoding Initiative)
    </ref>
    .
   </p>
   <versionNumber/>
   <isFinished/>
   <isEdited/>
   <fullBibliographicDescription/>
  </xenoData>
 </teiHeader>
 <p rend="left emptyline">
  <pb n="440"/>
 </p>
 <div type="section" xml:id="ref206">
  <head rend="center">
   <hi rend="strong">
    РАЗНАЯ СВЯЗЬ
    <choice>
     <reg>
      ЧАСТИЦ
     </reg>
    </choice>
    .
   </hi>
  </head>
  <p rend="left" uuid="96b5541a-ea9d-424f-ba57-97961c457296">
   <choice>
    <reg>
     От
    </reg>
   </choice>
   чего подушки
   <choice>
    <reg>
     под
    </reg>
   </choice>
   <choice>
    <reg>
     телеги
    </reg>
   </choice>
   <choice>
    <reg>
     вырезают
    </reg>
   </choice>
   и ступицы
   <choice>
    <reg>
     под
    </reg>
   </choice>
   колёса
   <choice>
    <reg>
     точат
    </reg>
   </choice>
   не
   <choice>
    <reg>
     из
    </reg>
   </choice>
   дуба, а
   <choice>
    <reg>
     из
    </reg>
   </choice>
   берёзы?
  </p>
  <p rend="left emptyline" uuid="1283c207-5b53-4468-8e49-1cdab3522468">
   <pb n="441"/>
  </p>
  <p rend="centerline" uuid="8f580c55-f0ff-400c-8dba-15366b0cf867">
   — 73 —
  </p>
  <p rend="left" uuid="7a2b0344-4393-4b2d-accb-2c07eb33978e">
   Подушки и ступицы нужны
   <choice>
    <reg>
     крепкия
    </reg>
   </choice>
   , а
   <choice>
    <reg>
     дуб
    </reg>
   </choice>
   не дороже берёзы.
   <choice>
    <reg>
     От
    </reg>
   </choice>
   того, что
   <choice>
    <reg>
     дуб
    </reg>
   </choice>
   колется вдоль, а береза не расколется, а вся измочалится.
  </p>
  <p rend="left" uuid="733c6e46-da65-485a-a7d2-6039b3afe5a3">
   <choice>
    <reg>
     От
    </reg>
   </choice>
   того, что
   <choice>
    <reg>
     дуб
    </reg>
   </choice>
   , хоть и
   <choice>
    <reg>
     плотнее
    </reg>
   </choice>
   <choice>
    <reg>
     связан
    </reg>
   </choice>
   ,
   <choice>
    <reg>
     чем
    </reg>
   </choice>
   берёза, да
   <choice>
    <reg>
     связан
    </reg>
   </choice>
   <choice>
    <reg>
     так
    </reg>
   </choice>
   , что расходится вдоль, а берёза не расходится.
  </p>
  <p rend="left" uuid="8031aaaa-b42e-4e3c-ae60-8156e1e7b664">
   <choice>
    <reg>
     От
    </reg>
   </choice>
   чего колёса и полозья
   <choice>
    <reg>
     гнут
    </reg>
   </choice>
   <choice>
    <reg>
     из
    </reg>
   </choice>
   дуба и вяза, а не
   <choice>
    <reg>
     гнут
    </reg>
   </choice>
   <choice>
    <reg>
     из
    </reg>
   </choice>
   берёзы и липы?
  </p>
  <p rend="left" uuid="7c19a9e4-e735-4a27-9857-67ecdf013358">
   <choice>
    <reg>
     От
    </reg>
   </choice>
   того, что
   <choice>
    <reg>
     дуб
    </reg>
   </choice>
   и
   <choice>
    <reg>
     вяз
    </reg>
   </choice>
   , когда
   <choice>
    <reg>
     их
    </reg>
   </choice>
   <choice>
    <reg>
     распарят
    </reg>
   </choice>
   <choice>
    <reg>
     в
    </reg>
   </choice>
   <choice>
    <reg>
     бане
    </reg>
   </choice>
   , гнутся и не ломаются, а берёза и липа на
   <choice>
    <reg>
     все
    </reg>
   </choice>
   стороны мочалятся.
  </p>
  <p rend="left" uuid="1dd53cc4-1a67-4fa3-a719-b4a211e10676">
   Всё
   <choice>
    <reg>
     от
    </reg>
   </choice>
   того-жe, что частицы дерева
   <choice>
    <reg>
     в
    </reg>
   </choice>
   <choice>
    <reg>
     дубе
    </reg>
   </choice>
   и
   <choice>
    <reg>
     берёзе
    </reg>
   </choice>
   иначе связаны.
  </p>
 </div>
</TEI>