<?xml version="1.0" encoding="utf-8"?>
<TEI xmlns="http://www.tei-c.org/ns/1.0" xmlns:xi="http://www.w3.org/2001/XInclude">
 <teiHeader>
  <fileDesc>
   <titleStmt>
    <title>
     Азбука. Книга I
    </title>
    <author>
     Толстой Л.Н.
    </author>
    <respStmt>
     <resp>
      подготовка TEI/XML
     </resp>
     <name>
      Мария Картышева, Евгений Можаев, Даниил Скоринкин, Елена Сидорова, Вероника Файнберг, Кирилл Милинцевич
     </name>
    </respStmt>
    <respStmt>
     <name>
      Анастасия Бонч-Осмоловская, Фёкла Толстая, Борис Орехов
     </name>
     <resp>
      Идея, постановка задач, руководство
     </resp>
    </respStmt>
   </titleStmt>
   <publicationStmt>
    <idno>
     Азбука  | Книга I
    </idno>
    <publisher>
     <orgName>
      Школа лингвистики НИУ ВШЭ
     </orgName>
    </publisher>
    <availability>
     <p>
      Тексты и метатекстовая разметка доступны для свободного использования и распространения по лицензии Creative Commons Attribution Share-Alike (cc by-sa)
     </p>
    </availability>
   </publicationStmt>
   <sourceDesc>
    <biblStruct>
     <analytic>
      <author>
       Толстой Л.Н.
      </author>
      <title level="a">
       Азбука. Книга I
      </title>
     </analytic>
     <monogr>
      <title level="m">
       Полное собрание сочинений. Том 22
      </title>
      <imprint>
       <pubPlace>
        Москва
       </pubPlace>
       <publisher>
        Государственное издательство "Художественная литература"
       </publisher>
       <date when="1871-1872"/>
      </imprint>
     </monogr>
     <series>
      <title level="s">
       Л.Н. Толстой. Полное собрание сочинений
      </title>
      <biblScope unit="vol">
       22
      </biblScope>
     </series>
    </biblStruct>
   </sourceDesc>
  </fileDesc>
  <encodingDesc>
   <classDecl>
    <xi:include href="taxonomy.xml"/>
   </classDecl>
  </encodingDesc>
  <profileDesc>
   <creation>
    <date notAfter="1872" notBefore="1871">
     1871-1872
    </date>
    <rs/>
   </creation>
   <textClass>
    <catRef target="#fiction" type="sphere"/>
    <catRef target="#произведения для детей" type="type"/>
    <catRef target="#works" type="works_letters_diaries"/>
    <catRef target="#азбука" type="ninetyDef"/>
    <catRef target="#Основное" type="main_var"/>
    <catRef target="#азбука" type="type_short"/>
    <catRef target="None" type="translation"/>
    <catRef target="None" type="translation_origin"/>
    <catRef target="#да" type="tolstoy_or_not"/>
    <catRef target="None" type="name_status"/>
   </textClass>
   <preparedness>
    finished
   </preparedness>
   <settingDesc>
    <time>
     XIX век
    </time>
   </settingDesc>
  </profileDesc>
  <xenoData>
   <cyclusName/>
   <p>
    Проект
    <title>
     Толстой.Digital
    </title>
    разрабатывается сотрудниками и студентами
    <orgName>
     Высшей школы экономики
    </orgName>
    в сотрудничестве с
    <orgName>
     Государственным музеем Л.Н. Толстого
    </orgName>
    . Источник текстов –
    <bibl>
     90-томное собрание сочинений Л.Н.Толстого
    </bibl>
    . Разметка основана на стандарте
    <ref target="http://www.tei-c.org">
     TEI (Text Encoding Initiative)
    </ref>
    .
   </p>
   <versionNumber/>
   <isFinished/>
   <isEdited/>
   <fullBibliographicDescription/>
  </xenoData>
 </teiHeader>
 <p rend="left emptyline">
  <pb n="374"/>
 </p>
 <div type="section" xml:id="ref170">
  <head rend="center">
   <hi rend="strong">
    <choice>
     <reg>
      ТОПОР
     </reg>
    </choice>
    И ПИЛА.
   </hi>
  </head>
  <p rend="left" uuid="c84a1aac-4d06-45fb-8a4e-f1a2a7f135bd">
   Пошли два мужика
   <choice>
    <reg>
     в
    </reg>
   </choice>
   <choice>
    <reg>
     лес
    </reg>
   </choice>
   за
   <choice>
    <reg>
     деревом
    </reg>
   </choice>
   . У одного
   <choice>
    <reg>
     был
    </reg>
   </choice>
   <choice>
    <reg>
     топор
    </reg>
   </choice>
   , а у
   <choice>
    <reg>
     другого
    </reg>
   </choice>
   пила.
   <choice>
    <reg>
     Вот
    </reg>
   </choice>
   они выбрали дерево и стали спорить.
   <choice>
    <reg>
     Один
    </reg>
   </choice>
   <choice>
    <reg>
     говорит
    </reg>
   </choice>
   — надо дерево срубить, а другой
   <choice>
    <reg>
     говорит
    </reg>
   </choice>
   — надо спилить.
  </p>
  <p rend="left" uuid="585f9655-36f0-44f7-ab77-8c48afd8cfa9">
   <choice>
    <reg>
     Третий
    </reg>
   </choice>
   <choice>
    <reg>
     мужик
    </reg>
   </choice>
   и говорить: «я
   <choice>
    <reg>
     сейчас
    </reg>
   </choice>
   помирю
   <choice>
    <reg>
     вас
    </reg>
   </choice>
   ; если
   <choice>
    <reg>
     топор
    </reg>
   </choice>
   <choice>
    <reg>
     востёр
    </reg>
   </choice>
   , то лучше рубить, а если пила ещё
   <choice>
    <reg>
     вострее
    </reg>
   </choice>
   , то лучше пилить».
   <choice>
    <reg>
     Он
    </reg>
   </choice>
   <choice>
    <reg>
     взял
    </reg>
   </choice>
   <choice>
    <reg>
     топор
    </reg>
   </choice>
   и
   <choice>
    <reg>
     стал
    </reg>
   </choice>
   рубить дерево. Но
   <choice>
    <reg>
     топор
    </reg>
   </choice>
   <choice>
    <reg>
     был
    </reg>
   </choice>
   <choice>
    <reg>
     так
    </reg>
   </choice>
   <choice>
    <reg>
     туп
    </reg>
   </choice>
   , что
   <choice>
    <reg>
     им
    </reg>
   </choice>
   нельзя было рубить.
  </p>
  <p rend="left" uuid="823c2095-628b-4845-8aa8-0e89637fe746">
   <choice>
    <reg>
     Он
    </reg>
   </choice>
   <choice>
    <reg>
     взял
    </reg>
   </choice>
   пилу; пила была плохая и
   <choice>
    <reg>
     совсем
    </reg>
   </choice>
   не
   <choice>
    <reg>
     резала
    </reg>
   </choice>
   . Тогда
   <choice>
    <reg>
     он
    </reg>
   </choice>
   <choice>
    <reg>
     сказал
    </reg>
   </choice>
   : «Вы подождите спорить;
   <choice>
    <reg>
     топор
    </reg>
   </choice>
   не
   <choice>
    <reg>
     рубит
    </reg>
   </choice>
   , а пила не
   <choice>
    <reg>
     режет
    </reg>
   </choice>
   . Вы прежде отточите
   <choice>
    <reg>
     топор
    </reg>
   </choice>
   да поправьте пилу, а
   <choice>
    <reg>
     потом
    </reg>
   </choice>
   ужь спорьте». Но
   <choice>
    <reg>
     те
    </reg>
   </choice>
   мужики еще пуще
   <choice>
    <reg>
     рассердились
    </reg>
   </choice>
   <choice>
    <reg>
     друг
    </reg>
   </choice>
   на друга за то, что у одного
   <choice>
    <reg>
     был
    </reg>
   </choice>
   неточеный
   <choice>
    <reg>
     топор
    </reg>
   </choice>
   , а у
   <choice>
    <reg>
     другого
    </reg>
   </choice>
   пила тупая; и они стали драться.
  </p>
  <p rend="left emptyline" uuid="849f21e8-2301-4cf2-8b79-ff495f26b9aa">
   <pb n="375"/>
  </p>
  <p rend="centerline" uuid="45e665f7-c32d-4bfa-b110-e92e6c95ac5f">
   — 7 —
  </p>
 </div>
</TEI>