<?xml version="1.0" encoding="utf-8"?>
<TEI xmlns="http://www.tei-c.org/ns/1.0" xmlns:xi="http://www.w3.org/2001/XInclude">
 <teiHeader>
  <fileDesc>
   <titleStmt>
    <title>
     Азбука. Книга I
    </title>
    <author>
     Толстой Л.Н.
    </author>
    <respStmt>
     <resp>
      подготовка TEI/XML
     </resp>
     <name>
      Мария Картышева, Евгений Можаев, Даниил Скоринкин, Елена Сидорова, Вероника Файнберг, Кирилл Милинцевич
     </name>
    </respStmt>
    <respStmt>
     <name>
      Анастасия Бонч-Осмоловская, Фёкла Толстая, Борис Орехов
     </name>
     <resp>
      Идея, постановка задач, руководство
     </resp>
    </respStmt>
   </titleStmt>
   <publicationStmt>
    <idno>
     Азбука  | Книга I
    </idno>
    <publisher>
     <orgName>
      Школа лингвистики НИУ ВШЭ
     </orgName>
    </publisher>
    <availability>
     <p>
      Тексты и метатекстовая разметка доступны для свободного использования и распространения по лицензии Creative Commons Attribution Share-Alike (cc by-sa)
     </p>
    </availability>
   </publicationStmt>
   <sourceDesc>
    <biblStruct>
     <analytic>
      <author>
       Толстой Л.Н.
      </author>
      <title level="a">
       Азбука. Книга I
      </title>
     </analytic>
     <monogr>
      <title level="m">
       Полное собрание сочинений. Том 22
      </title>
      <imprint>
       <pubPlace>
        Москва
       </pubPlace>
       <publisher>
        Государственное издательство "Художественная литература"
       </publisher>
       <date when="1871-1872"/>
      </imprint>
     </monogr>
     <series>
      <title level="s">
       Л.Н. Толстой. Полное собрание сочинений
      </title>
      <biblScope unit="vol">
       22
      </biblScope>
     </series>
    </biblStruct>
   </sourceDesc>
  </fileDesc>
  <encodingDesc>
   <classDecl>
    <xi:include href="taxonomy.xml"/>
   </classDecl>
  </encodingDesc>
  <profileDesc>
   <creation>
    <date notAfter="1872" notBefore="1871">
     1871-1872
    </date>
    <rs/>
   </creation>
   <textClass>
    <catRef target="#fiction" type="sphere"/>
    <catRef target="#произведения для детей" type="type"/>
    <catRef target="#works" type="works_letters_diaries"/>
    <catRef target="#азбука" type="ninetyDef"/>
    <catRef target="#Основное" type="main_var"/>
    <catRef target="#азбука" type="type_short"/>
    <catRef target="None" type="translation"/>
    <catRef target="None" type="translation_origin"/>
    <catRef target="#да" type="tolstoy_or_not"/>
    <catRef target="None" type="name_status"/>
   </textClass>
   <preparedness>
    finished
   </preparedness>
   <settingDesc>
    <time>
     XIX век
    </time>
   </settingDesc>
  </profileDesc>
  <xenoData>
   <cyclusName/>
   <p>
    Проект
    <title>
     Толстой.Digital
    </title>
    разрабатывается сотрудниками и студентами
    <orgName>
     Высшей школы экономики
    </orgName>
    в сотрудничестве с
    <orgName>
     Государственным музеем Л.Н. Толстого
    </orgName>
    . Источник текстов –
    <bibl>
     90-томное собрание сочинений Л.Н.Толстого
    </bibl>
    . Разметка основана на стандарте
    <ref target="http://www.tei-c.org">
     TEI (Text Encoding Initiative)
    </ref>
    .
   </p>
   <versionNumber/>
   <isFinished/>
   <isEdited/>
   <fullBibliographicDescription/>
  </xenoData>
 </teiHeader>
 <p rend="left emptyline">
  <pb n="258"/>
 </p>
 <div type="section" xml:id="ref127">
  <head rend="center">
   <hi rend="strong">
    СОВА И
    <choice>
     <reg>
      ЗАЯЦ
     </reg>
    </choice>
    .
   </hi>
  </head>
  <p rend="left" uuid="96eba779-b21a-4e5f-9f55-92fa46402125">
   Смерклось. Стали совы летать
   <choice>
    <reg>
     в
    </reg>
   </choice>
   <choice>
    <reg>
     лесу
    </reg>
   </choice>
   по оврагу, высматривать добычу.
  </p>
  <p rend="left" uuid="c2a8841b-3838-4b04-a956-2ce2b2871da8">
   <choice>
    <reg>
     Выскочил
    </reg>
   </choice>
   на полянку большой
   <choice>
    <reg>
     русак
    </reg>
   </choice>
   ,
   <choice>
    <reg>
     стал
    </reg>
   </choice>
   охорашиваться. Старая сова
   <choice>
    <reg>
     посмотрела
    </reg>
   </choice>
   на русака и
   <choice>
    <reg>
     села
    </reg>
   </choice>
   на
   <choice>
    <reg>
     сук
    </reg>
   </choice>
   ; а молодая сова говорить: «
   <choice>
    <reg>
     что-ж
    </reg>
   </choice>
   ты зайца не ловишь?» Старая
   <choice>
    <reg>
     говорит
    </reg>
   </choice>
   : «не по
   <choice>
    <reg>
     силам
    </reg>
   </choice>
   , —
   <choice>
    <reg>
     велик
    </reg>
   </choice>
   <choice>
    <reg>
     русак
    </reg>
   </choice>
   : ты
   <choice>
    <reg>
     в
    </reg>
   </choice>
   него
   <choice>
    <reg>
     вцепишься
    </reg>
   </choice>
   , а
   <choice>
    <reg>
     он
    </reg>
   </choice>
   тебя
   <choice>
    <reg>
     уволочёт
    </reg>
   </choice>
   <choice>
    <reg>
     в
    </reg>
   </choice>
   чащу». А молодая сова говорить: «а я одной лапой
   <choice>
    <reg>
     вцеплюсь
    </reg>
   </choice>
   , а другой
   <choice>
    <reg>
     поскорее
    </reg>
   </choice>
   за дерево придержусь».
  </p>
  <p rend="left emptyline" uuid="c5d6a9ce-c5b0-4d36-acbc-303fdb7a4740">
   <pb n="259"/>
  </p>
  <p rend="centerline" uuid="50aeaf07-1d53-4717-b317-44661bbc07f6">
   — 57 —
  </p>
  <p rend="left" uuid="9883174d-3e52-4542-8b3a-48ef729dc1e4">
   И пустилась молодая сова за
   <choice>
    <reg>
     зайцом
    </reg>
   </choice>
   ,
   <choice>
    <reg>
     вцепилась
    </reg>
   </choice>
   ему лапой
   <choice>
    <reg>
     в
    </reg>
   </choice>
   спину
   <choice>
    <reg>
     так
    </reg>
   </choice>
   , что
   <choice>
    <reg>
     все
    </reg>
   </choice>
   когти ушли, а другую лапу приготовила за дерево
   <choice>
    <reg>
     уцепиться
    </reg>
   </choice>
   .
   <choice>
    <reg>
     Как
    </reg>
   </choice>
   <choice>
    <reg>
     поволок
    </reg>
   </choice>
   <choice>
    <reg>
     заяц
    </reg>
   </choice>
   сову, она
   <choice>
    <reg>
     уцепилась
    </reg>
   </choice>
   другой лапой за дерево и думала: «не
   <choice>
    <reg>
     уйдёт
    </reg>
   </choice>
   ».
   <choice>
    <reg>
     Заяц
    </reg>
   </choice>
   рванулся и
   <choice>
    <reg>
     разорвал
    </reg>
   </choice>
   сову. Одна лапа осталась на
   <choice>
    <reg>
     дереве
    </reg>
   </choice>
   , другая на
   <choice>
    <reg>
     спине
    </reg>
   </choice>
   у зайца. На другой
   <choice>
    <reg>
     год
    </reg>
   </choice>
   <choice>
    <reg>
     охотник
    </reg>
   </choice>
   <choice>
    <reg>
     убил
    </reg>
   </choice>
   этого зайца и дивился тому, что у него
   <choice>
    <reg>
     в
    </reg>
   </choice>
   <choice>
    <reg>
     спине
    </reg>
   </choice>
   были
   <choice>
    <reg>
     заросшие
    </reg>
   </choice>
   совиные когти.
  </p>
 </div>
</TEI>