<?xml version="1.0" encoding="utf-8"?>
<TEI xmlns="http://www.tei-c.org/ns/1.0" xmlns:xi="http://www.w3.org/2001/XInclude">
 <teiHeader>
  <fileDesc>
   <titleStmt>
    <title>
     Азбука. Книга I
    </title>
    <author>
     Толстой Л.Н.
    </author>
    <respStmt>
     <resp>
      подготовка TEI/XML
     </resp>
     <name>
      Мария Картышева, Евгений Можаев, Даниил Скоринкин, Елена Сидорова, Вероника Файнберг, Кирилл Милинцевич
     </name>
    </respStmt>
    <respStmt>
     <name>
      Анастасия Бонч-Осмоловская, Фёкла Толстая, Борис Орехов
     </name>
     <resp>
      Идея, постановка задач, руководство
     </resp>
    </respStmt>
   </titleStmt>
   <publicationStmt>
    <idno>
     Азбука  | Книга I
    </idno>
    <publisher>
     <orgName>
      Школа лингвистики НИУ ВШЭ
     </orgName>
    </publisher>
    <availability>
     <p>
      Тексты и метатекстовая разметка доступны для свободного использования и распространения по лицензии Creative Commons Attribution Share-Alike (cc by-sa)
     </p>
    </availability>
   </publicationStmt>
   <sourceDesc>
    <biblStruct>
     <analytic>
      <author>
       Толстой Л.Н.
      </author>
      <title level="a">
       Азбука. Книга I
      </title>
     </analytic>
     <monogr>
      <title level="m">
       Полное собрание сочинений. Том 22
      </title>
      <imprint>
       <pubPlace>
        Москва
       </pubPlace>
       <publisher>
        Государственное издательство "Художественная литература"
       </publisher>
       <date when="1871-1872"/>
      </imprint>
     </monogr>
     <series>
      <title level="s">
       Л.Н. Толстой. Полное собрание сочинений
      </title>
      <biblScope unit="vol">
       22
      </biblScope>
     </series>
    </biblStruct>
   </sourceDesc>
  </fileDesc>
  <encodingDesc>
   <classDecl>
    <xi:include href="taxonomy.xml"/>
   </classDecl>
  </encodingDesc>
  <profileDesc>
   <creation>
    <date notAfter="1872" notBefore="1871">
     1871-1872
    </date>
    <rs/>
   </creation>
   <textClass>
    <catRef target="#fiction" type="sphere"/>
    <catRef target="#произведения для детей" type="type"/>
    <catRef target="#works" type="works_letters_diaries"/>
    <catRef target="#азбука" type="ninetyDef"/>
    <catRef target="#Основное" type="main_var"/>
    <catRef target="#азбука" type="type_short"/>
    <catRef target="None" type="translation"/>
    <catRef target="None" type="translation_origin"/>
    <catRef target="#да" type="tolstoy_or_not"/>
    <catRef target="None" type="name_status"/>
   </textClass>
   <preparedness>
    finished
   </preparedness>
   <settingDesc>
    <time>
     XIX век
    </time>
   </settingDesc>
  </profileDesc>
  <xenoData>
   <cyclusName/>
   <p>
    Проект
    <title>
     Толстой.Digital
    </title>
    разрабатывается сотрудниками и студентами
    <orgName>
     Высшей школы экономики
    </orgName>
    в сотрудничестве с
    <orgName>
     Государственным музеем Л.Н. Толстого
    </orgName>
    . Источник текстов –
    <bibl>
     90-томное собрание сочинений Л.Н.Толстого
    </bibl>
    . Разметка основана на стандарте
    <ref target="http://www.tei-c.org">
     TEI (Text Encoding Initiative)
    </ref>
    .
   </p>
   <versionNumber/>
   <isFinished/>
   <isEdited/>
   <fullBibliographicDescription/>
  </xenoData>
 </teiHeader>
 <p rend="left emptyline">
  <pb n="263"/>
 </p>
 <div type="section" xml:id="ref132">
  <head rend="center">
   <hi rend="strong">
    САМОКРУТКА.
   </hi>
  </head>
  <p rend="left" uuid="45c0f20c-a030-4df0-a5b2-9d9efd829a7c">
   <choice>
    <reg>
     Один
    </reg>
   </choice>
   <choice>
    <reg>
     мужик
    </reg>
   </choice>
   выучился мельничному мастерству и
   <choice>
    <reg>
     стал
    </reg>
   </choice>
   делать мельницы
   <choice>
    <reg>
     водяные
    </reg>
   </choice>
   ,
   <choice>
    <reg>
     ветреные
    </reg>
   </choice>
   и
   <choice>
    <reg>
     конные
    </reg>
   </choice>
   .
  </p>
  <p rend="left emptyline" uuid="57009a61-44d3-4f1c-ace0-db4ea5395694">
   <pb n="264"/>
  </p>
  <p rend="centerline" uuid="8d1ca43c-ec42-489a-ac63-4ec36eefe091">
   — 62 —
  </p>
  <p rend="left" uuid="29d67b3d-21e1-412c-b80e-040e01fa4e6b">
   <choice>
    <reg>
     Потом
    </reg>
   </choice>
   <choice>
    <reg>
     он
    </reg>
   </choice>
   <choice>
    <reg>
     задумал
    </reg>
   </choice>
   <choice>
    <reg>
     сделать
    </reg>
   </choice>
   такую мельницу, чтобы не нужно было ни воды, ни
   <choice>
    <reg>
     ветра
    </reg>
   </choice>
   , ни лошадей:
   <choice>
    <reg>
     он
    </reg>
   </choice>
   <choice>
    <reg>
     хотел
    </reg>
   </choice>
   <choice>
    <reg>
     сделать
    </reg>
   </choice>
   <choice>
    <reg>
     так
    </reg>
   </choice>
   , чтобы тяжелый камень спускался книзу и своей тяжестью
   <choice>
    <reg>
     вертел
    </reg>
   </choice>
   колесо, и опять бы поднимался кверху, и опять спускался —
   <choice>
    <reg>
     так
    </reg>
   </choice>
   чтобы мельница ходила сама.
  </p>
  <p rend="left" uuid="346c9918-2820-40a6-b2d2-ab5a9199fb60">
   <choice>
    <reg>
     Мужик
    </reg>
   </choice>
   <choice>
    <reg>
     пошёл
    </reg>
   </choice>
   <choice>
    <reg>
     к
    </reg>
   </choice>
   барину и
   <choice>
    <reg>
     сказал
    </reg>
   </choice>
   : «я придумаль такую мельницу — самокрутку, что сама будеть ходить
   <choice>
    <reg>
     без
    </reg>
   </choice>
   воды и
   <choice>
    <reg>
     без
    </reg>
   </choice>
   лошадей; только
   <choice>
    <reg>
     раз
    </reg>
   </choice>
   завести, она и
   <choice>
    <reg>
     будет
    </reg>
   </choice>
   ходить до
   <choice>
    <reg>
     тех
    </reg>
   </choice>
   <choice>
    <reg>
     пор
    </reg>
   </choice>
   , пока остановишь.
   <choice>
    <reg>
     Нет
    </reg>
   </choice>
   только у меня
   <choice>
    <reg>
     денег
    </reg>
   </choice>
   на
   <choice>
    <reg>
     лес
    </reg>
   </choice>
   , да на
   <choice>
    <reg>
     чугун
    </reg>
   </choice>
   . Дай
   <choice>
    <reg>
     мне
    </reg>
   </choice>
   ,
   <choice>
    <reg>
     барин
    </reg>
   </choice>
   , триста рублей
   <choice>
    <reg>
     денег
    </reg>
   </choice>
   , я
   <choice>
    <reg>
     тебе
    </reg>
   </choice>
   первому
   <choice>
    <reg>
     сделаю
    </reg>
   </choice>
   такую мельницу».
  </p>
  <p rend="left" uuid="6fd5290c-253e-4d45-b500-7d6b564eda73">
   <choice>
    <reg>
     Барин
    </reg>
   </choice>
   <choice>
    <reg>
     спросил
    </reg>
   </choice>
   у мужика —
   <choice>
    <reg>
     знает ли
    </reg>
   </choice>
   <choice>
    <reg>
     он
    </reg>
   </choice>
   <choice>
    <reg>
     грамоте
    </reg>
   </choice>
   .
  </p>
  <p rend="left" uuid="f1c7c243-d77f-40c4-874c-604555754b52">
   <choice>
    <reg>
     Мужик
    </reg>
   </choice>
   <choice>
    <reg>
     сказал
    </reg>
   </choice>
   , что не
   <choice>
    <reg>
     знает
    </reg>
   </choice>
   .
  </p>
  <p rend="left" uuid="11525564-d974-4a34-be45-63e4900bc826">
   Тогда
   <choice>
    <reg>
     барин
    </reg>
   </choice>
   <choice>
    <reg>
     сказал
    </reg>
   </choice>
   : «
   <choice>
    <reg>
     вот
    </reg>
   </choice>
   еслибы ты
   <choice>
    <reg>
     знал
    </reg>
   </choice>
   <choice>
    <reg>
     грамоте
    </reg>
   </choice>
   , я бы
   <choice>
    <reg>
     тебе
    </reg>
   </choice>
   книжку
   <choice>
    <reg>
     дал
    </reg>
   </choice>
   о
   <choice>
    <reg>
     механике
    </reg>
   </choice>
   , и
   <choice>
    <reg>
     там
    </reg>
   </choice>
   ты бы
   <choice>
    <reg>
     прочёл
    </reg>
   </choice>
   о такой
   <choice>
    <reg>
     мельнице
    </reg>
   </choice>
   и
   <choice>
    <reg>
     увидал бы
    </reg>
   </choice>
   , что такой мельницы
   <choice>
    <reg>
     сделать
    </reg>
   </choice>
   нельзя, что много людей
   <choice>
    <reg>
     учёных
    </reg>
   </choice>
   посходили
   <choice>
    <reg>
     с
    </reg>
   </choice>
   ума — всё выдумывали такую мельницу,
   <choice>
    <reg>
     чтоб
    </reg>
   </choice>
   сама ходила.
  </p>
  <p rend="left" uuid="a070f80b-9add-4c3b-9d84-eb25d9d61780">
   <choice>
    <reg>
     Мужик
    </reg>
   </choice>
   не
   <choice>
    <reg>
     поверил
    </reg>
   </choice>
   барину и
   <choice>
    <reg>
     сказал
    </reg>
   </choice>
   : «
   <choice>
    <reg>
     в
    </reg>
   </choice>
   <choice>
    <reg>
     книгах
    </reg>
   </choice>
   <choice>
    <reg>
     ваших
    </reg>
   </choice>
   много дурно
   <choice>
    <reg>
     пишут
    </reg>
   </choice>
   .
   <choice>
    <reg>
     Так-то
    </reg>
   </choice>
   ученый
   <choice>
    <reg>
     машинист
    </reg>
   </choice>
   <choice>
    <reg>
     построил
    </reg>
   </choice>
   крупорушку купцу
   <choice>
    <reg>
     в
    </reg>
   </choice>
   <choice>
    <reg>
     городе
    </reg>
   </choice>
   , да только
   <choice>
    <reg>
     испортил
    </reg>
   </choice>
   , а я хоть не грамотный, да
   <choice>
    <reg>
     как
    </reg>
   </choice>
   <choice>
    <reg>
     взглянул
    </reg>
   </choice>
   ,
   <choice>
    <reg>
     так
    </reg>
   </choice>
   <choice>
    <reg>
     увидал
    </reg>
   </choice>
   и
   <choice>
    <reg>
     переладил
    </reg>
   </choice>
   рушку — стала работать».
  </p>
  <p rend="left" uuid="5805a24d-72ca-46e1-8dc7-4df019810ea1">
   <choice>
    <reg>
     Барин
    </reg>
   </choice>
   <choice>
    <reg>
     сказал
    </reg>
   </choice>
   : «
   <choice>
    <reg>
     чем
    </reg>
   </choice>
   же ты подымешь свой камень, когда
   <choice>
    <reg>
     он
    </reg>
   </choice>
   спустится?»
  </p>
  <p rend="left" uuid="46ca4f72-91b8-4472-adcf-ee51346e51c6">
   <choice>
    <reg>
     Мужик
    </reg>
   </choice>
   <choice>
    <reg>
     сказал
    </reg>
   </choice>
   : «
   <choice>
    <reg>
     сам
    </reg>
   </choice>
   по колесу поднимется».
  </p>
  <p rend="left" uuid="f6a7cc57-6cbc-49b0-9afc-4791447f4c7c">
   <choice>
    <reg>
     Барин
    </reg>
   </choice>
   <choice>
    <reg>
     сказал
    </reg>
   </choice>
   : «поднимется, да ниже, а другой
  </p>
  <p rend="left emptyline" uuid="54415d00-69e2-4624-b910-2f94792c5aca">
   <pb n="265"/>
  </p>
  <p rend="centerline" uuid="68b97c85-7cd6-4aed-beb1-7bbcd5187907">
   — 63 —
  </p>
  <p rend="notindent" uuid="fe17ab6a-f0cd-446f-bb44-1bc72477d7fc">
   <choice>
    <reg>
     раз
    </reg>
   </choice>
   поднимется еще ниже и
   <choice>
    <reg>
     станет
    </reg>
   </choice>
   ,
   <choice>
    <reg>
     какие
    </reg>
   </choice>
   ты колеса ни прилаживай. Всё. равно,
   <choice>
    <reg>
     как
    </reg>
   </choice>
   если на
   <choice>
    <reg>
     салазках
    </reg>
   </choice>
   <choice>
    <reg>
     с
    </reg>
   </choice>
   большой горы
   <choice>
    <reg>
     съедешь
    </reg>
   </choice>
   — на маленькую поднимешься, а
   <choice>
    <reg>
     с
    </reg>
   </choice>
   маленькой
   <choice>
    <reg>
     назад
    </reg>
   </choice>
   на большую
   <choice>
    <reg>
     никак
    </reg>
   </choice>
   не поднимешься».
  </p>
  <p rend="left" uuid="b89a010b-d946-4814-9ae2-13d5f32acb4d">
   <choice>
    <reg>
     Мужик
    </reg>
   </choice>
   не
   <choice>
    <reg>
     поверил
    </reg>
   </choice>
   , а
   <choice>
    <reg>
     пошёл
    </reg>
   </choice>
   <choice>
    <reg>
     к
    </reg>
   </choice>
   купцу и
   <choice>
    <reg>
     обещал
    </reg>
   </choice>
   ему
   <choice>
    <reg>
     сделать
    </reg>
   </choice>
   мельницу
   <choice>
    <reg>
     без
    </reg>
   </choice>
   воды и лошадей.
  </p>
  <p rend="left" uuid="0175d4b3-4bf7-4a73-87cf-0eec45554e30">
   <choice>
    <reg>
     Купец
    </reg>
   </choice>
   <choice>
    <reg>
     дал
    </reg>
   </choice>
   <choice>
    <reg>
     денег
    </reg>
   </choice>
   .
   <choice>
    <reg>
     Мужик
    </reg>
   </choice>
   <choice>
    <reg>
     строил
    </reg>
   </choice>
   ,
   <choice>
    <reg>
     строил
    </reg>
   </choice>
   ,
   <choice>
    <reg>
     простроил
    </reg>
   </choice>
   <choice>
    <reg>
     все
    </reg>
   </choice>
   300 рублей, а мельница не
   <choice>
    <reg>
     ходит
    </reg>
   </choice>
   .
  </p>
  <p rend="left" uuid="f3dd50cd-2f72-4a04-8644-18ed6c32de78">
   Тогда
   <choice>
    <reg>
     мужик
    </reg>
   </choice>
   <choice>
    <reg>
     стал
    </reg>
   </choice>
   своё
   <choice>
    <reg>
     имение
    </reg>
   </choice>
   продавать и всё
   <choice>
    <reg>
     простроил
    </reg>
   </choice>
   .
  </p>
  <p rend="left" uuid="f85fe5f0-d44a-4804-856f-c7946e797876">
   А
   <choice>
    <reg>
     купец
    </reg>
   </choice>
   говорить: «давай
   <choice>
    <reg>
     мне
    </reg>
   </choice>
   мельницу, чтобы сама ходила
   <choice>
    <reg>
     без
    </reg>
   </choice>
   лошадей, или деньги давай
   <choice>
    <reg>
     назад
    </reg>
   </choice>
   ».
  </p>
  <p rend="left" uuid="f478df75-33d3-455a-aa43-c27dc14befae">
   <choice>
    <reg>
     Пришёл
    </reg>
   </choice>
   <choice>
    <reg>
     мужик
    </reg>
   </choice>
   <choice>
    <reg>
     к
    </reg>
   </choice>
   барину и
   <choice>
    <reg>
     рассказал
    </reg>
   </choice>
   о
   <choice>
    <reg>
     своём
    </reg>
   </choice>
   <choice>
    <reg>
     горе
    </reg>
   </choice>
   .
  </p>
  <p rend="left" uuid="952bc1e2-078b-4cfe-94f3-e6b7805d0635">
   <choice>
    <reg>
     Барин
    </reg>
   </choice>
   <choice>
    <reg>
     дал
    </reg>
   </choice>
   ему
   <choice>
    <reg>
     денег
    </reg>
   </choice>
   и говорить «оставайся у меня работать: строй ты
   <choice>
    <reg>
     мне
    </reg>
   </choice>
   мельницы, только
   <choice>
    <reg>
     водяные
    </reg>
   </choice>
   да
   <choice>
    <reg>
     конные
    </reg>
   </choice>
   —на это ты
   <choice>
    <reg>
     мастер
    </reg>
   </choice>
   , а
   <choice>
    <reg>
     вперёд
    </reg>
   </choice>
   за то не берись, чего и
   <choice>
    <reg>
     поумнее
    </reg>
   </choice>
   тебя люди не
   <choice>
    <reg>
     сделали
    </reg>
   </choice>
   ».
  </p>
 </div>
</TEI>