<?xml version="1.0" encoding="utf-8"?>
<TEI xmlns="http://www.tei-c.org/ns/1.0" xmlns:xi="http://www.w3.org/2001/XInclude">
 <teiHeader>
  <fileDesc>
   <titleStmt>
    <title>
     Азбука. Книга I
    </title>
    <author>
     Толстой Л.Н.
    </author>
    <respStmt>
     <resp>
      подготовка TEI/XML
     </resp>
     <name>
      Мария Картышева, Евгений Можаев, Даниил Скоринкин, Елена Сидорова, Вероника Файнберг, Кирилл Милинцевич
     </name>
    </respStmt>
    <respStmt>
     <name>
      Анастасия Бонч-Осмоловская, Фёкла Толстая, Борис Орехов
     </name>
     <resp>
      Идея, постановка задач, руководство
     </resp>
    </respStmt>
   </titleStmt>
   <publicationStmt>
    <idno>
     Азбука  | Книга I
    </idno>
    <publisher>
     <orgName>
      Школа лингвистики НИУ ВШЭ
     </orgName>
    </publisher>
    <availability>
     <p>
      Тексты и метатекстовая разметка доступны для свободного использования и распространения по лицензии Creative Commons Attribution Share-Alike (cc by-sa)
     </p>
    </availability>
   </publicationStmt>
   <sourceDesc>
    <biblStruct>
     <analytic>
      <author>
       Толстой Л.Н.
      </author>
      <title level="a">
       Азбука. Книга I
      </title>
     </analytic>
     <monogr>
      <title level="m">
       Полное собрание сочинений. Том 22
      </title>
      <imprint>
       <pubPlace>
        Москва
       </pubPlace>
       <publisher>
        Государственное издательство "Художественная литература"
       </publisher>
       <date when="1871-1872"/>
      </imprint>
     </monogr>
     <series>
      <title level="s">
       Л.Н. Толстой. Полное собрание сочинений
      </title>
      <biblScope unit="vol">
       22
      </biblScope>
     </series>
    </biblStruct>
   </sourceDesc>
  </fileDesc>
  <encodingDesc>
   <classDecl>
    <xi:include href="taxonomy.xml"/>
   </classDecl>
  </encodingDesc>
  <profileDesc>
   <creation>
    <date notAfter="1872" notBefore="1871">
     1871-1872
    </date>
    <rs/>
   </creation>
   <textClass>
    <catRef target="#fiction" type="sphere"/>
    <catRef target="#произведения для детей" type="type"/>
    <catRef target="#works" type="works_letters_diaries"/>
    <catRef target="#азбука" type="ninetyDef"/>
    <catRef target="#Основное" type="main_var"/>
    <catRef target="#азбука" type="type_short"/>
    <catRef target="None" type="translation"/>
    <catRef target="None" type="translation_origin"/>
    <catRef target="#да" type="tolstoy_or_not"/>
    <catRef target="None" type="name_status"/>
   </textClass>
   <preparedness>
    finished
   </preparedness>
   <settingDesc>
    <time>
     XIX век
    </time>
   </settingDesc>
  </profileDesc>
  <xenoData>
   <cyclusName/>
   <p>
    Проект
    <title>
     Толстой.Digital
    </title>
    разрабатывается сотрудниками и студентами
    <orgName>
     Высшей школы экономики
    </orgName>
    в сотрудничестве с
    <orgName>
     Государственным музеем Л.Н. Толстого
    </orgName>
    . Источник текстов –
    <bibl>
     90-томное собрание сочинений Л.Н.Толстого
    </bibl>
    . Разметка основана на стандарте
    <ref target="http://www.tei-c.org">
     TEI (Text Encoding Initiative)
    </ref>
    .
   </p>
   <versionNumber/>
   <isFinished/>
   <isEdited/>
   <fullBibliographicDescription/>
  </xenoData>
 </teiHeader>
 <p rend="left emptyline">
  <pb n="436"/>
 </p>
 <div type="section" xml:id="ref202">
  <head rend="center">
   <hi rend="strong">
    ЧУТЬЕ.
   </hi>
  </head>
  <p rend="left" uuid="7e99cb62-5077-4520-b80a-4c7499b63f5c">
   <choice>
    <reg>
     Человек
    </reg>
   </choice>
   <choice>
    <reg>
     видит
    </reg>
   </choice>
   глазами,
   <choice>
    <reg>
     слышит
    </reg>
   </choice>
   ушами,
   <choice>
    <reg>
     нюхает
    </reg>
   </choice>
   <choice>
    <reg>
     носом
    </reg>
   </choice>
   ,
   <choice>
    <reg>
     отведывает
    </reg>
   </choice>
   <choice>
    <reg>
     языком
    </reg>
   </choice>
   и
   <choice>
    <reg>
     щупает
    </reg>
   </choice>
   пальцами. У одного
   <choice>
    <reg>
     человека
    </reg>
   </choice>
   лучше
   <choice>
    <reg>
     видят
    </reg>
   </choice>
   глаза, у
   <choice>
    <reg>
     другого
    </reg>
   </choice>
   хуже.
   <choice>
    <reg>
     Один
    </reg>
   </choice>
   <choice>
    <reg>
     слышит
    </reg>
   </choice>
   издали, а другой
   <choice>
    <reg>
     глух
    </reg>
   </choice>
   У одного чутье
   <choice>
    <reg>
     сильнее
    </reg>
   </choice>
   и
   <choice>
    <reg>
     он
    </reg>
   </choice>
   <choice>
    <reg>
     слышит
    </reg>
   </choice>
   ,
   <choice>
    <reg>
     чем
    </reg>
   </choice>
   <choice>
    <reg>
     пахнет
    </reg>
   </choice>
   , издалека, а другой и
   <choice>
    <reg>
     нюхает
    </reg>
   </choice>
   гнилое яйцо, а не
   <choice>
    <reg>
     чует
    </reg>
   </choice>
   .
   <choice>
    <reg>
     Один
    </reg>
   </choice>
   ощупью
   <choice>
    <reg>
     узнàет
    </reg>
   </choice>
   всякую вещь, а другой ничего на ощупь не
   <choice>
    <reg>
     узнàет
    </reg>
   </choice>
   , не
   <choice>
    <reg>
     разберёт
    </reg>
   </choice>
   дерева
   <choice>
    <reg>
     от
    </reg>
   </choice>
   бумаги.
   <choice>
    <reg>
     Один
    </reg>
   </choice>
   чуть
   <choice>
    <reg>
     возмёт
    </reg>
   </choice>
   <choice>
    <reg>
     в
    </reg>
   </choice>
   <choice>
    <reg>
     рот
    </reg>
   </choice>
   ,
   <choice>
    <reg>
     слышит
    </reg>
   </choice>
   , что сладко, а другой
   <choice>
    <reg>
     проглотит
    </reg>
   </choice>
   и не
   <choice>
    <reg>
     разберёт
    </reg>
   </choice>
   , горько или сладко.
  </p>
  <p rend="left" uuid="8634bbab-60fb-4cee-b3b9-c91732d4fd71">
   <choice>
    <reg>
     Так
    </reg>
   </choice>
   и у
   <choice>
    <reg>
     зверей
    </reg>
   </choice>
   <choice>
    <reg>
     разных
    </reg>
   </choice>
   <choice>
    <reg>
     разные
    </reg>
   </choice>
   чувства
   <choice>
    <reg>
     сильнее
    </reg>
   </choice>
   . Но у
   <choice>
    <reg>
     всех
    </reg>
   </choice>
   <choice>
    <reg>
     зверей
    </reg>
   </choice>
   чутьё
   <choice>
    <reg>
     сильнее
    </reg>
   </choice>
   ,
   <choice>
    <reg>
     чем
    </reg>
   </choice>
   у
   <choice>
    <reg>
     человека
    </reg>
   </choice>
   .
  </p>
  <p rend="left" uuid="bd41a317-d6a7-459f-933c-d5aa473487a8">
   <choice>
    <reg>
     Человек
    </reg>
   </choice>
   когда
   <choice>
    <reg>
     захочет
    </reg>
   </choice>
   узнать вещь —
   <choice>
    <reg>
     посмотрит
    </reg>
   </choice>
   её,
   <choice>
    <reg>
     послушает
    </reg>
   </choice>
   ,
   <choice>
    <reg>
     как
    </reg>
   </choice>
   она
   <choice>
    <reg>
     шумит
    </reg>
   </choice>
   , иногда
   <choice>
    <reg>
     понюхает
    </reg>
   </choice>
   и
   <choice>
    <reg>
     отведает
    </reg>
   </choice>
   ; но
   <choice>
    <reg>
     человеку
    </reg>
   </choice>
   для того, чтобы узнать вещь,
   <choice>
    <reg>
     нужнее
    </reg>
   </choice>
   всего её пощупать.
  </p>
  <p rend="left" uuid="593c3861-7303-405d-b5ac-cfae040e7359">
   А для
   <choice>
    <reg>
     зверей
    </reg>
   </choice>
   почти для
   <choice>
    <reg>
     всех
    </reg>
   </choice>
   <choice>
    <reg>
     нужнее
    </reg>
   </choice>
   всего понюхать вещь. Лошадь,
   <choice>
    <reg>
     волк
    </reg>
   </choice>
   , собака, корова,
   <choice>
    <reg>
     медведь
    </reg>
   </choice>
   до
   <choice>
    <reg>
     тех
    </reg>
   </choice>
   <choice>
    <reg>
     пор
    </reg>
   </choice>
   не
   <choice>
    <reg>
     знают
    </reg>
   </choice>
   вещи, пока её не
   <choice>
    <reg>
     понюхают
    </reg>
   </choice>
   .
  </p>
  <p rend="left" uuid="1e8cfdad-0bf0-42a5-ae8a-cf702975e02c">
   Когда лошадь чего-нибудь боится, она
   <choice>
    <reg>
     фыркает
    </reg>
   </choice>
   —
   <choice>
    <reg>
     прочищает
    </reg>
   </choice>
   <choice>
    <reg>
     себе
    </reg>
   </choice>
   <choice>
    <reg>
     нос
    </reg>
   </choice>
   , чтобы лучше чуять, и до
   <choice>
    <reg>
     тех
    </reg>
   </choice>
   <choice>
    <reg>
     пор
    </reg>
   </choice>
   не
   <choice>
    <reg>
     перестанет
    </reg>
   </choice>
   бояться, пока не
   <choice>
    <reg>
     обнюхает
    </reg>
   </choice>
   .
  </p>
  <p rend="left" uuid="90d21526-9887-43fd-989b-79a64c1b5ca3">
   Собака часто бѣжитъ за хозяиномъ по слѣду, а увидитъ хозяина — испугается, не узнàетъ и начнётъ лаять, до тѣхъ поръ, пока не обнюхаетъ его и не узнàетъ, что то, чтó ей на глазъ страшно, есть самый ея хозяинъ.
  </p>
  <p rend="left" uuid="b0bf0bd3-730e-4cbf-a74d-0becd5a90fab">
   Быки
   <choice>
    <reg>
     видят
    </reg>
   </choice>
   ,
   <choice>
    <reg>
     как
    </reg>
   </choice>
   <choice>
    <reg>
     бьют
    </reg>
   </choice>
   <choice>
    <reg>
     быков
    </reg>
   </choice>
   ,
   <choice>
    <reg>
     слышат
    </reg>
   </choice>
   ,
   <choice>
    <reg>
     как
    </reg>
   </choice>
   <choice>
    <reg>
     ревут
    </reg>
   </choice>
   быки на
   <choice>
    <reg>
     бойне
    </reg>
   </choice>
   , и всё не
   <choice>
    <reg>
     понимают
    </reg>
   </choice>
   , чтó такое
  </p>
  <p rend="left emptyline" uuid="d0791080-5303-4b23-8f98-c28339a826a2">
   <pb n="437"/>
  </p>
  <p rend="centerline" uuid="b6f6d748-44d0-402d-bab2-e3b3392b0035">
   — 69 —
  </p>
  <p rend="notindent" uuid="0f31c4a6-9151-4883-b9ae-94d11de6a5e5">
   <choice>
    <reg>
     делается
    </reg>
   </choice>
   . Но
   <choice>
    <reg>
     стóит
    </reg>
   </choice>
   <choice>
    <reg>
     корове
    </reg>
   </choice>
   или быку найти на
   <choice>
    <reg>
     место
    </reg>
   </choice>
   ,
   <choice>
    <reg>
     где
    </reg>
   </choice>
   бычачья кровь, да понюхать, и
   <choice>
    <reg>
     он
    </reg>
   </choice>
   <choice>
    <reg>
     поймёт
    </reg>
   </choice>
   ,
   <choice>
    <reg>
     начнёт
    </reg>
   </choice>
   <choice>
    <reg>
     реветь
    </reg>
   </choice>
   , бить ногами, и его не отгонишь
   <choice>
    <reg>
     от
    </reg>
   </choice>
   того
   <choice>
    <reg>
     места
    </reg>
   </choice>
   .
  </p>
  <p rend="left" uuid="5b7eeabd-9c3a-45e9-94c1-607096af6d15">
   У одного старика
   <choice>
    <reg>
     заболела
    </reg>
   </choice>
   жена;
   <choice>
    <reg>
     он
    </reg>
   </choice>
   <choice>
    <reg>
     пошёл
    </reg>
   </choice>
   <choice>
    <reg>
     сам
    </reg>
   </choice>
   доить корову. Корова фыркнула, узнала, что не хозяйка, и не давала молока. Хозяйка
   <choice>
    <reg>
     велела
    </reg>
   </choice>
   мужу
   <choice>
    <reg>
     надеть
    </reg>
   </choice>
   свою шубейку и
   <choice>
    <reg>
     платок
    </reg>
   </choice>
   на голову, — корова дала молоко; но
   <choice>
    <reg>
     старик
    </reg>
   </choice>
   распахнулся, корова понюхала и опять остановила молоко.
  </p>
  <p rend="left" uuid="90d0ca47-7e66-48c7-8fb1-849418fbad06">
   Гончія собаки, когда гоняютъ звѣря по слѣду, то никогда не бѣгутъ по самому слѣду, а стороной, шаговъ на 20. Когда незнающій охотникъ хочетъ навесть собаку на слѣдъ звѣря и ткнётъ собаку носомъ въ самый слѣдъ, то собака всегда отскочитъ въ сторону. Для нея слѣдъ такъ сильно пахнетъ, что она ничего не разберётъ на самомъ слѣдѣ и не знаетъ, вперёдъ или назадъ побѣжалъ звѣрь. Она отбѣжитъ въ сторону и тогда только чуетъ, въ какую сторону сильнѣе пахнетъ и бѣжитъ за звѣремъ. Она дѣлаетъ тоже, чтó мы дѣлаемъ, если намъ говорятъ громко надъ самымъ ухомъ: мы отойдёмъ, и тогда издали только разберёмъ, что говорятъ. Или, когда слишкомъ близко отъ насъ то, чтó мы разсматриваемъ, — мы отстранимся и тогда разсмотримъ.
  </p>
  <p rend="left" uuid="0a2d411b-348a-49cf-8fc9-4382c38ab23c">
   Собаки
   <choice>
    <reg>
     узнаю̀т
    </reg>
   </choice>
   <choice>
    <reg>
     друг
    </reg>
   </choice>
   друга и
   <choice>
    <reg>
     дают
    </reg>
   </choice>
   <choice>
    <reg>
     друг
    </reg>
   </choice>
   другу знаки по запаху.
  </p>
  <p rend="left" uuid="822087be-e375-40f1-a987-56536688f27b">
   Еще тоньше чутьё у
   <choice>
    <reg>
     насекомых
    </reg>
   </choice>
   . Пчела прямо
   <choice>
    <reg>
     летит
    </reg>
   </choice>
   на
   <choice>
    <reg>
     тот
    </reg>
   </choice>
   <choice>
    <reg>
     цветок
    </reg>
   </choice>
   , какой ей
   <choice>
    <reg>
     нужен
    </reg>
   </choice>
   .
   <choice>
    <reg>
     Червяк
    </reg>
   </choice>
   <choice>
    <reg>
     ползёт
    </reg>
   </choice>
   <choice>
    <reg>
     к
    </reg>
   </choice>
   своему листу,
   <choice>
    <reg>
     клоп
    </reg>
   </choice>
   , блоха,
   <choice>
    <reg>
     комар
    </reg>
   </choice>
   <choice>
    <reg>
     чуют
    </reg>
   </choice>
   <choice>
    <reg>
     человека
    </reg>
   </choice>
   на сотни
   <choice>
    <reg>
     тысяч
    </reg>
   </choice>
   <choice>
    <reg>
     клопиных
    </reg>
   </choice>
   <choice>
    <reg>
     шагов
    </reg>
   </choice>
   .
  </p>
  <p rend="left emptyline" uuid="f65b72fd-3722-4683-ba39-3a6888c2c4c4">
   <pb n="438"/>
  </p>
  <p rend="centerline" uuid="c63f7b78-89f1-4d40-8057-b4bbf48a0786">
   — 70 —
  </p>
  <p rend="left" uuid="e902265c-7394-461d-a6e0-fd225a6b27c9">
   Если малы частицы
   <choice>
    <reg>
     те
    </reg>
   </choice>
   ,
   <choice>
    <reg>
     которые
    </reg>
   </choice>
   <choice>
    <reg>
     отделяются
    </reg>
   </choice>
   <choice>
    <reg>
     от
    </reg>
   </choice>
   вещества и
   <choice>
    <reg>
     попадают
    </reg>
   </choice>
   <choice>
    <reg>
     в
    </reg>
   </choice>
   <choice>
    <reg>
     наш
    </reg>
   </choice>
   <choice>
    <reg>
     нос
    </reg>
   </choice>
   , то какъже малы должны быть частицы
   <choice>
    <reg>
     те
    </reg>
   </choice>
   ,
   <choice>
    <reg>
     которые
    </reg>
   </choice>
   <choice>
    <reg>
     попадают
    </reg>
   </choice>
   <choice>
    <reg>
     в
    </reg>
   </choice>
   чутьё
   <choice>
    <reg>
     насекомых
    </reg>
   </choice>
   !
  </p>
 </div>
</TEI>