<?xml version="1.0" encoding="utf-8"?>
<TEI xmlns="http://www.tei-c.org/ns/1.0" xmlns:xi="http://www.w3.org/2001/XInclude">
 <teiHeader>
  <fileDesc>
   <titleStmt>
    <title>
     Азбука. Книга I
    </title>
    <author>
     Толстой Л.Н.
    </author>
    <respStmt>
     <resp>
      подготовка TEI/XML
     </resp>
     <name>
      Мария Картышева, Евгений Можаев, Даниил Скоринкин, Елена Сидорова, Вероника Файнберг, Кирилл Милинцевич
     </name>
    </respStmt>
    <respStmt>
     <name>
      Анастасия Бонч-Осмоловская, Фёкла Толстая, Борис Орехов
     </name>
     <resp>
      Идея, постановка задач, руководство
     </resp>
    </respStmt>
   </titleStmt>
   <publicationStmt>
    <idno>
     Азбука  | Книга I
    </idno>
    <publisher>
     <orgName>
      Школа лингвистики НИУ ВШЭ
     </orgName>
    </publisher>
    <availability>
     <p>
      Тексты и метатекстовая разметка доступны для свободного использования и распространения по лицензии Creative Commons Attribution Share-Alike (cc by-sa)
     </p>
    </availability>
   </publicationStmt>
   <sourceDesc>
    <biblStruct>
     <analytic>
      <author>
       Толстой Л.Н.
      </author>
      <title level="a">
       Азбука. Книга I
      </title>
     </analytic>
     <monogr>
      <title level="m">
       Полное собрание сочинений. Том 22
      </title>
      <imprint>
       <pubPlace>
        Москва
       </pubPlace>
       <publisher>
        Государственное издательство "Художественная литература"
       </publisher>
       <date when="1871-1872"/>
      </imprint>
     </monogr>
     <series>
      <title level="s">
       Л.Н. Толстой. Полное собрание сочинений
      </title>
      <biblScope unit="vol">
       22
      </biblScope>
     </series>
    </biblStruct>
   </sourceDesc>
  </fileDesc>
  <encodingDesc>
   <classDecl>
    <xi:include href="taxonomy.xml"/>
   </classDecl>
  </encodingDesc>
  <profileDesc>
   <creation>
    <date notAfter="1872" notBefore="1871">
     1871-1872
    </date>
    <rs/>
   </creation>
   <textClass>
    <catRef target="#fiction" type="sphere"/>
    <catRef target="#произведения для детей" type="type"/>
    <catRef target="#works" type="works_letters_diaries"/>
    <catRef target="#азбука" type="ninetyDef"/>
    <catRef target="#Основное" type="main_var"/>
    <catRef target="#азбука" type="type_short"/>
    <catRef target="None" type="translation"/>
    <catRef target="None" type="translation_origin"/>
    <catRef target="#да" type="tolstoy_or_not"/>
    <catRef target="None" type="name_status"/>
   </textClass>
   <preparedness>
    finished
   </preparedness>
   <settingDesc>
    <time>
     XIX век
    </time>
   </settingDesc>
  </profileDesc>
  <xenoData>
   <cyclusName/>
   <p>
    Проект
    <title>
     Толстой.Digital
    </title>
    разрабатывается сотрудниками и студентами
    <orgName>
     Высшей школы экономики
    </orgName>
    в сотрудничестве с
    <orgName>
     Государственным музеем Л.Н. Толстого
    </orgName>
    . Источник текстов –
    <bibl>
     90-томное собрание сочинений Л.Н.Толстого
    </bibl>
    . Разметка основана на стандарте
    <ref target="http://www.tei-c.org">
     TEI (Text Encoding Initiative)
    </ref>
    .
   </p>
   <versionNumber/>
   <isFinished/>
   <isEdited/>
   <fullBibliographicDescription/>
  </xenoData>
 </teiHeader>
 <p rend="left emptyline">
  <pb n="632"/>
 </p>
 <div type="section" xml:id="ref259">
  <head rend="center">
   <hi rend="strong">
    <choice>
     <reg>
      УДЕЛЬНЫЙ
     </reg>
    </choice>
    <choice>
     <reg>
      ВЕС
     </reg>
    </choice>
    .
   </hi>
  </head>
  <p rend="left" uuid="30d680ae-fa28-4ec1-ae86-92378d7ac958">
   <choice>
    <reg>
     Греческий
    </reg>
   </choice>
   Царь
   <choice>
    <reg>
     Гиерон
    </reg>
   </choice>
   <choice>
    <reg>
     Сиракузский
    </reg>
   </choice>
   <choice>
    <reg>
     заказал
    </reg>
   </choice>
   своему
   <choice>
    <reg>
     золотых
    </reg>
   </choice>
   <choice>
    <reg>
     дел
    </reg>
   </choice>
   мастеру
   <choice>
    <reg>
     Димитрию
    </reg>
   </choice>
   золотую корону для идола Юпитера и
   <choice>
    <reg>
     дал
    </reg>
   </choice>
   ему 12
   <choice>
    <reg>
     фунтов
    </reg>
   </choice>
   золота.
   <choice>
    <reg>
     Димитрий
    </reg>
   </choice>
   <choice>
    <reg>
     сделал
    </reg>
   </choice>
   корону, и когда Царь ее
   <choice>
    <reg>
     свесил
    </reg>
   </choice>
   , то
   <choice>
    <reg>
     в
    </reg>
   </choice>
   <choice>
    <reg>
     короне
    </reg>
   </choice>
   было ровно 12
   <choice>
    <reg>
     фунтов
    </reg>
   </choice>
   . Только царь
   <choice>
    <reg>
     прослышал
    </reg>
   </choice>
   , что
   <choice>
    <reg>
     Димитрий
    </reg>
   </choice>
   <choice>
    <reg>
     украл
    </reg>
   </choice>
   много золота и
   <choice>
    <reg>
     в
    </reg>
   </choice>
   корону
   <choice>
    <reg>
     подмешал
    </reg>
   </choice>
   серебра. Царю
   <choice>
    <reg>
     хотелось
    </reg>
   </choice>
   доискаться, многоли
   <choice>
    <reg>
     подмешано
    </reg>
   </choice>
   серебра
   <choice>
    <reg>
     в
    </reg>
   </choice>
   <choice>
    <reg>
     короне
    </reg>
   </choice>
   , и
   <choice>
    <reg>
     он
    </reg>
   </choice>
   <choice>
    <reg>
     велел
    </reg>
   </choice>
   ее перетопить, чтобы
   <choice>
    <reg>
     видеть
    </reg>
   </choice>
   середину.
   <choice>
    <reg>
     Был
    </reg>
   </choice>
   <choice>
    <reg>
     один
    </reg>
   </choice>
   умный и ученый
   <choice>
    <reg>
     человек
    </reg>
   </choice>
   , родной царю,
   <choice>
    <reg>
     Архимед
    </reg>
   </choice>
   .
   <choice>
    <reg>
     Он
    </reg>
   </choice>
   <choice>
    <reg>
     сказал
    </reg>
   </choice>
   царю: «не вели ломать корону, чтобы
   <choice>
    <reg>
     даром
    </reg>
   </choice>
   не пропала работа; а я, не ломаючи корону, узнаю, сколько
   <choice>
    <reg>
     в
    </reg>
   </choice>
   ней серебра и сколько золота. Царь согласился
   <choice>
    <reg>
     с
    </reg>
   </choice>
   <choice>
    <reg>
     Архимедом
    </reg>
   </choice>
   , и
   <choice>
    <reg>
     Архимед
    </reg>
   </choice>
   <choice>
    <reg>
     сделал
    </reg>
   </choice>
   <choice>
    <reg>
     так
    </reg>
   </choice>
   :
  </p>
  <p rend="left" uuid="3704a8af-68be-4ee6-bda8-cacc6026ee92">
   <choice>
    <reg>
     Он
    </reg>
   </choice>
   <choice>
    <reg>
     взял
    </reg>
   </choice>
   <choice>
    <reg>
     фунт
    </reg>
   </choice>
   золота и
   <choice>
    <reg>
     фунт
    </reg>
   </choice>
   серебра, и
   <choice>
    <reg>
     свесил
    </reg>
   </choice>
   <choice>
    <reg>
     их
    </reg>
   </choice>
   просто на
   <choice>
    <reg>
     весах
    </reg>
   </choice>
   ; а
   <choice>
    <reg>
     потом
    </reg>
   </choice>
   <choice>
    <reg>
     свесил
    </reg>
   </choice>
   <choice>
    <reg>
     их
    </reg>
   </choice>
   <choice>
    <reg>
     в
    </reg>
   </choice>
   <choice>
    <reg>
     воде
    </reg>
   </choice>
   .
   <choice>
    <reg>
     Фунт
    </reg>
   </choice>
   золота
   <choice>
    <reg>
     в
    </reg>
   </choice>
   <choice>
    <reg>
     воде
    </reg>
   </choice>
   <choice>
    <reg>
     потянул
    </reg>
   </choice>
   на одну гирьку меньше,
   <choice>
    <reg>
     чем
    </reg>
   </choice>
   прежде, а
   <choice>
    <reg>
     фунт
    </reg>
   </choice>
   серебра на
   <choice>
    <reg>
     две
    </reg>
   </choice>
   гирька меньше.
  </p>
  <p rend="left emptyline" uuid="546120a7-c090-4dff-8767-80d494086f1b">
   <pb n="633"/>
  </p>
  <p rend="centerline" uuid="6b6fb5d3-d297-4888-870e-403f0bf78ade">
   — 73 —
  </p>
  <p rend="left" uuid="4f43326a-01a0-4b11-b107-5f32c22c7efc">
   <choice>
    <reg>
     Потом
    </reg>
   </choice>
   <choice>
    <reg>
     Архимед
    </reg>
   </choice>
   всю корону
   <choice>
    <reg>
     свесил
    </reg>
   </choice>
   <choice>
    <reg>
     в
    </reg>
   </choice>
   <choice>
    <reg>
     воде
    </reg>
   </choice>
   ,
   <choice>
    <reg>
     позвал
    </reg>
   </choice>
   Царя и
   <choice>
    <reg>
     сказал
    </reg>
   </choice>
   : «
   <choice>
    <reg>
     С
    </reg>
   </choice>
   фунта
   <choice>
    <reg>
     чистого
    </reg>
   </choice>
   золота, если
   <choice>
    <reg>
     весить
    </reg>
   </choice>
   <choice>
    <reg>
     в
    </reg>
   </choice>
   <choice>
    <reg>
     воде
    </reg>
   </choice>
   , — остается гирька; а если
   <choice>
    <reg>
     весить
    </reg>
   </choice>
   серебро
   <choice>
    <reg>
     в
    </reg>
   </choice>
   <choice>
    <reg>
     воде
    </reg>
   </choice>
   , — остаются
   <choice>
    <reg>
     две
    </reg>
   </choice>
   гирьки
   <choice>
    <reg>
     с
    </reg>
   </choice>
   фунта; стало быть, если корона вся
   <choice>
    <reg>
     из
    </reg>
   </choice>
   <choice>
    <reg>
     чистого
    </reg>
   </choice>
   золота и
   <choice>
    <reg>
     в
    </reg>
   </choice>
   ней 12
   <choice>
    <reg>
     фунтов
    </reg>
   </choice>
   , то
   <choice>
    <reg>
     в
    </reg>
   </choice>
   <choice>
    <reg>
     двенадцати
    </reg>
   </choice>
   <choice>
    <reg>
     фунтах
    </reg>
   </choice>
   надо снять
   <choice>
    <reg>
     с
    </reg>
   </choice>
   <choice>
    <reg>
     весов
    </reg>
   </choice>
   12
   <choice>
    <reg>
     гирек
    </reg>
   </choice>
   .
   <choice>
    <reg>
     Вот
    </reg>
   </choice>
   смотри».
   <choice>
    <reg>
     Он
    </reg>
   </choice>
   <choice>
    <reg>
     положил
    </reg>
   </choice>
   на
   <choice>
    <reg>
     весы
    </reg>
   </choice>
   12
   <choice>
    <reg>
     фунтов
    </reg>
   </choice>
   и
   <choice>
    <reg>
     стал
    </reg>
   </choice>
   <choice>
    <reg>
     вешать
    </reg>
   </choice>
   корону
   <choice>
    <reg>
     в
    </reg>
   </choice>
   <choice>
    <reg>
     воде
    </reg>
   </choice>
   . Корона не потянула
   <choice>
    <reg>
     двенадцати
    </reg>
   </choice>
   <choice>
    <reg>
     фунтов
    </reg>
   </choice>
   <choice>
    <reg>
     без
    </reg>
   </choice>
   12
   <choice>
    <reg>
     гирек
    </reg>
   </choice>
   , а меньше. Сняли еще
   <choice>
    <reg>
     гирек
    </reg>
   </choice>
   , —
   <choice>
    <reg>
     Архимед
    </reg>
   </choice>
   и говорить: «
   <choice>
    <reg>
     Вот
    </reg>
   </choice>
   сколько
   <choice>
    <reg>
     тут
    </reg>
   </choice>
   снято
   <choice>
    <reg>
     лишних
    </reg>
   </choice>
   <choice>
    <reg>
     гирек
    </reg>
   </choice>
   , на столько
   <choice>
    <reg>
     Димитрий
    </reg>
   </choice>
   и
   <choice>
    <reg>
     обманул
    </reg>
   </choice>
   тебя».
   <choice>
    <reg>
     Так
    </reg>
   </choice>
   <choice>
    <reg>
     Архимед
    </reg>
   </choice>
   <choice>
    <reg>
     верно
    </reg>
   </choice>
   <choice>
    <reg>
     узнал
    </reg>
   </choice>
   , сколько было серебра
   <choice>
    <reg>
     подмешано
    </reg>
   </choice>
   <choice>
    <reg>
     в
    </reg>
   </choice>
   корону.
  </p>
 </div>
</TEI>