<?xml version="1.0" encoding="utf-8"?>
<TEI xmlns="http://www.tei-c.org/ns/1.0" xmlns:xi="http://www.w3.org/2001/XInclude">
 <teiHeader>
  <fileDesc>
   <titleStmt>
    <title>
     Азбука. Книга I
    </title>
    <author>
     Толстой Л.Н.
    </author>
    <respStmt>
     <resp>
      подготовка TEI/XML
     </resp>
     <name>
      Мария Картышева, Евгений Можаев, Даниил Скоринкин, Елена Сидорова, Вероника Файнберг, Кирилл Милинцевич
     </name>
    </respStmt>
    <respStmt>
     <name>
      Анастасия Бонч-Осмоловская, Фёкла Толстая, Борис Орехов
     </name>
     <resp>
      Идея, постановка задач, руководство
     </resp>
    </respStmt>
   </titleStmt>
   <publicationStmt>
    <idno>
     Азбука  | Книга I
    </idno>
    <publisher>
     <orgName>
      Школа лингвистики НИУ ВШЭ
     </orgName>
    </publisher>
    <availability>
     <p>
      Тексты и метатекстовая разметка доступны для свободного использования и распространения по лицензии Creative Commons Attribution Share-Alike (cc by-sa)
     </p>
    </availability>
   </publicationStmt>
   <sourceDesc>
    <biblStruct>
     <analytic>
      <author>
       Толстой Л.Н.
      </author>
      <title level="a">
       Азбука. Книга I
      </title>
     </analytic>
     <monogr>
      <title level="m">
       Полное собрание сочинений. Том 22
      </title>
      <imprint>
       <pubPlace>
        Москва
       </pubPlace>
       <publisher>
        Государственное издательство "Художественная литература"
       </publisher>
       <date when="1871-1872"/>
      </imprint>
     </monogr>
     <series>
      <title level="s">
       Л.Н. Толстой. Полное собрание сочинений
      </title>
      <biblScope unit="vol">
       22
      </biblScope>
     </series>
    </biblStruct>
   </sourceDesc>
  </fileDesc>
  <encodingDesc>
   <classDecl>
    <xi:include href="taxonomy.xml"/>
   </classDecl>
  </encodingDesc>
  <profileDesc>
   <creation>
    <date notAfter="1872" notBefore="1871">
     1871-1872
    </date>
    <rs/>
   </creation>
   <textClass>
    <catRef target="#fiction" type="sphere"/>
    <catRef target="#произведения для детей" type="type"/>
    <catRef target="#works" type="works_letters_diaries"/>
    <catRef target="#азбука" type="ninetyDef"/>
    <catRef target="#Основное" type="main_var"/>
    <catRef target="#азбука" type="type_short"/>
    <catRef target="None" type="translation"/>
    <catRef target="None" type="translation_origin"/>
    <catRef target="#да" type="tolstoy_or_not"/>
    <catRef target="None" type="name_status"/>
   </textClass>
   <preparedness>
    finished
   </preparedness>
   <settingDesc>
    <time>
     XIX век
    </time>
   </settingDesc>
  </profileDesc>
  <xenoData>
   <cyclusName/>
   <p>
    Проект
    <title>
     Толстой.Digital
    </title>
    разрабатывается сотрудниками и студентами
    <orgName>
     Высшей школы экономики
    </orgName>
    в сотрудничестве с
    <orgName>
     Государственным музеем Л.Н. Толстого
    </orgName>
    . Источник текстов –
    <bibl>
     90-томное собрание сочинений Л.Н.Толстого
    </bibl>
    . Разметка основана на стандарте
    <ref target="http://www.tei-c.org">
     TEI (Text Encoding Initiative)
    </ref>
    .
   </p>
   <versionNumber/>
   <isFinished/>
   <isEdited/>
   <fullBibliographicDescription/>
  </xenoData>
 </teiHeader>
 <p rend="left emptyline">
  <pb n="414"/>
 </p>
 <div type="section" xml:id="ref193">
  <head rend="center">
   <hi rend="strong">
    <choice>
     <reg>
      РУСАК
     </reg>
    </choice>
    .
   </hi>
  </head>
  <p rend="left" uuid="9919a946-4d71-4dd3-b063-198e23780bec">
   <choice>
    <reg>
     Заяц-русак
    </reg>
   </choice>
   <choice>
    <reg>
     жил
    </reg>
   </choice>
   зимою
   <choice>
    <reg>
     подле
    </reg>
   </choice>
   деревни. Когда пришла ночь,
   <choice>
    <reg>
     он
    </reg>
   </choice>
   <choice>
    <reg>
     поднял
    </reg>
   </choice>
   одно ухо,
   <choice>
    <reg>
     послушал
    </reg>
   </choice>
   ;
   <choice>
    <reg>
     потом
    </reg>
   </choice>
   <choice>
    <reg>
     поднял
    </reg>
   </choice>
   другое,
   <choice>
    <reg>
     поводил
    </reg>
   </choice>
   усами,
   <choice>
    <reg>
     понюхал
    </reg>
   </choice>
   и
   <choice>
    <reg>
     сел
    </reg>
   </choice>
   на
   <choice>
    <reg>
     задния
    </reg>
   </choice>
   лапы.
   <choice>
    <reg>
     Потом
    </reg>
   </choice>
   <choice>
    <reg>
     он
    </reg>
   </choice>
   <choice>
    <reg>
     прыгнул
    </reg>
   </choice>
   <choice>
    <reg>
     раз-другой
    </reg>
   </choice>
   по глубокому
   <choice>
    <reg>
     снегу
    </reg>
   </choice>
   и опять
   <choice>
    <reg>
     сел
    </reg>
   </choice>
   на
   <choice>
    <reg>
     задния
    </reg>
   </choice>
   лапы и
   <choice>
    <reg>
     стал
    </reg>
   </choice>
   оглядываться. Со
   <choice>
    <reg>
     всех
    </reg>
   </choice>
   <choice>
    <reg>
     сторон
    </reg>
   </choice>
   ничего не было видно,
   <choice>
    <reg>
     кроме
    </reg>
   </choice>
   <choice>
    <reg>
     снега
    </reg>
   </choice>
   .
   <choice>
    <reg>
     Снег
    </reg>
   </choice>
   <choice>
    <reg>
     лежал
    </reg>
   </choice>
   волнами и
   <choice>
    <reg>
     блестел
    </reg>
   </choice>
   <choice>
    <reg>
     как
    </reg>
   </choice>
   <choice>
    <reg>
     сахар
    </reg>
   </choice>
   .
   <choice>
    <reg>
     Над
    </reg>
   </choice>
   головой зайца
   <choice>
    <reg>
     стоял
    </reg>
   </choice>
   морозный
   <choice>
    <reg>
     пар
    </reg>
   </choice>
   и сквозь
   <choice>
    <reg>
     этот
    </reg>
   </choice>
   <choice>
    <reg>
     пар
    </reg>
   </choice>
   <choice>
    <reg>
     виднелись
    </reg>
   </choice>
   <choice>
    <reg>
     большия
    </reg>
   </choice>
   ,
   <choice>
    <reg>
     яркия
    </reg>
   </choice>
   <choice>
    <reg>
     звезды
    </reg>
   </choice>
   .
  </p>
  <p rend="left" uuid="4cab0d82-2347-44d6-9009-852d200bafd7">
   Зайцу нужно было перейти
   <choice>
    <reg>
     через
    </reg>
   </choice>
   большую дорогу, чтобы придти на знакомое гумно. На большой
   <choice>
    <reg>
     дороге
    </reg>
   </choice>
   слышно было,
   <choice>
    <reg>
     как
    </reg>
   </choice>
   визжали полозья, фыркали лошади и
   <choice>
    <reg>
     скрипели
    </reg>
   </choice>
   кресла
   <choice>
    <reg>
     в
    </reg>
   </choice>
   <choice>
    <reg>
     санях
    </reg>
   </choice>
   .
  </p>
  <p rend="left" uuid="1f542783-c03c-4581-9d0a-2b2750eab384">
   <choice>
    <reg>
     Заяц
    </reg>
   </choice>
   опять остановился
   <choice>
    <reg>
     подле
    </reg>
   </choice>
   дороги. Мужики шли
   <choice>
    <reg>
     подле
    </reg>
   </choice>
   саней
   <choice>
    <reg>
     с
    </reg>
   </choice>
   поднятыми воротниками
   <choice>
    <reg>
     кафтанов
    </reg>
   </choice>
   . Лица
   <choice>
    <reg>
     их
    </reg>
   </choice>
   были чуть видны. Бороды, усы,
   <choice>
    <reg>
     ресницы
    </reg>
   </choice>
   <choice>
    <reg>
     их
    </reg>
   </choice>
   были
   <choice>
    <reg>
     белые
    </reg>
   </choice>
   .
   <choice>
    <reg>
     Из
    </reg>
   </choice>
   <choice>
    <reg>
     ртов
    </reg>
   </choice>
   и
   <choice>
    <reg>
     носов
    </reg>
   </choice>
   <choice>
    <reg>
     их
    </reg>
   </choice>
   <choice>
    <reg>
     шёл
    </reg>
   </choice>
   <choice>
    <reg>
     пар
    </reg>
   </choice>
   . Лошади
   <choice>
    <reg>
     их
    </reg>
   </choice>
   были
   <choice>
    <reg>
     потные
    </reg>
   </choice>
   , и
   <choice>
    <reg>
     к
    </reg>
   </choice>
   поту
   <choice>
    <reg>
     пристал
    </reg>
   </choice>
   иней. Лошади толкались
   <choice>
    <reg>
     в
    </reg>
   </choice>
   <choice>
    <reg>
     хомутах
    </reg>
   </choice>
   , ныряли, выныривали
   <choice>
    <reg>
     в
    </reg>
   </choice>
   <choice>
    <reg>
     ухабах
    </reg>
   </choice>
   . Мужики догоняли, обгоняли, били кнутами лошадей. Два старика шли
   <choice>
    <reg>
     рядом
    </reg>
   </choice>
   , и
   <choice>
    <reg>
     один
    </reg>
   </choice>
   <choice>
    <reg>
     рассказывал
    </reg>
   </choice>
   другому,
   <choice>
    <reg>
     как
    </reg>
   </choice>
   у него украли лошадь.
  </p>
  <p rend="left" uuid="d3722e6d-3370-4416-b36f-9727c606d817">
   Когда
   <choice>
    <reg>
     обоз
    </reg>
   </choice>
   <choice>
    <reg>
     проехал
    </reg>
   </choice>
   ,
   <choice>
    <reg>
     заяц
    </reg>
   </choice>
   <choice>
    <reg>
     перескочил
    </reg>
   </choice>
   дорогу и полегоньку
   <choice>
    <reg>
     пошёл
    </reg>
   </choice>
   <choice>
    <reg>
     к
    </reg>
   </choice>
   гумну. Собачёнка
   <choice>
    <reg>
     от
    </reg>
   </choice>
   обоза увидала зайца. Она залаяла и бросилась за
   <choice>
    <reg>
     ним
    </reg>
   </choice>
   .
   <choice>
    <reg>
     Заяц
    </reg>
   </choice>
   <choice>
    <reg>
     поскакал
    </reg>
   </choice>
   <choice>
    <reg>
     к
    </reg>
   </choice>
   гумну по
   <choice>
    <reg>
     субоям
    </reg>
   </choice>
   ; зайца держали субои, а собака на
   <choice>
    <reg>
     десятом
    </reg>
   </choice>
   <choice>
    <reg>
     прыжке
    </reg>
   </choice>
   завязла
   <choice>
    <reg>
     в
    </reg>
   </choice>
   <choice>
    <reg>
     снегу
    </reg>
   </choice>
   и остановилась. Тогда
   <choice>
    <reg>
     заяц
    </reg>
   </choice>
   тоже остановился,
   <choice>
    <reg>
     посидел
    </reg>
   </choice>
   на
  </p>
  <p rend="left emptyline" uuid="511c5ab7-f0d5-47ab-a5a9-e3dddb30b312">
   <pb n="415"/>
  </p>
  <p rend="centerline" uuid="3b928e6b-59cb-4fbb-8e21-a77bb9b7cff0">
   — 47 —
  </p>
  <p rend="notindent" uuid="8e1493ff-32ab-4458-8be4-87780109ae79">
   <choice>
    <reg>
     задних
    </reg>
   </choice>
   <choice>
    <reg>
     лапах
    </reg>
   </choice>
   и потихоньку
   <choice>
    <reg>
     пошёл
    </reg>
   </choice>
   <choice>
    <reg>
     к
    </reg>
   </choice>
   гумну. По
   <choice>
    <reg>
     дороге
    </reg>
   </choice>
   <choice>
    <reg>
     он
    </reg>
   </choice>
   на
   <choice>
    <reg>
     зеленях
    </reg>
   </choice>
   <choice>
    <reg>
     встретил
    </reg>
   </choice>
   <choice>
    <reg>
     двух
    </reg>
   </choice>
   <choice>
    <reg>
     зайцев
    </reg>
   </choice>
   . Они кормились и играли.
   <choice>
    <reg>
     Заяц
    </reg>
   </choice>
   <choice>
    <reg>
     поиграл
    </reg>
   </choice>
   <choice>
    <reg>
     с
    </reg>
   </choice>
   товарищами,
   <choice>
    <reg>
     покопал
    </reg>
   </choice>
   <choice>
    <reg>
     с
    </reg>
   </choice>
   ними морозный
   <choice>
    <reg>
     снег
    </reg>
   </choice>
   ,
   <choice>
    <reg>
     поел
    </reg>
   </choice>
   озими и
   <choice>
    <reg>
     пошёл
    </reg>
   </choice>
   дальше. На
   <choice>
    <reg>
     деревне
    </reg>
   </choice>
   было всё тихо, огни были потушены. Только слышался на
   <choice>
    <reg>
     улице
    </reg>
   </choice>
   <choice>
    <reg>
     плач
    </reg>
   </choice>
   ребенка
   <choice>
    <reg>
     в
    </reg>
   </choice>
   <choice>
    <reg>
     избе
    </reg>
   </choice>
   , да
   <choice>
    <reg>
     треск
    </reg>
   </choice>
   мороза
   <choice>
    <reg>
     в
    </reg>
   </choice>
   <choice>
    <reg>
     брёвнах
    </reg>
   </choice>
   <choice>
    <reg>
     изб
    </reg>
   </choice>
   .
   <choice>
    <reg>
     Заяц
    </reg>
   </choice>
   <choice>
    <reg>
     прошёл
    </reg>
   </choice>
   на гумно и
   <choice>
    <reg>
     там
    </reg>
   </choice>
   <choice>
    <reg>
     нашёл
    </reg>
   </choice>
   товарищей,
   <choice>
    <reg>
     Он
    </reg>
   </choice>
   <choice>
    <reg>
     поиграл
    </reg>
   </choice>
   <choice>
    <reg>
     с
    </reg>
   </choice>
   ними на
   <choice>
    <reg>
     расчищенном
    </reg>
   </choice>
   току,
   <choice>
    <reg>
     поел
    </reg>
   </choice>
   овса
   <choice>
    <reg>
     из
    </reg>
   </choice>
   начатой кладушки, взобрался по
   <choice>
    <reg>
     крыше
    </reg>
   </choice>
   занесённой
   <choice>
    <reg>
     снегом
    </reg>
   </choice>
   на
   <choice>
    <reg>
     овин
    </reg>
   </choice>
   и
   <choice>
    <reg>
     через
    </reg>
   </choice>
   плетень
   <choice>
    <reg>
     пошёл
    </reg>
   </choice>
   <choice>
    <reg>
     назад
    </reg>
   </choice>
   <choice>
    <reg>
     к
    </reg>
   </choice>
   своему оврагу. На
   <choice>
    <reg>
     востоке
    </reg>
   </choice>
   <choice>
    <reg>
     светилась
    </reg>
   </choice>
   заря,
   <choice>
    <reg>
     звезд
    </reg>
   </choice>
   стало меньше, и ещё гуще морозный
   <choice>
    <reg>
     пар
    </reg>
   </choice>
   подымался
   <choice>
    <reg>
     над
    </reg>
   </choice>
   землёю.
   <choice>
    <reg>
     В
    </reg>
   </choice>
   ближней
   <choice>
    <reg>
     деревне
    </reg>
   </choice>
   проснулись бабы и шли за водой; мужики несли
   <choice>
    <reg>
     корм
    </reg>
   </choice>
   <choice>
    <reg>
     с
    </reg>
   </choice>
   <choice>
    <reg>
     гумен
    </reg>
   </choice>
   ,
   <choice>
    <reg>
     дети
    </reg>
   </choice>
   кричали и плакали. По
   <choice>
    <reg>
     дороге
    </reg>
   </choice>
   еще больше шло
   <choice>
    <reg>
     обозов
    </reg>
   </choice>
   и мужики громче разговаривали.
  </p>
  <p rend="left" uuid="afe2f9d2-9593-405f-baed-b1ced86419be">
   <choice>
    <reg>
     Заяц
    </reg>
   </choice>
   <choice>
    <reg>
     перескочил
    </reg>
   </choice>
   <choice>
    <reg>
     через
    </reg>
   </choice>
   дорогу,
   <choice>
    <reg>
     подошёл
    </reg>
   </choice>
   <choice>
    <reg>
     к
    </reg>
   </choice>
   своей старой
   <choice>
    <reg>
     норе
    </reg>
   </choice>
   ,
   <choice>
    <reg>
     выбрал
    </reg>
   </choice>
   <choice>
    <reg>
     местечко
    </reg>
   </choice>
   повыше,
   <choice>
    <reg>
     раскопал
    </reg>
   </choice>
   <choice>
    <reg>
     снег
    </reg>
   </choice>
   ,
   <choice>
    <reg>
     лёг
    </reg>
   </choice>
   <choice>
    <reg>
     задом
    </reg>
   </choice>
   <choice>
    <reg>
     в
    </reg>
   </choice>
   новую нору,
   <choice>
    <reg>
     уложил
    </reg>
   </choice>
   на
   <choice>
    <reg>
     спине
    </reg>
   </choice>
   уши и
   <choice>
    <reg>
     заснул
    </reg>
   </choice>
   <choice>
    <reg>
     с
    </reg>
   </choice>
   открытыми глазами.
  </p>
 </div>
</TEI>