<?xml version="1.0" encoding="utf-8"?>
<TEI xmlns="http://www.tei-c.org/ns/1.0" xmlns:xi="http://www.w3.org/2001/XInclude">
 <teiHeader>
  <fileDesc>
   <titleStmt>
    <title>
     Азбука. Книга I
    </title>
    <author>
     Толстой Л.Н.
    </author>
    <respStmt>
     <resp>
      подготовка TEI/XML
     </resp>
     <name>
      Мария Картышева, Евгений Можаев, Даниил Скоринкин, Елена Сидорова, Вероника Файнберг, Кирилл Милинцевич
     </name>
    </respStmt>
    <respStmt>
     <name>
      Анастасия Бонч-Осмоловская, Фёкла Толстая, Борис Орехов
     </name>
     <resp>
      Идея, постановка задач, руководство
     </resp>
    </respStmt>
   </titleStmt>
   <publicationStmt>
    <idno>
     Азбука  | Книга I
    </idno>
    <publisher>
     <orgName>
      Школа лингвистики НИУ ВШЭ
     </orgName>
    </publisher>
    <availability>
     <p>
      Тексты и метатекстовая разметка доступны для свободного использования и распространения по лицензии Creative Commons Attribution Share-Alike (cc by-sa)
     </p>
    </availability>
   </publicationStmt>
   <sourceDesc>
    <biblStruct>
     <analytic>
      <author>
       Толстой Л.Н.
      </author>
      <title level="a">
       Азбука. Книга I
      </title>
     </analytic>
     <monogr>
      <title level="m">
       Полное собрание сочинений. Том 22
      </title>
      <imprint>
       <pubPlace>
        Москва
       </pubPlace>
       <publisher>
        Государственное издательство "Художественная литература"
       </publisher>
       <date when="1871-1872"/>
      </imprint>
     </monogr>
     <series>
      <title level="s">
       Л.Н. Толстой. Полное собрание сочинений
      </title>
      <biblScope unit="vol">
       22
      </biblScope>
     </series>
    </biblStruct>
   </sourceDesc>
  </fileDesc>
  <encodingDesc>
   <classDecl>
    <xi:include href="taxonomy.xml"/>
   </classDecl>
  </encodingDesc>
  <profileDesc>
   <creation>
    <date notAfter="1872" notBefore="1871">
     1871-1872
    </date>
    <rs/>
   </creation>
   <textClass>
    <catRef target="#fiction" type="sphere"/>
    <catRef target="#произведения для детей" type="type"/>
    <catRef target="#works" type="works_letters_diaries"/>
    <catRef target="#азбука" type="ninetyDef"/>
    <catRef target="#Основное" type="main_var"/>
    <catRef target="#азбука" type="type_short"/>
    <catRef target="None" type="translation"/>
    <catRef target="None" type="translation_origin"/>
    <catRef target="#да" type="tolstoy_or_not"/>
    <catRef target="None" type="name_status"/>
   </textClass>
   <preparedness>
    finished
   </preparedness>
   <settingDesc>
    <time>
     XIX век
    </time>
   </settingDesc>
  </profileDesc>
  <xenoData>
   <cyclusName/>
   <p>
    Проект
    <title>
     Толстой.Digital
    </title>
    разрабатывается сотрудниками и студентами
    <orgName>
     Высшей школы экономики
    </orgName>
    в сотрудничестве с
    <orgName>
     Государственным музеем Л.Н. Толстого
    </orgName>
    . Источник текстов –
    <bibl>
     90-томное собрание сочинений Л.Н.Толстого
    </bibl>
    . Разметка основана на стандарте
    <ref target="http://www.tei-c.org">
     TEI (Text Encoding Initiative)
    </ref>
    .
   </p>
   <versionNumber/>
   <isFinished/>
   <isEdited/>
   <fullBibliographicDescription/>
  </xenoData>
 </teiHeader>
 <p rend="left emptyline">
  <pb n="80"/>
 </p>
 <div type="section" xml:id="ref29">
  <head rend="Azbuka left">
   <hi rend="strong">
    Ученый
    <choice>
     <reg>
      сын
     </reg>
    </choice>
    .
   </hi>
  </head>
  <p rend="Azbuka left" uuid="a93a9e06-90c9-4d8a-9e31-b1ae44d95e94">
   <choice>
    <reg>
     Сын
    </reg>
   </choice>
   прi
   <hi rend="big">
    ѣ
   </hi>
   <choice>
    <reg>
     хал
    </reg>
   </choice>
   <choice>
    <reg>
     из
    </reg>
   </choice>
   гор
   <hi rend="italic">
    о
   </hi>
   да
   <choice>
    <reg>
     к
    </reg>
   </choice>
   <hi rend="italic">
    о
   </hi>
   тцу
   <hi rend="italic">
    в
   </hi>
   ъ деревню.
   <hi rend="italic">
    О
   </hi>
   <choice>
    <reg>
     тец
    </reg>
   </choice>
   <choice>
    <reg>
     сказал
    </reg>
   </choice>
   : „нынч
   <hi rend="italic">
    е
   </hi>
   п
   <hi rend="italic">
    о
   </hi>
   <choice>
    <reg>
     кос
    </reg>
   </choice>
   , в
   <hi rend="italic">
    о
   </hi>
   зьми грабли и п
   <hi rend="italic">
    о
   </hi>
   <choice>
    <reg>
     йдём
    </reg>
   </choice>
   , п
   <hi rend="italic">
    о
   </hi>
   с
   <hi rend="italic">
    о
   </hi>
   би
   <choice>
    <reg>
     мне“
    </reg>
   </choice>
   . А сыну не х
   <hi rend="italic">
    о
   </hi>
   <choice>
    <reg>
     телось
    </reg>
   </choice>
   работать,
   <choice>
    <reg>
     он
    </reg>
   </choice>
   и г
   <hi rend="italic">
    о
   </hi>
   в
   <hi rend="italic">
    о
   </hi>
   <choice>
    <reg>
     рит
    </reg>
   </choice>
   : „я учился
   <choice>
    <reg>
     наукам
    </reg>
   </choice>
   , a
   <choice>
    <reg>
     все
    </reg>
   </choice>
   <choice>
    <reg>
     мужицки
    </reg>
   </choice>
   <hi rend="italic">
    я
   </hi>
   сл
   <hi rend="italic">
    о
   </hi>
   ва
   <choice>
    <reg>
     забыл
    </reg>
   </choice>
   ;
   <hi rend="italic">
    ч
   </hi>
   то такое грабли?“ Тольк
   <hi rend="italic">
    о
   </hi>
   <choice>
    <reg>
     он
    </reg>
   </choice>
   п
   <hi rend="italic">
    о
   </hi>
   <choice>
    <reg>
     шёл
    </reg>
   </choice>
   по дв
   <hi rend="italic">
    о
   </hi>
   ру,
   <choice>
    <reg>
     наступил
    </reg>
   </choice>
   на грабли;
   <hi rend="italic">
    о
   </hi>
   ни е
   <hi rend="italic">
    г
   </hi>
   о ударили
   <hi rend="italic">
    в
   </hi>
   ъ
   <hi rend="italic">
   </hi>
   ло
   <hi rend="italic">
    б
   </hi>
   ъ
   <hi rend="italic">
    .
   </hi>
   Т
   <hi rend="italic">
    о
   </hi>
   гда
   <choice>
    <reg>
     он
    </reg>
   </choice>
   и
   <hi rend="italic">
    в
   </hi>
   <choice>
    <reg>
     спомнил
    </reg>
   </choice>
   ,
   <hi rend="italic">
    ч
   </hi>
   то такое грабли, хватилс
   <hi rend="italic">
    я
   </hi>
   за ло
   <hi rend="italic">
    б
   </hi>
   ъ и г
   <hi rend="italic">
    о
   </hi>
   в
   <hi rend="italic">
    о
   </hi>
   <choice>
    <reg>
     рит
    </reg>
   </choice>
   : „и
   <hi rend="italic">
    ч
   </hi>
   то за
   <choice>
    <reg>
     дурак
    </reg>
   </choice>
   <choice>
    <reg>
     тут
    </reg>
   </choice>
   <hi rend="italic">
    грабли
   </hi>
   <choice>
    <reg>
     бросил
    </reg>
   </choice>
   !“
  </p>
 </div>
</TEI>