<?xml version="1.0" encoding="utf-8"?>
<TEI xmlns="http://www.tei-c.org/ns/1.0" xmlns:xi="http://www.w3.org/2001/XInclude">
 <teiHeader>
  <fileDesc>
   <titleStmt>
    <title>
     Азбука. Книга I
    </title>
    <author>
     Толстой Л.Н.
    </author>
    <respStmt>
     <resp>
      подготовка TEI/XML
     </resp>
     <name>
      Мария Картышева, Евгений Можаев, Даниил Скоринкин, Елена Сидорова, Вероника Файнберг, Кирилл Милинцевич
     </name>
    </respStmt>
    <respStmt>
     <name>
      Анастасия Бонч-Осмоловская, Фёкла Толстая, Борис Орехов
     </name>
     <resp>
      Идея, постановка задач, руководство
     </resp>
    </respStmt>
   </titleStmt>
   <publicationStmt>
    <idno>
     Азбука  | Книга I
    </idno>
    <publisher>
     <orgName>
      Школа лингвистики НИУ ВШЭ
     </orgName>
    </publisher>
    <availability>
     <p>
      Тексты и метатекстовая разметка доступны для свободного использования и распространения по лицензии Creative Commons Attribution Share-Alike (cc by-sa)
     </p>
    </availability>
   </publicationStmt>
   <sourceDesc>
    <biblStruct>
     <analytic>
      <author>
       Толстой Л.Н.
      </author>
      <title level="a">
       Азбука. Книга I
      </title>
     </analytic>
     <monogr>
      <title level="m">
       Полное собрание сочинений. Том 22
      </title>
      <imprint>
       <pubPlace>
        Москва
       </pubPlace>
       <publisher>
        Государственное издательство "Художественная литература"
       </publisher>
       <date when="1871-1872"/>
      </imprint>
     </monogr>
     <series>
      <title level="s">
       Л.Н. Толстой. Полное собрание сочинений
      </title>
      <biblScope unit="vol">
       22
      </biblScope>
     </series>
    </biblStruct>
   </sourceDesc>
  </fileDesc>
  <encodingDesc>
   <classDecl>
    <xi:include href="taxonomy.xml"/>
   </classDecl>
  </encodingDesc>
  <profileDesc>
   <creation>
    <date notAfter="1872" notBefore="1871">
     1871-1872
    </date>
    <rs/>
   </creation>
   <textClass>
    <catRef target="#fiction" type="sphere"/>
    <catRef target="#произведения для детей" type="type"/>
    <catRef target="#works" type="works_letters_diaries"/>
    <catRef target="#азбука" type="ninetyDef"/>
    <catRef target="#Основное" type="main_var"/>
    <catRef target="#азбука" type="type_short"/>
    <catRef target="None" type="translation"/>
    <catRef target="None" type="translation_origin"/>
    <catRef target="#да" type="tolstoy_or_not"/>
    <catRef target="None" type="name_status"/>
   </textClass>
   <preparedness>
    finished
   </preparedness>
   <settingDesc>
    <time>
     XIX век
    </time>
   </settingDesc>
  </profileDesc>
  <xenoData>
   <cyclusName/>
   <p>
    Проект
    <title>
     Толстой.Digital
    </title>
    разрабатывается сотрудниками и студентами
    <orgName>
     Высшей школы экономики
    </orgName>
    в сотрудничестве с
    <orgName>
     Государственным музеем Л.Н. Толстого
    </orgName>
    . Источник текстов –
    <bibl>
     90-томное собрание сочинений Л.Н.Толстого
    </bibl>
    . Разметка основана на стандарте
    <ref target="http://www.tei-c.org">
     TEI (Text Encoding Initiative)
    </ref>
    .
   </p>
   <versionNumber/>
   <isFinished/>
   <isEdited/>
   <fullBibliographicDescription/>
  </xenoData>
 </teiHeader>
 <p rend="left emptyline">
  <pb n="630"/>
 </p>
 <div type="section" xml:id="ref257">
  <head rend="center">
   <hi rend="strong">
    ЧЕРЕМУХА.
   </hi>
  </head>
  <p rend="left" uuid="609ca3a5-68b7-40c7-9843-2badf26f6601">
   Одна черемуха выросла на дорожкѣ орѣшника и заглушала лещиновые кусты. Долго думалъ я — рубить иль не рубить ее; мнѣ жаль было. Черемуха эта росла не кустомъ, а деревомъ вершка три въ отрубѣ и сажени 4 въ вышину, вся развилистая, кудрявая, и вся обсыпанная яркимъ, бѣлымъ, душистымъ цвѣтомъ. Издалека слышенъ былъ ея запахъ. Я бы и не срубилъ ее, да одинъ изъ работниковъ (я ему прежде сказал вырубить всю черемуху) безъ меня началъ рубить ее. Когда я пришелъ, ужъ онъ врубился въ нее вершка на полтора, и сокъ такъ и хлюпалъ подъ топоромъ, когда онъ попадалъ въ прежнюю тяпку. «Нечего дѣлать, видно судьба», — подумалъ я, взялъ самъ топоръ и началъ рубить вмѣстѣ съ мужикомъ.
  </p>
  <p rend="left" uuid="1d1021f1-3b04-46bf-8f69-12d62ad6573e">
   Всякую работу весело работать; весело и рубить. Весело наискось глубоко всадить
   <choice>
    <reg>
     топор
    </reg>
   </choice>
   , и
   <choice>
    <reg>
     потом
    </reg>
   </choice>
   <choice>
    <reg>
     напрямик
    </reg>
   </choice>
   <choice>
    <reg>
     подсечь
    </reg>
   </choice>
   подкошенное, и дальше и дальше врубаться
   <choice>
    <reg>
     в
    </reg>
   </choice>
   дерево.
  </p>
  <p rend="left" uuid="7f71fdfe-b776-499b-9639-dd2d246255d4">
   Я
   <choice>
    <reg>
     совсем
    </reg>
   </choice>
   <choice>
    <reg>
     забыл
    </reg>
   </choice>
   о
   <choice>
    <reg>
     черемухе
    </reg>
   </choice>
   и только
   <choice>
    <reg>
     думал
    </reg>
   </choice>
   о
   <choice>
    <reg>
     том
    </reg>
   </choice>
   ,
   <choice>
    <reg>
     как
    </reg>
   </choice>
   бы
   <choice>
    <reg>
     скорее
    </reg>
   </choice>
   свалить ее. Когда я запыхался, я
   <choice>
    <reg>
     положил
    </reg>
   </choice>
   <choice>
    <reg>
     топор
    </reg>
   </choice>
   , уперся
   <choice>
    <reg>
     с
    </reg>
   </choice>
   <choice>
    <reg>
     мужиком
    </reg>
   </choice>
   <choice>
    <reg>
     в
    </reg>
   </choice>
   дерево и попытался свалить его. Мы качнули: дерево задрожало листьями, и на
   <choice>
    <reg>
     нас
    </reg>
   </choice>
   закапало
   <choice>
    <reg>
     с
    </reg>
   </choice>
   него росой и посыпались
   <choice>
    <reg>
     белые
    </reg>
   </choice>
   , душистые лепестки
   <choice>
    <reg>
     цветов
    </reg>
   </choice>
   .
  </p>
  <p rend="left" uuid="319f49bb-47ac-465c-a95b-a3cf6e0414d6">
   <choice>
    <reg>
     В
    </reg>
   </choice>
   тоже время, точно вскрикнуло что-то, — хрустнуло
   <choice>
    <reg>
     в
    </reg>
   </choice>
   <choice>
    <reg>
     середине
    </reg>
   </choice>
   дерева; мы налегли, и,
   <choice>
    <reg>
     как
    </reg>
   </choice>
   будто заплакало,
  </p>
  <p rend="left emptyline" uuid="ee7b4509-d211-4b47-b901-5d93f6934e4f">
   <pb n="631"/>
  </p>
  <p rend="centerline" uuid="cbe53f2b-71ef-4d58-8e8b-ea65169d165b">
   — 71 —
  </p>
  <p rend="notindent" uuid="b345895b-de23-4207-842f-bfef15a56a41">
   — затрещало
   <choice>
    <reg>
     в
    </reg>
   </choice>
   <choice>
    <reg>
     середине
    </reg>
   </choice>
   , и дерево свалилось. Оно разодралось у надруба и покачиваясь легло сучьями и
   <choice>
    <reg>
     цветами
    </reg>
   </choice>
   на траву. Подрожали
   <choice>
    <reg>
     ветки
    </reg>
   </choice>
   и
   <choice>
    <reg>
     цветы
    </reg>
   </choice>
   <choice>
    <reg>
     после
    </reg>
   </choice>
   <choice>
    <reg>
     падения
    </reg>
   </choice>
   и остановились.
  </p>
  <p rend="left" uuid="a5c0fe91-81ea-432d-9fc5-afec901ec22e">
   «
   <choice>
    <reg>
     Эх
    </reg>
   </choice>
   ! штука-то важная!»
   <choice>
    <reg>
     сказал
    </reg>
   </choice>
   <choice>
    <reg>
     мужик
    </reg>
   </choice>
   . «Живо жалко!» A
   <choice>
    <reg>
     мне
    </reg>
   </choice>
   <choice>
    <reg>
     так
    </reg>
   </choice>
   было жалко, что я
   <choice>
    <reg>
     поскорее
    </reg>
   </choice>
   <choice>
    <reg>
     отошел
    </reg>
   </choice>
   <choice>
    <reg>
     к
    </reg>
   </choice>
   <choice>
    <reg>
     другим
    </reg>
   </choice>
   <choice>
    <reg>
     рабочим
    </reg>
   </choice>
   .
  </p>
 </div>
</TEI>