<?xml version="1.0" encoding="utf-8"?>
<TEI xmlns="http://www.tei-c.org/ns/1.0" xmlns:xi="http://www.w3.org/2001/XInclude">
 <teiHeader>
  <fileDesc>
   <titleStmt>
    <title>
     Азбука. Книга I
    </title>
    <author>
     Толстой Л.Н.
    </author>
    <respStmt>
     <resp>
      подготовка TEI/XML
     </resp>
     <name>
      Мария Картышева, Евгений Можаев, Даниил Скоринкин, Елена Сидорова, Вероника Файнберг, Кирилл Милинцевич
     </name>
    </respStmt>
    <respStmt>
     <name>
      Анастасия Бонч-Осмоловская, Фёкла Толстая, Борис Орехов
     </name>
     <resp>
      Идея, постановка задач, руководство
     </resp>
    </respStmt>
   </titleStmt>
   <publicationStmt>
    <idno>
     Азбука  | Книга I
    </idno>
    <publisher>
     <orgName>
      Школа лингвистики НИУ ВШЭ
     </orgName>
    </publisher>
    <availability>
     <p>
      Тексты и метатекстовая разметка доступны для свободного использования и распространения по лицензии Creative Commons Attribution Share-Alike (cc by-sa)
     </p>
    </availability>
   </publicationStmt>
   <sourceDesc>
    <biblStruct>
     <analytic>
      <author>
       Толстой Л.Н.
      </author>
      <title level="a">
       Азбука. Книга I
      </title>
     </analytic>
     <monogr>
      <title level="m">
       Полное собрание сочинений. Том 22
      </title>
      <imprint>
       <pubPlace>
        Москва
       </pubPlace>
       <publisher>
        Государственное издательство "Художественная литература"
       </publisher>
       <date when="1871-1872"/>
      </imprint>
     </monogr>
     <series>
      <title level="s">
       Л.Н. Толстой. Полное собрание сочинений
      </title>
      <biblScope unit="vol">
       22
      </biblScope>
     </series>
    </biblStruct>
   </sourceDesc>
  </fileDesc>
  <encodingDesc>
   <classDecl>
    <xi:include href="taxonomy.xml"/>
   </classDecl>
  </encodingDesc>
  <profileDesc>
   <creation>
    <date notAfter="1872" notBefore="1871">
     1871-1872
    </date>
    <rs/>
   </creation>
   <textClass>
    <catRef target="#fiction" type="sphere"/>
    <catRef target="#произведения для детей" type="type"/>
    <catRef target="#works" type="works_letters_diaries"/>
    <catRef target="#азбука" type="ninetyDef"/>
    <catRef target="#Основное" type="main_var"/>
    <catRef target="#азбука" type="type_short"/>
    <catRef target="None" type="translation"/>
    <catRef target="None" type="translation_origin"/>
    <catRef target="#да" type="tolstoy_or_not"/>
    <catRef target="None" type="name_status"/>
   </textClass>
   <preparedness>
    finished
   </preparedness>
   <settingDesc>
    <time>
     XIX век
    </time>
   </settingDesc>
  </profileDesc>
  <xenoData>
   <cyclusName/>
   <p>
    Проект
    <title>
     Толстой.Digital
    </title>
    разрабатывается сотрудниками и студентами
    <orgName>
     Высшей школы экономики
    </orgName>
    в сотрудничестве с
    <orgName>
     Государственным музеем Л.Н. Толстого
    </orgName>
    . Источник текстов –
    <bibl>
     90-томное собрание сочинений Л.Н.Толстого
    </bibl>
    . Разметка основана на стандарте
    <ref target="http://www.tei-c.org">
     TEI (Text Encoding Initiative)
    </ref>
    .
   </p>
   <versionNumber/>
   <isFinished/>
   <isEdited/>
   <fullBibliographicDescription/>
  </xenoData>
 </teiHeader>
 <p rend="left emptyline">
  <pb n="370"/>
 </p>
 <div type="section" xml:id="ref163">
  <head rend="center">
   <hi rend="strong">
    <choice>
     <reg>
      СЛЕПОЙ
     </reg>
    </choice>
    И МОЛОКО.
   </hi>
  </head>
  <p rend="left" uuid="e597b936-cbeb-4026-82c4-49a2496d21fb">
   <choice>
    <reg>
     Один
    </reg>
   </choice>
   <choice>
    <reg>
     слепой
    </reg>
   </choice>
   <choice>
    <reg>
     от
    </reg>
   </choice>
   роду
   <choice>
    <reg>
     спросил
    </reg>
   </choice>
   <choice>
    <reg>
     зрячего
    </reg>
   </choice>
   :
  </p>
  <p rend="left" uuid="09951ca0-e868-4e04-b09c-aeb0afb91be2">
   Какого
   <choice>
    <reg>
     цвета
    </reg>
   </choice>
   молоко?
  </p>
  <p rend="left emptyline" uuid="575707fe-fcc4-40d8-93cd-0be6f59828b9">
   <pb n="371"/>
  </p>
  <p rend="centerline" uuid="a6233ba3-3ed5-41fa-bf87-e7b363bbee9c">
   — 3 —
  </p>
  <p rend="left" uuid="c7cc86c3-e9a6-442f-ba80-0a87b5fc193c">
   <choice>
    <reg>
     Зрячий
    </reg>
   </choice>
   <choice>
    <reg>
     сказал
    </reg>
   </choice>
   : «
   <choice>
    <reg>
     цвет
    </reg>
   </choice>
   молока такой,
   <choice>
    <reg>
     как
    </reg>
   </choice>
   бумага
   <choice>
    <reg>
     белая
    </reg>
   </choice>
   .»
  </p>
  <p rend="left" uuid="8543a12b-e272-48fc-bea8-47bd7266cd66">
   <choice>
    <reg>
     Слепой
    </reg>
   </choice>
   <choice>
    <reg>
     спросил
    </reg>
   </choice>
   : «а что,
   <choice>
    <reg>
     этот
    </reg>
   </choice>
   <choice>
    <reg>
     цвет
    </reg>
   </choice>
   такъже
   <choice>
    <reg>
     шуршит
    </reg>
   </choice>
   <choice>
    <reg>
     под
    </reg>
   </choice>
   руками,
   <choice>
    <reg>
     как
    </reg>
   </choice>
   бумага?»
  </p>
  <p rend="left" uuid="51cdb0f0-f368-485f-b055-d2f3f138f903">
   <choice>
    <reg>
     Зрячий
    </reg>
   </choice>
   <choice>
    <reg>
     сказал
    </reg>
   </choice>
   : «
   <choice>
    <reg>
     нет
    </reg>
   </choice>
   ,
   <choice>
    <reg>
     он
    </reg>
   </choice>
   <choice>
    <reg>
     белый
    </reg>
   </choice>
   ,
   <choice>
    <reg>
     как
    </reg>
   </choice>
   мука
   <choice>
    <reg>
     белая
    </reg>
   </choice>
   .»
  </p>
  <p rend="left" uuid="d4955dcf-ce60-4403-9385-b134ca5cc03d">
   <choice>
    <reg>
     Слепой
    </reg>
   </choice>
   <choice>
    <reg>
     спросил
    </reg>
   </choice>
   : «а что,
   <choice>
    <reg>
     он
    </reg>
   </choice>
   такой же
   <choice>
    <reg>
     мягкий
    </reg>
   </choice>
   и
   <choice>
    <reg>
     сыпучий
    </reg>
   </choice>
   ,
   <choice>
    <reg>
     как
    </reg>
   </choice>
   мука?»
  </p>
  <p rend="left" uuid="fa92b7ac-884b-4571-bdb6-7c13b65c1a0f">
   <choice>
    <reg>
     Зрячий
    </reg>
   </choice>
   <choice>
    <reg>
     сказал
    </reg>
   </choice>
   : «
   <choice>
    <reg>
     нет
    </reg>
   </choice>
   ,
   <choice>
    <reg>
     он
    </reg>
   </choice>
   просто
   <choice>
    <reg>
     белый
    </reg>
   </choice>
   ,
   <choice>
    <reg>
     как
    </reg>
   </choice>
   <choice>
    <reg>
     заяц
    </reg>
   </choice>
   <choice>
    <reg>
     беляк
    </reg>
   </choice>
   .»
  </p>
  <p rend="left" uuid="b092e519-e022-4b30-9ea8-62283b403702">
   <choice>
    <reg>
     Слепой
    </reg>
   </choice>
   <choice>
    <reg>
     спросил
    </reg>
   </choice>
   : «что же,
   <choice>
    <reg>
     он
    </reg>
   </choice>
   пушистый и
   <choice>
    <reg>
     мягкий
    </reg>
   </choice>
   ,
   <choice>
    <reg>
     как
    </reg>
   </choice>
   <choice>
    <reg>
     заяц
    </reg>
   </choice>
   ?»
  </p>
  <p rend="left" uuid="0b80af85-23af-4125-ab89-a02cec013035">
   <choice>
    <reg>
     Зрячий
    </reg>
   </choice>
   <choice>
    <reg>
     сказал
    </reg>
   </choice>
   : «
   <choice>
    <reg>
     нет
    </reg>
   </choice>
   ,
   <choice>
    <reg>
     белый
    </reg>
   </choice>
   <choice>
    <reg>
     цвет
    </reg>
   </choice>
   такой точно
   <choice>
    <reg>
     как
    </reg>
   </choice>
   <choice>
    <reg>
     снег
    </reg>
   </choice>
   .»
  </p>
  <p rend="left" uuid="3870aa29-f7ee-4ac2-b8e3-647e9e488efc">
   <choice>
    <reg>
     Слепой
    </reg>
   </choice>
   <choice>
    <reg>
     спросил
    </reg>
   </choice>
   : «что же,
   <choice>
    <reg>
     он
    </reg>
   </choice>
   холодный,
   <choice>
    <reg>
     как
    </reg>
   </choice>
   <choice>
    <reg>
     снег
    </reg>
   </choice>
   ?»
  </p>
  <p rend="left" uuid="caab9635-989d-4827-a55b-39d6e5d49d05">
   И сколько
   <choice>
    <reg>
     примеров
    </reg>
   </choice>
   <choice>
    <reg>
     зрячий
    </reg>
   </choice>
   ни
   <choice>
    <reg>
     говорил
    </reg>
   </choice>
   ,
   <choice>
    <reg>
     слепой
    </reg>
   </choice>
   не
   <choice>
    <reg>
     мог
    </reg>
   </choice>
   понять — какой
   <choice>
    <reg>
     бывает
    </reg>
   </choice>
   <choice>
    <reg>
     белый
    </reg>
   </choice>
   <choice>
    <reg>
     цвет
    </reg>
   </choice>
   молока.
  </p>
 </div>
</TEI>