<?xml version="1.0" encoding="utf-8"?>
<TEI xmlns="http://www.tei-c.org/ns/1.0" xmlns:xi="http://www.w3.org/2001/XInclude">
 <teiHeader>
  <fileDesc>
   <titleStmt>
    <title>
     Азбука. Книга I
    </title>
    <author>
     Толстой Л.Н.
    </author>
    <respStmt>
     <resp>
      подготовка TEI/XML
     </resp>
     <name>
      Мария Картышева, Евгений Можаев, Даниил Скоринкин, Елена Сидорова, Вероника Файнберг, Кирилл Милинцевич
     </name>
    </respStmt>
    <respStmt>
     <name>
      Анастасия Бонч-Осмоловская, Фёкла Толстая, Борис Орехов
     </name>
     <resp>
      Идея, постановка задач, руководство
     </resp>
    </respStmt>
   </titleStmt>
   <publicationStmt>
    <idno>
     Азбука  | Книга I
    </idno>
    <publisher>
     <orgName>
      Школа лингвистики НИУ ВШЭ
     </orgName>
    </publisher>
    <availability>
     <p>
      Тексты и метатекстовая разметка доступны для свободного использования и распространения по лицензии Creative Commons Attribution Share-Alike (cc by-sa)
     </p>
    </availability>
   </publicationStmt>
   <sourceDesc>
    <biblStruct>
     <analytic>
      <author>
       Толстой Л.Н.
      </author>
      <title level="a">
       Азбука. Книга I
      </title>
     </analytic>
     <monogr>
      <title level="m">
       Полное собрание сочинений. Том 22
      </title>
      <imprint>
       <pubPlace>
        Москва
       </pubPlace>
       <publisher>
        Государственное издательство "Художественная литература"
       </publisher>
       <date when="1871-1872"/>
      </imprint>
     </monogr>
     <series>
      <title level="s">
       Л.Н. Толстой. Полное собрание сочинений
      </title>
      <biblScope unit="vol">
       22
      </biblScope>
     </series>
    </biblStruct>
   </sourceDesc>
  </fileDesc>
  <encodingDesc>
   <classDecl>
    <xi:include href="taxonomy.xml"/>
   </classDecl>
  </encodingDesc>
  <profileDesc>
   <creation>
    <date notAfter="1872" notBefore="1871">
     1871-1872
    </date>
    <rs/>
   </creation>
   <textClass>
    <catRef target="#fiction" type="sphere"/>
    <catRef target="#произведения для детей" type="type"/>
    <catRef target="#works" type="works_letters_diaries"/>
    <catRef target="#азбука" type="ninetyDef"/>
    <catRef target="#Основное" type="main_var"/>
    <catRef target="#азбука" type="type_short"/>
    <catRef target="None" type="translation"/>
    <catRef target="None" type="translation_origin"/>
    <catRef target="#да" type="tolstoy_or_not"/>
    <catRef target="None" type="name_status"/>
   </textClass>
   <preparedness>
    finished
   </preparedness>
   <settingDesc>
    <time>
     XIX век
    </time>
   </settingDesc>
  </profileDesc>
  <xenoData>
   <cyclusName/>
   <p>
    Проект
    <title>
     Толстой.Digital
    </title>
    разрабатывается сотрудниками и студентами
    <orgName>
     Высшей школы экономики
    </orgName>
    в сотрудничестве с
    <orgName>
     Государственным музеем Л.Н. Толстого
    </orgName>
    . Источник текстов –
    <bibl>
     90-томное собрание сочинений Л.Н.Толстого
    </bibl>
    . Разметка основана на стандарте
    <ref target="http://www.tei-c.org">
     TEI (Text Encoding Initiative)
    </ref>
    .
   </p>
   <versionNumber/>
   <isFinished/>
   <isEdited/>
   <fullBibliographicDescription/>
  </xenoData>
 </teiHeader>
 <p rend="left emptyline">
  <pb n="575"/>
 </p>
 <div type="section" xml:id="ref250">
  <head rend="center">
   <hi rend="strong">
    ЦАРСКОЕ НОВОЕ ПЛАТЬЕ.
   </hi>
  </head>
  <p rend="left" uuid="6781e4e8-c856-4652-a48a-f7338a15caaa">
   <choice>
    <reg>
     Один
    </reg>
   </choice>
   Царь
   <choice>
    <reg>
     был
    </reg>
   </choice>
   <choice>
    <reg>
     охотник
    </reg>
   </choice>
   до
   <choice>
    <reg>
     хороших
    </reg>
   </choice>
   <choice>
    <reg>
     платьев
    </reg>
   </choice>
   .
   <choice>
    <reg>
     Он
    </reg>
   </choice>
   ни
   <choice>
    <reg>
     об
    </reg>
   </choice>
   <choice>
    <reg>
     чем
    </reg>
   </choice>
   больше не
   <choice>
    <reg>
     думал
    </reg>
   </choice>
   , только
   <choice>
    <reg>
     как
    </reg>
   </choice>
   бы ему получше нарядиться. Пришли
   <choice>
    <reg>
     к
    </reg>
   </choice>
   нему
   <choice>
    <reg>
     один
    </reg>
   </choice>
   <choice>
    <reg>
     раз
    </reg>
   </choice>
   два портные мастера и
   <choice>
    <reg>
     говорят
    </reg>
   </choice>
   : мы
   <choice>
    <reg>
     можем
    </reg>
   </choice>
   сшить такое нарядное платье, какого еще никогда ни у кого не было. Только если кто
   <choice>
    <reg>
     глуп
    </reg>
   </choice>
   и
   <choice>
    <reg>
     к
    </reg>
   </choice>
   своей должности не годится,
   <choice>
    <reg>
     тот
    </reg>
   </choice>
   платья нашего не
   <choice>
    <reg>
     может
    </reg>
   </choice>
   <choice>
    <reg>
     видеть
    </reg>
   </choice>
   . Кто
   <choice>
    <reg>
     умен
    </reg>
   </choice>
   ,
   <choice>
    <reg>
     тот
    </reg>
   </choice>
   <choice>
    <reg>
     будет
    </reg>
   </choice>
   <choice>
    <reg>
     видеть
    </reg>
   </choice>
   , а кто
   <choice>
    <reg>
     глуп
    </reg>
   </choice>
   ,
   <choice>
    <reg>
     тот
    </reg>
   </choice>
   <choice>
    <reg>
     рядом
    </reg>
   </choice>
   <choice>
    <reg>
     будет
    </reg>
   </choice>
   стоять и не
   <choice>
    <reg>
     увидит
    </reg>
   </choice>
   платья нашей работы. Царь обрадовался
   <choice>
    <reg>
     портным
    </reg>
   </choice>
   и
   <choice>
    <reg>
     велел
    </reg>
   </choice>
   сшить на себя платье.
   <choice>
    <reg>
     Портным
    </reg>
   </choice>
   отвели во
   <choice>
    <reg>
     дворце
    </reg>
   </choice>
   горницу и дали
   <choice>
    <reg>
     им
    </reg>
   </choice>
   бархату, шолку, золота, — всего, чтó нужно было для платья. Когда прошла
   <choice>
    <reg>
     неделя
    </reg>
   </choice>
   , Царь
   <choice>
    <reg>
     послал
    </reg>
   </choice>
   своего министра узнать, готово ли новое платье.
   <choice>
    <reg>
     Министр
    </reg>
   </choice>
   <choice>
    <reg>
     пришел
    </reg>
   </choice>
   и
   <choice>
    <reg>
     спросил
    </reg>
   </choice>
   ; портные сказали, что готово и показали министру пустое
   <choice>
    <reg>
     место
    </reg>
   </choice>
   .
   <choice>
    <reg>
     Министр
    </reg>
   </choice>
   <choice>
    <reg>
     знал
    </reg>
   </choice>
   , что если кто
   <choice>
    <reg>
     глуп
    </reg>
   </choice>
   и
   <choice>
    <reg>
     к
    </reg>
   </choice>
   своей должности не годится, то
   <choice>
    <reg>
     тот
    </reg>
   </choice>
   не
   <choice>
    <reg>
     может
    </reg>
   </choice>
   <choice>
    <reg>
     видеть
    </reg>
   </choice>
   платья; и
   <choice>
    <reg>
     он
    </reg>
   </choice>
   притворился,
  </p>
  <p rend="left emptyline" uuid="3fac4317-e205-41fd-8db9-e1d9e7094016">
   <pb n="576"/>
  </p>
  <p rend="centerline" uuid="32c26df7-0b3b-496b-a83b-600247b6f1cc">
   — 16 —
  </p>
  <p rend="notindent" uuid="6124629a-2ab7-45c0-8acc-c38ac81156e0">
   что
   <choice>
    <reg>
     видит
    </reg>
   </choice>
   платье и
   <choice>
    <reg>
     похвалил
    </reg>
   </choice>
   . Царь
   <choice>
    <reg>
     велел
    </reg>
   </choice>
   <choice>
    <reg>
     себе
    </reg>
   </choice>
   принести платье. Ему принесли и показали пустое
   <choice>
    <reg>
     место
    </reg>
   </choice>
   ; Царь тоже притворился, что
   <choice>
    <reg>
     он
    </reg>
   </choice>
   <choice>
    <reg>
     видит
    </reg>
   </choice>
   новое платье,
   <choice>
    <reg>
     снял
    </reg>
   </choice>
   свое старое платье и
   <choice>
    <reg>
     велел
    </reg>
   </choice>
   <choice>
    <reg>
     надеть
    </reg>
   </choice>
   на себя новое. Когда Царь
   <choice>
    <reg>
     пошел
    </reg>
   </choice>
   <choice>
    <reg>
     в
    </reg>
   </choice>
   <choice>
    <reg>
     новом
    </reg>
   </choice>
   <choice>
    <reg>
     платье
    </reg>
   </choice>
   гулять по городу, —
   <choice>
    <reg>
     все
    </reg>
   </choice>
   <choice>
    <reg>
     видели
    </reg>
   </choice>
   , что на
   <choice>
    <reg>
     Царе
    </reg>
   </choice>
   <choice>
    <reg>
     нет
    </reg>
   </choice>
   никакого платья; но
   <choice>
    <reg>
     все
    </reg>
   </choice>
   боялись сказать, что они не
   <choice>
    <reg>
     видят
    </reg>
   </choice>
   платья, потому что слышали, что только глупый не
   <choice>
    <reg>
     может
    </reg>
   </choice>
   <choice>
    <reg>
     видеть
    </reg>
   </choice>
   <choice>
    <reg>
     нового
    </reg>
   </choice>
   платья. И каждый
   <choice>
    <reg>
     думал
    </reg>
   </choice>
   только про себя, что
   <choice>
    <reg>
     он
    </reg>
   </choice>
   не
   <choice>
    <reg>
     видит
    </reg>
   </choice>
   , а
   <choice>
    <reg>
     думал
    </reg>
   </choice>
   , что
   <choice>
    <reg>
     другие
    </reg>
   </choice>
   <choice>
    <reg>
     все
    </reg>
   </choice>
   <choice>
    <reg>
     видят
    </reg>
   </choice>
   .
   <choice>
    <reg>
     Так
    </reg>
   </choice>
   Царь
   <choice>
    <reg>
     гулял
    </reg>
   </choice>
   по городу, и
   <choice>
    <reg>
     все
    </reg>
   </choice>
   хвалили новое платье.
   <choice>
    <reg>
     Вдруг
    </reg>
   </choice>
   <choice>
    <reg>
     один
    </reg>
   </choice>
   <choice>
    <reg>
     дурачек
    </reg>
   </choice>
   <choice>
    <reg>
     увидал
    </reg>
   </choice>
   Царя и
   <choice>
    <reg>
     закричал
    </reg>
   </choice>
   : «смотрите, Царь по
   <choice>
    <reg>
     улицам
    </reg>
   </choice>
   <choice>
    <reg>
     ходит
    </reg>
   </choice>
   <choice>
    <reg>
     раздевшись
    </reg>
   </choice>
   !» И Царю стадо стыдно, что
   <choice>
    <reg>
     он
    </reg>
   </choice>
   не
   <choice>
    <reg>
     одет
    </reg>
   </choice>
   , и
   <choice>
    <reg>
     все
    </reg>
   </choice>
   увидали, что на
   <choice>
    <reg>
     Царе
    </reg>
   </choice>
   ничего не было.
  </p>
  <p rend="left emptyline" uuid="5e8dc3aa-7083-4463-ae9a-cce603b904cf">
   <pb n="577"/>
  </p>
 </div>
</TEI>