<?xml version="1.0" encoding="utf-8"?>
<TEI xmlns="http://www.tei-c.org/ns/1.0" xmlns:xi="http://www.w3.org/2001/XInclude">
 <teiHeader>
  <fileDesc>
   <titleStmt>
    <title>
     Азбука. Книга I
    </title>
    <author>
     Толстой Л.Н.
    </author>
    <respStmt>
     <resp>
      подготовка TEI/XML
     </resp>
     <name>
      Мария Картышева, Евгений Можаев, Даниил Скоринкин, Елена Сидорова, Вероника Файнберг, Кирилл Милинцевич
     </name>
    </respStmt>
    <respStmt>
     <name>
      Анастасия Бонч-Осмоловская, Фёкла Толстая, Борис Орехов
     </name>
     <resp>
      Идея, постановка задач, руководство
     </resp>
    </respStmt>
   </titleStmt>
   <publicationStmt>
    <idno>
     Азбука  | Книга I
    </idno>
    <publisher>
     <orgName>
      Школа лингвистики НИУ ВШЭ
     </orgName>
    </publisher>
    <availability>
     <p>
      Тексты и метатекстовая разметка доступны для свободного использования и распространения по лицензии Creative Commons Attribution Share-Alike (cc by-sa)
     </p>
    </availability>
   </publicationStmt>
   <sourceDesc>
    <biblStruct>
     <analytic>
      <author>
       Толстой Л.Н.
      </author>
      <title level="a">
       Азбука. Книга I
      </title>
     </analytic>
     <monogr>
      <title level="m">
       Полное собрание сочинений. Том 22
      </title>
      <imprint>
       <pubPlace>
        Москва
       </pubPlace>
       <publisher>
        Государственное издательство "Художественная литература"
       </publisher>
       <date when="1871-1872"/>
      </imprint>
     </monogr>
     <series>
      <title level="s">
       Л.Н. Толстой. Полное собрание сочинений
      </title>
      <biblScope unit="vol">
       22
      </biblScope>
     </series>
    </biblStruct>
   </sourceDesc>
  </fileDesc>
  <encodingDesc>
   <classDecl>
    <xi:include href="taxonomy.xml"/>
   </classDecl>
  </encodingDesc>
  <profileDesc>
   <creation>
    <date notAfter="1872" notBefore="1871">
     1871-1872
    </date>
    <rs/>
   </creation>
   <textClass>
    <catRef target="#fiction" type="sphere"/>
    <catRef target="#произведения для детей" type="type"/>
    <catRef target="#works" type="works_letters_diaries"/>
    <catRef target="#азбука" type="ninetyDef"/>
    <catRef target="#Основное" type="main_var"/>
    <catRef target="#азбука" type="type_short"/>
    <catRef target="None" type="translation"/>
    <catRef target="None" type="translation_origin"/>
    <catRef target="#да" type="tolstoy_or_not"/>
    <catRef target="None" type="name_status"/>
   </textClass>
   <preparedness>
    finished
   </preparedness>
   <settingDesc>
    <time>
     XIX век
    </time>
   </settingDesc>
  </profileDesc>
  <xenoData>
   <cyclusName/>
   <p>
    Проект
    <title>
     Толстой.Digital
    </title>
    разрабатывается сотрудниками и студентами
    <orgName>
     Высшей школы экономики
    </orgName>
    в сотрудничестве с
    <orgName>
     Государственным музеем Л.Н. Толстого
    </orgName>
    . Источник текстов –
    <bibl>
     90-томное собрание сочинений Л.Н.Толстого
    </bibl>
    . Разметка основана на стандарте
    <ref target="http://www.tei-c.org">
     TEI (Text Encoding Initiative)
    </ref>
    .
   </p>
   <versionNumber/>
   <isFinished/>
   <isEdited/>
   <fullBibliographicDescription/>
  </xenoData>
 </teiHeader>
 <p rend="left emptyline">
  <pb n="388"/>
 </p>
 <div type="section" xml:id="ref182">
  <head rend="center">
   <hi rend="strong">
    ЦАРСКІЕ БРАТЬЯ.
   </hi>
  </head>
  <p rend="left" uuid="c899a0b8-d15a-428f-96fc-ed130b39b270">
   <choice>
    <reg>
     Один
    </reg>
   </choice>
   Царь
   <choice>
    <reg>
     шёл
    </reg>
   </choice>
   по
   <choice>
    <reg>
     улице
    </reg>
   </choice>
   .
   <choice>
    <reg>
     Нищий
    </reg>
   </choice>
   <choice>
    <reg>
     подошёл
    </reg>
   </choice>
   <choice>
    <reg>
     к
    </reg>
   </choice>
   нему и
   <choice>
    <reg>
     стал
    </reg>
   </choice>
   просить милостыню.
  </p>
  <p rend="left" uuid="4fca6072-7f9f-4619-bcfd-afe0a71c041b">
   Царь не
   <choice>
    <reg>
     дал
    </reg>
   </choice>
   ничего.
   <choice>
    <reg>
     Нищий
    </reg>
   </choice>
   <choice>
    <reg>
     сказал
    </reg>
   </choice>
   . «Царь, ты видно
   <choice>
    <reg>
     забыл
    </reg>
   </choice>
   , что
   <choice>
    <reg>
     Бог
    </reg>
   </choice>
   <choice>
    <reg>
     всем
    </reg>
   </choice>
   <choice>
    <reg>
     один
    </reg>
   </choice>
   <choice>
    <reg>
     Отец
    </reg>
   </choice>
   , мы
   <choice>
    <reg>
     все
    </reg>
   </choice>
   братья и
   <choice>
    <reg>
     нам
    </reg>
   </choice>
   <choice>
    <reg>
     всем
    </reg>
   </choice>
   <choice>
    <reg>
     делиться
    </reg>
   </choice>
   надо». Тогда Царь остановился и
   <choice>
    <reg>
     сказал
    </reg>
   </choice>
   : «ты правду говоришь, мы братья и
   <choice>
    <reg>
     нам
    </reg>
   </choice>
   <choice>
    <reg>
     делиться
    </reg>
   </choice>
   надо», и
   <choice>
    <reg>
     дал
    </reg>
   </choice>
   нищему золотую деньгу.
   <choice>
    <reg>
     Нищий
    </reg>
   </choice>
   <choice>
    <reg>
     взял
    </reg>
   </choice>
   золотую деньгу и
   <choice>
    <reg>
     сказал
    </reg>
   </choice>
   : «Ты мало
   <choice>
    <reg>
     дал
    </reg>
   </choice>
   ;
   <choice>
    <reg>
     разве
    </reg>
   </choice>
   <choice>
    <reg>
     так
    </reg>
   </choice>
   <choice>
    <reg>
     делятся
    </reg>
   </choice>
   <choice>
    <reg>
     с
    </reg>
   </choice>
   братьями? Надо
   <choice>
    <reg>
     делить
    </reg>
   </choice>
   пóровну. У тебя
   <choice>
    <reg>
     миллион
    </reg>
   </choice>
   <choice>
    <reg>
     денег
    </reg>
   </choice>
   , а ты
   <choice>
    <reg>
     мне
    </reg>
   </choice>
   <choice>
    <reg>
     дал
    </reg>
   </choice>
   одну.» Тогда Царь
   <choice>
    <reg>
     сказал
    </reg>
   </choice>
   : «то правда, что
  </p>
  <p rend="left emptyline" uuid="8831d6e9-ccfe-41a8-9750-62f6e4936bc5">
   <pb n="389"/>
  </p>
  <p rend="centerline" uuid="5b19179a-051c-4a5f-aea6-ca1e8f5a64f1">
   — 21 —
  </p>
  <p rend="notindent" uuid="d5d2eb46-9f2a-4c1b-8a98-3f7f3c4e0658">
   у меня
   <choice>
    <reg>
     миллион
    </reg>
   </choice>
   <choice>
    <reg>
     денег
    </reg>
   </choice>
   , а я
   <choice>
    <reg>
     тебе
    </reg>
   </choice>
   <choice>
    <reg>
     дал
    </reg>
   </choice>
   одну; но у меня и
   <choice>
    <reg>
     братьев
    </reg>
   </choice>
   столько же, сколько
   <choice>
    <reg>
     денег
    </reg>
   </choice>
   ».
  </p>
 </div>
</TEI>