<?xml version="1.0" encoding="utf-8"?>
<TEI xmlns="http://www.tei-c.org/ns/1.0" xmlns:xi="http://www.w3.org/2001/XInclude">
 <teiHeader>
  <fileDesc>
   <titleStmt>
    <title>
     Азбука. Книга I
    </title>
    <author>
     Толстой Л.Н.
    </author>
    <respStmt>
     <resp>
      подготовка TEI/XML
     </resp>
     <name>
      Мария Картышева, Евгений Можаев, Даниил Скоринкин, Елена Сидорова, Вероника Файнберг, Кирилл Милинцевич
     </name>
    </respStmt>
    <respStmt>
     <name>
      Анастасия Бонч-Осмоловская, Фёкла Толстая, Борис Орехов
     </name>
     <resp>
      Идея, постановка задач, руководство
     </resp>
    </respStmt>
   </titleStmt>
   <publicationStmt>
    <idno>
     Азбука  | Книга I
    </idno>
    <publisher>
     <orgName>
      Школа лингвистики НИУ ВШЭ
     </orgName>
    </publisher>
    <availability>
     <p>
      Тексты и метатекстовая разметка доступны для свободного использования и распространения по лицензии Creative Commons Attribution Share-Alike (cc by-sa)
     </p>
    </availability>
   </publicationStmt>
   <sourceDesc>
    <biblStruct>
     <analytic>
      <author>
       Толстой Л.Н.
      </author>
      <title level="a">
       Азбука. Книга I
      </title>
     </analytic>
     <monogr>
      <title level="m">
       Полное собрание сочинений. Том 22
      </title>
      <imprint>
       <pubPlace>
        Москва
       </pubPlace>
       <publisher>
        Государственное издательство "Художественная литература"
       </publisher>
       <date when="1871-1872"/>
      </imprint>
     </monogr>
     <series>
      <title level="s">
       Л.Н. Толстой. Полное собрание сочинений
      </title>
      <biblScope unit="vol">
       22
      </biblScope>
     </series>
    </biblStruct>
   </sourceDesc>
  </fileDesc>
  <encodingDesc>
   <classDecl>
    <xi:include href="taxonomy.xml"/>
   </classDecl>
  </encodingDesc>
  <profileDesc>
   <creation>
    <date notAfter="1872" notBefore="1871">
     1871-1872
    </date>
    <rs/>
   </creation>
   <textClass>
    <catRef target="#fiction" type="sphere"/>
    <catRef target="#произведения для детей" type="type"/>
    <catRef target="#works" type="works_letters_diaries"/>
    <catRef target="#азбука" type="ninetyDef"/>
    <catRef target="#Основное" type="main_var"/>
    <catRef target="#азбука" type="type_short"/>
    <catRef target="None" type="translation"/>
    <catRef target="None" type="translation_origin"/>
    <catRef target="#да" type="tolstoy_or_not"/>
    <catRef target="None" type="name_status"/>
   </textClass>
   <preparedness>
    finished
   </preparedness>
   <settingDesc>
    <time>
     XIX век
    </time>
   </settingDesc>
  </profileDesc>
  <xenoData>
   <cyclusName/>
   <p>
    Проект
    <title>
     Толстой.Digital
    </title>
    разрабатывается сотрудниками и студентами
    <orgName>
     Высшей школы экономики
    </orgName>
    в сотрудничестве с
    <orgName>
     Государственным музеем Л.Н. Толстого
    </orgName>
    . Источник текстов –
    <bibl>
     90-томное собрание сочинений Л.Н.Толстого
    </bibl>
    . Разметка основана на стандарте
    <ref target="http://www.tei-c.org">
     TEI (Text Encoding Initiative)
    </ref>
    .
   </p>
   <versionNumber/>
   <isFinished/>
   <isEdited/>
   <fullBibliographicDescription/>
  </xenoData>
 </teiHeader>
 <p rend="left emptyline">
  <pb n="623"/>
 </p>
 <div type="section" xml:id="ref255">
  <head rend="center">
   <hi rend="strong">
    ШЕЛКОВИЧНЫЙ ЧЕРВЬ.
   </hi>
  </head>
  <p rend="left" uuid="6293e7d5-5149-450f-b8fd-cb7db213291a">
   У меня были
   <choice>
    <reg>
     старые
    </reg>
   </choice>
   <choice>
    <reg>
     тутовые
    </reg>
   </choice>
   деревья
   <choice>
    <reg>
     в
    </reg>
   </choice>
   саду. Еще
   <choice>
    <reg>
     дедушка
    </reg>
   </choice>
   мой
   <choice>
    <reg>
     посадил
    </reg>
   </choice>
   <choice>
    <reg>
     их
    </reg>
   </choice>
   .
   <choice>
    <reg>
     Мне
    </reg>
   </choice>
   дали осенью
   <choice>
    <reg>
     золотник
    </reg>
   </choice>
  </p>
  <p rend="left emptyline" uuid="2cae1cec-d998-4d83-bf23-835ff7ad2ec5">
   <pb n="624"/>
  </p>
  <p rend="centerline" uuid="d8283d36-c9a2-446b-bfcb-bc143e4de45e">
   — 64 —
  </p>
  <p rend="notindent" uuid="e6f10b92-a93d-47da-a9e2-1e0233d50b24">
   <choice>
    <reg>
     семян
    </reg>
   </choice>
   <choice>
    <reg>
     шелковичных
    </reg>
   </choice>
   червей и
   <choice>
    <reg>
     присоветовали
    </reg>
   </choice>
   выводить червей и
   <choice>
    <reg>
     делать
    </reg>
   </choice>
   <choice>
    <reg>
     шелк
    </reg>
   </choice>
   .
   <choice>
    <reg>
     Семяна
    </reg>
   </choice>
   эти —
   <choice>
    <reg>
     темносерые
    </reg>
   </choice>
   , и
   <choice>
    <reg>
     такие
    </reg>
   </choice>
   <choice>
    <reg>
     маленькия
    </reg>
   </choice>
   , что
   <choice>
    <reg>
     в
    </reg>
   </choice>
   <choice>
    <reg>
     моем
    </reg>
   </choice>
   <choice>
    <reg>
     золотнике
    </reg>
   </choice>
   я
   <choice>
    <reg>
     сосчитал
    </reg>
   </choice>
   <choice>
    <reg>
     их
    </reg>
   </choice>
   5835. Они меньше самой маленькой булавочной головки. Они
   <choice>
    <reg>
     совсем
    </reg>
   </choice>
   <choice>
    <reg>
     мертвые
    </reg>
   </choice>
   ; только когда раздавишь,
   <choice>
    <reg>
     так
    </reg>
   </choice>
   они
   <choice>
    <reg>
     щелкнут
    </reg>
   </choice>
  </p>
  <p rend="left" uuid="c63f0434-75b9-4a0d-9711-0a4db3e7d4b4">
   <choice>
    <reg>
     Семечки
    </reg>
   </choice>
   валялись у меня на
   <choice>
    <reg>
     столе
    </reg>
   </choice>
   , и я было
   <choice>
    <reg>
     забыл
    </reg>
   </choice>
   про
   <choice>
    <reg>
     них
    </reg>
   </choice>
   .
  </p>
  <p rend="left" uuid="a6be70a1-42ae-4e9b-8874-3b884df36159">
   Но
   <choice>
    <reg>
     раз
    </reg>
   </choice>
   весной я
   <choice>
    <reg>
     пошел
    </reg>
   </choice>
   <choice>
    <reg>
     в
    </reg>
   </choice>
   <choice>
    <reg>
     сад
    </reg>
   </choice>
   и
   <choice>
    <reg>
     заметил
    </reg>
   </choice>
   , что почка на
   <choice>
    <reg>
     тутовике
    </reg>
   </choice>
   стала распускаться, и на
   <choice>
    <reg>
     припоре
    </reg>
   </choice>
   <choice>
    <reg>
     солнечном
    </reg>
   </choice>
   <choice>
    <reg>
     уж
    </reg>
   </choice>
   <choice>
    <reg>
     был
    </reg>
   </choice>
   <choice>
    <reg>
     лист
    </reg>
   </choice>
   . Я
   <choice>
    <reg>
     вспомнил
    </reg>
   </choice>
   про
   <choice>
    <reg>
     семена
    </reg>
   </choice>
   червей и дома
   <choice>
    <reg>
     стал
    </reg>
   </choice>
   перебирать
   <choice>
    <reg>
     их
    </reg>
   </choice>
   и
   <choice>
    <reg>
     рассыпал
    </reg>
   </choice>
   <choice>
    <reg>
     попросторнее
    </reg>
   </choice>
   . Большая часть
   <choice>
    <reg>
     семечек
    </reg>
   </choice>
   были уже не
   <choice>
    <reg>
     темносерые
    </reg>
   </choice>
   ,
   <choice>
    <reg>
     как
    </reg>
   </choice>
   прежде, а одни были
   <choice>
    <reg>
     светлосерые
    </reg>
   </choice>
   , a
   <choice>
    <reg>
     другие
    </reg>
   </choice>
   еще
   <choice>
    <reg>
     светлее
    </reg>
   </choice>
   ,
   <choice>
    <reg>
     с
    </reg>
   </choice>
   <choice>
    <reg>
     молочным
    </reg>
   </choice>
   <choice>
    <reg>
     отливом
    </reg>
   </choice>
   .
  </p>
  <p rend="left" uuid="774807af-b337-4f0d-8dc3-8cac74cd620a">
   На другое утро я рано
   <choice>
    <reg>
     посмотрел
    </reg>
   </choice>
   яички и
   <choice>
    <reg>
     увидал
    </reg>
   </choice>
   , что
   <choice>
    <reg>
     из
    </reg>
   </choice>
   <choice>
    <reg>
     одних
    </reg>
   </choice>
   червячки уже вышли, a
   <choice>
    <reg>
     другие
    </reg>
   </choice>
   разбухли и налились. Они видно почувствовали
   <choice>
    <reg>
     в
    </reg>
   </choice>
   <choice>
    <reg>
     своих
    </reg>
   </choice>
   <choice>
    <reg>
     скорлупках
    </reg>
   </choice>
   , что
   <choice>
    <reg>
     корм
    </reg>
   </choice>
   <choice>
    <reg>
     их
    </reg>
   </choice>
   <choice>
    <reg>
     поспел
    </reg>
   </choice>
   .
  </p>
  <p rend="left" uuid="7fe0c3c2-2394-4b33-8fdf-9a3ef2a8dd51">
   Червячки были черные, мохнатые и
   <choice>
    <reg>
     такие
    </reg>
   </choice>
   <choice>
    <reg>
     маленькие
    </reg>
   </choice>
   , что трудно
   <choice>
    <reg>
     их
    </reg>
   </choice>
   было
   <choice>
    <reg>
     рассмотреть
    </reg>
   </choice>
   . Я
   <choice>
    <reg>
     поглядел
    </reg>
   </choice>
   <choice>
    <reg>
     в
    </reg>
   </choice>
   увеличительное стекло на
   <choice>
    <reg>
     них
    </reg>
   </choice>
   и
   <choice>
    <reg>
     увидал
    </reg>
   </choice>
   , что они
   <choice>
    <reg>
     в
    </reg>
   </choice>
   <choice>
    <reg>
     яичке
    </reg>
   </choice>
   <choice>
    <reg>
     лежат
    </reg>
   </choice>
   свернутые
   <choice>
    <reg>
     колечком
    </reg>
   </choice>
   , и
   <choice>
    <reg>
     как
    </reg>
   </choice>
   <choice>
    <reg>
     выходят
    </reg>
   </choice>
   ,
   <choice>
    <reg>
     так
    </reg>
   </choice>
   выпрямляются. Я
   <choice>
    <reg>
     пошел
    </reg>
   </choice>
   <choice>
    <reg>
     в
    </reg>
   </choice>
   <choice>
    <reg>
     сад
    </reg>
   </choice>
   за тутовыми листьями,
   <choice>
    <reg>
     набрал
    </reg>
   </choice>
   пригоршни три,
   <choice>
    <reg>
     положил
    </reg>
   </choice>
   <choice>
    <reg>
     к
    </reg>
   </choice>
   <choice>
    <reg>
     себе
    </reg>
   </choice>
   на
   <choice>
    <reg>
     стол
    </reg>
   </choice>
   и принялся готовить для червей
   <choice>
    <reg>
     место
    </reg>
   </choice>
   ,
   <choice>
    <reg>
     так
    </reg>
   </choice>
   <choice>
    <reg>
     как
    </reg>
   </choice>
   меня учили.
  </p>
  <p rend="left" uuid="26390dd7-be96-4abd-bf28-5a83ef31a997">
   Пока я
   <choice>
    <reg>
     готовил
    </reg>
   </choice>
   бумагу, червячки почуяли на
   <choice>
    <reg>
     столе
    </reg>
   </choice>
   свой
   <choice>
    <reg>
     корм
    </reg>
   </choice>
   и поползли
   <choice>
    <reg>
     к
    </reg>
   </choice>
   нему. Я
   <choice>
    <reg>
     отодвинул
    </reg>
   </choice>
   и
   <choice>
    <reg>
     стал
    </reg>
   </choice>
   манить червей на
   <choice>
    <reg>
     лист
    </reg>
   </choice>
   , и они,
   <choice>
    <reg>
     как
    </reg>
   </choice>
   собаки за
   <choice>
    <reg>
     куском
    </reg>
   </choice>
   мяса, ползли за
   <choice>
    <reg>
     листом
    </reg>
   </choice>
   по сукну стола
   <choice>
    <reg>
     через
    </reg>
   </choice>
   карандаши,
  </p>
  <p rend="left emptyline" uuid="faff487c-d624-4c41-8e8b-67213e9975ec">
   <pb n="625"/>
  </p>
  <p rend="centerline" uuid="90aae347-1c2a-480e-817c-4577d6bf929d">
   — 65 —
  </p>
  <p rend="notindent" uuid="ed39f196-6460-4249-aaf9-6eb938214f90">
   ножницы и бумагу. Тогда я
   <choice>
    <reg>
     нарезал
    </reg>
   </choice>
   бумаги,
   <choice>
    <reg>
     протыкал
    </reg>
   </choice>
   ее
   <choice>
    <reg>
     ножичком
    </reg>
   </choice>
   , на бумагу
   <choice>
    <reg>
     наложил
    </reg>
   </choice>
   листья, и
   <choice>
    <reg>
     совсем
    </reg>
   </choice>
   <choice>
    <reg>
     с
    </reg>
   </choice>
   <choice>
    <reg>
     листом
    </reg>
   </choice>
   <choice>
    <reg>
     наложил
    </reg>
   </choice>
   бумагу на
   <choice>
    <reg>
     червяков
    </reg>
   </choice>
   . Червячки
   <choice>
    <reg>
     пролезли
    </reg>
   </choice>
   <choice>
    <reg>
     в
    </reg>
   </choice>
   дырочки,
   <choice>
    <reg>
     все
    </reg>
   </choice>
   взобрались на
   <choice>
    <reg>
     лист
    </reg>
   </choice>
   и
   <choice>
    <reg>
     сейчас
    </reg>
   </choice>
   же принялись за
   <choice>
    <reg>
     еду
    </reg>
   </choice>
   .
  </p>
  <p rend="left" uuid="79df4dc8-ba38-40ef-91be-7d9f92da50b2">
   На
   <choice>
    <reg>
     других
    </reg>
   </choice>
   червей, когда они вывелись, я также
   <choice>
    <reg>
     наложил
    </reg>
   </choice>
   бумагу
   <choice>
    <reg>
     с
    </reg>
   </choice>
   <choice>
    <reg>
     листом
    </reg>
   </choice>
   , и
   <choice>
    <reg>
     все
    </reg>
   </choice>
   <choice>
    <reg>
     пролезли
    </reg>
   </choice>
   <choice>
    <reg>
     в
    </reg>
   </choice>
   дырочки и принялись
   <choice>
    <reg>
     есть
    </reg>
   </choice>
   . На
   <choice>
    <reg>
     каждом
    </reg>
   </choice>
   <choice>
    <reg>
     листе
    </reg>
   </choice>
   бумаги,
   <choice>
    <reg>
     все
    </reg>
   </choice>
   червяки собирались
   <choice>
    <reg>
     вместе
    </reg>
   </choice>
   и
   <choice>
    <reg>
     с
    </reg>
   </choice>
   <choice>
    <reg>
     краев
    </reg>
   </choice>
   <choice>
    <reg>
     объедали
    </reg>
   </choice>
   <choice>
    <reg>
     лист
    </reg>
   </choice>
   .
   <choice>
    <reg>
     Потом
    </reg>
   </choice>
   , когда
   <choice>
    <reg>
     съедали
    </reg>
   </choice>
   все, то ползали по
   <choice>
    <reg>
     бумаге
    </reg>
   </choice>
   и искали
   <choice>
    <reg>
     нового
    </reg>
   </choice>
   корма. Тогда я
   <choice>
    <reg>
     накладывал
    </reg>
   </choice>
   на
   <choice>
    <reg>
     них
    </reg>
   </choice>
   новые листы дырявой бумаги
   <choice>
    <reg>
     с
    </reg>
   </choice>
   <choice>
    <reg>
     тутовым
    </reg>
   </choice>
   <choice>
    <reg>
     листом
    </reg>
   </choice>
   , и они
   <choice>
    <reg>
     перелезали
    </reg>
   </choice>
   на новый
   <choice>
    <reg>
     корм
    </reg>
   </choice>
   .
  </p>
  <p rend="left" uuid="c9ff32a4-4e54-46f4-aa7d-4b3ca5474162">
   Они лежали у меня на
   <choice>
    <reg>
     полке
    </reg>
   </choice>
   , и когда листа не было, они ползали по
   <choice>
    <reg>
     полке
    </reg>
   </choice>
   , приползали
   <choice>
    <reg>
     к
    </reg>
   </choice>
   самому краю, но никогда не спадали
   <choice>
    <reg>
     вниз
    </reg>
   </choice>
   ,
   <choice>
    <reg>
     даром
    </reg>
   </choice>
   что они
   <choice>
    <reg>
     слепые
    </reg>
   </choice>
   .
   <choice>
    <reg>
     Как
    </reg>
   </choice>
   только
   <choice>
    <reg>
     червяк
    </reg>
   </choice>
   <choice>
    <reg>
     подойдет
    </reg>
   </choice>
   <choice>
    <reg>
     к
    </reg>
   </choice>
   обрыву,
   <choice>
    <reg>
     он
    </reg>
   </choice>
   , прежде
   <choice>
    <reg>
     чем
    </reg>
   </choice>
   спускаться, изо рта
   <choice>
    <reg>
     выпустит
    </reg>
   </choice>
   паутинку и на ней приклеится
   <choice>
    <reg>
     к
    </reg>
   </choice>
   краю, спустится,
   <choice>
    <reg>
     повисит
    </reg>
   </choice>
   , поосмотрится, и если
   <choice>
    <reg>
     хочет
    </reg>
   </choice>
   спуститься — спустится, а если
   <choice>
    <reg>
     хочет
    </reg>
   </choice>
   вернуться
   <choice>
    <reg>
     назад
    </reg>
   </choice>
   , то втянется
   <choice>
    <reg>
     назад
    </reg>
   </choice>
   по своей
   <choice>
    <reg>
     паутинке
    </reg>
   </choice>
   .
  </p>
  <p rend="left" uuid="755f23d6-7c89-4046-869a-01c94f313728">
   <choice>
    <reg>
     Целые
    </reg>
   </choice>
   сутки червяки только и
   <choice>
    <reg>
     делали
    </reg>
   </choice>
   , что
   <choice>
    <reg>
     ели
    </reg>
   </choice>
   . И листу все
   <choice>
    <reg>
     им
    </reg>
   </choice>
   надо было подавать больше и больше. Когда
   <choice>
    <reg>
     им
    </reg>
   </choice>
   принесешь
   <choice>
    <reg>
     свежий
    </reg>
   </choice>
   <choice>
    <reg>
     лист
    </reg>
   </choice>
   и они переберутся на него, то
   <choice>
    <reg>
     делается
    </reg>
   </choice>
   <choice>
    <reg>
     шум
    </reg>
   </choice>
   , точно дождь по
   <choice>
    <reg>
     листьям
    </reg>
   </choice>
   : это они
   <choice>
    <reg>
     начинают
    </reg>
   </choice>
   <choice>
    <reg>
     есть
    </reg>
   </choice>
   <choice>
    <reg>
     свежий
    </reg>
   </choice>
   <choice>
    <reg>
     лист
    </reg>
   </choice>
   .
  </p>
  <p rend="left" uuid="5b941407-bde7-4459-87cc-0c0f5aa84569">
   <choice>
    <reg>
     Так
    </reg>
   </choice>
   <choice>
    <reg>
     старшие
    </reg>
   </choice>
   черви жили пять дней. Уже они очень выросли и стали
   <choice>
    <reg>
     есть
    </reg>
   </choice>
   <choice>
    <reg>
     в
    </reg>
   </choice>
   10
   <choice>
    <reg>
     раз
    </reg>
   </choice>
   больше
   <choice>
    <reg>
     против
    </reg>
   </choice>
   <choice>
    <reg>
     прежнего
    </reg>
   </choice>
   . На пятый день, я
   <choice>
    <reg>
     знал
    </reg>
   </choice>
   , что
   <choice>
    <reg>
     им
    </reg>
   </choice>
   надо засыпать, и все
   <choice>
    <reg>
     ждал
    </reg>
   </choice>
   , когда это
   <choice>
    <reg>
     будет
    </reg>
   </choice>
   .
   <choice>
    <reg>
     К
    </reg>
   </choice>
   вечеру на
  </p>
  <p rend="left emptyline" uuid="9f0e7255-6bf3-454f-a85d-12edd9f70d31">
   <pb n="626"/>
  </p>
  <p rend="centerline" uuid="429eb3ec-3fb3-42c4-b2fd-2fd991133a42">
   — 66 —
  </p>
  <p rend="notindent" uuid="b6d8ef40-7b41-4f3c-b07a-b7ce68e26871">
   5-й день точно —
   <choice>
    <reg>
     один
    </reg>
   </choice>
   <choice>
    <reg>
     старший
    </reg>
   </choice>
   <choice>
    <reg>
     червяк
    </reg>
   </choice>
   <choice>
    <reg>
     прилип
    </reg>
   </choice>
   <choice>
    <reg>
     к
    </reg>
   </choice>
   <choice>
    <reg>
     бумаге
    </reg>
   </choice>
   и
   <choice>
    <reg>
     перестал
    </reg>
   </choice>
   <choice>
    <reg>
     есть
    </reg>
   </choice>
   и шевелиться.
  </p>
  <p rend="left" uuid="2e62725e-a467-4c36-b9fd-4447393d8497">
   На
   <choice>
    <reg>
     другие
    </reg>
   </choice>
   сутки я долго
   <choice>
    <reg>
     караулил
    </reg>
   </choice>
   его. Я
   <choice>
    <reg>
     знал
    </reg>
   </choice>
   , что черви
   <choice>
    <reg>
     несколько
    </reg>
   </choice>
   <choice>
    <reg>
     раз
    </reg>
   </choice>
   <choice>
    <reg>
     линяют
    </reg>
   </choice>
   , потому что
   <choice>
    <reg>
     выростают
    </reg>
   </choice>
   и
   <choice>
    <reg>
     им
    </reg>
   </choice>
   <choice>
    <reg>
     тесно
    </reg>
   </choice>
   <choice>
    <reg>
     в
    </reg>
   </choice>
   прежней
   <choice>
    <reg>
     шкуре
    </reg>
   </choice>
   , и они
   <choice>
    <reg>
     надевают
    </reg>
   </choice>
   новую.
  </p>
  <p rend="left" uuid="2d67d826-fac2-4aec-99af-75846e42cf07">
   Мы караулили по
   <choice>
    <reg>
     переменкам
    </reg>
   </choice>
   <choice>
    <reg>
     с
    </reg>
   </choice>
   <choice>
    <reg>
     моим
    </reg>
   </choice>
   <choice>
    <reg>
     товарищем
    </reg>
   </choice>
   . Ввечеру
   <choice>
    <reg>
     товарищ
    </reg>
   </choice>
   <choice>
    <reg>
     закричал
    </reg>
   </choice>
   : «
   <choice>
    <reg>
     раздеваться
    </reg>
   </choice>
   <choice>
    <reg>
     начал
    </reg>
   </choice>
   , идите!» Я
   <choice>
    <reg>
     пришел
    </reg>
   </choice>
   и
   <choice>
    <reg>
     увидал
    </reg>
   </choice>
   , что точно, —
   <choice>
    <reg>
     этот
    </reg>
   </choice>
   <choice>
    <reg>
     червяк
    </reg>
   </choice>
   <choice>
    <reg>
     прицепился
    </reg>
   </choice>
   старой шкурой
   <choice>
    <reg>
     к
    </reg>
   </choice>
   <choice>
    <reg>
     бумаге
    </reg>
   </choice>
   ,
   <choice>
    <reg>
     прорвал
    </reg>
   </choice>
   около рта дыру,
   <choice>
    <reg>
     высунул
    </reg>
   </choice>
   голову, и тужится, извивается —
   <choice>
    <reg>
     как
    </reg>
   </choice>
   бы выбраться, но старая рубашка не
   <choice>
    <reg>
     пускает
    </reg>
   </choice>
   его. Долго я
   <choice>
    <reg>
     смотрел
    </reg>
   </choice>
   на него,
   <choice>
    <reg>
     как
    </reg>
   </choice>
   <choice>
    <reg>
     он
    </reg>
   </choice>
   бился и не
   <choice>
    <reg>
     мог
    </reg>
   </choice>
   выбраться, и
   <choice>
    <reg>
     захотел
    </reg>
   </choice>
   помочь ему. Я
   <choice>
    <reg>
     ковырнул
    </reg>
   </choice>
   чуть чуть
   <choice>
    <reg>
     ногтем
    </reg>
   </choice>
   , но
   <choice>
    <reg>
     тотчас
    </reg>
   </choice>
   же
   <choice>
    <reg>
     увидал
    </reg>
   </choice>
   , что
   <choice>
    <reg>
     сделал
    </reg>
   </choice>
   глупость.
   <choice>
    <reg>
     Под
    </reg>
   </choice>
   <choice>
    <reg>
     ногтем
    </reg>
   </choice>
   было что-то жидкое, и
   <choice>
    <reg>
     червяк
    </reg>
   </choice>
   <choice>
    <reg>
     замер
    </reg>
   </choice>
   . Я
   <choice>
    <reg>
     думал
    </reg>
   </choice>
   , что это кровь, но
   <choice>
    <reg>
     потом
    </reg>
   </choice>
   я
   <choice>
    <reg>
     узнал
    </reg>
   </choice>
   , что у червяка
   <choice>
    <reg>
     под
    </reg>
   </choice>
   кожей есть
   <choice>
    <reg>
     жидкий
    </reg>
   </choice>
   <choice>
    <reg>
     сок
    </reg>
   </choice>
   — для того, чтобы по
   <choice>
    <reg>
     смазке
    </reg>
   </choice>
   легче сходила его рубашка.
   <choice>
    <reg>
     Ногтем
    </reg>
   </choice>
   я
   <choice>
    <reg>
     верно
    </reg>
   </choice>
   <choice>
    <reg>
     расстроил
    </reg>
   </choice>
   новую рубашку, потому что
   <choice>
    <reg>
     червяк
    </reg>
   </choice>
   хотя и
   <choice>
    <reg>
     вылез
    </reg>
   </choice>
   , но скоро
   <choice>
    <reg>
     умер
    </reg>
   </choice>
   .
  </p>
  <p rend="left" uuid="b2afe885-f531-4428-998d-de8eeaae6b6e">
   <choice>
    <reg>
     Других
    </reg>
   </choice>
   уже я не
   <choice>
    <reg>
     трогал
    </reg>
   </choice>
   , а они
   <choice>
    <reg>
     все
    </reg>
   </choice>
   также выбирались
   <choice>
    <reg>
     из
    </reg>
   </choice>
   <choice>
    <reg>
     своих
    </reg>
   </choice>
   <choice>
    <reg>
     рубашек
    </reg>
   </choice>
   ; только
   <choice>
    <reg>
     некоторые
    </reg>
   </choice>
   пропадали, a
   <choice>
    <reg>
     все
    </reg>
   </choice>
   почти, хотя и долго мучались, но выползали-таки
   <choice>
    <reg>
     из
    </reg>
   </choice>
   старой рубашки.
  </p>
  <p rend="left" uuid="15252bad-b50a-4b96-a531-f9e7f7060654">
   Перелинявши, червяки
   <choice>
    <reg>
     сильнее
    </reg>
   </choice>
   стали
   <choice>
    <reg>
     есть
    </reg>
   </choice>
   , и листу пошло еще больше.
   <choice>
    <reg>
     Через
    </reg>
   </choice>
   4 дня они опять заснули и опять стали
   <choice>
    <reg>
     вылезать
    </reg>
   </choice>
   <choice>
    <reg>
     из
    </reg>
   </choice>
   <choice>
    <reg>
     шкур
    </reg>
   </choice>
   . Листу пошло еще больше, и они уже были
   <choice>
    <reg>
     ростом
    </reg>
   </choice>
   <choice>
    <reg>
     в
    </reg>
   </choice>
   осьмушку вершка.
   <choice>
    <reg>
     Потом
    </reg>
   </choice>
   <choice>
    <reg>
     через
    </reg>
   </choice>
   шесть дней — опять заснули и вышли опять
   <choice>
    <reg>
     в
    </reg>
   </choice>
   <choice>
    <reg>
     новых
    </reg>
   </choice>
   <choice>
    <reg>
     шкурах
    </reg>
   </choice>
   <choice>
    <reg>
     из
    </reg>
   </choice>
   <choice>
    <reg>
     старых
    </reg>
   </choice>
   , и стали уже
  </p>
  <p rend="left emptyline" uuid="a724ab96-f5cc-4fe5-88a3-679a8d23dade">
   <pb n="627"/>
  </p>
  <p rend="centerline" uuid="b7b1d41d-a3ab-4481-a5b7-b2516c32e5f5">
   — 67 —
  </p>
  <p rend="notindent" uuid="9c30acd1-88f3-48eb-936f-b4ff4a47b673">
   очень велики и толсты, и мы едва
   <choice>
    <reg>
     поспевали
    </reg>
   </choice>
   готовить
   <choice>
    <reg>
     им
    </reg>
   </choice>
   <choice>
    <reg>
     лист
    </reg>
   </choice>
   .
  </p>
  <p rend="left" uuid="4627c921-8c7a-49f0-aa31-ec54e7b8555d">
   На 9-й день
   <choice>
    <reg>
     старшие
    </reg>
   </choice>
   червяки
   <choice>
    <reg>
     совсем
    </reg>
   </choice>
   перестали
   <choice>
    <reg>
     есть
    </reg>
   </choice>
   и поползли
   <choice>
    <reg>
     вверх
    </reg>
   </choice>
   по
   <choice>
    <reg>
     полкам
    </reg>
   </choice>
   и по
   <choice>
    <reg>
     столбам
    </reg>
   </choice>
   . Я
   <choice>
    <reg>
     собрал
    </reg>
   </choice>
   <choice>
    <reg>
     их
    </reg>
   </choice>
   и
   <choice>
    <reg>
     положил
    </reg>
   </choice>
   <choice>
    <reg>
     им
    </reg>
   </choice>
   <choice>
    <reg>
     свежего
    </reg>
   </choice>
   листа, но они отворачивали головы
   <choice>
    <reg>
     от
    </reg>
   </choice>
   листа и ползли прочь. Я
   <choice>
    <reg>
     вспомнил
    </reg>
   </choice>
   тогда, что червяки, когда готовятся завиваться
   <choice>
    <reg>
     в
    </reg>
   </choice>
   куклы, то
   <choice>
    <reg>
     перестают
    </reg>
   </choice>
   <choice>
    <reg>
     совсем
    </reg>
   </choice>
   <choice>
    <reg>
     есть
    </reg>
   </choice>
   и
   <choice>
    <reg>
     ползут
    </reg>
   </choice>
   <choice>
    <reg>
     вверх
    </reg>
   </choice>
   .
  </p>
  <p rend="left" uuid="3f5a0346-ae90-4327-bfef-793a073c7c7a">
   Я
   <choice>
    <reg>
     оставил
    </reg>
   </choice>
   <choice>
    <reg>
     их
    </reg>
   </choice>
   и
   <choice>
    <reg>
     стал
    </reg>
   </choice>
   <choice>
    <reg>
     смотреть
    </reg>
   </choice>
   , чтó они
   <choice>
    <reg>
     будут
    </reg>
   </choice>
   <choice>
    <reg>
     делать
    </reg>
   </choice>
   .
  </p>
  <p rend="left" uuid="f1aa53b4-d067-4431-b98f-2cdca33d4938">
   <choice>
    <reg>
     Старшие
    </reg>
   </choice>
   <choice>
    <reg>
     влезли
    </reg>
   </choice>
   на
   <choice>
    <reg>
     потолок
    </reg>
   </choice>
   , разошлись врозь, поползали и стали протягивать по одной
   <choice>
    <reg>
     паутинке
    </reg>
   </choice>
   <choice>
    <reg>
     в
    </reg>
   </choice>
   <choice>
    <reg>
     разные
    </reg>
   </choice>
   стороны. Я
   <choice>
    <reg>
     смотрел
    </reg>
   </choice>
   за
   <choice>
    <reg>
     одним
    </reg>
   </choice>
   .
   <choice>
    <reg>
     Он
    </reg>
   </choice>
   забрался
   <choice>
    <reg>
     в
    </reg>
   </choice>
   <choice>
    <reg>
     угол
    </reg>
   </choice>
   ,
   <choice>
    <reg>
     протянул
    </reg>
   </choice>
   <choice>
    <reg>
     ниток
    </reg>
   </choice>
   шесть на
   <choice>
    <reg>
     вершок
    </reg>
   </choice>
   <choice>
    <reg>
     от
    </reg>
   </choice>
   себя во
   <choice>
    <reg>
     все
    </reg>
   </choice>
   стороны
   <choice>
    <reg>
     повис
    </reg>
   </choice>
   на
   <choice>
    <reg>
     них
    </reg>
   </choice>
   , перегнулся подковой вдвое, и
   <choice>
    <reg>
     стал
    </reg>
   </choice>
   кружить головой и выпускать шелковую паутину,
   <choice>
    <reg>
     так
    </reg>
   </choice>
   что паутина обматывалась
   <choice>
    <reg>
     вокруг
    </reg>
   </choice>
   него.
   <choice>
    <reg>
     К
    </reg>
   </choice>
   вечеру
   <choice>
    <reg>
     он
    </reg>
   </choice>
   уже
   <choice>
    <reg>
     был
    </reg>
   </choice>
   <choice>
    <reg>
     как
    </reg>
   </choice>
   <choice>
    <reg>
     в
    </reg>
   </choice>
   <choice>
    <reg>
     тумане
    </reg>
   </choice>
   <choice>
    <reg>
     в
    </reg>
   </choice>
   своей
   <choice>
    <reg>
     паутине
    </reg>
   </choice>
   . Чуть видно его было; а на другое утро
   <choice>
    <reg>
     уж
    </reg>
   </choice>
   его и
   <choice>
    <reg>
     совсем
    </reg>
   </choice>
   не видно было за паутиной;
   <choice>
    <reg>
     он
    </reg>
   </choice>
   весь обмотался
   <choice>
    <reg>
     шелком
    </reg>
   </choice>
   , и все еще
   <choice>
    <reg>
     мотал
    </reg>
   </choice>
   .
  </p>
  <p rend="left" uuid="4e989be5-5fc1-4c25-a150-d4577cc56586">
   <choice>
    <reg>
     Через
    </reg>
   </choice>
   три дня
   <choice>
    <reg>
     он
    </reg>
   </choice>
   <choice>
    <reg>
     кончил
    </reg>
   </choice>
   мотать и
   <choice>
    <reg>
     замер
    </reg>
   </choice>
   .
  </p>
  <p rend="left" uuid="5b5da75c-41f1-43b0-8dd1-7432322ec38b">
   <choice>
    <reg>
     Потом
    </reg>
   </choice>
   я
   <choice>
    <reg>
     узнал
    </reg>
   </choice>
   , сколько
   <choice>
    <reg>
     он
    </reg>
   </choice>
   <choice>
    <reg>
     выпускает
    </reg>
   </choice>
   <choice>
    <reg>
     в
    </reg>
   </choice>
   длину паутины
   <choice>
    <reg>
     в
    </reg>
   </choice>
   эти три дня. Если размотать всю его паутину, то
   <choice>
    <reg>
     выйдет
    </reg>
   </choice>
   иногда больше версты, a
   <choice>
    <reg>
     редко
    </reg>
   </choice>
   меньше. И если счесть сколько
   <choice>
    <reg>
     раз
    </reg>
   </choice>
   надо мотнуть червяку головой
   <choice>
    <reg>
     в
    </reg>
   </choice>
   эти три дня, чтобы выпустить паутину, то
   <choice>
    <reg>
     выйдет
    </reg>
   </choice>
   , что
   <choice>
    <reg>
     он
    </reg>
   </choice>
   повернется
   <choice>
    <reg>
     вокруг
    </reg>
   </choice>
   себя
   <choice>
    <reg>
     в
    </reg>
   </choice>
   эти три дня 300,000
   <choice>
    <reg>
     раз
    </reg>
   </choice>
   .
   <choice>
    <reg>
     Значит
    </reg>
   </choice>
   <choice>
    <reg>
     он
    </reg>
   </choice>
   не переставая
   <choice>
    <reg>
     делает
    </reg>
   </choice>
   каждую секунду по обороту. За то уже
  </p>
  <p rend="left emptyline" uuid="0354f729-6f01-403a-adf0-0f5c4d2ed53f">
   <pb n="628"/>
  </p>
  <p rend="centerline" uuid="afbfb969-0ef0-49a7-9031-88b646379b39">
   — 68 —
  </p>
  <p rend="notindent" uuid="f2fc9e21-37c4-423b-92b9-905e97225c80">
   <choice>
    <reg>
     после
    </reg>
   </choice>
   этой работы, когда мы сняли
   <choice>
    <reg>
     несколько
    </reg>
   </choice>
   <choice>
    <reg>
     куколок
    </reg>
   </choice>
   и разломили
   <choice>
    <reg>
     их
    </reg>
   </choice>
   , то мы нашли
   <choice>
    <reg>
     в
    </reg>
   </choice>
   <choice>
    <reg>
     куколках
    </reg>
   </choice>
   <choice>
    <reg>
     червяков
    </reg>
   </choice>
   <choice>
    <reg>
     совсем
    </reg>
   </choice>
   <choice>
    <reg>
     высохших
    </reg>
   </choice>
   ,
   <choice>
    <reg>
     белых
    </reg>
   </choice>
   , точно
   <choice>
    <reg>
     восковых
    </reg>
   </choice>
   .
  </p>
  <p rend="left" uuid="b71167d3-e2a9-41bc-9aba-0398b0b84209">
   Я
   <choice>
    <reg>
     знал
    </reg>
   </choice>
   , что
   <choice>
    <reg>
     из
    </reg>
   </choice>
   <choice>
    <reg>
     этих
    </reg>
   </choice>
   <choice>
    <reg>
     куколок
    </reg>
   </choice>
   <choice>
    <reg>
     с
    </reg>
   </choice>
   <choice>
    <reg>
     белыми
    </reg>
   </choice>
   , восковыми мертвецами внутри должны выйдти бабочки; но глядя на
   <choice>
    <reg>
     них
    </reg>
   </choice>
   , не
   <choice>
    <reg>
     мог
    </reg>
   </choice>
   этому
   <choice>
    <reg>
     верить
    </reg>
   </choice>
   . Однако все таки я на 20-й день
   <choice>
    <reg>
     стал
    </reg>
   </choice>
   <choice>
    <reg>
     смотреть
    </reg>
   </choice>
   , чтò
   <choice>
    <reg>
     будет
    </reg>
   </choice>
   <choice>
    <reg>
     с
    </reg>
   </choice>
   <choice>
    <reg>
     теми
    </reg>
   </choice>
   ,
   <choice>
    <reg>
     каких
    </reg>
   </choice>
   я
   <choice>
    <reg>
     оставил
    </reg>
   </choice>
   .
  </p>
  <p rend="left" uuid="c8fa1ef8-4fe0-479e-af8c-ada60b170b43">
   На 20-й день, я
   <choice>
    <reg>
     знал
    </reg>
   </choice>
   , что должна быть
   <choice>
    <reg>
     перемена
    </reg>
   </choice>
   . Ничего не было видно, и я уже
   <choice>
    <reg>
     думал
    </reg>
   </choice>
   — что-нибудь не
   <choice>
    <reg>
     так
    </reg>
   </choice>
   ,
   <choice>
    <reg>
     как
    </reg>
   </choice>
   <choice>
    <reg>
     вдруг
    </reg>
   </choice>
   <choice>
    <reg>
     приметил
    </reg>
   </choice>
   — на
   <choice>
    <reg>
     одном
    </reg>
   </choice>
   <choice>
    <reg>
     коконе
    </reg>
   </choice>
   <choice>
    <reg>
     кончик
    </reg>
   </choice>
   <choice>
    <reg>
     потемнел
    </reg>
   </choice>
   и
   <choice>
    <reg>
     намок
    </reg>
   </choice>
   . Я
   <choice>
    <reg>
     подумал
    </reg>
   </choice>
   уже, не испортился ли, и
   <choice>
    <reg>
     хотел
    </reg>
   </choice>
   выбросить. Но
   <choice>
    <reg>
     потом
    </reg>
   </choice>
   <choice>
    <reg>
     подумал
    </reg>
   </choice>
   : не
   <choice>
    <reg>
     так
    </reg>
   </choice>
   ли начинается? — и
   <choice>
    <reg>
     стал
    </reg>
   </choice>
   <choice>
    <reg>
     смотреть
    </reg>
   </choice>
   , чтó
   <choice>
    <reg>
     будет
    </reg>
   </choice>
   . И точно,
   <choice>
    <reg>
     из
    </reg>
   </choice>
   <choice>
    <reg>
     мокрого
    </reg>
   </choice>
   <choice>
    <reg>
     места
    </reg>
   </choice>
   что-то тронулось. Я долго не
   <choice>
    <reg>
     мог
    </reg>
   </choice>
   разобрать, чтò это такое. Но
   <choice>
    <reg>
     потом
    </reg>
   </choice>
   показалось что-то похожее на голову
   <choice>
    <reg>
     с
    </reg>
   </choice>
   усиками. Усики шевелились.
   <choice>
    <reg>
     Потом
    </reg>
   </choice>
   я
   <choice>
    <reg>
     заметил
    </reg>
   </choice>
   , что лапка просунулась
   <choice>
    <reg>
     в
    </reg>
   </choice>
   дырку,
   <choice>
    <reg>
     потом
    </reg>
   </choice>
   другая, — и лапки
   <choice>
    <reg>
     цеплялись
    </reg>
   </choice>
   и выкарабкивались
   <choice>
    <reg>
     из
    </reg>
   </choice>
   куколки. Все дальше и дальше выдиралось что-то, и я
   <choice>
    <reg>
     разобрал
    </reg>
   </choice>
   — мокрую бабочку. Когда выбрались
   <choice>
    <reg>
     все
    </reg>
   </choice>
   шесть
   <choice>
    <reg>
     лапок
    </reg>
   </choice>
   , —
   <choice>
    <reg>
     задок
    </reg>
   </choice>
   <choice>
    <reg>
     выскочил
    </reg>
   </choice>
   , она
   <choice>
    <reg>
     вылезла
    </reg>
   </choice>
   и
   <choice>
    <reg>
     тут
    </reg>
   </choice>
   же
   <choice>
    <reg>
     села
    </reg>
   </choice>
   . Когда бабочка обсохла, она стала
   <choice>
    <reg>
     белая
    </reg>
   </choice>
   , расправила крылья, полетала, покружилась и
   <choice>
    <reg>
     села
    </reg>
   </choice>
   на окно.
  </p>
  <p rend="left" uuid="0a5679b5-f206-4055-841a-1d4fc2fef473">
   <choice>
    <reg>
     Через
    </reg>
   </choice>
   два дня бабочка на
   <choice>
    <reg>
     подоконннке
    </reg>
   </choice>
   <choice>
    <reg>
     рядком
    </reg>
   </choice>
   паклала
   <choice>
    <reg>
     яиц
    </reg>
   </choice>
   и приклеила
   <choice>
    <reg>
     их
    </reg>
   </choice>
   . Яички были
   <choice>
    <reg>
     желтые
    </reg>
   </choice>
   . 25
   <choice>
    <reg>
     бабочек
    </reg>
   </choice>
   положили яйца. И я
   <choice>
    <reg>
     набрал
    </reg>
   </choice>
   5,000
   <choice>
    <reg>
     яичек
    </reg>
   </choice>
   .
  </p>
  <p rend="left" uuid="7ca5d179-1091-4b4c-bcae-c93afb663bb4">
   На другой
   <choice>
    <reg>
     год
    </reg>
   </choice>
   я
   <choice>
    <reg>
     выкормил
    </reg>
   </choice>
   уже больше червей и больше
   <choice>
    <reg>
     вымотал
    </reg>
   </choice>
   шелку.
  </p>
  <p rend="left emptyline" uuid="356b738f-f8ab-4661-99ee-8a46fdd3ee8b">
   <pb n="629"/>
  </p>
  <p rend="centerline" uuid="93226b2b-acd8-4f4c-a157-8caa3d742c8d">
   — 69 —
  </p>
 </div>
</TEI>