<?xml version="1.0" encoding="utf-8"?>
<TEI xmlns="http://www.tei-c.org/ns/1.0" xmlns:xi="http://www.w3.org/2001/XInclude">
 <teiHeader>
  <fileDesc>
   <titleStmt>
    <title>
     Азбука. Книга I
    </title>
    <author>
     Толстой Л.Н.
    </author>
    <respStmt>
     <resp>
      подготовка TEI/XML
     </resp>
     <name>
      Мария Картышева, Евгений Можаев, Даниил Скоринкин, Елена Сидорова, Вероника Файнберг, Кирилл Милинцевич
     </name>
    </respStmt>
    <respStmt>
     <name>
      Анастасия Бонч-Осмоловская, Фёкла Толстая, Борис Орехов
     </name>
     <resp>
      Идея, постановка задач, руководство
     </resp>
    </respStmt>
   </titleStmt>
   <publicationStmt>
    <idno>
     Азбука  | Книга I
    </idno>
    <publisher>
     <orgName>
      Школа лингвистики НИУ ВШЭ
     </orgName>
    </publisher>
    <availability>
     <p>
      Тексты и метатекстовая разметка доступны для свободного использования и распространения по лицензии Creative Commons Attribution Share-Alike (cc by-sa)
     </p>
    </availability>
   </publicationStmt>
   <sourceDesc>
    <biblStruct>
     <analytic>
      <author>
       Толстой Л.Н.
      </author>
      <title level="a">
       Азбука. Книга I
      </title>
     </analytic>
     <monogr>
      <title level="m">
       Полное собрание сочинений. Том 22
      </title>
      <imprint>
       <pubPlace>
        Москва
       </pubPlace>
       <publisher>
        Государственное издательство "Художественная литература"
       </publisher>
       <date when="1871-1872"/>
      </imprint>
     </monogr>
     <series>
      <title level="s">
       Л.Н. Толстой. Полное собрание сочинений
      </title>
      <biblScope unit="vol">
       22
      </biblScope>
     </series>
    </biblStruct>
   </sourceDesc>
  </fileDesc>
  <encodingDesc>
   <classDecl>
    <xi:include href="taxonomy.xml"/>
   </classDecl>
  </encodingDesc>
  <profileDesc>
   <creation>
    <date notAfter="1872" notBefore="1871">
     1871-1872
    </date>
    <rs/>
   </creation>
   <textClass>
    <catRef target="#fiction" type="sphere"/>
    <catRef target="#произведения для детей" type="type"/>
    <catRef target="#works" type="works_letters_diaries"/>
    <catRef target="#азбука" type="ninetyDef"/>
    <catRef target="#Основное" type="main_var"/>
    <catRef target="#азбука" type="type_short"/>
    <catRef target="None" type="translation"/>
    <catRef target="None" type="translation_origin"/>
    <catRef target="#да" type="tolstoy_or_not"/>
    <catRef target="None" type="name_status"/>
   </textClass>
   <preparedness>
    finished
   </preparedness>
   <settingDesc>
    <time>
     XIX век
    </time>
   </settingDesc>
  </profileDesc>
  <xenoData>
   <cyclusName/>
   <p>
    Проект
    <title>
     Толстой.Digital
    </title>
    разрабатывается сотрудниками и студентами
    <orgName>
     Высшей школы экономики
    </orgName>
    в сотрудничестве с
    <orgName>
     Государственным музеем Л.Н. Толстого
    </orgName>
    . Источник текстов –
    <bibl>
     90-томное собрание сочинений Л.Н.Толстого
    </bibl>
    . Разметка основана на стандарте
    <ref target="http://www.tei-c.org">
     TEI (Text Encoding Initiative)
    </ref>
    .
   </p>
   <versionNumber/>
   <isFinished/>
   <isEdited/>
   <fullBibliographicDescription/>
  </xenoData>
 </teiHeader>
 <p rend="left emptyline">
  <pb n="210"/>
 </p>
 <div type="section" xml:id="ref97">
  <head rend="center">
   <hi rend="strong">
    <choice>
     <reg>
      СОКОЛ
     </reg>
    </choice>
    И
    <choice>
     <reg>
      ПЕТУХ
     </reg>
    </choice>
    .
   </hi>
  </head>
  <p rend="left" uuid="3d1646d8-0fa3-4dec-a472-4e5ab66d0396">
   <choice>
    <reg>
     Сокол
    </reg>
   </choice>
   <choice>
    <reg>
     привык
    </reg>
   </choice>
   <choice>
    <reg>
     к
    </reg>
   </choice>
   хозяину и
   <choice>
    <reg>
     ходил
    </reg>
   </choice>
   на руку, когда его кликали;
   <choice>
    <reg>
     петух
    </reg>
   </choice>
   <choice>
    <reg>
     бегал
    </reg>
   </choice>
   <choice>
    <reg>
     от
    </reg>
   </choice>
   хозяина и
   <choice>
    <reg>
     кричал
    </reg>
   </choice>
   , когда
   <choice>
    <reg>
     к
    </reg>
   </choice>
   нему подходили.
   <choice>
    <reg>
     Сокол
    </reg>
   </choice>
   и
   <choice>
    <reg>
     говорит
    </reg>
   </choice>
   <choice>
    <reg>
     петуху
    </reg>
   </choice>
   :
  </p>
  <p rend="left" uuid="6f5f1d14-932b-4856-94ce-75593573ec2b">
   «
   <choice>
    <reg>
     В
    </reg>
   </choice>
   <choice>
    <reg>
     вас
    </reg>
   </choice>
   ,
   <choice>
    <reg>
     петухах
    </reg>
   </choice>
   ,
   <choice>
    <reg>
     нет
    </reg>
   </choice>
   благодарности; видна холопская порода. Вы, только когда голодны, идёте
   <choice>
    <reg>
     к
    </reg>
   </choice>
   <choice>
    <reg>
     хозяевам
    </reg>
   </choice>
   .
   <choice>
    <reg>
     To ли
    </reg>
   </choice>
   <choice>
    <reg>
     дело
    </reg>
   </choice>
   мы, дикая птица;
   <choice>
    <reg>
     в
    </reg>
   </choice>
   <choice>
    <reg>
     нас
    </reg>
   </choice>
   и силы много, и летать мы
   <choice>
    <reg>
     можем
    </reg>
   </choice>
   <choice>
    <reg>
     быстрее
    </reg>
   </choice>
   <choice>
    <reg>
     всех
    </reg>
   </choice>
   ; а мы не
   <choice>
    <reg>
     бегаем
    </reg>
   </choice>
   <choice>
    <reg>
     от
    </reg>
   </choice>
   людей, а сами ещё
   <choice>
    <reg>
     ходим
    </reg>
   </choice>
   <choice>
    <reg>
     к
    </reg>
   </choice>
   <choice>
    <reg>
     ним
    </reg>
   </choice>
   на руку, когда
   <choice>
    <reg>
     нас
    </reg>
   </choice>
   <choice>
    <reg>
     кличут
    </reg>
   </choice>
   . Мы
   <choice>
    <reg>
     помним
    </reg>
   </choice>
   , что они
   <choice>
    <reg>
     кормят
    </reg>
   </choice>
   <choice>
    <reg>
     нас
    </reg>
   </choice>
   ».
  </p>
  <p rend="left" uuid="c42b0904-faa3-4212-aae6-d53649c1ec17">
   <choice>
    <reg>
     Петух
    </reg>
   </choice>
   и
   <choice>
    <reg>
     говорит
    </reg>
   </choice>
   :
  </p>
  <p rend="left" uuid="cd9343c1-5471-414b-a2e7-eabd3704de89">
   «Вы не
   <choice>
    <reg>
     бегаете
    </reg>
   </choice>
   <choice>
    <reg>
     от
    </reg>
   </choice>
   людей оттого, что никогда не видали
   <choice>
    <reg>
     жареного
    </reg>
   </choice>
   сокола, а мы
   <choice>
    <reg>
     то-и-дело
    </reg>
   </choice>
   <choice>
    <reg>
     видим
    </reg>
   </choice>
   <choice>
    <reg>
     жареных
    </reg>
   </choice>
   <choice>
    <reg>
     петухов
    </reg>
   </choice>
   ».
  </p>
 </div>
</TEI>