<?xml version="1.0" encoding="utf-8"?>
<TEI xmlns="http://www.tei-c.org/ns/1.0" xmlns:xi="http://www.w3.org/2001/XInclude">
 <teiHeader>
  <fileDesc>
   <titleStmt>
    <title>
     Азбука. Книга I
    </title>
    <author>
     Толстой Л.Н.
    </author>
    <respStmt>
     <resp>
      подготовка TEI/XML
     </resp>
     <name>
      Мария Картышева, Евгений Можаев, Даниил Скоринкин, Елена Сидорова, Вероника Файнберг, Кирилл Милинцевич
     </name>
    </respStmt>
    <respStmt>
     <name>
      Анастасия Бонч-Осмоловская, Фёкла Толстая, Борис Орехов
     </name>
     <resp>
      Идея, постановка задач, руководство
     </resp>
    </respStmt>
   </titleStmt>
   <publicationStmt>
    <idno>
     Азбука  | Книга I
    </idno>
    <publisher>
     <orgName>
      Школа лингвистики НИУ ВШЭ
     </orgName>
    </publisher>
    <availability>
     <p>
      Тексты и метатекстовая разметка доступны для свободного использования и распространения по лицензии Creative Commons Attribution Share-Alike (cc by-sa)
     </p>
    </availability>
   </publicationStmt>
   <sourceDesc>
    <biblStruct>
     <analytic>
      <author>
       Толстой Л.Н.
      </author>
      <title level="a">
       Азбука. Книга I
      </title>
     </analytic>
     <monogr>
      <title level="m">
       Полное собрание сочинений. Том 22
      </title>
      <imprint>
       <pubPlace>
        Москва
       </pubPlace>
       <publisher>
        Государственное издательство "Художественная литература"
       </publisher>
       <date when="1871-1872"/>
      </imprint>
     </monogr>
     <series>
      <title level="s">
       Л.Н. Толстой. Полное собрание сочинений
      </title>
      <biblScope unit="vol">
       22
      </biblScope>
     </series>
    </biblStruct>
   </sourceDesc>
  </fileDesc>
  <encodingDesc>
   <classDecl>
    <xi:include href="taxonomy.xml"/>
   </classDecl>
  </encodingDesc>
  <profileDesc>
   <creation>
    <date notAfter="1872" notBefore="1871">
     1871-1872
    </date>
    <rs/>
   </creation>
   <textClass>
    <catRef target="#fiction" type="sphere"/>
    <catRef target="#произведения для детей" type="type"/>
    <catRef target="#works" type="works_letters_diaries"/>
    <catRef target="#азбука" type="ninetyDef"/>
    <catRef target="#Основное" type="main_var"/>
    <catRef target="#азбука" type="type_short"/>
    <catRef target="None" type="translation"/>
    <catRef target="None" type="translation_origin"/>
    <catRef target="#да" type="tolstoy_or_not"/>
    <catRef target="None" type="name_status"/>
   </textClass>
   <preparedness>
    finished
   </preparedness>
   <settingDesc>
    <time>
     XIX век
    </time>
   </settingDesc>
  </profileDesc>
  <xenoData>
   <cyclusName/>
   <p>
    Проект
    <title>
     Толстой.Digital
    </title>
    разрабатывается сотрудниками и студентами
    <orgName>
     Высшей школы экономики
    </orgName>
    в сотрудничестве с
    <orgName>
     Государственным музеем Л.Н. Толстого
    </orgName>
    . Источник текстов –
    <bibl>
     90-томное собрание сочинений Л.Н.Толстого
    </bibl>
    . Разметка основана на стандарте
    <ref target="http://www.tei-c.org">
     TEI (Text Encoding Initiative)
    </ref>
    .
   </p>
   <versionNumber/>
   <isFinished/>
   <isEdited/>
   <fullBibliographicDescription/>
  </xenoData>
 </teiHeader>
 <p rend="left emptyline">
  <pb n="245"/>
 </p>
 <div type="section" xml:id="ref123">
  <head rend="center">
   <hi rend="strong">
    СУДОМА.
   </hi>
  </head>
  <p rend="left" uuid="4e4b5f23-ccda-4311-813c-2fa2e5bea494">
   <choice>
    <reg>
     В
    </reg>
   </choice>
   Псковской
   <choice>
    <reg>
     губернии
    </reg>
   </choice>
   ,
   <choice>
    <reg>
     в
    </reg>
   </choice>
   <choice>
    <reg>
     Пороховском
    </reg>
   </choice>
   <choice>
    <reg>
     уезде
    </reg>
   </choice>
   , есть
   <choice>
    <reg>
     речка
    </reg>
   </choice>
   Судома, и на
   <choice>
    <reg>
     берегах
    </reg>
   </choice>
   этой
   <choice>
    <reg>
     речки
    </reg>
   </choice>
   есть
   <choice>
    <reg>
     две
    </reg>
   </choice>
   горы,
   <choice>
    <reg>
     друг
    </reg>
   </choice>
   <choice>
    <reg>
     против
    </reg>
   </choice>
   дружки.
  </p>
  <p rend="left" uuid="cea4bd17-7634-4e2e-a772-c616160e2ea7">
   На одной
   <choice>
    <reg>
     горе
    </reg>
   </choice>
   <choice>
    <reg>
     был
    </reg>
   </choice>
   прежде
   <choice>
    <reg>
     городок
    </reg>
   </choice>
   <choice>
    <reg>
     Вышгород
    </reg>
   </choice>
   , на другой
   <choice>
    <reg>
     горе
    </reg>
   </choice>
   <choice>
    <reg>
     в
    </reg>
   </choice>
   <choice>
    <reg>
     прежния
    </reg>
   </choice>
   времена судились Славяне. Старики
   <choice>
    <reg>
     расказывают
    </reg>
   </choice>
   , что на этой
   <choice>
    <reg>
     горе
    </reg>
   </choice>
   встарину
   <choice>
    <reg>
     с
    </reg>
   </choice>
   неба
   <choice>
    <reg>
     висела
    </reg>
   </choice>
   <choice>
    <reg>
     цепь
    </reg>
   </choice>
   , и что кто
   <choice>
    <reg>
     был
    </reg>
   </choice>
   <choice>
    <reg>
     прав
    </reg>
   </choice>
   ,
   <choice>
    <reg>
     тот
    </reg>
   </choice>
   до
   <choice>
    <reg>
     цепи
    </reg>
   </choice>
   <choice>
    <reg>
     доставал
    </reg>
   </choice>
   рукой, а кто
   <choice>
    <reg>
     был
    </reg>
   </choice>
   <choice>
    <reg>
     виноват
    </reg>
   </choice>
   ,
   <choice>
    <reg>
     тот
    </reg>
   </choice>
   не
   <choice>
    <reg>
     мог
    </reg>
   </choice>
   достать.
   <choice>
    <reg>
     Один
    </reg>
   </choice>
   <choice>
    <reg>
     человек
    </reg>
   </choice>
   <choice>
    <reg>
     занял
    </reg>
   </choice>
   у
   <choice>
    <reg>
     другого
    </reg>
   </choice>
   деньги и отперся. Привели
   <choice>
    <reg>
     их
    </reg>
   </choice>
   <choice>
    <reg>
     обоих
    </reg>
   </choice>
   на гору Судому и
   <choice>
    <reg>
     велели
    </reg>
   </choice>
   доставать до
   <choice>
    <reg>
     цепи
    </reg>
   </choice>
   .
   <choice>
    <reg>
     Тот
    </reg>
   </choice>
   , чтó
   <choice>
    <reg>
     давал
    </reg>
   </choice>
   деньги,
   <choice>
    <reg>
     поднял
    </reg>
   </choice>
   руку и сразу
   <choice>
    <reg>
     достал
    </reg>
   </choice>
   .
   <choice>
    <reg>
     Пришёл
    </reg>
   </choice>
   <choice>
    <reg>
     черёд
    </reg>
   </choice>
   виноватому доставать.
   <choice>
    <reg>
     Он
    </reg>
   </choice>
   не отпирался, а только
   <choice>
    <reg>
     отдал
    </reg>
   </choice>
   свой костыль подержать тому,
   <choice>
    <reg>
     с
    </reg>
   </choice>
   <choice>
    <reg>
     кем
    </reg>
   </choice>
   судился, чтобы
   <choice>
    <reg>
     ловчее
    </reg>
   </choice>
   было руками достать до
   <choice>
    <reg>
     цепи
    </reg>
   </choice>
   ;
   <choice>
    <reg>
     протянул
    </reg>
   </choice>
   руки и
   <choice>
    <reg>
     достал
    </reg>
   </choice>
   . Тогда
   <choice>
    <reg>
     народ
    </reg>
   </choice>
   удивился:
   <choice>
    <reg>
     как
    </reg>
   </choice>
   оба правы? А у
   <choice>
    <reg>
     виноватого
    </reg>
   </choice>
   костыль
   <choice>
    <reg>
     был
    </reg>
   </choice>
   пустой, и
   <choice>
    <reg>
     в
    </reg>
   </choice>
   <choice>
    <reg>
     костыле
    </reg>
   </choice>
   были запрятаны
   <choice>
    <reg>
     те
    </reg>
   </choice>
   <choice>
    <reg>
     самые
    </reg>
   </choice>
   деньги,
   <choice>
    <reg>
     в
    </reg>
   </choice>
   <choice>
    <reg>
     каких
    </reg>
   </choice>
   <choice>
    <reg>
     он
    </reg>
   </choice>
   отпирался. Когда
   <choice>
    <reg>
     он
    </reg>
   </choice>
   <choice>
    <reg>
     отдал
    </reg>
   </choice>
   <choice>
    <reg>
     в
    </reg>
   </choice>
   руки костыль
   <choice>
    <reg>
     с
    </reg>
   </choice>
   деньгами подержать тому, кому
   <choice>
    <reg>
     он
    </reg>
   </choice>
   <choice>
    <reg>
     должен
    </reg>
   </choice>
   <choice>
    <reg>
     был
    </reg>
   </choice>
   ,
   <choice>
    <reg>
     он
    </reg>
   </choice>
   <choice>
    <reg>
     с
    </reg>
   </choice>
   <choice>
    <reg>
     костылём
    </reg>
   </choice>
   <choice>
    <reg>
     отдал
    </reg>
   </choice>
   и деньги, и потому
   <choice>
    <reg>
     достал
    </reg>
   </choice>
   <choice>
    <reg>
     цепь
    </reg>
   </choice>
   .
  </p>
  <p rend="left" uuid="b89ac9a1-b5a4-4506-b947-5d583f10b01f">
   <choice>
    <reg>
     Так
    </reg>
   </choice>
   <choice>
    <reg>
     он
    </reg>
   </choice>
   <choice>
    <reg>
     обманул
    </reg>
   </choice>
   <choice>
    <reg>
     всех
    </reg>
   </choice>
   . Но
   <choice>
    <reg>
     с
    </reg>
   </choice>
   <choice>
    <reg>
     тех
    </reg>
   </choice>
   <choice>
    <reg>
     пор
    </reg>
   </choice>
   <choice>
    <reg>
     цепь
    </reg>
   </choice>
   поднялась на небо и больше не спускалась.
   <choice>
    <reg>
     Так
    </reg>
   </choice>
   <choice>
    <reg>
     рассказывают
    </reg>
   </choice>
   старики.
  </p>
 </div>
</TEI>