<?xml version="1.0" encoding="utf-8"?>
<TEI xmlns="http://www.tei-c.org/ns/1.0" xmlns:xi="http://www.w3.org/2001/XInclude">
 <teiHeader>
  <fileDesc>
   <titleStmt>
    <title>
     Азбука. Книга I
    </title>
    <author>
     Толстой Л.Н.
    </author>
    <respStmt>
     <resp>
      подготовка TEI/XML
     </resp>
     <name>
      Мария Картышева, Евгений Можаев, Даниил Скоринкин, Елена Сидорова, Вероника Файнберг, Кирилл Милинцевич
     </name>
    </respStmt>
    <respStmt>
     <name>
      Анастасия Бонч-Осмоловская, Фёкла Толстая, Борис Орехов
     </name>
     <resp>
      Идея, постановка задач, руководство
     </resp>
    </respStmt>
   </titleStmt>
   <publicationStmt>
    <idno>
     Азбука  | Книга I
    </idno>
    <publisher>
     <orgName>
      Школа лингвистики НИУ ВШЭ
     </orgName>
    </publisher>
    <availability>
     <p>
      Тексты и метатекстовая разметка доступны для свободного использования и распространения по лицензии Creative Commons Attribution Share-Alike (cc by-sa)
     </p>
    </availability>
   </publicationStmt>
   <sourceDesc>
    <biblStruct>
     <analytic>
      <author>
       Толстой Л.Н.
      </author>
      <title level="a">
       Азбука. Книга I
      </title>
     </analytic>
     <monogr>
      <title level="m">
       Полное собрание сочинений. Том 22
      </title>
      <imprint>
       <pubPlace>
        Москва
       </pubPlace>
       <publisher>
        Государственное издательство "Художественная литература"
       </publisher>
       <date when="1871-1872"/>
      </imprint>
     </monogr>
     <series>
      <title level="s">
       Л.Н. Толстой. Полное собрание сочинений
      </title>
      <biblScope unit="vol">
       22
      </biblScope>
     </series>
    </biblStruct>
   </sourceDesc>
  </fileDesc>
  <encodingDesc>
   <classDecl>
    <xi:include href="taxonomy.xml"/>
   </classDecl>
  </encodingDesc>
  <profileDesc>
   <creation>
    <date notAfter="1872" notBefore="1871">
     1871-1872
    </date>
    <rs/>
   </creation>
   <textClass>
    <catRef target="#fiction" type="sphere"/>
    <catRef target="#произведения для детей" type="type"/>
    <catRef target="#works" type="works_letters_diaries"/>
    <catRef target="#азбука" type="ninetyDef"/>
    <catRef target="#Основное" type="main_var"/>
    <catRef target="#азбука" type="type_short"/>
    <catRef target="None" type="translation"/>
    <catRef target="None" type="translation_origin"/>
    <catRef target="#да" type="tolstoy_or_not"/>
    <catRef target="None" type="name_status"/>
   </textClass>
   <preparedness>
    finished
   </preparedness>
   <settingDesc>
    <time>
     XIX век
    </time>
   </settingDesc>
  </profileDesc>
  <xenoData>
   <cyclusName/>
   <p>
    Проект
    <title>
     Толстой.Digital
    </title>
    разрабатывается сотрудниками и студентами
    <orgName>
     Высшей школы экономики
    </orgName>
    в сотрудничестве с
    <orgName>
     Государственным музеем Л.Н. Толстого
    </orgName>
    . Источник текстов –
    <bibl>
     90-томное собрание сочинений Л.Н.Толстого
    </bibl>
    . Разметка основана на стандарте
    <ref target="http://www.tei-c.org">
     TEI (Text Encoding Initiative)
    </ref>
    .
   </p>
   <versionNumber/>
   <isFinished/>
   <isEdited/>
   <fullBibliographicDescription/>
  </xenoData>
 </teiHeader>
 <p rend="left emptyline">
  <pb n="243"/>
 </p>
 <div type="section" xml:id="ref121">
  <head rend="center">
   <hi rend="strong">
    <choice>
     <reg>
      ШАТ
     </reg>
     <orig>
      ШАТЪ
     </orig>
    </choice>
    И
    <choice>
     <reg>
      ДОН
     </reg>
     <orig>
      ДОНЪ
     </orig>
    </choice>
    .
   </hi>
  </head>
  <p rend="left" uuid="05c7d6e2-d01d-483b-b7bb-ec39d4804385">
   У старика Ивана было два сына,
   <choice>
    <reg>
     Шат
    </reg>
    <orig>
     Шатъ
    </orig>
   </choice>
   <choice>
    <reg>
     Иваныч
    </reg>
    <orig>
     Иванычъ
    </orig>
   </choice>
   и
   <choice>
    <reg>
     Дон
    </reg>
    <orig>
     Донъ
    </orig>
   </choice>
   <choice>
    <reg>
     Иваныч
    </reg>
    <orig>
     Иванычъ
    </orig>
   </choice>
   .
   <choice>
    <reg>
     Шат
    </reg>
    <orig>
     Шатъ
    </orig>
   </choice>
   <choice>
    <reg>
     Иваныч
    </reg>
    <orig>
     Иванычъ
    </orig>
   </choice>
   быль
   <choice>
    <reg>
     старший
    </reg>
    <orig>
     старшiй
    </orig>
   </choice>
   <choice>
    <reg>
     брат
    </reg>
    <orig>
     братъ
    </orig>
   </choice>
   ;
   <choice>
    <reg>
     он
    </reg>
    <orig>
     онъ
    </orig>
   </choice>
   <choice>
    <reg>
     был
    </reg>
    <orig>
     былъ
    </orig>
   </choice>
   <choice>
    <reg>
     сильнее
    </reg>
    <orig>
     сильнѣе
    </orig>
   </choice>
   и больше, а
   <choice>
    <reg>
     Дон
    </reg>
    <orig>
     Донъ
    </orig>
   </choice>
   <choice>
    <reg>
     Иваныч
    </reg>
    <orig>
     Иванычъ
    </orig>
   </choice>
   <choice>
    <reg>
     был
    </reg>
    <orig>
     былъ
    </orig>
   </choice>
   <choice>
    <reg>
     меньший
    </reg>
    <orig>
     меньшiй
    </orig>
   </choice>
   и
   <choice>
    <reg>
     был
    </reg>
    <orig>
     былъ
    </orig>
   </choice>
   меньше и
   <choice>
    <reg>
     слабее
    </reg>
    <orig>
     слабѣе
    </orig>
   </choice>
   .
   <choice>
    <reg>
     Отец
    </reg>
    <orig>
     Отецъ
    </orig>
   </choice>
   <choice>
    <reg>
     показал
    </reg>
    <orig>
     показалъ
    </orig>
   </choice>
   каждому дорогу и
   <choice>
    <reg>
     велел
    </reg>
    <orig>
     велѣлъ
    </orig>
   </choice>
   <choice>
    <reg>
     им
    </reg>
    <orig>
     имъ
    </orig>
   </choice>
   слушаться.
   <choice>
    <reg>
     Шат
    </reg>
    <orig>
     Шатъ
    </orig>
   </choice>
   <choice>
    <reg>
     Иваныч
    </reg>
    <orig>
     Иванычъ
    </orig>
   </choice>
   не послушался отца и не
   <choice>
    <reg>
     пошёл
    </reg>
    <orig>
     пошёлъ
    </orig>
   </choice>
   по показанной
   <choice>
    <reg>
     дороге
    </reg>
    <orig>
     дорогѣ
    </orig>
   </choice>
   , сбился
   <choice>
    <reg>
     с
    </reg>
    <orig>
     съ
    </orig>
   </choice>
   пути и
   <choice>
    <reg>
     пропал
    </reg>
    <orig>
     пропалъ
    </orig>
   </choice>
   . А
   <choice>
    <reg>
     Дон
    </reg>
    <orig>
     Донъ
    </orig>
   </choice>
   <choice>
    <reg>
     Иваныч
    </reg>
    <orig>
     Иванычъ
    </orig>
   </choice>
   <choice>
    <reg>
     слушал
    </reg>
    <orig>
     слушалъ
    </orig>
   </choice>
   отца и
   <choice>
    <reg>
     шёл
    </reg>
    <orig>
     шёлъ
    </orig>
   </choice>
   туда, куда
   <choice>
    <reg>
     отец
    </reg>
    <orig>
     отецъ
    </orig>
   </choice>
   <choice>
    <reg>
     приказывал
    </reg>
    <orig>
     приказывалъ
    </orig>
   </choice>
   . За то
   <choice>
    <reg>
     он
    </reg>
    <orig>
     онъ
    </orig>
   </choice>
   <choice>
    <reg>
     прошёл
    </reg>
    <orig>
     прошёлъ
    </orig>
   </choice>
   всю
   <choice>
    <reg>
     Россию
    </reg>
    <orig>
     Россiю
    </orig>
   </choice>
   и
   <choice>
    <reg>
     стал
    </reg>
    <orig>
     сталъ
    </orig>
   </choice>
   <choice>
    <reg>
     славен
    </reg>
    <orig>
     славенъ
    </orig>
   </choice>
   .
  </p>
  <p rend="left" uuid="1fffe67f-7cf6-4fda-b64c-ee43b25d5fd8">
   <choice>
    <reg>
     В
    </reg>
    <orig>
     Въ
    </orig>
   </choice>
   Тульской
   <choice>
    <reg>
     губернии
    </reg>
    <orig>
     губернiи
    </orig>
   </choice>
   ,
   <choice>
    <reg>
     в
    </reg>
    <orig>
     въ
    </orig>
   </choice>
   <choice>
    <reg>
     Епифанском
    </reg>
    <orig>
     Епифанскомъ
    </orig>
   </choice>
   <choice>
    <reg>
     уезде
    </reg>
    <orig>
     уѣздѣ
    </orig>
   </choice>
   есть деревня «
   <choice>
    <reg>
     Иван-озеро
    </reg>
    <orig>
     Иванъ-озеро
    </orig>
   </choice>
   » и
   <choice>
    <reg>
     в
    </reg>
    <orig>
     въ
    </orig>
   </choice>
   самой
   <choice>
    <reg>
     деревне
    </reg>
    <orig>
     деревнѣ
    </orig>
   </choice>
   есть озеро.
   <choice>
    <reg>
     Из
    </reg>
    <orig>
     Изъ
    </orig>
   </choice>
   озера
   <choice>
    <reg>
     вытекают
    </reg>
    <orig>
     вытекаютъ
    </orig>
   </choice>
   <choice>
    <reg>
     в
    </reg>
    <orig>
     въ
    </orig>
   </choice>
   <choice>
    <reg>
     разные
    </reg>
    <orig>
     разныя
    </orig>
   </choice>
   стороны два ручья.
   <choice>
    <reg>
     Один
    </reg>
    <orig>
     Одинъ
    </orig>
   </choice>
   ручей
   <choice>
    <reg>
     так
    </reg>
    <orig>
     такъ
    </orig>
   </choice>
   <choice>
    <reg>
     узок
    </reg>
    <orig>
     узокъ
    </orig>
   </choice>
   , что
   <choice>
    <reg>
     через
    </reg>
    <orig>
     черезъ
    </orig>
   </choice>
   него перешагнуть можно.
   <choice>
    <reg>
     Этот
    </reg>
    <orig>
     Этотъ
    </orig>
   </choice>
   ручей
   <choice>
    <reg>
     называют
    </reg>
    <orig>
     называютъ
    </orig>
   </choice>
   <choice>
    <reg>
     Дон
    </reg>
    <orig>
     Донъ
    </orig>
   </choice>
   . Другой
   <choice>
    <reg>
     ручеёк
    </reg>
    <orig>
     ручеёкъ
    </orig>
   </choice>
   <choice>
    <reg>
     широкий
    </reg>
    <orig>
     широкiй
    </orig>
   </choice>
   , и его
   <choice>
    <reg>
     называют
    </reg>
    <orig>
     называютъ
    </orig>
   </choice>
   <choice>
    <reg>
     Шат
    </reg>
    <orig>
     Шатъ
    </orig>
   </choice>
   .
  </p>
  <p rend="left" uuid="bc1b174a-fb1a-4c95-80b8-48e2ea60b1a9">
   <choice>
    <reg>
     Дон
    </reg>
    <orig>
     Донъ
    </orig>
   </choice>
   <choice>
    <reg>
     идёт
    </reg>
    <orig>
     идётъ
    </orig>
   </choice>
   всё прямо и
   <choice>
    <reg>
     чем
    </reg>
    <orig>
     чѣмъ
    </orig>
   </choice>
   дальше
   <choice>
    <reg>
     он
    </reg>
    <orig>
     онъ
    </orig>
   </choice>
   <choice>
    <reg>
     идёт
    </reg>
    <orig>
     идётъ
    </orig>
   </choice>
   ,
   <choice>
    <reg>
     тем
    </reg>
    <orig>
     тѣмъ
    </orig>
   </choice>
   шире становится.
  </p>
  <p rend="left" uuid="ad8a3db5-e01f-4e2a-b668-8af034f114d3">
   <choice>
    <reg>
     Шат
    </reg>
    <orig>
     Шатъ
    </orig>
   </choice>
   вертится
   <choice>
    <reg>
     с
    </reg>
    <orig>
     съ
    </orig>
   </choice>
   одной стороны на другую.
   <choice>
    <reg>
     Дон
    </reg>
    <orig>
     Донъ
    </orig>
   </choice>
   ,
   <choice>
    <reg>
     прошёл
    </reg>
    <orig>
     прошёлъ
    </orig>
   </choice>
   <choice>
    <reg>
     через
    </reg>
    <orig>
     черезъ
    </orig>
   </choice>
   всю
   <choice>
    <reg>
     Россию
    </reg>
    <orig>
     Россiю
    </orig>
   </choice>
   и
   <choice>
    <reg>
     впал
    </reg>
    <orig>
     впалъ
    </orig>
   </choice>
   <choice>
    <reg>
     в
    </reg>
    <orig>
     въ
    </orig>
   </choice>
   Чёрное море.
   <choice>
    <reg>
     В
    </reg>
    <orig>
     Въ
    </orig>
   </choice>
   <choice>
    <reg>
     нём
    </reg>
    <orig>
     нёмъ
    </orig>
   </choice>
   много рыбы, и по
   <choice>
    <reg>
     нём
    </reg>
    <orig>
     нёмъ
    </orig>
   </choice>
   <choice>
    <reg>
     ходят
    </reg>
    <orig>
     ходятъ
    </orig>
   </choice>
   барки и пароходы.
  </p>
  <p rend="left" uuid="878a12e1-914e-48f4-b630-418d75212823">
   <choice>
    <reg>
     Шат
    </reg>
    <orig>
     Шатъ
    </orig>
   </choice>
   зашатался, не
   <choice>
    <reg>
     вышел
    </reg>
    <orig>
     вышелъ
    </orig>
   </choice>
   <choice>
    <reg>
     из
    </reg>
    <orig>
     изъ
    </orig>
   </choice>
   Тульской
   <choice>
    <reg>
     губернии
    </reg>
    <orig>
     губернiи
    </orig>
   </choice>
   и
   <choice>
    <reg>
     впал
    </reg>
    <orig>
     впалъ
    </orig>
   </choice>
   <choice>
    <reg>
     в
    </reg>
    <orig>
     въ
    </orig>
   </choice>
   <choice>
    <reg>
     реку
    </reg>
    <orig>
     рѣку
    </orig>
   </choice>
   Упу.
  </p>
  <p rend="left emptyline" uuid="0237c07f-e9db-4d62-b99f-57dc84260a52">
   <pb n="244"/>
  </p>
  <p rend="centerline" uuid="9eaa9f47-d270-4569-b463-1eaef2cb0a75">
   — 42 —
  </p>
 </div>
</TEI>