<?xml version="1.0" encoding="utf-8"?>
<TEI xmlns="http://www.tei-c.org/ns/1.0" xmlns:xi="http://www.w3.org/2001/XInclude">
 <teiHeader>
  <fileDesc>
   <titleStmt>
    <title>
     Азбука. Книга I
    </title>
    <author>
     Толстой Л.Н.
    </author>
    <respStmt>
     <resp>
      подготовка TEI/XML
     </resp>
     <name>
      Мария Картышева, Евгений Можаев, Даниил Скоринкин, Елена Сидорова, Вероника Файнберг, Кирилл Милинцевич
     </name>
    </respStmt>
    <respStmt>
     <name>
      Анастасия Бонч-Осмоловская, Фёкла Толстая, Борис Орехов
     </name>
     <resp>
      Идея, постановка задач, руководство
     </resp>
    </respStmt>
   </titleStmt>
   <publicationStmt>
    <idno>
     Азбука  | Книга I
    </idno>
    <publisher>
     <orgName>
      Школа лингвистики НИУ ВШЭ
     </orgName>
    </publisher>
    <availability>
     <p>
      Тексты и метатекстовая разметка доступны для свободного использования и распространения по лицензии Creative Commons Attribution Share-Alike (cc by-sa)
     </p>
    </availability>
   </publicationStmt>
   <sourceDesc>
    <biblStruct>
     <analytic>
      <author>
       Толстой Л.Н.
      </author>
      <title level="a">
       Азбука. Книга I
      </title>
     </analytic>
     <monogr>
      <title level="m">
       Полное собрание сочинений. Том 22
      </title>
      <imprint>
       <pubPlace>
        Москва
       </pubPlace>
       <publisher>
        Государственное издательство "Художественная литература"
       </publisher>
       <date when="1871-1872"/>
      </imprint>
     </monogr>
     <series>
      <title level="s">
       Л.Н. Толстой. Полное собрание сочинений
      </title>
      <biblScope unit="vol">
       22
      </biblScope>
     </series>
    </biblStruct>
   </sourceDesc>
  </fileDesc>
  <encodingDesc>
   <classDecl>
    <xi:include href="taxonomy.xml"/>
   </classDecl>
  </encodingDesc>
  <profileDesc>
   <creation>
    <date notAfter="1872" notBefore="1871">
     1871-1872
    </date>
    <rs/>
   </creation>
   <textClass>
    <catRef target="#fiction" type="sphere"/>
    <catRef target="#произведения для детей" type="type"/>
    <catRef target="#works" type="works_letters_diaries"/>
    <catRef target="#азбука" type="ninetyDef"/>
    <catRef target="#Основное" type="main_var"/>
    <catRef target="#азбука" type="type_short"/>
    <catRef target="None" type="translation"/>
    <catRef target="None" type="translation_origin"/>
    <catRef target="#да" type="tolstoy_or_not"/>
    <catRef target="None" type="name_status"/>
   </textClass>
   <preparedness>
    finished
   </preparedness>
   <settingDesc>
    <time>
     XIX век
    </time>
   </settingDesc>
  </profileDesc>
  <xenoData>
   <cyclusName/>
   <p>
    Проект
    <title>
     Толстой.Digital
    </title>
    разрабатывается сотрудниками и студентами
    <orgName>
     Высшей школы экономики
    </orgName>
    в сотрудничестве с
    <orgName>
     Государственным музеем Л.Н. Толстого
    </orgName>
    . Источник текстов –
    <bibl>
     90-томное собрание сочинений Л.Н.Толстого
    </bibl>
    . Разметка основана на стандарте
    <ref target="http://www.tei-c.org">
     TEI (Text Encoding Initiative)
    </ref>
    .
   </p>
   <versionNumber/>
   <isFinished/>
   <isEdited/>
   <fullBibliographicDescription/>
  </xenoData>
 </teiHeader>
 <p rend="left emptyline">
  <pb n="265"/>
 </p>
   <div type="section" xml:id="ref133">
    <head rend="center">
     <hi rend="strong">
      ТЕПЛО.
     </hi>
     <lb/>
     <hi rend="strong">
      I.
     </hi>
    </head>
    <p rend="left" uuid="fa5ac61a-e92f-4403-90d4-0ef02c6626e3">
     Отчего на
     <choice>
      <reg>
       чугунке
      </reg>
      <orig>
       чугункѣ
      </orig>
     </choice>
     <choice>
      <reg>
       кладут
      </reg>
      <orig>
       кладутъ
      </orig>
     </choice>
     рельсы
     <choice>
      <reg>
       так
      </reg>
      <orig>
       такъ
      </orig>
     </choice>
     , чтобы концы не сходились
     <choice>
      <reg>
       с
      </reg>
      <orig>
       съ
      </orig>
     </choice>
     концами?
    </p>
    <p rend="left" uuid="3442f613-233e-4782-bb7a-568ba72af1c4">
     Оттого, что зимой
     <choice>
      <reg>
       железо
      </reg>
      <orig>
       желѣзо
      </orig>
     </choice>
     <choice>
      <reg>
       от
      </reg>
      <orig>
       отъ
      </orig>
     </choice>
     холода сжимается, а
     <choice>
      <reg>
       летом
      </reg>
      <orig>
       лѣтомъ
      </orig>
     </choice>
     <choice>
      <reg>
       от
      </reg>
      <orig>
       отъ
      </orig>
     </choice>
     жару растягивается.
     <choice>
      <reg>
       Если бы
      </reg>
      <orig>
       Если-бы
      </orig>
     </choice>
     зимою вплотную сомкнуть рельсы концы
     <choice>
      <reg>
       с
      </reg>
      <orig>
       съ
      </orig>
     </choice>
     концами, они бы
     <choice>
      <reg>
       летом
      </reg>
      <orig>
       лѣтомъ
      </orig>
     </choice>
     растянулись, уперлись бы
     <choice>
      <reg>
       друг
      </reg>
      <orig>
       другъ
      </orig>
     </choice>
     <choice>
      <reg>
       в
      </reg>
      <orig>
       въ
      </orig>
     </choice>
     друга и поднялись.
    </p>
    <p rend="left emptyline" uuid="b8b727e1-8239-42d6-bbd2-c1ed6be7baad">
     <pb n="266"/>
    </p>
    <p rend="centerline" uuid="16a1ad41-1c8a-43f5-8980-24a6e20e00c3">
     — 64 —
    </p>
    <p rend="left" uuid="5202f0b7-585c-4d67-8e70-ec8291db8e5b">
     <choice>
      <reg>
       От
      </reg>
      <orig>
       Отъ
      </orig>
     </choice>
     жару всё раздается,
     <choice>
      <reg>
       от
      </reg>
      <orig>
       отъ
      </orig>
     </choice>
     холода всё сжимается.
    </p>
    <p rend="left" uuid="70db3a19-919f-4257-94b1-bee6da3782d2">
     Если
     <choice>
      <reg>
       винт
      </reg>
      <orig>
       винтъ
      </orig>
     </choice>
     не входить
     <choice>
      <reg>
       в
      </reg>
      <orig>
       въ
      </orig>
     </choice>
     гайку, то
     <choice>
      <reg>
       погреть
      </reg>
      <orig>
       погрѣть
      </orig>
     </choice>
     гайку и
     <choice>
      <reg>
       винт
      </reg>
      <orig>
       винтъ
      </orig>
     </choice>
     <choice>
      <reg>
       взойдёт
      </reg>
      <orig>
       взойдётъ
      </orig>
     </choice>
     . А если
     <choice>
      <reg>
       винт
      </reg>
      <orig>
       винтъ
      </orig>
     </choice>
     <choice>
      <reg>
       слаб
      </reg>
      <orig>
       слабъ
      </orig>
     </choice>
     , то
     <choice>
      <reg>
       нагреть
      </reg>
      <orig>
       нагрѣть
      </orig>
     </choice>
     <choice>
      <reg>
       винт
      </reg>
      <orig>
       винтъ
      </orig>
     </choice>
     и
     <choice>
      <reg>
       он
      </reg>
      <orig>
       онъ
      </orig>
     </choice>
     <choice>
      <reg>
       будет
      </reg>
      <orig>
       будетъ
      </orig>
     </choice>
     <choice>
      <reg>
       туг
      </reg>
      <orig>
       тугъ
      </orig>
     </choice>
     .
    </p>
    <p rend="left" uuid="5d8895e0-8003-4e0a-aa97-60a71a58517e">
     Отчего
     <choice>
      <reg>
       стакан
      </reg>
      <orig>
       стаканъ
      </orig>
     </choice>
     лопается, если нальёшь
     <choice>
      <reg>
       в
      </reg>
      <orig>
       въ
      </orig>
     </choice>
     него
     <choice>
      <reg>
       кипяток
      </reg>
      <orig>
       кипятокъ
      </orig>
     </choice>
     ?
    </p>
    <p rend="left" uuid="460e1476-1175-475f-9d8c-251f11141d9f">
     Оттого, что то
     <choice>
      <reg>
       место
      </reg>
      <orig>
       мѣсто
      </orig>
     </choice>
     ,
     <choice>
      <reg>
       где
      </reg>
      <orig>
       гдѣ
      </orig>
     </choice>
     <choice>
      <reg>
       кипяток
      </reg>
      <orig>
       кипятокъ
      </orig>
     </choice>
     <choice>
      <reg>
       разогревается
      </reg>
      <orig>
       разогрѣвается
      </orig>
     </choice>
     , растягивается, а то
     <choice>
      <reg>
       место
      </reg>
      <orig>
       мѣсто
      </orig>
     </choice>
     ,
     <choice>
      <reg>
       где
      </reg>
      <orig>
       гдѣ
      </orig>
     </choice>
     <choice>
      <reg>
       нет
      </reg>
      <orig>
       нѣтъ
      </orig>
     </choice>
     кипятка, остаётся попрежнему: внизу
     <choice>
      <reg>
       тянет
      </reg>
      <orig>
       тянетъ
      </orig>
     </choice>
     <choice>
      <reg>
       стакан
      </reg>
      <orig>
       стаканъ
      </orig>
     </choice>
     врозь, а вверху не
     <choice>
      <reg>
       пускает
      </reg>
      <orig>
       пускаетъ
      </orig>
     </choice>
     , и
     <choice>
      <reg>
       он
      </reg>
      <orig>
       онъ
      </orig>
     </choice>
     лопается.
    </p>
    <p rend="left" uuid="94d9dcc0-543b-4da6-a454-06caeb277bdf">
     Отчего
     <choice>
      <reg>
       тонкий
      </reg>
      <orig>
       тонкiй
      </orig>
     </choice>
     <choice>
      <reg>
       стакан
      </reg>
      <orig>
       стаканъ
      </orig>
     </choice>
     не лопается?
    </p>
   </div>
   <div xml:id="h000010006006004"/>
   <div type="section" xml:id="ref134">
    <head rend="center">
     <hi rend="strong">
      ТЕПЛО.
     </hi>
     <lb/>
     <hi rend="strong">
      II.
     </hi>
    </head>
    <p rend="left" uuid="9a4e1d54-6610-4418-a931-0a167440d42e">
     Отчего, когда
     <choice>
      <reg>
       в
      </reg>
      <orig>
       въ
      </orig>
     </choice>
     оттепель
     <choice>
      <reg>
       идёт
      </reg>
      <orig>
       идётъ
      </orig>
     </choice>
     <choice>
      <reg>
       снег
      </reg>
      <orig>
       снѣгъ
      </orig>
     </choice>
     ,
     <choice>
      <reg>
       он
      </reg>
      <orig>
       онъ
      </orig>
     </choice>
     <choice>
      <reg>
       тает
      </reg>
      <orig>
       таетъ
      </orig>
     </choice>
     на
     <choice>
      <reg>
       руке
      </reg>
      <orig>
       рукѣ
      </orig>
     </choice>
     , а на
     <choice>
      <reg>
       шубе
      </reg>
      <orig>
       шубѣ
      </orig>
     </choice>
     остаётся?
    </p>
    <p rend="left" uuid="67b6f78d-b1ed-44ca-bb2b-cec21b2d30fa">
     Оттого, что тепло лица и руки переходить
     <choice>
      <reg>
       в
      </reg>
      <orig>
       въ
      </orig>
     </choice>
     <choice>
      <reg>
       снег
      </reg>
      <orig>
       снѣгъ
      </orig>
     </choice>
     и
     <choice>
      <reg>
       распускает
      </reg>
      <orig>
       распускаетъ
      </orig>
     </choice>
     его;
     <choice>
      <reg>
       от
      </reg>
      <orig>
       отъ
      </orig>
     </choice>
     этого то
     <choice>
      <reg>
       место
      </reg>
      <orig>
       мѣсто
      </orig>
     </choice>
     лица,
     <choice>
      <reg>
       где
      </reg>
      <orig>
       гдѣ
      </orig>
     </choice>
     <choice>
      <reg>
       растаял
      </reg>
      <orig>
       растаялъ
      </orig>
     </choice>
     <choice>
      <reg>
       снег
      </reg>
      <orig>
       снѣгъ
      </orig>
     </choice>
     ,
     <choice>
      <reg>
       делается
      </reg>
      <orig>
       дѣлается
      </orig>
     </choice>
     холодно.
    </p>
    <p rend="left" uuid="be71498f-b98b-47ca-9b19-d571c6520218">
     Отчего, если подержать жестяную кружку
     <choice>
      <reg>
       с
      </reg>
      <orig>
       съ
      </orig>
     </choice>
     холодной водой
     <choice>
      <reg>
       в
      </reg>
      <orig>
       въ
      </orig>
     </choice>
     <choice>
      <reg>
       ладонях
      </reg>
      <orig>
       ладоняхъ
      </orig>
     </choice>
     , вода
     <choice>
      <reg>
       согреется
      </reg>
      <orig>
       согрѣется
      </orig>
     </choice>
     , а ладони
     <choice>
      <reg>
       охолодеют
      </reg>
      <orig>
       охолодѣютъ
      </orig>
     </choice>
     ?
    </p>
    <p rend="left" uuid="08664c9e-87c1-4566-85a3-063948ededdf">
     Оттого, что тепло
     <choice>
      <reg>
       из
      </reg>
      <orig>
       изъ
      </orig>
     </choice>
     <choice>
      <reg>
       рук
      </reg>
      <orig>
       рукъ
      </orig>
     </choice>
     <choice>
      <reg>
       перейдёт
      </reg>
      <orig>
       перейдётъ
      </orig>
     </choice>
     <choice>
      <reg>
       в
      </reg>
      <orig>
       въ
      </orig>
     </choice>
     жесть, а
     <choice>
      <reg>
       потом
      </reg>
      <orig>
       потомъ
      </orig>
     </choice>
     <choice>
      <reg>
       в
      </reg>
      <orig>
       въ
      </orig>
     </choice>
     воду.
    </p>
    <p rend="left" uuid="9c75bffc-2be7-4c78-bef4-e76791ddcf05">
     Если держать кружку рукавицами, отчего она нескоро
     <choice>
      <reg>
       согревается
      </reg>
      <orig>
       согрѣвается
      </orig>
     </choice>
     ?
    </p>
    <p rend="left" uuid="0bc32353-21b8-408d-8a6c-69b587e875d7">
     Оттого, что рукавицы не
     <choice>
      <reg>
       позволяют
      </reg>
      <orig>
       позволяютъ
      </orig>
     </choice>
     теплу
     <choice>
      <reg>
       из
      </reg>
      <orig>
       изъ
      </orig>
     </choice>
     руки перейти
     <choice>
      <reg>
       в
      </reg>
      <orig>
       въ
      </orig>
     </choice>
     воду, а жесть
     <choice>
      <reg>
       пропускает
      </reg>
      <orig>
       пропускаетъ
      </orig>
     </choice>
     тепло
     <choice>
      <reg>
       из
      </reg>
      <orig>
       изъ
      </orig>
     </choice>
     <choice>
      <reg>
       рук
      </reg>
      <orig>
       рукъ
      </orig>
     </choice>
     <choice>
      <reg>
       в
      </reg>
      <orig>
       въ
      </orig>
     </choice>
     воду.
     <choice>
      <reg>
       Железо
      </reg>
      <orig>
       Желѣзо
      </orig>
     </choice>
     и жесть
     <choice>
      <reg>
       пропускают
      </reg>
      <orig>
       пропускаютъ
      </orig>
     </choice>
     тепло и
     <choice>
      <reg>
       холод
      </reg>
      <orig>
       холодъ
      </orig>
     </choice>
     , а
    </p>
    <p rend="left emptyline" uuid="4472bca5-560e-435e-8f3a-963006a02109">
     <pb n="267"/>
    </p>
    <p rend="centerline" uuid="4c0eb79b-6f4e-425c-969e-7318d1c33d03">
     — 65 —
    </p>
    <p rend="notindent" uuid="f0ce6e0b-628c-461c-be6d-dfebd3cc8d1f">
     шуба и дерево не
     <choice>
      <reg>
       пропускают
      </reg>
      <orig>
       пропускаютъ
      </orig>
     </choice>
     .
     <choice>
      <reg>
       От
      </reg>
      <orig>
       Отъ
      </orig>
     </choice>
     этого
     <choice>
      <reg>
       жолезо
      </reg>
      <orig>
       жолѣзо
      </orig>
     </choice>
     , жесть,
     <choice>
      <reg>
       медь
      </reg>
      <orig>
       мѣдь
      </orig>
     </choice>
     и
     <choice>
      <reg>
       всякий
      </reg>
      <orig>
       всякiй
      </orig>
     </choice>
     <choice>
      <reg>
       металл
      </reg>
      <orig>
       металлъ
      </orig>
     </choice>
     <note n="n6">
      <div type="section footnote" xml:id="n6">
       <head>
        <ref target="#backn6">
         6
        </ref>
       </head>
       <p rend="left" uuid="b7a61420-7eec-484a-ad46-dcff1fb9ca74">
        Металлы: золото, серебро,
        <choice>
         <reg>
          медь
         </reg>
         <orig>
          мѣдь
         </orig>
        </choice>
        ,
        <choice>
         <reg>
          железо
         </reg>
         <orig>
          желѣзо
         </orig>
        </choice>
        , олово, ртуть и
        <choice>
         <reg>
          другие
         </reg>
         <orig>
          другiе
         </orig>
        </choice>
        .
       </p>
      </div>
     </note>
     <choice>
      <reg>
       разогреваются
      </reg>
      <orig>
       разогрѣваются
      </orig>
     </choice>
     на
     <choice>
      <reg>
       солнце
      </reg>
      <orig>
       солнцѣ
      </orig>
     </choice>
     <choice>
      <reg>
       сильнее
      </reg>
      <orig>
       сильнѣе
      </orig>
     </choice>
     дерева, шерсти, бумаги и
     <choice>
      <reg>
       скорее
      </reg>
      <orig>
       скорѣе
      </orig>
     </choice>
     <choice>
      <reg>
       остывают
      </reg>
      <orig>
       остываютъ
      </orig>
     </choice>
     .
     <choice>
      <reg>
       От
      </reg>
      <orig>
       Отъ
      </orig>
     </choice>
     этого-то
     <choice>
      <reg>
       в
      </reg>
      <orig>
       въ
      </orig>
     </choice>
     холода
     <choice>
      <reg>
       одеваются
      </reg>
      <orig>
       одѣваются
      </orig>
     </choice>
     <choice>
      <reg>
       в
      </reg>
      <orig>
       въ
      </orig>
     </choice>
     <choice>
      <reg>
       меха
      </reg>
      <orig>
       мѣха
      </orig>
     </choice>
     , шерсть и во всё, чтó не
     <choice>
      <reg>
       пропускает
      </reg>
      <orig>
       пропускаетъ
      </orig>
     </choice>
     тепла.
    </p>
    <p rend="left" uuid="b02ed97d-515a-4964-a978-dbf8cdb6e11d">
     Для чего
     <choice>
      <reg>
       закрывают
      </reg>
      <orig>
       закрываютъ
      </orig>
     </choice>
     квашню шубой, а не заслонкой?
    </p>
    <p rend="left" uuid="b420f0a7-ac3c-4be0-9aee-f7f37c963afc">
     Для того, что шуба не пропустить тепла, и
     <choice>
      <reg>
       хлебы
      </reg>
      <orig>
       хлѣбы
      </orig>
     </choice>
     (квашни) не
     <choice>
      <reg>
       остынут
      </reg>
      <orig>
       остынутъ
      </orig>
     </choice>
     , а заслонка пропустить тепло наружу, и
     <choice>
      <reg>
       хлебы
      </reg>
      <orig>
       хлѣбы
      </orig>
     </choice>
     <choice>
      <reg>
       остынут
      </reg>
      <orig>
       остынутъ
      </orig>
     </choice>
     .
    </p>
    <p rend="left" uuid="23c7250f-bbc3-4d2e-bd01-61bb1a8a6416">
     Отчего
     <choice>
      <reg>
       под
      </reg>
      <orig>
       подъ
      </orig>
     </choice>
     щепой и соломой
     <choice>
      <reg>
       снег
      </reg>
      <orig>
       снѣгъ
      </orig>
     </choice>
     не
     <choice>
      <reg>
       тает
      </reg>
      <orig>
       таетъ
      </orig>
     </choice>
     , а
     <choice>
      <reg>
       лежит
      </reg>
      <orig>
       лежитъ
      </orig>
     </choice>
     до
     <choice>
      <reg>
       Петровок
      </reg>
      <orig>
       Петровокъ
      </orig>
     </choice>
     ?
    </p>
    <p rend="left" uuid="556ef8c6-4d77-439a-bedd-7edbfac61bca">
     Отчего
     <choice>
      <reg>
       лёд
      </reg>
      <orig>
       лёдъ
      </orig>
     </choice>
     лучше держится
     <choice>
      <reg>
       в
      </reg>
      <orig>
       въ
      </orig>
     </choice>
     <choice>
      <reg>
       погребах
      </reg>
      <orig>
       погребахъ
      </orig>
     </choice>
     <choice>
      <reg>
       под
      </reg>
      <orig>
       подъ
      </orig>
     </choice>
     соломенной крышей?
    </p>
    <p rend="left" uuid="46287a07-9f33-4de6-bca4-63e83fe38d6f">
     Отчего, когда
     <choice>
      <reg>
       хотят
      </reg>
      <orig>
       хотятъ
      </orig>
     </choice>
     высушить доски, то
     <choice>
      <reg>
       кладут
      </reg>
      <orig>
       кладутъ
      </orig>
     </choice>
     <choice>
      <reg>
       их
      </reg>
      <orig>
       ихъ
      </orig>
     </choice>
     <choice>
      <reg>
       под
      </reg>
      <orig>
       подъ
      </orig>
     </choice>
     <choice>
      <reg>
       железную
      </reg>
      <orig>
       желѣзную
      </orig>
     </choice>
     , а не
     <choice>
      <reg>
       под
      </reg>
      <orig>
       подъ
      </orig>
     </choice>
     соломенную крышу?
    </p>
    <p rend="left" uuid="45960726-4ec9-404e-8528-c45a398bc3b6">
     Для чего на
     <choice>
      <reg>
       покосе
      </reg>
      <orig>
       покосѣ
      </orig>
     </choice>
     и
     <choice>
      <reg>
       жнитве
      </reg>
      <orig>
       жнитвѣ
      </orig>
     </choice>
     мужики, чтобы не
     <choice>
      <reg>
       согрелась
      </reg>
      <orig>
       согрѣлась
      </orig>
     </choice>
     вода, —
     <choice>
      <reg>
       обёртывают
      </reg>
      <orig>
       обёртываютъ
      </orig>
     </choice>
     кувшины
     <choice>
      <reg>
       полотенцом
      </reg>
      <orig>
       полотенцомъ
      </orig>
     </choice>
     ?
    </p>
   </div>
   <div xml:id="h000010006006005"/>
   <div type="section" xml:id="ref135">
    <head rend="center">
     <hi rend="strong">
      ТЕПЛО.
     </hi>
     <lb/>
     <hi rend="strong">
      III.
     </hi>
    </head>
    <p rend="left" uuid="fa01c3cf-11a2-4ea3-89e0-cb4441f687f5">
     Отчего, когда
     <choice>
      <reg>
       ветрено
      </reg>
      <orig>
       вѣтрено
      </orig>
     </choice>
     <choice>
      <reg>
       без
      </reg>
      <orig>
       безъ
      </orig>
     </choice>
     мороза, то зябнешь больше,
     <choice>
      <reg>
       чем
      </reg>
      <orig>
       чѣмъ
      </orig>
     </choice>
     <choice>
      <reg>
       в
      </reg>
      <orig>
       въ
      </orig>
     </choice>
     <choice>
      <reg>
       мороз
      </reg>
      <orig>
       морозъ
      </orig>
     </choice>
     <choice>
      <reg>
       без
      </reg>
      <orig>
       безъ
      </orig>
     </choice>
     <choice>
      <reg>
       ветра
      </reg>
      <orig>
       вѣтра
      </orig>
     </choice>
     ?
    </p>
    <p rend="left" uuid="d7736364-50b0-4f68-8983-ad69367b4521">
     Оттого, что тепло
     <choice>
      <reg>
       из
      </reg>
      <orig>
       изъ
      </orig>
     </choice>
     <choice>
      <reg>
       тела
      </reg>
      <orig>
       тѣла
      </orig>
     </choice>
     <choice>
      <reg>
       переходит
      </reg>
      <orig>
       переходитъ
      </orig>
     </choice>
     <choice>
      <reg>
       в
      </reg>
      <orig>
       въ
      </orig>
     </choice>
     <choice>
      <reg>
       воздух
      </reg>
      <orig>
       воздухъ
      </orig>
     </choice>
     , и если тихо, то
     <choice>
      <reg>
       воздух
      </reg>
      <orig>
       воздухъ
      </orig>
     </choice>
     <choice>
      <reg>
       вокруг
      </reg>
      <orig>
       вокругъ
      </orig>
     </choice>
     <choice>
      <reg>
       тела
      </reg>
      <orig>
       тѣла
      </orig>
     </choice>
     <choice>
      <reg>
       нагревается
      </reg>
      <orig>
       нагрѣвается
      </orig>
     </choice>
     и стоить тёплый. Но когда
     <choice>
      <reg>
       дует
      </reg>
      <orig>
       дуетъ
      </orig>
     </choice>
     <choice>
      <reg>
       ветер
      </reg>
      <orig>
       вѣтеръ
      </orig>
     </choice>
     ,
     <choice>
      <reg>
       он
      </reg>
      <orig>
       онъ
      </orig>
     </choice>
     <choice>
      <reg>
       относит
      </reg>
      <orig>
       относитъ
      </orig>
     </choice>
     <choice>
      <reg>
       нагретый
      </reg>
      <orig>
       нагрѣтый
      </orig>
     </choice>
     <choice>
      <reg>
       воздух
      </reg>
      <orig>
       воздухъ
      </orig>
     </choice>
     и
     <choice>
      <reg>
       приносит
      </reg>
      <orig>
       приноситъ
      </orig>
     </choice>
     холодный. Опять
     <choice>
      <reg>
       из
      </reg>
      <orig>
       изъ
      </orig>
     </choice>
     <choice>
      <reg>
       тела
      </reg>
      <orig>
       тѣла
      </orig>
     </choice>
     <choice>
      <reg>
       выходит
      </reg>
      <orig>
       выходитъ
      </orig>
     </choice>
     тепло и
     <choice>
      <reg>
       нагревает
      </reg>
      <orig>
       нагрѣваетъ
      </orig>
     </choice>
     <choice>
      <reg>
       воздух
      </reg>
      <orig>
       воздухъ
      </orig>
     </choice>
     <choice>
      <reg>
       вокруг
      </reg>
      <orig>
       вокругъ
      </orig>
     </choice>
     него и
    </p>
    <p rend="left emptyline" uuid="5aaf4301-9ce1-4915-94ea-235291737c0d">
     <pb n="268"/>
    </p>
    <p rend="centerline" uuid="7c7fac71-fed5-4132-b1e6-7317d64f7d5a">
     — 66 —
    </p>
    <p rend="notindent" uuid="b9d3367f-6ca9-46dc-a2a9-898dcd9049ad">
     опять
     <choice>
      <reg>
       ветер
      </reg>
      <orig>
       вѣтеръ
      </orig>
     </choice>
     <choice>
      <reg>
       относит
      </reg>
      <orig>
       относитъ
      </orig>
     </choice>
     тёплый
     <choice>
      <reg>
       воздух
      </reg>
      <orig>
       воздухъ
      </orig>
     </choice>
     . Когда
     <choice>
      <reg>
       выйдет
      </reg>
      <orig>
       выйдетъ
      </orig>
     </choice>
     много тепла
     <choice>
      <reg>
       из
      </reg>
      <orig>
       изъ
      </orig>
     </choice>
     <choice>
      <reg>
       тела
      </reg>
      <orig>
       тѣла
      </orig>
     </choice>
     , тогда и зябнешь.
    </p>
    <p rend="left" uuid="b787b2f2-225d-4eb9-afb0-d95b62fad73d">
     Отчего, когда горячь чай
     <choice>
      <reg>
       в
      </reg>
      <orig>
       въ
      </orig>
     </choice>
     <choice>
      <reg>
       чашке
      </reg>
      <orig>
       чашкѣ
      </orig>
     </choice>
     , на него
     <choice>
      <reg>
       дуют
      </reg>
      <orig>
       дуютъ
      </orig>
     </choice>
     ?
    </p>
   </div>
</TEI>