<?xml version="1.0" encoding="utf-8"?>
<TEI xmlns="http://www.tei-c.org/ns/1.0" xmlns:xi="http://www.w3.org/2001/XInclude">
 <teiHeader>
  <fileDesc>
   <titleStmt>
    <title>
     Азбука. Книга I
    </title>
    <author>
     Толстой Л.Н.
    </author>
    <respStmt>
     <resp>
      подготовка TEI/XML
     </resp>
     <name>
      Мария Картышева, Евгений Можаев, Даниил Скоринкин, Елена Сидорова, Вероника Файнберг, Кирилл Милинцевич
     </name>
    </respStmt>
    <respStmt>
     <name>
      Анастасия Бонч-Осмоловская, Фёкла Толстая, Борис Орехов
     </name>
     <resp>
      Идея, постановка задач, руководство
     </resp>
    </respStmt>
   </titleStmt>
   <publicationStmt>
    <idno>
     Азбука  | Книга I
    </idno>
    <publisher>
     <orgName>
      Школа лингвистики НИУ ВШЭ
     </orgName>
    </publisher>
    <availability>
     <p>
      Тексты и метатекстовая разметка доступны для свободного использования и распространения по лицензии Creative Commons Attribution Share-Alike (cc by-sa)
     </p>
    </availability>
   </publicationStmt>
   <sourceDesc>
    <biblStruct>
     <analytic>
      <author>
       Толстой Л.Н.
      </author>
      <title level="a">
       Азбука. Книга I
      </title>
     </analytic>
     <monogr>
      <title level="m">
       Полное собрание сочинений. Том 22
      </title>
      <imprint>
       <pubPlace>
        Москва
       </pubPlace>
       <publisher>
        Государственное издательство "Художественная литература"
       </publisher>
       <date when="1871-1872"/>
      </imprint>
     </monogr>
     <series>
      <title level="s">
       Л.Н. Толстой. Полное собрание сочинений
      </title>
      <biblScope unit="vol">
       22
      </biblScope>
     </series>
    </biblStruct>
   </sourceDesc>
  </fileDesc>
  <encodingDesc>
   <classDecl>
    <xi:include href="taxonomy.xml"/>
   </classDecl>
  </encodingDesc>
  <profileDesc>
   <creation>
    <date notAfter="1872" notBefore="1871">
     1871-1872
    </date>
    <rs/>
   </creation>
   <textClass>
    <catRef target="#fiction" type="sphere"/>
    <catRef target="#произведения для детей" type="type"/>
    <catRef target="#works" type="works_letters_diaries"/>
    <catRef target="#азбука" type="ninetyDef"/>
    <catRef target="#Основное" type="main_var"/>
    <catRef target="#азбука" type="type_short"/>
    <catRef target="None" type="translation"/>
    <catRef target="None" type="translation_origin"/>
    <catRef target="#да" type="tolstoy_or_not"/>
    <catRef target="None" type="name_status"/>
   </textClass>
   <preparedness>
    finished
   </preparedness>
   <settingDesc>
    <time>
     XIX век
    </time>
   </settingDesc>
  </profileDesc>
  <xenoData>
   <cyclusName/>
   <p>
    Проект
    <title>
     Толстой.Digital
    </title>
    разрабатывается сотрудниками и студентами
    <orgName>
     Высшей школы экономики
    </orgName>
    в сотрудничестве с
    <orgName>
     Государственным музеем Л.Н. Толстого
    </orgName>
    . Источник текстов –
    <bibl>
     90-томное собрание сочинений Л.Н.Толстого
    </bibl>
    . Разметка основана на стандарте
    <ref target="http://www.tei-c.org">
     TEI (Text Encoding Initiative)
    </ref>
    .
   </p>
   <versionNumber/>
   <isFinished/>
   <isEdited/>
   <fullBibliographicDescription/>
  </xenoData>
 </teiHeader>
 <p rend="left emptyline">
  <pb n="378"/>
 </p>
 <div type="section" xml:id="ref178">
  <head rend="center">
   <hi rend="strong">
    ЦАРСКІЙ
    <choice>
     <reg>
      СЫН
     </reg>
    </choice>
    И ЕГО ТОВАРИЩИ.
   </hi>
  </head>
  <p rend="left" uuid="c7e54649-d5d8-44ff-9ce1-feaac0c87e1b">
   У Царя было два сына. Царь
   <choice>
    <reg>
     любил
    </reg>
   </choice>
   <choice>
    <reg>
     старшего
    </reg>
   </choice>
   и
   <choice>
    <reg>
     отдал
    </reg>
   </choice>
   ему всё царство. Мать
   <choice>
    <reg>
     жалела
    </reg>
   </choice>
   <choice>
    <reg>
     меньшего
    </reg>
   </choice>
   сына
  </p>
  <p rend="left emptyline" uuid="4709f04b-abb3-4e17-b42f-03282e22cfb7">
   <pb n="379"/>
  </p>
  <p rend="centerline" uuid="d7cf5093-176c-46b1-87fb-a954aed97060">
   — 11 —
  </p>
  <p rend="notindent" uuid="d8f19ef9-9eb0-44a9-a989-7bab8cb3f5f8">
   и спорила
   <choice>
    <reg>
     с
    </reg>
   </choice>
   <choice>
    <reg>
     Царём
    </reg>
   </choice>
   . Царь на неё за то сердился, и каждый день была у
   <choice>
    <reg>
     них
    </reg>
   </choice>
   <choice>
    <reg>
     из
    </reg>
   </choice>
   за этого ссора.
   <choice>
    <reg>
     Меньший
    </reg>
   </choice>
   <choice>
    <reg>
     Царевич
    </reg>
   </choice>
   и
   <choice>
    <reg>
     подумал
    </reg>
   </choice>
   «лучше
   <choice>
    <reg>
     мне
    </reg>
   </choice>
   уйти куда-нибудь», — простился
   <choice>
    <reg>
     с
    </reg>
   </choice>
   <choice>
    <reg>
     отцом
    </reg>
   </choice>
   и матерью,
   <choice>
    <reg>
     оделся
    </reg>
   </choice>
   <choice>
    <reg>
     в
    </reg>
   </choice>
   простое платье и
   <choice>
    <reg>
     пошёл
    </reg>
   </choice>
   странствовать.
  </p>
  <p rend="left" uuid="05b18d61-385a-4464-be1b-e61c2f69bfa5">
   На пути сошёлся
   <choice>
    <reg>
     он
    </reg>
   </choice>
   <choice>
    <reg>
     с
    </reg>
   </choice>
   <choice>
    <reg>
     купцом
    </reg>
   </choice>
   .
   <choice>
    <reg>
     Купец
    </reg>
   </choice>
   раз
   <choice>
    <reg>
     сказал
    </reg>
   </choice>
   Царевичу, что
   <choice>
    <reg>
     был
    </reg>
   </choice>
   <choice>
    <reg>
     он
    </reg>
   </choice>
   прежде
   <choice>
    <reg>
     богат
    </reg>
   </choice>
   , но что
   <choice>
    <reg>
     все
    </reg>
   </choice>
   его товары потонули
   <choice>
    <reg>
     в
    </reg>
   </choice>
   <choice>
    <reg>
     море
    </reg>
   </choice>
   , и что
   <choice>
    <reg>
     он
    </reg>
   </choice>
   <choice>
    <reg>
     идёт
    </reg>
   </choice>
   теперь
   <choice>
    <reg>
     в
    </reg>
   </choice>
   <choice>
    <reg>
     чужие
    </reg>
   </choice>
   края поискать счастья.
  </p>
  <p rend="left" uuid="ac89c9a2-2101-41a8-8606-fee409010f05">
   Они пошли
   <choice>
    <reg>
     вместе
    </reg>
   </choice>
   . На
   <choice>
    <reg>
     третий
    </reg>
   </choice>
   день сошелся
   <choice>
    <reg>
     с
    </reg>
   </choice>
   ними ещё
   <choice>
    <reg>
     товарищ
    </reg>
   </choice>
   . Они разговорились и новый
   <choice>
    <reg>
     товарищ
    </reg>
   </choice>
   <choice>
    <reg>
     рассказал
    </reg>
   </choice>
   , что
   <choice>
    <reg>
     он
    </reg>
   </choice>
   <choice>
    <reg>
     мужик
    </reg>
   </choice>
   ;
   <choice>
    <reg>
     был
    </reg>
   </choice>
   у него
   <choice>
    <reg>
     дом
    </reg>
   </choice>
   и земля, но что была война, поля его стоптали и
   <choice>
    <reg>
     двор
    </reg>
   </choice>
   его сожгли; не при
   <choice>
    <reg>
     чём
    </reg>
   </choice>
   ему стало жить, и что
   <choice>
    <reg>
     идёт
    </reg>
   </choice>
   <choice>
    <reg>
     он
    </reg>
   </choice>
   теперь искать работы на чужую сторону.
  </p>
  <p rend="left" uuid="835b21bd-506e-436e-9f79-a6cbd212aa7a">
   Они пошли
   <choice>
    <reg>
     все
    </reg>
   </choice>
   <choice>
    <reg>
     вместе
    </reg>
   </choice>
   . Подошли они
   <choice>
    <reg>
     к
    </reg>
   </choice>
   большому городу, и
   <choice>
    <reg>
     сели
    </reg>
   </choice>
   отдохнуть.
   <choice>
    <reg>
     Вот
    </reg>
   </choice>
   <choice>
    <reg>
     мужик
    </reg>
   </choice>
   и
   <choice>
    <reg>
     говорит
    </reg>
   </choice>
   : «ну, братцы,
   <choice>
    <reg>
     будет
    </reg>
   </choice>
   <choice>
    <reg>
     нам
    </reg>
   </choice>
   гулять, теперь мы пришли
   <choice>
    <reg>
     к
    </reg>
   </choice>
   городу, надо
   <choice>
    <reg>
     нам
    </reg>
   </choice>
   за работу приниматься, кто какую
   <choice>
    <reg>
     умеет
    </reg>
   </choice>
   .»
  </p>
  <p rend="left" uuid="584972ba-a3dd-4ab1-95fd-16f20b917e34">
   <choice>
    <reg>
     Купец
    </reg>
   </choice>
   <choice>
    <reg>
     говорит
    </reg>
   </choice>
   : «я
   <choice>
    <reg>
     умею
    </reg>
   </choice>
   торговать. Если бы у меня было хоть немного
   <choice>
    <reg>
     денег
    </reg>
   </choice>
   , я бы много
   <choice>
    <reg>
     наторговал
    </reg>
   </choice>
   .» А
   <choice>
    <reg>
     Царевич
    </reg>
   </choice>
   <choice>
    <reg>
     говорит
    </reg>
   </choice>
   — «а я не
   <choice>
    <reg>
     умею
    </reg>
   </choice>
   ни работать, ни торговать; я только
   <choice>
    <reg>
     умею
    </reg>
   </choice>
   царствовать.
   <choice>
    <reg>
     Еслиб
    </reg>
   </choice>
   было у меня царство, я бы хорошо
   <choice>
    <reg>
     царствовал
    </reg>
   </choice>
   .» — А
   <choice>
    <reg>
     мужик
    </reg>
   </choice>
   <choice>
    <reg>
     говорит
    </reg>
   </choice>
   — «А
   <choice>
    <reg>
     мне
    </reg>
   </choice>
   ни
   <choice>
    <reg>
     денег
    </reg>
   </choice>
   , ни царства не нужно; у меня только бы ноги ходили, да руки ворочали, — я проживу и
   <choice>
    <reg>
     вас
    </reg>
   </choice>
   ещё прокормлю. А то вы, пока кто
   <choice>
    <reg>
     денег
    </reg>
   </choice>
   , а кто царства дожидаетесь,
   <choice>
    <reg>
     с
    </reg>
   </choice>
   голоду помрёте.» А
   <choice>
    <reg>
     Царевич
    </reg>
   </choice>
   <choice>
    <reg>
     говорит
    </reg>
   </choice>
   :
  </p>
  <p rend="left emptyline" uuid="fc0191bc-04ca-4f68-9d0c-ec3b8c33dfa7">
   <pb n="380"/>
  </p>
  <p rend="centerline" uuid="d68bb09d-61fc-48df-a59b-2ffe795bb5f3">
   — 12 —
  </p>
  <p rend="left" uuid="4364c44c-d936-427f-882c-0687d6e047ae">
   «Купцу деньги нужны,
   <choice>
    <reg>
     мне
    </reg>
   </choice>
   царство нужно,
   <choice>
    <reg>
     тебе
    </reg>
   </choice>
   сила нужна,
   <choice>
    <reg>
     чтоб
    </reg>
   </choice>
   работать; а и деньги, и царство, и сила
   <choice>
    <reg>
     нам
    </reg>
   </choice>
   <choice>
    <reg>
     от
    </reg>
   </choice>
   Бога.
   <choice>
    <reg>
     Захочет
    </reg>
   </choice>
   <choice>
    <reg>
     Бог
    </reg>
   </choice>
   , и
   <choice>
    <reg>
     мне
    </reg>
   </choice>
   царство
   <choice>
    <reg>
     даст
    </reg>
   </choice>
   , и
   <choice>
    <reg>
     тебе
    </reg>
   </choice>
   силу; а не
   <choice>
    <reg>
     захочет
    </reg>
   </choice>
   ни
   <choice>
    <reg>
     тебе
    </reg>
   </choice>
   силы, ни
   <choice>
    <reg>
     мне
    </reg>
   </choice>
   царства не
   <choice>
    <reg>
     даст
    </reg>
   </choice>
   .»
  </p>
  <p rend="left" uuid="bceb379b-c8a1-45d1-9097-1ea5cdffd623">
   <choice>
    <reg>
     Мужик
    </reg>
   </choice>
   не
   <choice>
    <reg>
     стал
    </reg>
   </choice>
   слушать, а
   <choice>
    <reg>
     пошёл
    </reg>
   </choice>
   <choice>
    <reg>
     в
    </reg>
   </choice>
   <choice>
    <reg>
     город
    </reg>
   </choice>
   .
   <choice>
    <reg>
     В
    </reg>
   </choice>
   <choice>
    <reg>
     городе
    </reg>
   </choice>
   <choice>
    <reg>
     он
    </reg>
   </choice>
   нанялся таскать дрова. Ввечеру ему заплатили деньги.
   <choice>
    <reg>
     Он
    </reg>
   </choice>
   <choice>
    <reg>
     их
    </reg>
   </choice>
   <choice>
    <reg>
     принёс
    </reg>
   </choice>
   <choice>
    <reg>
     товарищам
    </reg>
   </choice>
   и
   <choice>
    <reg>
     говорит
    </reg>
   </choice>
   : «Вы покуда собираетесь царствовать, а я ужь
   <choice>
    <reg>
     заработал
    </reg>
   </choice>
   .»
  </p>
  <p rend="left" uuid="df3248e9-0384-4530-8e05-06d578dfac19">
   На другой день
   <choice>
    <reg>
     купец
    </reg>
   </choice>
   <choice>
    <reg>
     выпросил
    </reg>
   </choice>
   <choice>
    <reg>
     денег
    </reg>
   </choice>
   у мужика и
   <choice>
    <reg>
     пошёл
    </reg>
   </choice>
   <choice>
    <reg>
     в
    </reg>
   </choice>
   <choice>
    <reg>
     город
    </reg>
   </choice>
   .
  </p>
  <p rend="left" uuid="5a0f9edc-4cc2-4eac-8c61-96b0d7e99f7a">
   На торгу
   <choice>
    <reg>
     купец
    </reg>
   </choice>
   <choice>
    <reg>
     узнал
    </reg>
   </choice>
   , что
   <choice>
    <reg>
     в
    </reg>
   </choice>
   <choice>
    <reg>
     городе
    </reg>
   </choice>
   мало масла и каждый день
   <choice>
    <reg>
     ждут
    </reg>
   </choice>
   <choice>
    <reg>
     нового
    </reg>
   </choice>
   привоза.
   <choice>
    <reg>
     Купец
    </reg>
   </choice>
   <choice>
    <reg>
     пошёл
    </reg>
   </choice>
   на пристань и
   <choice>
    <reg>
     стал
    </reg>
   </choice>
   высматривать корабли. При
   <choice>
    <reg>
     нем
    </reg>
   </choice>
   <choice>
    <reg>
     пришёл
    </reg>
   </choice>
   корабль
   <choice>
    <reg>
     с
    </reg>
   </choice>
   <choice>
    <reg>
     маслом
    </reg>
   </choice>
   .
   <choice>
    <reg>
     Купец
    </reg>
   </choice>
   прежде
   <choice>
    <reg>
     всех
    </reg>
   </choice>
   <choice>
    <reg>
     вошёл
    </reg>
   </choice>
   на корабль,
   <choice>
    <reg>
     отыскал
    </reg>
   </choice>
   хозяина,
   <choice>
    <reg>
     купил
    </reg>
   </choice>
   всё масло и
   <choice>
    <reg>
     дал
    </reg>
   </choice>
   <choice>
    <reg>
     задаток
    </reg>
   </choice>
   .
   <choice>
    <reg>
     Потом
    </reg>
   </choice>
   <choice>
    <reg>
     купец
    </reg>
   </choice>
   <choice>
    <reg>
     побежал
    </reg>
   </choice>
   <choice>
    <reg>
     в
    </reg>
   </choice>
   <choice>
    <reg>
     город
    </reg>
   </choice>
   ;
   <choice>
    <reg>
     перепродал
    </reg>
   </choice>
   масло и за свои хлопоты
   <choice>
    <reg>
     заработал
    </reg>
   </choice>
   <choice>
    <reg>
     денег
    </reg>
   </choice>
   <choice>
    <reg>
     в
    </reg>
   </choice>
   10
   <choice>
    <reg>
     раз
    </reg>
   </choice>
   больше
   <choice>
    <reg>
     против
    </reg>
   </choice>
   мужика и
   <choice>
    <reg>
     принёс
    </reg>
   </choice>
   <choice>
    <reg>
     товарищам
    </reg>
   </choice>
   .
  </p>
  <p rend="left" uuid="206a4f7c-8b75-465e-ab08-624ea66dde15">
   <choice>
    <reg>
     Царевич
    </reg>
   </choice>
   и
   <choice>
    <reg>
     говорит
    </reg>
   </choice>
   : «Ну, теперь мой
   <choice>
    <reg>
     черёд
    </reg>
   </choice>
   идти
   <choice>
    <reg>
     в
    </reg>
   </choice>
   <choice>
    <reg>
     город
    </reg>
   </choice>
   .
   <choice>
    <reg>
     Вам
    </reg>
   </choice>
   <choice>
    <reg>
     обоим
    </reg>
   </choice>
   посчастливилось,
   <choice>
    <reg>
     может
    </reg>
   </choice>
   и
   <choice>
    <reg>
     мне
    </reg>
   </choice>
   тоже
   <choice>
    <reg>
     будет
    </reg>
   </choice>
   . Для Бога ничего не трудно, — чтó
   <choice>
    <reg>
     тебе
    </reg>
   </choice>
   мужику дать работу, чтó купцу барыши, чтó Царевичу царство».
  </p>
  <p rend="left" uuid="be0ec4c0-aa0b-4135-b141-fb0c4303149e">
   <choice>
    <reg>
     Входит
    </reg>
   </choice>
   <choice>
    <reg>
     Царевич
    </reg>
   </choice>
   <choice>
    <reg>
     в
    </reg>
   </choice>
   <choice>
    <reg>
     город
    </reg>
   </choice>
   ,
   <choice>
    <reg>
     видит
    </reg>
   </choice>
   <choice>
    <reg>
     он
    </reg>
   </choice>
   , —
   <choice>
    <reg>
     народ
    </reg>
   </choice>
   <choice>
    <reg>
     ходит
    </reg>
   </choice>
   по
   <choice>
    <reg>
     улицам
    </reg>
   </choice>
   и
   <choice>
    <reg>
     плачет
    </reg>
   </choice>
   .
   <choice>
    <reg>
     Царевич
    </reg>
   </choice>
   <choice>
    <reg>
     стал
    </reg>
   </choice>
   спрашивать, о
   <choice>
    <reg>
     чём
    </reg>
   </choice>
   <choice>
    <reg>
     плачут
    </reg>
   </choice>
   . Ему
   <choice>
    <reg>
     говорят
    </reg>
   </choice>
   : «
   <choice>
    <reg>
     разве
    </reg>
   </choice>
   не знаешь, нынче
   <choice>
    <reg>
     в
    </reg>
   </choice>
   ночь
   <choice>
    <reg>
     наш
    </reg>
   </choice>
   царь
   <choice>
    <reg>
     умер
    </reg>
   </choice>
   , и
   <choice>
    <reg>
     другого
    </reg>
   </choice>
   царя
   <choice>
    <reg>
     нам
    </reg>
   </choice>
   такого не найти?» — «Отчего же
   <choice>
    <reg>
     он
    </reg>
   </choice>
  </p>
  <p rend="left emptyline" uuid="bc58b5ed-fdf9-4912-a8d8-9d44a09e63ef">
   <pb n="381"/>
  </p>
  <p rend="centerline" uuid="98aecaa5-0ea0-4fff-a6d3-949873ec664e">
   — 13 —
  </p>
  <p rend="notindent" uuid="55c56fba-d991-44f2-9439-3ed9a0ff6107">
   <choice>
    <reg>
     умер
    </reg>
   </choice>
   »? — «Да должно быть
   <choice>
    <reg>
     злодеи
    </reg>
   </choice>
   наши отравили».
   <choice>
    <reg>
     Царевич
    </reg>
   </choice>
   <choice>
    <reg>
     рассмеялся
    </reg>
   </choice>
   и
   <choice>
    <reg>
     говорит
    </reg>
   </choice>
   : «Это не можеть быть».
  </p>
  <p rend="left" uuid="e26ccc72-1c49-4158-a59b-df0328f09f78">
   <choice>
    <reg>
     Вдруг
    </reg>
   </choice>
   <choice>
    <reg>
     один
    </reg>
   </choice>
   <choice>
    <reg>
     человек
    </reg>
   </choice>
   <choice>
    <reg>
     присмотрелся
    </reg>
   </choice>
   <choice>
    <reg>
     к
    </reg>
   </choice>
   Царевичу,
   <choice>
    <reg>
     приметил
    </reg>
   </choice>
   , что
   <choice>
    <reg>
     он
    </reg>
   </choice>
   <choice>
    <reg>
     говорит
    </reg>
   </choice>
   нечисто по ихнему и
   <choice>
    <reg>
     одет
    </reg>
   </choice>
   не
   <choice>
    <reg>
     так
    </reg>
   </choice>
   ,
   <choice>
    <reg>
     как
    </reg>
   </choice>
   <choice>
    <reg>
     все
    </reg>
   </choice>
   <choice>
    <reg>
     в
    </reg>
   </choice>
   <choice>
    <reg>
     городе
    </reg>
   </choice>
   , и
   <choice>
    <reg>
     крикнул
    </reg>
   </choice>
   :
  </p>
  <p rend="left" uuid="1ebbafcd-76ed-4547-bd87-a97f3ee807b4">
   — «Ребята!
   <choice>
    <reg>
     этот
    </reg>
   </choice>
   <choice>
    <reg>
     человек
    </reg>
   </choice>
   <choice>
    <reg>
     подослан
    </reg>
   </choice>
   <choice>
    <reg>
     к
    </reg>
   </choice>
   <choice>
    <reg>
     нам
    </reg>
   </choice>
   <choice>
    <reg>
     от
    </reg>
   </choice>
   <choice>
    <reg>
     наших
    </reg>
   </choice>
   <choice>
    <reg>
     злодеев
    </reg>
   </choice>
   разузнавать про
   <choice>
    <reg>
     нащ
    </reg>
   </choice>
   <choice>
    <reg>
     город
    </reg>
   </choice>
   .
   <choice>
    <reg>
     Может
    </reg>
   </choice>
   <choice>
    <reg>
     он
    </reg>
   </choice>
   самый
   <choice>
    <reg>
     отравил
    </reg>
   </choice>
   Царя. Видите,
   <choice>
    <reg>
     он
    </reg>
   </choice>
   и
   <choice>
    <reg>
     говорит
    </reg>
   </choice>
   не по нашему и
   <choice>
    <reg>
     смеется
    </reg>
   </choice>
   , когда мы
   <choice>
    <reg>
     все
    </reg>
   </choice>
   <choice>
    <reg>
     плачем
    </reg>
   </choice>
   . Хватайте его, ведите
   <choice>
    <reg>
     в
    </reg>
   </choice>
   тюрьму!»
  </p>
  <p rend="left" uuid="a10ca299-7852-44b9-98f7-0ad6d647a81c">
   Царевича схватили, отвели
   <choice>
    <reg>
     в
    </reg>
   </choice>
   тюрьму и два дня не давали ему пищи. На
   <choice>
    <reg>
     третий
    </reg>
   </choice>
   день пришли за
   <choice>
    <reg>
     Царевичем
    </reg>
   </choice>
   и повели его на
   <choice>
    <reg>
     суд
    </reg>
   </choice>
   . Народа собралось много слушать,
   <choice>
    <reg>
     как
    </reg>
   </choice>
   <choice>
    <reg>
     будут
    </reg>
   </choice>
   судить Царевича.
  </p>
  <p rend="left" uuid="af33e748-9cfa-4e41-974f-065632fb2a29">
   На
   <choice>
    <reg>
     суде
    </reg>
   </choice>
   Царевича спросили, кто
   <choice>
    <reg>
     он
    </reg>
   </choice>
   и
   <choice>
    <reg>
     зачем
    </reg>
   </choice>
   <choice>
    <reg>
     пришёл
    </reg>
   </choice>
   <choice>
    <reg>
     в
    </reg>
   </choice>
   <choice>
    <reg>
     их
    </reg>
   </choice>
   <choice>
    <reg>
     город
    </reg>
   </choice>
   ?
   <choice>
    <reg>
     Царевич
    </reg>
   </choice>
   <choice>
    <reg>
     сказал
    </reg>
   </choice>
   : — «Я
   <choice>
    <reg>
     царский
    </reg>
   </choice>
   <choice>
    <reg>
     сын
    </reg>
   </choice>
   . Мой
   <choice>
    <reg>
     отец
    </reg>
   </choice>
   <choice>
    <reg>
     отдал
    </reg>
   </choice>
   всё царство старшему брату, а мать за меня заступалась и
   <choice>
    <reg>
     из
    </reg>
   </choice>
   за меня
   <choice>
    <reg>
     отец
    </reg>
   </choice>
   <choice>
    <reg>
     с
    </reg>
   </choice>
   матерью ссорились. Я этого не
   <choice>
    <reg>
     захотел
    </reg>
   </choice>
   ; простился
   <choice>
    <reg>
     с
    </reg>
   </choice>
   <choice>
    <reg>
     отцом
    </reg>
   </choice>
   и матерью и
   <choice>
    <reg>
     ушёл
    </reg>
   </choice>
   странствовать. По
   <choice>
    <reg>
     дороге
    </reg>
   </choice>
   <choice>
    <reg>
     встретил
    </reg>
   </choice>
   я
   <choice>
    <reg>
     двух
    </reg>
   </choice>
   товарищей: купца и мужика и
   <choice>
    <reg>
     с
    </reg>
   </choice>
   ними
   <choice>
    <reg>
     подошёл
    </reg>
   </choice>
   <choice>
    <reg>
     к
    </reg>
   </choice>
   вашему городу. Когда мы
   <choice>
    <reg>
     сидели
    </reg>
   </choice>
   отдыхали за
   <choice>
    <reg>
     городом
    </reg>
   </choice>
   ,
   <choice>
    <reg>
     мужик
    </reg>
   </choice>
   <choice>
    <reg>
     сказал
    </reg>
   </choice>
   , что надо теперь работать, кто чтó
   <choice>
    <reg>
     умеет
    </reg>
   </choice>
   ;
   <choice>
    <reg>
     купец
    </reg>
   </choice>
   <choice>
    <reg>
     сказал
    </reg>
   </choice>
   , что
   <choice>
    <reg>
     он
    </reg>
   </choice>
   <choice>
    <reg>
     умеет
    </reg>
   </choice>
   торговать, но что у него
   <choice>
    <reg>
     денег
    </reg>
   </choice>
   <choice>
    <reg>
     нет
    </reg>
   </choice>
   , а я
   <choice>
    <reg>
     сказал
    </reg>
   </choice>
   , что я
   <choice>
    <reg>
     умею
    </reg>
   </choice>
   только царствовать, да у меня царства
   <choice>
    <reg>
     нет
    </reg>
   </choice>
   .
   <choice>
    <reg>
     Мужик
    </reg>
   </choice>
   <choice>
    <reg>
     сказал
    </reg>
   </choice>
   , что мы
   <choice>
    <reg>
     с
    </reg>
   </choice>
   голоду
   <choice>
    <reg>
     помрём
    </reg>
   </choice>
   , дожидаючи
   <choice>
    <reg>
     денег
    </reg>
   </choice>
   да царства, а что у него есть сила
   <choice>
    <reg>
     в
    </reg>
   </choice>
   <choice>
    <reg>
     руках
    </reg>
   </choice>
   , и что
   <choice>
    <reg>
     он
    </reg>
   </choice>
   и себя, и
   <choice>
    <reg>
     нас
    </reg>
   </choice>
   <choice>
    <reg>
     прокормит
    </reg>
   </choice>
   . И
   <choice>
    <reg>
     он
    </reg>
   </choice>
   <choice>
    <reg>
     пошёл
    </reg>
   </choice>
   <choice>
    <reg>
     в
    </reg>
   </choice>
   <choice>
    <reg>
     город
    </reg>
   </choice>
   ,
   <choice>
    <reg>
     заработал
    </reg>
   </choice>
   деньги и
   <choice>
    <reg>
     принёс
    </reg>
   </choice>
   <choice>
    <reg>
     нам
    </reg>
   </choice>
   .
   <choice>
    <reg>
     Купец
    </reg>
   </choice>
   на
  </p>
  <p rend="left emptyline" uuid="e6151c33-4f59-4017-a47b-0c6ae9e494a6">
   <pb n="382"/>
  </p>
  <p rend="centerline" uuid="5265511e-550c-4115-8dd0-80cf7d6a1b2c">
   — 14 —
  </p>
  <p rend="notindent" uuid="d07a86ce-7ccc-4a72-bfb9-fc8de409495c">
   эти деньги
   <choice>
    <reg>
     пошёл
    </reg>
   </choice>
   и
   <choice>
    <reg>
     наторговал
    </reg>
   </choice>
   вдесятеро; а я
   <choice>
    <reg>
     пошёл
    </reg>
   </choice>
   <choice>
    <reg>
     в
    </reg>
   </choice>
   <choice>
    <reg>
     город
    </reg>
   </choice>
   нынче, и
   <choice>
    <reg>
     вот
    </reg>
   </choice>
   меня взяли и понапрасну посадили
   <choice>
    <reg>
     в
    </reg>
   </choice>
   тюрьму и два дня не давали
   <choice>
    <reg>
     есть
    </reg>
   </choice>
   , и теперь
   <choice>
    <reg>
     хотят
    </reg>
   </choice>
   казнить. Да я этого ничего не боюсь, потому что знаю, что всё
   <choice>
    <reg>
     от
    </reg>
   </choice>
   Бога, и
   <choice>
    <reg>
     захочет
    </reg>
   </choice>
   <choice>
    <reg>
     Бог
    </reg>
   </choice>
   ,
   <choice>
    <reg>
     так
    </reg>
   </choice>
   вы меня казните понапрасну, а
   <choice>
    <reg>
     захочет
    </reg>
   </choice>
   ,
   <choice>
    <reg>
     так
    </reg>
   </choice>
   вы меня
   <choice>
    <reg>
     царём
    </reg>
   </choice>
   <choice>
    <reg>
     сделаете
    </reg>
   </choice>
   .»
  </p>
  <p rend="left" uuid="5a890c9a-22dd-4599-9370-2630be3abb91">
   Когда
   <choice>
    <reg>
     он
    </reg>
   </choice>
   всё это
   <choice>
    <reg>
     сказал
    </reg>
   </choice>
   , судья
   <choice>
    <reg>
     замолчал
    </reg>
   </choice>
   и не
   <choice>
    <reg>
     знал
    </reg>
   </choice>
   , что говорить.
   <choice>
    <reg>
     Вдруг
    </reg>
   </choice>
   <choice>
    <reg>
     один
    </reg>
   </choice>
   <choice>
    <reg>
     человек
    </reg>
   </choice>
   <choice>
    <reg>
     из
    </reg>
   </choice>
   народа
   <choice>
    <reg>
     закричал
    </reg>
   </choice>
   :
  </p>
  <p rend="left" uuid="7a662f38-f2e3-4d96-89fb-6c7cc5640679">
   — «
   <choice>
    <reg>
     Нам
    </reg>
   </choice>
   <choice>
    <reg>
     Бог
    </reg>
   </choice>
   <choice>
    <reg>
     послал
    </reg>
   </choice>
   этого Царевича. Мы не
   <choice>
    <reg>
     найдём
    </reg>
   </choice>
   <choice>
    <reg>
     себе
    </reg>
   </choice>
   лучше царя! Выбирайте его
   <choice>
    <reg>
     в
    </reg>
   </choice>
   цари!»
  </p>
  <p rend="left" uuid="ca5f7564-8976-4f50-b848-e2193ca2eadb">
   И
   <choice>
    <reg>
     все
    </reg>
   </choice>
   выбрали его
   <choice>
    <reg>
     царём
    </reg>
   </choice>
   .
  </p>
  <p rend="left" uuid="adc1b497-6090-4bbc-a475-29664c3a2510">
   Когда его выбрали
   <choice>
    <reg>
     царём
    </reg>
   </choice>
   ,
   <choice>
    <reg>
     Царевич
    </reg>
   </choice>
   <choice>
    <reg>
     послал
    </reg>
   </choice>
   за
   <choice>
    <reg>
     город
    </reg>
   </choice>
   привести
   <choice>
    <reg>
     к
    </reg>
   </choice>
   <choice>
    <reg>
     себе
    </reg>
   </choice>
   <choice>
    <reg>
     своих
    </reg>
   </choice>
   товарищей. Когда
   <choice>
    <reg>
     им
    </reg>
   </choice>
   сказали, что
   <choice>
    <reg>
     их
    </reg>
   </choice>
   <choice>
    <reg>
     требует
    </reg>
   </choice>
   Царь — они испугались: думали, что они
   <choice>
    <reg>
     сделали
    </reg>
   </choice>
   какую нибудь вину
   <choice>
    <reg>
     в
    </reg>
   </choice>
   <choice>
    <reg>
     городе
    </reg>
   </choice>
   . Но
   <choice>
    <reg>
     им
    </reg>
   </choice>
   нельзя было
   <choice>
    <reg>
     убежать
    </reg>
   </choice>
   и
   <choice>
    <reg>
     их
    </reg>
   </choice>
   привели
   <choice>
    <reg>
     к
    </reg>
   </choice>
   Царю. Они упали ему
   <choice>
    <reg>
     в
    </reg>
   </choice>
   ноги, но Царь
   <choice>
    <reg>
     велел
    </reg>
   </choice>
   встать. Тогда они узнали своего товарища. Царь
   <choice>
    <reg>
     рассказал
    </reg>
   </choice>
   <choice>
    <reg>
     им
    </reg>
   </choice>
   всё, что
   <choice>
    <reg>
     с
    </reg>
   </choice>
   <choice>
    <reg>
     ним
    </reg>
   </choice>
   было, и
   <choice>
    <reg>
     сказал
    </reg>
   </choice>
   <choice>
    <reg>
     им
    </reg>
   </choice>
   : — «Видите ли вы, что моя правда? Худое и доброе — всё
   <choice>
    <reg>
     от
    </reg>
   </choice>
   Бога. И Богу не
   <choice>
    <reg>
     труднее
    </reg>
   </choice>
   дать царство Царевичу,
   <choice>
    <reg>
     чем
    </reg>
   </choice>
   купцу
   <choice>
    <reg>
     барыш
    </reg>
   </choice>
   , а мужику работу.»
  </p>
  <p rend="left" uuid="e39dc0bb-ff23-4b1d-b644-f1ce6275c2b5">
   <choice>
    <reg>
     Он
    </reg>
   </choice>
   <choice>
    <reg>
     наградил
    </reg>
   </choice>
   <choice>
    <reg>
     их
    </reg>
   </choice>
   и
   <choice>
    <reg>
     оставил
    </reg>
   </choice>
   жить
   <choice>
    <reg>
     в
    </reg>
   </choice>
   <choice>
    <reg>
     своём
    </reg>
   </choice>
   <choice>
    <reg>
     Царстве
    </reg>
   </choice>
   .
  </p>
 </div>
</TEI>