<?xml version="1.0" encoding="utf-8"?>
<TEI xmlns="http://www.tei-c.org/ns/1.0" xmlns:xi="http://www.w3.org/2001/XInclude">
 <teiHeader>
  <fileDesc>
   <titleStmt>
    <title>
     Азбука. Книга I
    </title>
    <author>
     Толстой Л.Н.
    </author>
    <respStmt>
     <resp>
      подготовка TEI/XML
     </resp>
     <name>
      Мария Картышева, Евгений Можаев, Даниил Скоринкин, Елена Сидорова, Вероника Файнберг, Кирилл Милинцевич
     </name>
    </respStmt>
    <respStmt>
     <name>
      Анастасия Бонч-Осмоловская, Фёкла Толстая, Борис Орехов
     </name>
     <resp>
      Идея, постановка задач, руководство
     </resp>
    </respStmt>
   </titleStmt>
   <publicationStmt>
    <idno>
     Азбука  | Книга I
    </idno>
    <publisher>
     <orgName>
      Школа лингвистики НИУ ВШЭ
     </orgName>
    </publisher>
    <availability>
     <p>
      Тексты и метатекстовая разметка доступны для свободного использования и распространения по лицензии Creative Commons Attribution Share-Alike (cc by-sa)
     </p>
    </availability>
   </publicationStmt>
   <sourceDesc>
    <biblStruct>
     <analytic>
      <author>
       Толстой Л.Н.
      </author>
      <title level="a">
       Азбука. Книга I
      </title>
     </analytic>
     <monogr>
      <title level="m">
       Полное собрание сочинений. Том 22
      </title>
      <imprint>
       <pubPlace>
        Москва
       </pubPlace>
       <publisher>
        Государственное издательство "Художественная литература"
       </publisher>
       <date when="1871-1872"/>
      </imprint>
     </monogr>
     <series>
      <title level="s">
       Л.Н. Толстой. Полное собрание сочинений
      </title>
      <biblScope unit="vol">
       22
      </biblScope>
     </series>
    </biblStruct>
   </sourceDesc>
  </fileDesc>
  <encodingDesc>
   <classDecl>
    <xi:include href="taxonomy.xml"/>
   </classDecl>
  </encodingDesc>
  <profileDesc>
   <creation>
    <date notAfter="1872" notBefore="1871">
     1871-1872
    </date>
    <rs/>
   </creation>
   <textClass>
    <catRef target="#fiction" type="sphere"/>
    <catRef target="#произведения для детей" type="type"/>
    <catRef target="#works" type="works_letters_diaries"/>
    <catRef target="#азбука" type="ninetyDef"/>
    <catRef target="#Основное" type="main_var"/>
    <catRef target="#азбука" type="type_short"/>
    <catRef target="None" type="translation"/>
    <catRef target="None" type="translation_origin"/>
    <catRef target="#да" type="tolstoy_or_not"/>
    <catRef target="None" type="name_status"/>
   </textClass>
   <preparedness>
    finished
   </preparedness>
   <settingDesc>
    <time>
     XIX век
    </time>
   </settingDesc>
  </profileDesc>
  <xenoData>
   <cyclusName/>
   <p>
    Проект
    <title>
     Толстой.Digital
    </title>
    разрабатывается сотрудниками и студентами
    <orgName>
     Высшей школы экономики
    </orgName>
    в сотрудничестве с
    <orgName>
     Государственным музеем Л.Н. Толстого
    </orgName>
    . Источник текстов –
    <bibl>
     90-томное собрание сочинений Л.Н.Толстого
    </bibl>
    . Разметка основана на стандарте
    <ref target="http://www.tei-c.org">
     TEI (Text Encoding Initiative)
    </ref>
    .
   </p>
   <versionNumber/>
   <isFinished/>
   <isEdited/>
   <fullBibliographicDescription/>
  </xenoData>
 </teiHeader>
 <p rend="left emptyline">
  <pb n="241"/>
 </p>
 <div type="section" xml:id="ref120">
  <head rend="center">
   <hi rend="strong">
    РОВНОЕ
    <choice>
     <reg>
      НАСЛЕДСТВО
     </reg>
    </choice>
    .
   </hi>
  </head>
  <p rend="left" uuid="c1314073-bfd6-4383-9b89-4b511f7e1491">
   У одного купца было два сына.
   <choice>
    <reg>
     Старший
    </reg>
   </choice>
   <choice>
    <reg>
     был
    </reg>
   </choice>
   <choice>
    <reg>
     любимец
    </reg>
   </choice>
   отца, и
   <choice>
    <reg>
     отец
    </reg>
   </choice>
   всё своё
   <choice>
    <reg>
     наследство
    </reg>
   </choice>
   <choice>
    <reg>
     хотел
    </reg>
   </choice>
   отдать ему. Мать
   <choice>
    <reg>
     жалела
    </reg>
   </choice>
   <choice>
    <reg>
     меньшего
    </reg>
   </choice>
   сына и просила мужа не объявлять до времени
   <choice>
    <reg>
     сыновьям
    </reg>
   </choice>
   ,
   <choice>
    <reg>
     как
    </reg>
   </choice>
   <choice>
    <reg>
     их
    </reg>
   </choice>
   <choice>
    <reg>
     разделят
    </reg>
   </choice>
   : она
   <choice>
    <reg>
     хотела
    </reg>
   </choice>
   <choice>
    <reg>
     как
    </reg>
   </choice>
   нибудь сравнять
   <choice>
    <reg>
     двух
    </reg>
   </choice>
   сыновей.
   <choice>
    <reg>
     Купец
    </reg>
   </choice>
   её
   <choice>
    <reg>
     послушал
    </reg>
   </choice>
   и не
   <choice>
    <reg>
     объявлял
    </reg>
   </choice>
   своего
   <choice>
    <reg>
     решения
    </reg>
   </choice>
   .
  </p>
  <p rend="left" uuid="a644d7be-97cd-4d68-ae63-f17fe60648a7">
   <choice>
    <reg>
     Один
    </reg>
   </choice>
   <choice>
    <reg>
     раз
    </reg>
   </choice>
   мать
   <choice>
    <reg>
     сидела
    </reg>
   </choice>
   у окна и плакала:
   <choice>
    <reg>
     к
    </reg>
   </choice>
   окну
   <choice>
    <reg>
     подошёл
    </reg>
   </choice>
   <choice>
    <reg>
     странник
    </reg>
   </choice>
   и
   <choice>
    <reg>
     спросил
    </reg>
   </choice>
   , о
   <choice>
    <reg>
     чём
    </reg>
   </choice>
   она
   <choice>
    <reg>
     плачет
    </reg>
   </choice>
   ?
  </p>
  <p rend="left" uuid="d8caa923-aa50-43c6-8b49-5da1743490c5">
   Она сказала: «
   <choice>
    <reg>
     как
    </reg>
   </choice>
   <choice>
    <reg>
     мне
    </reg>
   </choice>
   не плакать; оба сына
   <choice>
    <reg>
     мне
    </reg>
   </choice>
   равны, а
   <choice>
    <reg>
     отец
    </reg>
   </choice>
   <choice>
    <reg>
     хочет
    </reg>
   </choice>
   одному сыну всё отдать, а другому ничего. Я просила мужа не объявлять своего
   <choice>
    <reg>
     решения
    </reg>
   </choice>
  </p>
  <p rend="left emptyline" uuid="ff280fa4-4936-49ce-b792-406df5382d9b">
   <pb n="242"/>
  </p>
  <p rend="centerline" uuid="c8f437a6-38f1-4614-abe2-f2adeb2b13fd">
   — 40 —
  </p>
  <p rend="notindent" uuid="a885ba34-31a1-4b31-99ad-cc877d6bebde">
   <choice>
    <reg>
     сыновьям
    </reg>
   </choice>
   , пока я не придумаю,
   <choice>
    <reg>
     как
    </reg>
   </choice>
   помочь меньшему. Но
   <choice>
    <reg>
     денег
    </reg>
   </choice>
   у меня
   <choice>
    <reg>
     своих
    </reg>
   </choice>
   <choice>
    <reg>
     нет
    </reg>
   </choice>
   и я не знаю,
   <choice>
    <reg>
     как
    </reg>
   </choice>
   помочь горю».
  </p>
  <p rend="left" uuid="8dabb0f0-e6ce-44d1-a5ba-ba67bd6ed9c9">
   <choice>
    <reg>
     Странник
    </reg>
   </choice>
   <choice>
    <reg>
     сказал
    </reg>
   </choice>
   : «твоему горю легко помочь: поди, объяви
   <choice>
    <reg>
     сыновьям
    </reg>
   </choice>
   , что старшему достанется всё богатство, а меньшему ничего; и у
   <choice>
    <reg>
     них
    </reg>
   </choice>
   <choice>
    <reg>
     будет
    </reg>
   </choice>
   поровну».
  </p>
  <p rend="left" uuid="c203e7e0-c5b6-4a9e-ac23-c44c27b20380">
   Меньшой
   <choice>
    <reg>
     сын
    </reg>
   </choice>
   ,
   <choice>
    <reg>
     как
    </reg>
   </choice>
   <choice>
    <reg>
     узнал
    </reg>
   </choice>
   , что у него ничего не
   <choice>
    <reg>
     будет
    </reg>
   </choice>
   ,
   <choice>
    <reg>
     ушёл
    </reg>
   </choice>
   <choice>
    <reg>
     в
    </reg>
   </choice>
   <choice>
    <reg>
     чужия
    </reg>
   </choice>
   страны и выучился
   <choice>
    <reg>
     мастерствам
    </reg>
   </choice>
   и
   <choice>
    <reg>
     наукам
    </reg>
   </choice>
   , a
   <choice>
    <reg>
     старший
    </reg>
   </choice>
   <choice>
    <reg>
     жил
    </reg>
   </choice>
   при
   <choice>
    <reg>
     отце
    </reg>
   </choice>
   и ничему не учился, потому что
   <choice>
    <reg>
     знал
    </reg>
   </choice>
   , что
   <choice>
    <reg>
     будет
    </reg>
   </choice>
   <choice>
    <reg>
     богат
    </reg>
   </choice>
   .
  </p>
  <p rend="left" uuid="d48dd1f2-d22e-4f4f-98f5-93d7f90e84ab">
   Когда
   <choice>
    <reg>
     отец
    </reg>
   </choice>
   <choice>
    <reg>
     умер
    </reg>
   </choice>
   ,
   <choice>
    <reg>
     старший
    </reg>
   </choice>
   ничего не
   <choice>
    <reg>
     умел
    </reg>
   </choice>
   <choice>
    <reg>
     делать
    </reg>
   </choice>
   ,
   <choice>
    <reg>
     прожил
    </reg>
   </choice>
   всё своё
   <choice>
    <reg>
     имение
    </reg>
   </choice>
   , a
   <choice>
    <reg>
     младший
    </reg>
   </choice>
   выучился наживать на чужой
   <choice>
    <reg>
     стороне
    </reg>
   </choice>
   , и
   <choice>
    <reg>
     стал
    </reg>
   </choice>
   <choice>
    <reg>
     богат
    </reg>
   </choice>
   .
  </p>
  <p rend="left emptyline" uuid="c558cb9c-9a49-409c-accc-06016a45753d">
   <pb n="243"/>
  </p>
 </div>
</TEI>