<?xml version="1.0" encoding="utf-8"?>
<TEI xmlns="http://www.tei-c.org/ns/1.0" xmlns:xi="http://www.w3.org/2001/XInclude">
 <teiHeader>
  <fileDesc>
   <titleStmt>
    <title>
     Азбука. Книга I
    </title>
    <author>
     Толстой Л.Н.
    </author>
    <respStmt>
     <resp>
      подготовка TEI/XML
     </resp>
     <name>
      Мария Картышева, Евгений Можаев, Даниил Скоринкин, Елена Сидорова, Вероника Файнберг, Кирилл Милинцевич
     </name>
    </respStmt>
    <respStmt>
     <name>
      Анастасия Бонч-Осмоловская, Фёкла Толстая, Борис Орехов
     </name>
     <resp>
      Идея, постановка задач, руководство
     </resp>
    </respStmt>
   </titleStmt>
   <publicationStmt>
    <idno>
     Азбука  | Книга I
    </idno>
    <publisher>
     <orgName>
      Школа лингвистики НИУ ВШЭ
     </orgName>
    </publisher>
    <availability>
     <p>
      Тексты и метатекстовая разметка доступны для свободного использования и распространения по лицензии Creative Commons Attribution Share-Alike (cc by-sa)
     </p>
    </availability>
   </publicationStmt>
   <sourceDesc>
    <biblStruct>
     <analytic>
      <author>
       Толстой Л.Н.
      </author>
      <title level="a">
       Азбука. Книга I
      </title>
     </analytic>
     <monogr>
      <title level="m">
       Полное собрание сочинений. Том 22
      </title>
      <imprint>
       <pubPlace>
        Москва
       </pubPlace>
       <publisher>
        Государственное издательство "Художественная литература"
       </publisher>
       <date when="1871-1872"/>
      </imprint>
     </monogr>
     <series>
      <title level="s">
       Л.Н. Толстой. Полное собрание сочинений
      </title>
      <biblScope unit="vol">
       22
      </biblScope>
     </series>
    </biblStruct>
   </sourceDesc>
  </fileDesc>
  <encodingDesc>
   <classDecl>
    <xi:include href="taxonomy.xml"/>
   </classDecl>
  </encodingDesc>
  <profileDesc>
   <creation>
    <date notAfter="1872" notBefore="1871">
     1871-1872
    </date>
    <rs/>
   </creation>
   <textClass>
    <catRef target="#fiction" type="sphere"/>
    <catRef target="#произведения для детей" type="type"/>
    <catRef target="#works" type="works_letters_diaries"/>
    <catRef target="#азбука" type="ninetyDef"/>
    <catRef target="#Основное" type="main_var"/>
    <catRef target="#азбука" type="type_short"/>
    <catRef target="None" type="translation"/>
    <catRef target="None" type="translation_origin"/>
    <catRef target="#да" type="tolstoy_or_not"/>
    <catRef target="None" type="name_status"/>
   </textClass>
   <preparedness>
    finished
   </preparedness>
   <settingDesc>
    <time>
     XIX век
    </time>
   </settingDesc>
  </profileDesc>
  <xenoData>
   <cyclusName/>
   <p>
    Проект
    <title>
     Толстой.Digital
    </title>
    разрабатывается сотрудниками и студентами
    <orgName>
     Высшей школы экономики
    </orgName>
    в сотрудничестве с
    <orgName>
     Государственным музеем Л.Н. Толстого
    </orgName>
    . Источник текстов –
    <bibl>
     90-томное собрание сочинений Л.Н.Толстого
    </bibl>
    . Разметка основана на стандарте
    <ref target="http://www.tei-c.org">
     TEI (Text Encoding Initiative)
    </ref>
    .
   </p>
   <versionNumber/>
   <isFinished/>
   <isEdited/>
   <fullBibliographicDescription/>
  </xenoData>
 </teiHeader>
 <p rend="left emptyline">
  <pb n="377"/>
 </p>
 <div type="section" xml:id="ref176">
  <head rend="center">
   <hi rend="strong">
    ЦАРЬ И
    <choice>
     <reg>
      СОКОЛ
     </reg>
    </choice>
    .
   </hi>
  </head>
  <p rend="left" uuid="2baa44b4-82b4-4a66-97a2-19c9e95054b5">
   <choice>
    <reg>
     Один
    </reg>
   </choice>
   царь на
   <choice>
    <reg>
     охоте
    </reg>
   </choice>
   <choice>
    <reg>
     пустил
    </reg>
   </choice>
   зa
   <choice>
    <reg>
     зайцем
    </reg>
   </choice>
   <choice>
    <reg>
     любимого
    </reg>
   </choice>
   сокола и
   <choice>
    <reg>
     поскакал
    </reg>
   </choice>
   .
  </p>
  <p rend="left" uuid="4b774b76-a6e6-4665-8e52-56f1dfe1000f">
   <choice>
    <reg>
     Сокол
    </reg>
   </choice>
   <choice>
    <reg>
     поймал
    </reg>
   </choice>
   зайца. Царь
   <choice>
    <reg>
     отнял
    </reg>
   </choice>
   зайца и
   <choice>
    <reg>
     стал
    </reg>
   </choice>
   искать воды,
   <choice>
    <reg>
     где
    </reg>
   </choice>
   бы напиться.
   <choice>
    <reg>
     В
    </reg>
   </choice>
   <choice>
    <reg>
     бугре
    </reg>
   </choice>
   царь
   <choice>
    <reg>
     нашёл
    </reg>
   </choice>
   воду. Только она по
   <choice>
    <reg>
     капле
    </reg>
   </choice>
   капала.
   <choice>
    <reg>
     Вот
    </reg>
   </choice>
   царь
   <choice>
    <reg>
     достал
    </reg>
   </choice>
   чашу
   <choice>
    <reg>
     с
    </reg>
   </choice>
   <choice>
    <reg>
     седла
    </reg>
   </choice>
   и
   <choice>
    <reg>
     подставил
    </reg>
   </choice>
   <choice>
    <reg>
     под
    </reg>
   </choice>
   воду. Вода текла по
   <choice>
    <reg>
     капле
    </reg>
   </choice>
   , и когда чаша набралась полная, царь
   <choice>
    <reg>
     поднял
    </reg>
   </choice>
   её ко рту и
   <choice>
    <reg>
     хотел
    </reg>
   </choice>
   пить.
   <choice>
    <reg>
     Вдруг
    </reg>
   </choice>
   <choice>
    <reg>
     сокол
    </reg>
   </choice>
   встрепенулся на
   <choice>
    <reg>
     руке
    </reg>
   </choice>
   у царя,
   <choice>
    <reg>
     забил
    </reg>
   </choice>
   крыльями и
   <choice>
    <reg>
     выплеснул
    </reg>
   </choice>
   воду. Царь опять
   <choice>
    <reg>
     подставил
    </reg>
   </choice>
   чашу.
   <choice>
    <reg>
     Он
    </reg>
   </choice>
   долго
   <choice>
    <reg>
     ждал
    </reg>
   </choice>
   , пока она наберётся вровень
   <choice>
    <reg>
     с
    </reg>
   </choice>
   краями, и опять, когда
   <choice>
    <reg>
     он
    </reg>
   </choice>
   <choice>
    <reg>
     стал
    </reg>
   </choice>
   подносить её ко рту,
   <choice>
    <reg>
     сокол
    </reg>
   </choice>
   затрепыхался и
   <choice>
    <reg>
     разлил
    </reg>
   </choice>
   воду.
  </p>
  <p rend="left" uuid="27445933-cda2-404f-ae27-48b201367bf3">
   Когда
   <choice>
    <reg>
     в
    </reg>
   </choice>
   <choice>
    <reg>
     третий
    </reg>
   </choice>
   <choice>
    <reg>
     раз
    </reg>
   </choice>
   царь
   <choice>
    <reg>
     набрал
    </reg>
   </choice>
   полную чашу и
   <choice>
    <reg>
     стал
    </reg>
   </choice>
   подносить её
   <choice>
    <reg>
     к
    </reg>
   </choice>
   <choice>
    <reg>
     губам
    </reg>
   </choice>
   ,
   <choice>
    <reg>
     сокол
    </reg>
   </choice>
   опять
   <choice>
    <reg>
     разлил
    </reg>
   </choice>
   её. Царь
   <choice>
    <reg>
     рассердился
    </reg>
   </choice>
   и, со всего размаха
   <choice>
    <reg>
     ударив
    </reg>
   </choice>
   сокола
   <choice>
    <reg>
     об
    </reg>
   </choice>
   камень,
   <choice>
    <reg>
     убил
    </reg>
   </choice>
   его.
   <choice>
    <reg>
     Тут
    </reg>
   </choice>
   <choice>
    <reg>
     подъехали
    </reg>
   </choice>
   <choice>
    <reg>
     царские
    </reg>
   </choice>
   слуги, и
   <choice>
    <reg>
     один
    </reg>
   </choice>
   <choice>
    <reg>
     из
    </reg>
   </choice>
   <choice>
    <reg>
     них
    </reg>
   </choice>
   <choice>
    <reg>
     побежал
    </reg>
   </choice>
   <choice>
    <reg>
     вверх
    </reg>
   </choice>
   <choice>
    <reg>
     к
    </reg>
   </choice>
   роднику, чтобы найти побольше воды и
   <choice>
    <reg>
     скорее
    </reg>
   </choice>
   набрать полную чашу. Только и слуга не
   <choice>
    <reg>
     принёс
    </reg>
   </choice>
   воды;
   <choice>
    <reg>
     он
    </reg>
   </choice>
   вернулся
   <choice>
    <reg>
     с
    </reg>
   </choice>
   пустой чашкой и
   <choice>
    <reg>
     сказал
    </reg>
   </choice>
   : «Ту воду нельзя пить;
   <choice>
    <reg>
     в
    </reg>
   </choice>
   <choice>
    <reg>
     роднике
    </reg>
   </choice>
   <choice>
    <reg>
     змея
    </reg>
   </choice>
   и она выпустила свой
   <choice>
    <reg>
     яд
    </reg>
   </choice>
   <choice>
    <reg>
     в
    </reg>
   </choice>
   воду. Хорошо, что
   <choice>
    <reg>
     сокол
    </reg>
   </choice>
   <choice>
    <reg>
     разлил
    </reg>
   </choice>
   воду. Если бы ты
   <choice>
    <reg>
     выпил
    </reg>
   </choice>
   этой воды, ты бы
   <choice>
    <reg>
     умер
    </reg>
   </choice>
   ».
  </p>
  <p rend="left" uuid="20a7f67e-5f38-4e67-a487-65c676f354be">
   Царь
   <choice>
    <reg>
     сказал
    </reg>
   </choice>
   : «Дурно же я
   <choice>
    <reg>
     отплатил
    </reg>
   </choice>
   соколу —
   <choice>
    <reg>
     он
    </reg>
   </choice>
   <choice>
    <reg>
     спас
    </reg>
   </choice>
   <choice>
    <reg>
     мне
    </reg>
   </choice>
   жизнь, а я
   <choice>
    <reg>
     убил
    </reg>
   </choice>
   его».
  </p>
  <p rend="left emptyline" uuid="059c76d3-c587-483d-993e-6cde88f0612f">
   <pb n="378"/>
  </p>
  <p rend="centerline" uuid="813b52ba-85de-415b-9650-d652d2d41793">
   — 10 —
  </p>
 </div>
</TEI>