<?xml version="1.0" encoding="utf-8"?>
<TEI xmlns="http://www.tei-c.org/ns/1.0" xmlns:xi="http://www.w3.org/2001/XInclude">
 <teiHeader>
  <fileDesc>
   <titleStmt>
    <title>
     Азбука. Книга I
    </title>
    <author>
     Толстой Л.Н.
    </author>
    <respStmt>
     <resp>
      подготовка TEI/XML
     </resp>
     <name>
      Мария Картышева, Евгений Можаев, Даниил Скоринкин, Елена Сидорова, Вероника Файнберг, Кирилл Милинцевич
     </name>
    </respStmt>
    <respStmt>
     <name>
      Анастасия Бонч-Осмоловская, Фёкла Толстая, Борис Орехов
     </name>
     <resp>
      Идея, постановка задач, руководство
     </resp>
    </respStmt>
   </titleStmt>
   <publicationStmt>
    <idno>
     Азбука  | Книга I
    </idno>
    <publisher>
     <orgName>
      Школа лингвистики НИУ ВШЭ
     </orgName>
    </publisher>
    <availability>
     <p>
      Тексты и метатекстовая разметка доступны для свободного использования и распространения по лицензии Creative Commons Attribution Share-Alike (cc by-sa)
     </p>
    </availability>
   </publicationStmt>
   <sourceDesc>
    <biblStruct>
     <analytic>
      <author>
       Толстой Л.Н.
      </author>
      <title level="a">
       Азбука. Книга I
      </title>
     </analytic>
     <monogr>
      <title level="m">
       Полное собрание сочинений. Том 22
      </title>
      <imprint>
       <pubPlace>
        Москва
       </pubPlace>
       <publisher>
        Государственное издательство "Художественная литература"
       </publisher>
       <date when="1871-1872"/>
      </imprint>
     </monogr>
     <series>
      <title level="s">
       Л.Н. Толстой. Полное собрание сочинений
      </title>
      <biblScope unit="vol">
       22
      </biblScope>
     </series>
    </biblStruct>
   </sourceDesc>
  </fileDesc>
  <encodingDesc>
   <classDecl>
    <xi:include href="taxonomy.xml"/>
   </classDecl>
  </encodingDesc>
  <profileDesc>
   <creation>
    <date notAfter="1872" notBefore="1871">
     1871-1872
    </date>
    <rs/>
   </creation>
   <textClass>
    <catRef target="#fiction" type="sphere"/>
    <catRef target="#произведения для детей" type="type"/>
    <catRef target="#works" type="works_letters_diaries"/>
    <catRef target="#азбука" type="ninetyDef"/>
    <catRef target="#Основное" type="main_var"/>
    <catRef target="#азбука" type="type_short"/>
    <catRef target="None" type="translation"/>
    <catRef target="None" type="translation_origin"/>
    <catRef target="#да" type="tolstoy_or_not"/>
    <catRef target="None" type="name_status"/>
   </textClass>
   <preparedness>
    finished
   </preparedness>
   <settingDesc>
    <time>
     XIX век
    </time>
   </settingDesc>
  </profileDesc>
  <xenoData>
   <cyclusName/>
   <p>
    Проект
    <title>
     Толстой.Digital
    </title>
    разрабатывается сотрудниками и студентами
    <orgName>
     Высшей школы экономики
    </orgName>
    в сотрудничестве с
    <orgName>
     Государственным музеем Л.Н. Толстого
    </orgName>
    . Источник текстов –
    <bibl>
     90-томное собрание сочинений Л.Н.Толстого
    </bibl>
    . Разметка основана на стандарте
    <ref target="http://www.tei-c.org">
     TEI (Text Encoding Initiative)
    </ref>
    .
   </p>
   <versionNumber/>
   <isFinished/>
   <isEdited/>
   <fullBibliographicDescription/>
  </xenoData>
 </teiHeader>
 <p rend="left emptyline">
  <pb n="211"/>
 </p>
 <div type="section" xml:id="ref99">
  <head rend="center">
   <hi rend="strong">
    ЦАПЛЯ, ЛЯГУШКА И
    <choice>
     <reg>
      РАК
     </reg>
     <orig>
      РАКЪ
     </orig>
    </choice>
    .
   </hi>
  </head>
  <p rend="left" uuid="ed5cb7c6-115c-4509-b347-dc053a6317d0">
   Жила цапля у пруда и
   <choice>
    <reg>
     состарелась
    </reg>
    <orig>
     состарѣлась
    </orig>
   </choice>
   ; не стало ужь
   <choice>
    <reg>
     в
    </reg>
    <orig>
     въ
    </orig>
   </choice>
   ней силы ловить рыбу. Стала она придумывать,
   <choice>
    <reg>
     как
    </reg>
    <orig>
     какъ
    </orig>
   </choice>
   бы ей хитростью прожить. Она и говорить
   <choice>
    <reg>
     рыбам
    </reg>
    <orig>
     рыбамъ
    </orig>
   </choice>
   : «а вы, рыбы, не знаете, что на
   <choice>
    <reg>
     вас
    </reg>
    <orig>
     васъ
    </orig>
   </choice>
   <choice>
    <reg>
     беда
    </reg>
    <orig>
     бѣда
    </orig>
   </choice>
   собирается: слышала я
   <choice>
    <reg>
     от
    </reg>
    <orig>
     отъ
    </orig>
   </choice>
   людей,
   <choice>
    <reg>
     хотят
    </reg>
    <orig>
     хотятъ
    </orig>
   </choice>
   они
   <choice>
    <reg>
     пруд
    </reg>
    <orig>
     прудъ
    </orig>
   </choice>
   спустить и
   <choice>
    <reg>
     вас
    </reg>
    <orig>
     васъ
    </orig>
   </choice>
   <choice>
    <reg>
     всех
    </reg>
    <orig>
     всѣхъ
    </orig>
   </choice>
   повыловить. Знаю я,
   <choice>
    <reg>
     тут
    </reg>
    <orig>
     тутъ
    </orig>
   </choice>
   за горой —
   <choice>
    <reg>
     хорош
    </reg>
    <orig>
     хорошъ
    </orig>
   </choice>
   <choice>
    <reg>
     прудок
    </reg>
    <orig>
     прудокъ
    </orig>
   </choice>
   есть. Я бы помогла, да стара стала: тяжело летать.» Рыбы стали просить цаплю,
   <choice>
    <reg>
     чтоб
    </reg>
    <orig>
     чтобъ
    </orig>
   </choice>
   помогла.
  </p>
  <p rend="left" uuid="fa8010ef-e78a-42a7-acf0-84b64693f486">
   Цапля и
   <choice>
    <reg>
     говорит
    </reg>
    <orig>
     говоритъ
    </orig>
   </choice>
   :
  </p>
  <p rend="left emptyline" uuid="99f491a1-17f9-4886-bf14-b84f882d75cf">
   <pb n="212"/>
  </p>
  <p rend="centerline" uuid="80ef6bd2-7f38-4858-a3d3-82cd050d4425">
   — 10 —
  </p>
  <p rend="left" uuid="9f049596-a7f4-4b35-8b3a-544067db76eb">
   «Пожалуй, постараюсь для
   <choice>
    <reg>
     вас
    </reg>
    <orig>
     васъ
    </orig>
   </choice>
   , перенесу
   <choice>
    <reg>
     вас
    </reg>
    <orig>
     васъ
    </orig>
   </choice>
   : только
   <choice>
    <reg>
     вдруг
    </reg>
    <orig>
     вдругъ
    </orig>
   </choice>
   не могу, a
   <choice>
    <reg>
     поодиночке
    </reg>
    <orig>
     поодиночкѣ
    </orig>
   </choice>
   .»
  </p>
  <p rend="left" uuid="46b5d775-ecea-4113-81e6-a5a3924f7143">
   <choice>
    <reg>
     Вот
    </reg>
    <orig>
     Вотъ
    </orig>
   </choice>
   рыбы и рады;
   <choice>
    <reg>
     все
    </reg>
    <orig>
     всѣ
    </orig>
   </choice>
   <choice>
    <reg>
     просят
    </reg>
    <orig>
     просятъ
    </orig>
   </choice>
   : «меня отнеси, меня отнеси!»
  </p>
  <p rend="left" uuid="947da1ca-5cb5-43ec-866d-79e58e665ed0">
   И принялась цапля носить
   <choice>
    <reg>
     их
    </reg>
    <orig>
     ихъ
    </orig>
   </choice>
   :
   <choice>
    <reg>
     возьмёт
    </reg>
    <orig>
     возьмётъ
    </orig>
   </choice>
   ;
   <choice>
    <reg>
     вынесет
    </reg>
    <orig>
     вынесетъ
    </orig>
   </choice>
   <choice>
    <reg>
     в
    </reg>
    <orig>
     въ
    </orig>
   </choice>
   поле, да и
   <choice>
    <reg>
     съест
    </reg>
    <orig>
     съѣстъ
    </orig>
   </choice>
   . И
   <choice>
    <reg>
     переела
    </reg>
    <orig>
     переѣла
    </orig>
   </choice>
   она
   <choice>
    <reg>
     так
    </reg>
    <orig>
     такъ
    </orig>
   </choice>
   много
   <choice>
    <reg>
     рыб
    </reg>
    <orig>
     рыбъ
    </orig>
   </choice>
   .
  </p>
  <p rend="left" uuid="895a49fe-7999-46ff-b4a0-cbfffde7939b">
   Жиль
   <choice>
    <reg>
     в
    </reg>
    <orig>
     въ
    </orig>
   </choice>
   пруду старый
   <choice>
    <reg>
     рак
    </reg>
    <orig>
     ракъ
    </orig>
   </choice>
   .
   <choice>
    <reg>
     Как
    </reg>
    <orig>
     Какъ
    </orig>
   </choice>
   стала цапля выносить рыбу,
   <choice>
    <reg>
     он
    </reg>
    <orig>
     онъ
    </orig>
   </choice>
   <choice>
    <reg>
     смекнул
    </reg>
    <orig>
     смекнулъ
    </orig>
   </choice>
   <choice>
    <reg>
     дело
    </reg>
    <orig>
     дѣло
    </orig>
   </choice>
   и
   <choice>
    <reg>
     говорит
    </reg>
    <orig>
     говоритъ
    </orig>
   </choice>
   :
  </p>
  <p rend="left" uuid="3aeeee6a-2168-4ae8-8832-92db95229661">
   «Ну, теперь, цапля, и меня снеси на новоселье».
  </p>
  <p rend="left" uuid="5793b1c3-c4b3-4815-b118-77969a3859b6">
   Цапля взяла рака и понесла.
   <choice>
    <reg>
     Как
    </reg>
    <orig>
     Какъ
    </orig>
   </choice>
   <choice>
    <reg>
     вылетела
    </reg>
    <orig>
     вылетѣла
    </orig>
   </choice>
   она на поле,
   <choice>
    <reg>
     хотела
    </reg>
    <orig>
     хотѣла
    </orig>
   </choice>
   сбосить рака. Но
   <choice>
    <reg>
     рак
    </reg>
    <orig>
     ракъ
    </orig>
   </choice>
   <choice>
    <reg>
     увидал
    </reg>
    <orig>
     увидалъ
    </orig>
   </choice>
   рыбьи косточки на
   <choice>
    <reg>
     поле
    </reg>
    <orig>
     полѣ
    </orig>
   </choice>
   ,
   <choice>
    <reg>
     стиснул
    </reg>
    <orig>
     стиснулъ
    </orig>
   </choice>
   клещами цаплю за шею и
   <choice>
    <reg>
     удавил
    </reg>
    <orig>
     удавилъ
    </orig>
   </choice>
   её, а
   <choice>
    <reg>
     сам
    </reg>
    <orig>
     самъ
    </orig>
   </choice>
   <choice>
    <reg>
     приполз
    </reg>
    <orig>
     приползъ
    </orig>
   </choice>
   <choice>
    <reg>
     назад
    </reg>
    <orig>
     назадъ
    </orig>
   </choice>
   <choice>
    <reg>
     к
    </reg>
    <orig>
     къ
    </orig>
   </choice>
   пруду и
   <choice>
    <reg>
     рассказал
    </reg>
    <orig>
     разсказалъ
    </orig>
   </choice>
   <choice>
    <reg>
     рыбам
    </reg>
    <orig>
     рыбамъ
    </orig>
   </choice>
   .
  </p>
 </div>
</TEI>