<?xml version="1.0" encoding="utf-8"?>
<TEI xmlns="http://www.tei-c.org/ns/1.0" xmlns:xi="http://www.w3.org/2001/XInclude">
 <teiHeader>
  <fileDesc>
   <titleStmt>
    <title>
     Азбука. Книга I
    </title>
    <author>
     Толстой Л.Н.
    </author>
    <respStmt>
     <resp>
      подготовка TEI/XML
     </resp>
     <name>
      Мария Картышева, Евгений Можаев, Даниил Скоринкин, Елена Сидорова, Вероника Файнберг, Кирилл Милинцевич
     </name>
    </respStmt>
    <respStmt>
     <name>
      Анастасия Бонч-Осмоловская, Фёкла Толстая, Борис Орехов
     </name>
     <resp>
      Идея, постановка задач, руководство
     </resp>
    </respStmt>
   </titleStmt>
   <publicationStmt>
    <idno>
     Азбука  | Книга I
    </idno>
    <publisher>
     <orgName>
      Школа лингвистики НИУ ВШЭ
     </orgName>
    </publisher>
    <availability>
     <p>
      Тексты и метатекстовая разметка доступны для свободного использования и распространения по лицензии Creative Commons Attribution Share-Alike (cc by-sa)
     </p>
    </availability>
   </publicationStmt>
   <sourceDesc>
    <biblStruct>
     <analytic>
      <author>
       Толстой Л.Н.
      </author>
      <title level="a">
       Азбука. Книга I
      </title>
     </analytic>
     <monogr>
      <title level="m">
       Полное собрание сочинений. Том 22
      </title>
      <imprint>
       <pubPlace>
        Москва
       </pubPlace>
       <publisher>
        Государственное издательство "Художественная литература"
       </publisher>
       <date when="1871-1872"/>
      </imprint>
     </monogr>
     <series>
      <title level="s">
       Л.Н. Толстой. Полное собрание сочинений
      </title>
      <biblScope unit="vol">
       22
      </biblScope>
     </series>
    </biblStruct>
   </sourceDesc>
  </fileDesc>
  <encodingDesc>
   <classDecl>
    <xi:include href="taxonomy.xml"/>
   </classDecl>
  </encodingDesc>
  <profileDesc>
   <creation>
    <date notAfter="1872" notBefore="1871">
     1871-1872
    </date>
    <rs/>
   </creation>
   <textClass>
    <catRef target="#fiction" type="sphere"/>
    <catRef target="#произведения для детей" type="type"/>
    <catRef target="#works" type="works_letters_diaries"/>
    <catRef target="#азбука" type="ninetyDef"/>
    <catRef target="#Основное" type="main_var"/>
    <catRef target="#азбука" type="type_short"/>
    <catRef target="None" type="translation"/>
    <catRef target="None" type="translation_origin"/>
    <catRef target="#да" type="tolstoy_or_not"/>
    <catRef target="None" type="name_status"/>
   </textClass>
   <preparedness>
    finished
   </preparedness>
   <settingDesc>
    <time>
     XIX век
    </time>
   </settingDesc>
  </profileDesc>
  <xenoData>
   <cyclusName/>
   <p>
    Проект
    <title>
     Толстой.Digital
    </title>
    разрабатывается сотрудниками и студентами
    <orgName>
     Высшей школы экономики
    </orgName>
    в сотрудничестве с
    <orgName>
     Государственным музеем Л.Н. Толстого
    </orgName>
    . Источник текстов –
    <bibl>
     90-томное собрание сочинений Л.Н.Толстого
    </bibl>
    . Разметка основана на стандарте
    <ref target="http://www.tei-c.org">
     TEI (Text Encoding Initiative)
    </ref>
    .
   </p>
   <versionNumber/>
   <isFinished/>
   <isEdited/>
   <fullBibliographicDescription/>
  </xenoData>
 </teiHeader>
 <p rend="left emptyline">
  <pb n="78"/>
 </p>
 <div type="section" xml:id="ref26">
  <head rend="Azbuka left">
   <hi rend="strong">
    Стрек
    <hi rend="italic">
     о
    </hi>
    за и муравьи.
   </hi>
  </head>
  <p rend="Azbuka left" uuid="58080cfe-1655-4b2f-9ff1-654e78c68bb3">
   Осенью у муравьё
   <hi rend="italic">
    в
   </hi>
   ъ п
   <hi rend="italic">
    о
   </hi>
   дмокла пшеница;
   <hi rend="italic">
    о
   </hi>
   ни её сушили. Г
   <hi rend="italic">
    о
   </hi>
   лодная стрек
   <hi rend="italic">
    о
   </hi>
   за п
   <hi rend="italic">
    о
   </hi>
   пр
   <hi rend="italic">
    о
   </hi>
   сила у
   <choice>
    <reg>
     них
    </reg>
   </choice>
   корму. Муравьи сказали: „
   <hi rend="italic">
    ч
   </hi>
   то
   <hi rend="italic">
    ж
   </hi>
   ъ-ты
   <choice>
    <reg>
     лет
    </reg>
   </choice>
   <hi rend="italic">
    о
   </hi>
   <choice>
    <reg>
     м
    </reg>
   </choice>
   не с
   <hi rend="italic">
    о
   </hi>
   брала корму?“
   <hi rend="italic">
    О
   </hi>
   на сказала: „нед
   <hi rend="italic">
    о
   </hi>
   су
   <hi rend="italic">
    г
   </hi>
   ъ было: п
   <hi rend="big">
    ѣ
   </hi>
   сни п
   <hi rend="big">
    ѣ
   </hi>
   ла“.
   <hi rend="italic">
    О
   </hi>
   ни
   <choice>
    <reg>
     засмеялись
    </reg>
   </choice>
   и г
   <hi rend="italic">
    о
   </hi>
   в
   <hi rend="italic">
    о
   </hi>
   <choice>
    <reg>
     рят
    </reg>
   </choice>
   : „если л
   <hi rend="big">
    ѣ
   </hi>
   т
   <hi rend="italic">
    о
   </hi>
   <choice>
    <reg>
     м
    </reg>
   </choice>
   играла, зимой пляши“.
  </p>
  <p rend="left emptyline" uuid="f02386e7-a60c-4756-b8ce-9a8bc168d92e">
   <pb n="79"/>
  </p>
  <p rend="centerline" uuid="883565a6-9c87-4ecb-a881-bfc938667085">
   — 69 —
  </p>
 </div>
</TEI>