<?xml version="1.0" encoding="utf-8"?>
<TEI xmlns="http://www.tei-c.org/ns/1.0" xmlns:xi="http://www.w3.org/2001/XInclude">
 <teiHeader>
  <fileDesc>
   <titleStmt>
    <title>
     Азбука. Книга I
    </title>
    <author>
     Толстой Л.Н.
    </author>
    <respStmt>
     <resp>
      подготовка TEI/XML
     </resp>
     <name>
      Мария Картышева, Евгений Можаев, Даниил Скоринкин, Елена Сидорова, Вероника Файнберг, Кирилл Милинцевич
     </name>
    </respStmt>
    <respStmt>
     <name>
      Анастасия Бонч-Осмоловская, Фёкла Толстая, Борис Орехов
     </name>
     <resp>
      Идея, постановка задач, руководство
     </resp>
    </respStmt>
   </titleStmt>
   <publicationStmt>
    <idno>
     Азбука  | Книга I
    </idno>
    <publisher>
     <orgName>
      Школа лингвистики НИУ ВШЭ
     </orgName>
    </publisher>
    <availability>
     <p>
      Тексты и метатекстовая разметка доступны для свободного использования и распространения по лицензии Creative Commons Attribution Share-Alike (cc by-sa)
     </p>
    </availability>
   </publicationStmt>
   <sourceDesc>
    <biblStruct>
     <analytic>
      <author>
       Толстой Л.Н.
      </author>
      <title level="a">
       Азбука. Книга I
      </title>
     </analytic>
     <monogr>
      <title level="m">
       Полное собрание сочинений. Том 22
      </title>
      <imprint>
       <pubPlace>
        Москва
       </pubPlace>
       <publisher>
        Государственное издательство "Художественная литература"
       </publisher>
       <date when="1871-1872"/>
      </imprint>
     </monogr>
     <series>
      <title level="s">
       Л.Н. Толстой. Полное собрание сочинений
      </title>
      <biblScope unit="vol">
       22
      </biblScope>
     </series>
    </biblStruct>
   </sourceDesc>
  </fileDesc>
  <encodingDesc>
   <classDecl>
    <xi:include href="taxonomy.xml"/>
   </classDecl>
  </encodingDesc>
  <profileDesc>
   <creation>
    <date notAfter="1872" notBefore="1871">
     1871-1872
    </date>
    <rs/>
   </creation>
   <textClass>
    <catRef target="#fiction" type="sphere"/>
    <catRef target="#произведения для детей" type="type"/>
    <catRef target="#works" type="works_letters_diaries"/>
    <catRef target="#азбука" type="ninetyDef"/>
    <catRef target="#Основное" type="main_var"/>
    <catRef target="#азбука" type="type_short"/>
    <catRef target="None" type="translation"/>
    <catRef target="None" type="translation_origin"/>
    <catRef target="#да" type="tolstoy_or_not"/>
    <catRef target="None" type="name_status"/>
   </textClass>
   <preparedness>
    finished
   </preparedness>
   <settingDesc>
    <time>
     XIX век
    </time>
   </settingDesc>
  </profileDesc>
  <xenoData>
   <cyclusName/>
   <p>
    Проект
    <title>
     Толстой.Digital
    </title>
    разрабатывается сотрудниками и студентами
    <orgName>
     Высшей школы экономики
    </orgName>
    в сотрудничестве с
    <orgName>
     Государственным музеем Л.Н. Толстого
    </orgName>
    . Источник текстов –
    <bibl>
     90-томное собрание сочинений Л.Н.Толстого
    </bibl>
    . Разметка основана на стандарте
    <ref target="http://www.tei-c.org">
     TEI (Text Encoding Initiative)
    </ref>
    .
   </p>
   <versionNumber/>
   <isFinished/>
   <isEdited/>
   <fullBibliographicDescription/>
  </xenoData>
 </teiHeader>
 <p rend="left emptyline">
  <pb n="208"/>
 </p>
 <div type="section" xml:id="ref92">
  <head rend="center">
   <hi rend="strong">
    ТРИ КАЛАЧА И ОДНА БАРАНКА.
   </hi>
  </head>
  <p rend="left" uuid="0fc13677-87a5-4907-9b74-c1bbe4e2a0c4">
   Одному мужику
   <choice>
    <reg>
     захотелось
    </reg>
   </choice>
   <choice>
    <reg>
     есть
    </reg>
   </choice>
   .
   <choice>
    <reg>
     Он
    </reg>
   </choice>
   <choice>
    <reg>
     купил
    </reg>
   </choice>
   <choice>
    <reg>
     калач
    </reg>
   </choice>
   и
   <choice>
    <reg>
     съел
    </reg>
   </choice>
   ; ему всё ещё
   <choice>
    <reg>
     хотелось
    </reg>
   </choice>
   <choice>
    <reg>
     есть
    </reg>
   </choice>
   .
   <choice>
    <reg>
     Он
    </reg>
   </choice>
   <choice>
    <reg>
     купил
    </reg>
   </choice>
   другой
   <choice>
    <reg>
     калач
    </reg>
   </choice>
   и
   <choice>
    <reg>
     съел
    </reg>
   </choice>
   ; ему всё ещё
   <choice>
    <reg>
     хотелось
    </reg>
   </choice>
   <choice>
    <reg>
     есть
    </reg>
   </choice>
   .
   <choice>
    <reg>
     Он
    </reg>
   </choice>
   <choice>
    <reg>
     купил
    </reg>
   </choice>
   <choice>
    <reg>
     третий
    </reg>
   </choice>
   <choice>
    <reg>
     калач
    </reg>
   </choice>
   и
   <choice>
    <reg>
     съел
    </reg>
   </choice>
   , и всё ему ещё
   <choice>
    <reg>
     хотелось
    </reg>
   </choice>
   <choice>
    <reg>
     есть
    </reg>
   </choice>
   .
   <choice>
    <reg>
     Потом
    </reg>
   </choice>
   <choice>
    <reg>
     он
    </reg>
   </choice>
   <choice>
    <reg>
     купил
    </reg>
   </choice>
   <choice>
    <reg>
     баранок
    </reg>
   </choice>
   и, когда
   <choice>
    <reg>
     съел
    </reg>
   </choice>
   одну,
   <choice>
    <reg>
     стал
    </reg>
   </choice>
   <choice>
    <reg>
     сыт
    </reg>
   </choice>
   .
   <choice>
    <reg>
     Мужик
    </reg>
   </choice>
   <choice>
    <reg>
     ударил
    </reg>
   </choice>
   себя по
   <choice>
    <reg>
     голове
    </reg>
   </choice>
   и
   <choice>
    <reg>
     сказал
    </reg>
   </choice>
   :
  </p>
  <p rend="left" uuid="51850811-8cb0-4ce5-a5f7-e14ccdb04789">
   «Экой я
   <choice>
    <reg>
     дурак
    </reg>
   </choice>
   !
   <choice>
    <reg>
     чтож
    </reg>
   </choice>
   я напрасно
   <choice>
    <reg>
     съел
    </reg>
   </choice>
   столько калачей? —
   <choice>
    <reg>
     Мне
    </reg>
   </choice>
   бы надо сначала
   <choice>
    <reg>
     съесть
    </reg>
   </choice>
   одну баранку».
  </p>
 </div>
</TEI>