<?xml version="1.0" encoding="utf-8"?>
<TEI xmlns="http://www.tei-c.org/ns/1.0" xmlns:xi="http://www.w3.org/2001/XInclude">
 <teiHeader>
  <fileDesc>
   <titleStmt>
    <title>
     Азбука. Книга I
    </title>
    <author>
     Толстой Л.Н.
    </author>
    <respStmt>
     <resp>
      подготовка TEI/XML
     </resp>
     <name>
      Мария Картышева, Евгений Можаев, Даниил Скоринкин, Елена Сидорова, Вероника Файнберг, Кирилл Милинцевич
     </name>
    </respStmt>
    <respStmt>
     <name>
      Анастасия Бонч-Осмоловская, Фёкла Толстая, Борис Орехов
     </name>
     <resp>
      Идея, постановка задач, руководство
     </resp>
    </respStmt>
   </titleStmt>
   <publicationStmt>
    <idno>
     Азбука  | Книга I
    </idno>
    <publisher>
     <orgName>
      Школа лингвистики НИУ ВШЭ
     </orgName>
    </publisher>
    <availability>
     <p>
      Тексты и метатекстовая разметка доступны для свободного использования и распространения по лицензии Creative Commons Attribution Share-Alike (cc by-sa)
     </p>
    </availability>
   </publicationStmt>
   <sourceDesc>
    <biblStruct>
     <analytic>
      <author>
       Толстой Л.Н.
      </author>
      <title level="a">
       Азбука. Книга I
      </title>
     </analytic>
     <monogr>
      <title level="m">
       Полное собрание сочинений. Том 22
      </title>
      <imprint>
       <pubPlace>
        Москва
       </pubPlace>
       <publisher>
        Государственное издательство "Художественная литература"
       </publisher>
       <date when="1871-1872"/>
      </imprint>
     </monogr>
     <series>
      <title level="s">
       Л.Н. Толстой. Полное собрание сочинений
      </title>
      <biblScope unit="vol">
       22
      </biblScope>
     </series>
    </biblStruct>
   </sourceDesc>
  </fileDesc>
  <encodingDesc>
   <classDecl>
    <xi:include href="taxonomy.xml"/>
   </classDecl>
  </encodingDesc>
  <profileDesc>
   <creation>
    <date notAfter="1872" notBefore="1871">
     1871-1872
    </date>
    <rs/>
   </creation>
   <textClass>
    <catRef target="#fiction" type="sphere"/>
    <catRef target="#произведения для детей" type="type"/>
    <catRef target="#works" type="works_letters_diaries"/>
    <catRef target="#азбука" type="ninetyDef"/>
    <catRef target="#Основное" type="main_var"/>
    <catRef target="#азбука" type="type_short"/>
    <catRef target="None" type="translation"/>
    <catRef target="None" type="translation_origin"/>
    <catRef target="#да" type="tolstoy_or_not"/>
    <catRef target="None" type="name_status"/>
   </textClass>
   <preparedness>
    finished
   </preparedness>
   <settingDesc>
    <time>
     XIX век
    </time>
   </settingDesc>
  </profileDesc>
  <xenoData>
   <cyclusName/>
   <p>
    Проект
    <title>
     Толстой.Digital
    </title>
    разрабатывается сотрудниками и студентами
    <orgName>
     Высшей школы экономики
    </orgName>
    в сотрудничестве с
    <orgName>
     Государственным музеем Л.Н. Толстого
    </orgName>
    . Источник текстов –
    <bibl>
     90-томное собрание сочинений Л.Н.Толстого
    </bibl>
    . Разметка основана на стандарте
    <ref target="http://www.tei-c.org">
     TEI (Text Encoding Initiative)
    </ref>
    .
   </p>
   <versionNumber/>
   <isFinished/>
   <isEdited/>
   <fullBibliographicDescription/>
  </xenoData>
 </teiHeader>
 <p rend="left emptyline">
  <pb n="387"/>
 </p>
 <div type="section" xml:id="ref181">
  <head rend="center">
   <hi rend="strong">
    СТРОГОЕ НАКАЗАНІЕ.
   </hi>
  </head>
  <p rend="left" uuid="1992f213-2d21-498c-8ae4-f526459f15df">
   <choice>
    <reg>
     Один
    </reg>
   </choice>
   <choice>
    <reg>
     человек
    </reg>
   </choice>
   <choice>
    <reg>
     пошёл
    </reg>
   </choice>
   на
   <choice>
    <reg>
     торг
    </reg>
   </choice>
   и
   <choice>
    <reg>
     купил
    </reg>
   </choice>
   говядины.
  </p>
  <p rend="left emptyline" uuid="4ba7cfd9-26ba-4b6d-8adc-343a73291129">
   <pb n="388"/>
  </p>
  <p rend="centerline" uuid="4d286bbd-9822-4296-9fc6-b02643c3fedd">
   — 20 —
  </p>
  <p rend="left" uuid="3753c7b5-11bd-4e86-a3d6-87c20d1431d8">
   На торгу его обманули — дали дурной говядины, да еще
   <choice>
    <reg>
     обвесили
    </reg>
   </choice>
   .
  </p>
  <p rend="left" uuid="fc0ded52-dabf-4710-bcea-770494ef50e9">
   <choice>
    <reg>
     Вот
    </reg>
   </choice>
   <choice>
    <reg>
     он
    </reg>
   </choice>
   <choice>
    <reg>
     идёт
    </reg>
   </choice>
   домой
   <choice>
    <reg>
     с
    </reg>
   </choice>
   говядиной и бранится.
   <choice>
    <reg>
     Встречается
    </reg>
   </choice>
   ему царь и
   <choice>
    <reg>
     спрашивает
    </reg>
   </choice>
   , кого ты бранишь? А
   <choice>
    <reg>
     он
    </reg>
   </choice>
   <choice>
    <reg>
     говорит
    </reg>
   </choice>
   : «я браню того, кто меня
   <choice>
    <reg>
     обманул
    </reg>
   </choice>
   . Я
   <choice>
    <reg>
     заплатил
    </reg>
   </choice>
   за три фунта, a
   <choice>
    <reg>
     мне
    </reg>
   </choice>
   дали только два, и то дурную говядину. Царь и
   <choice>
    <reg>
     говорит
    </reg>
   </choice>
   : «
   <choice>
    <reg>
     Пойдём
    </reg>
   </choice>
   <choice>
    <reg>
     назад
    </reg>
   </choice>
   на
   <choice>
    <reg>
     торг
    </reg>
   </choice>
   ; покажи того, кто тебя
   <choice>
    <reg>
     обманул
    </reg>
   </choice>
   ».
   <choice>
    <reg>
     Человек
    </reg>
   </choice>
   <choice>
    <reg>
     пошёл
    </reg>
   </choice>
   <choice>
    <reg>
     назад
    </reg>
   </choice>
   и
   <choice>
    <reg>
     показал
    </reg>
   </choice>
   купца. Царь
   <choice>
    <reg>
     свесил
    </reg>
   </choice>
   при
   <choice>
    <reg>
     себе
    </reg>
   </choice>
   мясо:
   <choice>
    <reg>
     видит
    </reg>
   </choice>
   , точно обманули; царь и
   <choice>
    <reg>
     говорит
    </reg>
   </choice>
   : «Ну,
   <choice>
    <reg>
     как
    </reg>
   </choice>
   ты хочешь,
   <choice>
    <reg>
     чтоб
    </reg>
   </choice>
   я
   <choice>
    <reg>
     наказал
    </reg>
   </choice>
   купца?»
   <choice>
    <reg>
     Тот
    </reg>
   </choice>
   <choice>
    <reg>
     говорит
    </reg>
   </choice>
   : «вели
   <choice>
    <reg>
     вырезать
    </reg>
   </choice>
   <choice>
    <reg>
     из
    </reg>
   </choice>
   его спины столько мяса, насколько
   <choice>
    <reg>
     он
    </reg>
   </choice>
   <choice>
    <reg>
     обманул
    </reg>
   </choice>
   меня»
  </p>
  <p rend="left" uuid="d1a27201-f93e-4bde-8313-b53407ef3cec">
   Царь и
   <choice>
    <reg>
     говорит
    </reg>
   </choice>
   : «Хорошо, возьми
   <choice>
    <reg>
     нож
    </reg>
   </choice>
   и
   <choice>
    <reg>
     вырежь
    </reg>
   </choice>
   <choice>
    <reg>
     из
    </reg>
   </choice>
   купца
   <choice>
    <reg>
     фунт
    </reg>
   </choice>
   мяса; только смотри — чтобы у тебя
   <choice>
    <reg>
     вес
    </reg>
   </choice>
   <choice>
    <reg>
     был бы
    </reg>
   </choice>
   <choice>
    <reg>
     верен
    </reg>
   </choice>
   , а если
   <choice>
    <reg>
     вырежешь
    </reg>
   </choice>
   больше или меньше фунта, ты
   <choice>
    <reg>
     виноват
    </reg>
   </choice>
   останешься.
  </p>
  <p rend="left" uuid="8a37ba39-7185-400f-80e6-6ff2a5ddb908">
   <choice>
    <reg>
     Человек
    </reg>
   </choice>
   <choice>
    <reg>
     смолчал
    </reg>
   </choice>
   и
   <choice>
    <reg>
     ушёл
    </reg>
   </choice>
   домой.
  </p>
 </div>
</TEI>