<?xml version="1.0" encoding="utf-8"?>
<TEI xmlns="http://www.tei-c.org/ns/1.0" xmlns:xi="http://www.w3.org/2001/XInclude">
 <teiHeader>
  <fileDesc>
   <titleStmt>
    <title>
     Азбука. Книга I
    </title>
    <author>
     Толстой Л.Н.
    </author>
    <respStmt>
     <resp>
      подготовка TEI/XML
     </resp>
     <name>
      Мария Картышева, Евгений Можаев, Даниил Скоринкин, Елена Сидорова, Вероника Файнберг, Кирилл Милинцевич
     </name>
    </respStmt>
    <respStmt>
     <name>
      Анастасия Бонч-Осмоловская, Фёкла Толстая, Борис Орехов
     </name>
     <resp>
      Идея, постановка задач, руководство
     </resp>
    </respStmt>
   </titleStmt>
   <publicationStmt>
    <idno>
     Азбука  | Книга I
    </idno>
    <publisher>
     <orgName>
      Школа лингвистики НИУ ВШЭ
     </orgName>
    </publisher>
    <availability>
     <p>
      Тексты и метатекстовая разметка доступны для свободного использования и распространения по лицензии Creative Commons Attribution Share-Alike (cc by-sa)
     </p>
    </availability>
   </publicationStmt>
   <sourceDesc>
    <biblStruct>
     <analytic>
      <author>
       Толстой Л.Н.
      </author>
      <title level="a">
       Азбука. Книга I
      </title>
     </analytic>
     <monogr>
      <title level="m">
       Полное собрание сочинений. Том 22
      </title>
      <imprint>
       <pubPlace>
        Москва
       </pubPlace>
       <publisher>
        Государственное издательство "Художественная литература"
       </publisher>
       <date when="1871-1872"/>
      </imprint>
     </monogr>
     <series>
      <title level="s">
       Л.Н. Толстой. Полное собрание сочинений
      </title>
      <biblScope unit="vol">
       22
      </biblScope>
     </series>
    </biblStruct>
   </sourceDesc>
  </fileDesc>
  <encodingDesc>
   <classDecl>
    <xi:include href="taxonomy.xml"/>
   </classDecl>
  </encodingDesc>
  <profileDesc>
   <creation>
    <date notAfter="1872" notBefore="1871">
     1871-1872
    </date>
    <rs/>
   </creation>
   <textClass>
    <catRef target="#fiction" type="sphere"/>
    <catRef target="#произведения для детей" type="type"/>
    <catRef target="#works" type="works_letters_diaries"/>
    <catRef target="#азбука" type="ninetyDef"/>
    <catRef target="#Основное" type="main_var"/>
    <catRef target="#азбука" type="type_short"/>
    <catRef target="None" type="translation"/>
    <catRef target="None" type="translation_origin"/>
    <catRef target="#да" type="tolstoy_or_not"/>
    <catRef target="None" type="name_status"/>
   </textClass>
   <preparedness>
    finished
   </preparedness>
   <settingDesc>
    <time>
     XIX век
    </time>
   </settingDesc>
  </profileDesc>
  <xenoData>
   <cyclusName/>
   <p>
    Проект
    <title>
     Толстой.Digital
    </title>
    разрабатывается сотрудниками и студентами
    <orgName>
     Высшей школы экономики
    </orgName>
    в сотрудничестве с
    <orgName>
     Государственным музеем Л.Н. Толстого
    </orgName>
    . Источник текстов –
    <bibl>
     90-томное собрание сочинений Л.Н.Толстого
    </bibl>
    . Разметка основана на стандарте
    <ref target="http://www.tei-c.org">
     TEI (Text Encoding Initiative)
    </ref>
    .
   </p>
   <versionNumber/>
   <isFinished/>
   <isEdited/>
   <fullBibliographicDescription/>
  </xenoData>
 </teiHeader>
 <p rend="left emptyline">
  <pb n="432"/>
 </p>
 <div type="section" xml:id="ref198">
  <head rend="center">
   <hi rend="strong">
    ЯБЛОНИ.
   </hi>
  </head>
  <p rend="left" uuid="9e974fa1-4e9b-4928-b467-88456ed135b9">
   Я
   <choice>
    <reg>
     посадил
    </reg>
   </choice>
   <choice>
    <reg>
     двести
    </reg>
   </choice>
   <choice>
    <reg>
     молодых
    </reg>
   </choice>
   яблонь, и три года весною и осенью
   <choice>
    <reg>
     окапывал
    </reg>
   </choice>
   <choice>
    <reg>
     их
    </reg>
   </choice>
   и на зиму
   <choice>
    <reg>
     завёртывал
    </reg>
   </choice>
   соломой
   <choice>
    <reg>
     от
    </reg>
   </choice>
   <choice>
    <reg>
     зайцев
    </reg>
   </choice>
   . На четвёртый
   <choice>
    <reg>
     год
    </reg>
   </choice>
   , когда
   <choice>
    <reg>
     сошёл
    </reg>
   </choice>
   <choice>
    <reg>
     снег
    </reg>
   </choice>
   , я
   <choice>
    <reg>
     пошёл
    </reg>
   </choice>
   <choice>
    <reg>
     смотреть
    </reg>
   </choice>
   свои яблони. Они
   <choice>
    <reg>
     потолстели
    </reg>
   </choice>
   <choice>
    <reg>
     в
    </reg>
   </choice>
   зиму, кора на
   <choice>
    <reg>
     них
    </reg>
   </choice>
   была глянцовитая и налитая; сучки
   <choice>
    <reg>
     все
    </reg>
   </choice>
   были
   <choice>
    <reg>
     целы
    </reg>
   </choice>
   и на
   <choice>
    <reg>
     всех
    </reg>
   </choice>
   <choice>
    <reg>
     кончиках
    </reg>
   </choice>
   и на
   <choice>
    <reg>
     развилинках
    </reg>
   </choice>
   <choice>
    <reg>
     сидели
    </reg>
   </choice>
   <choice>
    <reg>
     круглые
    </reg>
   </choice>
   ,
   <choice>
    <reg>
     как
    </reg>
   </choice>
   горошинки,
   <choice>
    <reg>
     цветовые
    </reg>
   </choice>
   почки.
   <choice>
    <reg>
     Кое-где
    </reg>
   </choice>
   уже лопнули распуколки и
   <choice>
    <reg>
     виднелись
    </reg>
   </choice>
   алые края
   <choice>
    <reg>
     цветовых
    </reg>
   </choice>
   <choice>
    <reg>
     листьев
    </reg>
   </choice>
   . Я
   <choice>
    <reg>
     знал
    </reg>
   </choice>
   , что
   <choice>
    <reg>
     все
    </reg>
   </choice>
   распуколки
   <choice>
    <reg>
     будут
    </reg>
   </choice>
   <choice>
    <reg>
     цветами
    </reg>
   </choice>
   и плодами, и радовался, глядя на свои яблони. Но когда я
   <choice>
    <reg>
     развернул
    </reg>
   </choice>
   первую яблоню, я
   <choice>
    <reg>
     увидал
    </reg>
   </choice>
   , что внизу,
   <choice>
    <reg>
     над
    </reg>
   </choice>
   самой землёю, кора яблони обгрызена
   <choice>
    <reg>
     кругом
    </reg>
   </choice>
   по самую древесину —
   <choice>
    <reg>
     как
    </reg>
   </choice>
   <choice>
    <reg>
     белое
    </reg>
   </choice>
   кольцо. Это
   <choice>
    <reg>
     сделали
    </reg>
   </choice>
   мыши. Я
   <choice>
    <reg>
     развернул
    </reg>
   </choice>
   другую яблоню, — и на другой было тоже самое.
   <choice>
    <reg>
     Из
    </reg>
   </choice>
   <choice>
    <reg>
     двухъсот
    </reg>
   </choice>
   яблонь ни одной не осталось
   <choice>
    <reg>
     целой
    </reg>
   </choice>
   . Я
   <choice>
    <reg>
     замазал
    </reg>
   </choice>
   <choice>
    <reg>
     обгрызенные
    </reg>
   </choice>
   <choice>
    <reg>
     места
    </reg>
   </choice>
   смолою
   <choice>
    <reg>
     с
    </reg>
   </choice>
   <choice>
    <reg>
     воском
    </reg>
   </choice>
   ; но когда яблони распустились,
   <choice>
    <reg>
     цветы
    </reg>
   </choice>
   <choice>
    <reg>
     их
    </reg>
   </choice>
   <choice>
    <reg>
     сейчас же
    </reg>
   </choice>
   спали. Вышли
   <choice>
    <reg>
     маленькие
    </reg>
   </choice>
   листики, и
   <choice>
    <reg>
     те
    </reg>
   </choice>
   завяли и засохли. Кора сморщилась и
   <choice>
    <reg>
     почернела
    </reg>
   </choice>
   .
   <choice>
    <reg>
     Из
    </reg>
   </choice>
   <choice>
    <reg>
     двухъсот
    </reg>
   </choice>
   яблонь осталось только девять. На
   <choice>
    <reg>
     этих
    </reg>
   </choice>
   девяти
   <choice>
    <reg>
     яблонях
    </reg>
   </choice>
   кора была не
   <choice>
    <reg>
     кругом
    </reg>
   </choice>
   <choice>
    <reg>
     объедена
    </reg>
   </choice>
   , а
   <choice>
    <reg>
     в
    </reg>
   </choice>
   <choice>
    <reg>
     белом
    </reg>
   </choice>
   <choice>
    <reg>
     кольце
    </reg>
   </choice>
   . оставалась полоска коры. На
   <choice>
    <reg>
     этих
    </reg>
   </choice>
  </p>
  <p rend="left emptyline" uuid="5897af9d-de8c-42fc-ba89-5f3ee48ffd53">
   <pb n="433"/>
  </p>
  <p rend="centerline" uuid="5e8f612e-59b2-486a-8f17-35589dc6c6a1">
   — 65 —
  </p>
  <p rend="notindent" uuid="1d52e709-0e77-4545-81f0-2c154947e063">
   <choice>
    <reg>
     полосках
    </reg>
   </choice>
   ,
   <choice>
    <reg>
     в
    </reg>
   </choice>
   <choice>
    <reg>
     том
    </reg>
   </choice>
   <choice>
    <reg>
     месте
    </reg>
   </choice>
   ,
   <choice>
    <reg>
     где
    </reg>
   </choice>
   сходилась кора,
   <choice>
    <reg>
     сделались
    </reg>
   </choice>
   наросты, и яблони хотя и
   <choice>
    <reg>
     поболели
    </reg>
   </choice>
   , но пошли.
   <choice>
    <reg>
     Остальные
    </reg>
   </choice>
   <choice>
    <reg>
     все
    </reg>
   </choice>
   пропали, только ниже
   <choice>
    <reg>
     обгрызенных
    </reg>
   </choice>
   <choice>
    <reg>
     мест
    </reg>
   </choice>
   пошли отростки, и то всё
   <choice>
    <reg>
     дикие
    </reg>
   </choice>
   .
  </p>
  <p rend="left" uuid="c6d86891-a257-4846-ab3c-f9161dfb4e29">
   Кора у
   <choice>
    <reg>
     деревьев
    </reg>
   </choice>
   —
   <choice>
    <reg>
     те
    </reg>
   </choice>
   же жилы у
   <choice>
    <reg>
     человека
    </reg>
   </choice>
   :
   <choice>
    <reg>
     через
    </reg>
   </choice>
   жилы кровь
   <choice>
    <reg>
     ходит
    </reg>
   </choice>
   по
   <choice>
    <reg>
     человеку
    </reg>
   </choice>
   , — и
   <choice>
    <reg>
     через
    </reg>
   </choice>
   кору
   <choice>
    <reg>
     сок
    </reg>
   </choice>
   <choice>
    <reg>
     ходит
    </reg>
   </choice>
   по дереву и поднимается
   <choice>
    <reg>
     в
    </reg>
   </choice>
   сучья, листья и
   <choice>
    <reg>
     цвет
    </reg>
   </choice>
   . Можно
   <choice>
    <reg>
     из
    </reg>
   </choice>
   дерева выдолбить все нутро,
   <choice>
    <reg>
     как
    </reg>
   </choice>
   это
   <choice>
    <reg>
     бывает
    </reg>
   </choice>
   у
   <choice>
    <reg>
     старых
    </reg>
   </choice>
   <choice>
    <reg>
     лозин
    </reg>
   </choice>
   , но только бы кора была жива — и дерево
   <choice>
    <reg>
     будет
    </reg>
   </choice>
   жить; но если кора
   <choice>
    <reg>
     пропадёт
    </reg>
   </choice>
   , дерево пропало. Если
   <choice>
    <reg>
     человеку
    </reg>
   </choice>
   <choice>
    <reg>
     подрезать
    </reg>
   </choice>
   жилы, то
   <choice>
    <reg>
     он
    </reg>
   </choice>
   <choice>
    <reg>
     умрёт
    </reg>
   </choice>
   , во
   <choice>
    <reg>
     первых
    </reg>
   </choice>
   потому, что кровь
   <choice>
    <reg>
     вытечет
    </reg>
   </choice>
   , а во
   <choice>
    <reg>
     вторых
    </reg>
   </choice>
   потому, что крови не
   <choice>
    <reg>
     будет
    </reg>
   </choice>
   уже ходу по
   <choice>
    <reg>
     телу
    </reg>
   </choice>
   .
  </p>
  <p rend="left" uuid="f4a890e4-9a08-402b-821b-f88ffb8aceca">
   <choice>
    <reg>
     Так
    </reg>
   </choice>
   и берёза
   <choice>
    <reg>
     засыхает
    </reg>
   </choice>
   , когда ребята
   <choice>
    <reg>
     продолбят
    </reg>
   </choice>
   лунку, чтобы пить
   <choice>
    <reg>
     сок
    </reg>
   </choice>
   , и весь
   <choice>
    <reg>
     сок
    </reg>
   </choice>
   <choice>
    <reg>
     вытечет
    </reg>
   </choice>
   .
  </p>
  <p rend="left" uuid="d118389e-4725-4fdb-80c1-33417f2c7c42">
   <choice>
    <reg>
     Так
    </reg>
   </choice>
   и яблони пропали
   <choice>
    <reg>
     от
    </reg>
   </choice>
   того, что мыши
   <choice>
    <reg>
     объели
    </reg>
   </choice>
   всю кору
   <choice>
    <reg>
     кругом
    </reg>
   </choice>
   , и соку уже не было хода
   <choice>
    <reg>
     из
    </reg>
   </choice>
   <choice>
    <reg>
     кореньев
    </reg>
   </choice>
   <choice>
    <reg>
     в
    </reg>
   </choice>
   сучья, листья и
   <choice>
    <reg>
     цвет
    </reg>
   </choice>
   .
  </p>
 </div>
</TEI>