<?xml version="1.0" encoding="utf-8"?>
<TEI xmlns="http://www.tei-c.org/ns/1.0" xmlns:xi="http://www.w3.org/2001/XInclude">
 <teiHeader>
  <fileDesc>
   <titleStmt>
    <title>
     Азбука. Книга I
    </title>
    <author>
     Толстой Л.Н.
    </author>
    <respStmt>
     <resp>
      подготовка TEI/XML
     </resp>
     <name>
      Мария Картышева, Евгений Можаев, Даниил Скоринкин, Елена Сидорова, Вероника Файнберг, Кирилл Милинцевич
     </name>
    </respStmt>
    <respStmt>
     <name>
      Анастасия Бонч-Осмоловская, Фёкла Толстая, Борис Орехов
     </name>
     <resp>
      Идея, постановка задач, руководство
     </resp>
    </respStmt>
   </titleStmt>
   <publicationStmt>
    <idno>
     Азбука  | Книга I
    </idno>
    <publisher>
     <orgName>
      Школа лингвистики НИУ ВШЭ
     </orgName>
    </publisher>
    <availability>
     <p>
      Тексты и метатекстовая разметка доступны для свободного использования и распространения по лицензии Creative Commons Attribution Share-Alike (cc by-sa)
     </p>
    </availability>
   </publicationStmt>
   <sourceDesc>
    <biblStruct>
     <analytic>
      <author>
       Толстой Л.Н.
      </author>
      <title level="a">
       Азбука. Книга I
      </title>
     </analytic>
     <monogr>
      <title level="m">
       Полное собрание сочинений. Том 22
      </title>
      <imprint>
       <pubPlace>
        Москва
       </pubPlace>
       <publisher>
        Государственное издательство "Художественная литература"
       </publisher>
       <date when="1871-1872"/>
      </imprint>
     </monogr>
     <series>
      <title level="s">
       Л.Н. Толстой. Полное собрание сочинений
      </title>
      <biblScope unit="vol">
       22
      </biblScope>
     </series>
    </biblStruct>
   </sourceDesc>
  </fileDesc>
  <encodingDesc>
   <classDecl>
    <xi:include href="taxonomy.xml"/>
   </classDecl>
  </encodingDesc>
  <profileDesc>
   <creation>
    <date notAfter="1872" notBefore="1871">
     1871-1872
    </date>
    <rs/>
   </creation>
   <textClass>
    <catRef target="#fiction" type="sphere"/>
    <catRef target="#произведения для детей" type="type"/>
    <catRef target="#works" type="works_letters_diaries"/>
    <catRef target="#азбука" type="ninetyDef"/>
    <catRef target="#Основное" type="main_var"/>
    <catRef target="#азбука" type="type_short"/>
    <catRef target="None" type="translation"/>
    <catRef target="None" type="translation_origin"/>
    <catRef target="#да" type="tolstoy_or_not"/>
    <catRef target="None" type="name_status"/>
   </textClass>
   <preparedness>
    finished
   </preparedness>
   <settingDesc>
    <time>
     XIX век
    </time>
   </settingDesc>
  </profileDesc>
  <xenoData>
   <cyclusName/>
   <p>
    Проект
    <title>
     Толстой.Digital
    </title>
    разрабатывается сотрудниками и студентами
    <orgName>
     Высшей школы экономики
    </orgName>
    в сотрудничестве с
    <orgName>
     Государственным музеем Л.Н. Толстого
    </orgName>
    . Источник текстов –
    <bibl>
     90-томное собрание сочинений Л.Н.Толстого
    </bibl>
    . Разметка основана на стандарте
    <ref target="http://www.tei-c.org">
     TEI (Text Encoding Initiative)
    </ref>
    .
   </p>
   <versionNumber/>
   <isFinished/>
   <isEdited/>
   <fullBibliographicDescription/>
  </xenoData>
 </teiHeader>
 <p rend="left emptyline">
  <pb n="70"/>
 </p>
 <div type="section" xml:id="ref9">
  <head rend="Azbuka left">
   <hi rend="strong">
    Черепаха и
    <hi rend="italic">
     о
    </hi>
    <choice>
     <reg>
      рёл
     </reg>
    </choice>
    .
   </hi>
  </head>
  <p rend="Azbuka left" uuid="2868833a-11b0-40be-a68a-3b7924b4688d">
   Черепаха пр
   <hi rend="italic">
    о
   </hi>
   сила
   <hi rend="italic">
    о
   </hi>
   рла,
   <hi rend="italic">
    ч
   </hi>
   тобы
   <choice>
    <reg>
     научил
    </reg>
   </choice>
   её летать.
   <hi rend="italic">
    О
   </hi>
   <choice>
    <reg>
     рёл
    </reg>
   </choice>
   не с
   <hi rend="italic">
    о
   </hi>
   в
   <hi rend="big">
    ѣ
   </hi>
   т
   <hi rend="italic">
    о
   </hi>
   <choice>
    <reg>
     вал
    </reg>
   </choice>
   , п
   <hi rend="italic">
    о
   </hi>
   т
   <hi rend="italic">
    о
   </hi>
   му
   <hi rend="italic">
    ч
   </hi>
   то ей не пристал
   <hi rend="italic">
    о
   </hi>
   ; а
   <hi rend="italic">
    о
   </hi>
   на пуще
  </p>
  <p rend="left emptyline" uuid="9ff46487-e7cd-4628-b602-ffef523d4ebb">
   <pb n="71"/>
  </p>
  <p rend="centerline" uuid="46a6b928-cbb3-4d83-b565-a826f36a965e">
   — 61 —
  </p>
  <p rend="Azbuka notindent" uuid="57038e22-cbd8-44cf-aff6-a376a0b0088b">
   пр
   <hi rend="italic">
    о
   </hi>
   сила.
   <hi rend="italic">
    О
   </hi>
   <choice>
    <reg>
     рёл
    </reg>
   </choice>
   <choice>
    <reg>
     взял
    </reg>
   </choice>
   её
   <hi rend="italic">
    в
   </hi>
   ъ ко
   <hi rend="italic">
    г
   </hi>
   ти, п
   <hi rend="italic">
    о
   </hi>
   <choice>
    <reg>
     днял
    </reg>
   </choice>
   <choice>
    <reg>
     вверх
    </reg>
   </choice>
   и
   <choice>
    <reg>
     пустил
    </reg>
   </choice>
   :
   <hi rend="italic">
    о
   </hi>
   на упала на камни и ра
   <hi rend="italic">
    з
   </hi>
   билась.
  </p>
 </div>
</TEI>